"Posterior_Mean","Posterior_SD","Posterior_LB","Posterior_UB","prob"
-0.203197790216448,0.0403447375366302,-0.285900363105162,-0.124544025622451,0.999999530870535
