"Posterior_Mean","Posterior_SD","Posterior_LB","Posterior_UB","prob"
-0.249410190767018,0.0436462090437046,-0.336097126811349,-0.16229115396036,0.999997814045891
