"Posterior_Mean","Posterior_SD","Posterior_LB","Posterior_UB","prob"
-0.242204026174037,0.0443614426870357,-0.332472686475996,-0.155619851853774,0.999999922381322
