"Posterior_Mean","Posterior_SD","Posterior_LB","Posterior_UB","prob"
-0.209822455114751,0.0402584658135681,-0.289398598442729,-0.131866833231003,0.999999267481249
