"Posterior_Mean","Posterior_SD","Posterior_LB","Posterior_UB","prob"
-0.206777203829827,0.0407832453590542,-0.288091811495899,-0.119654001003283,0.999996958625033
