"Posterior_Mean","Posterior_SD","Posterior_LB","Posterior_UB","prob"
-0.249395113291937,0.0411319799078897,-0.333969826709429,-0.15739615872009,0.999999845823075
