"Posterior_Mean","Posterior_SD","Posterior_LB","Posterior_UB","prob"
-0.263434138449245,0.041895282198059,-0.346033458083535,-0.181091538437165,1
