"Posterior_Mean","Posterior_SD","Posterior_LB","Posterior_UB","prob"
-0.175100872869625,0.0403880272567001,-0.253822236847291,-0.0955776125764972,0.99995957763201
