"Posterior_Mean","Posterior_SD","Posterior_LB","Posterior_UB","prob"
-0.213592580860143,0.0409205584784322,-0.29442468930187,-0.134710063153664,0.999999134862015
