"Posterior_Mean","Posterior_SD","Posterior_LB","Posterior_UB","prob"
-0.208360533339482,0.0401749742579253,-0.282983446165771,-0.129269170016901,0.999999992984411
