"Posterior_Mean","Posterior_SD","Posterior_LB","Posterior_UB","prob"
-0.162951809478566,0.0395025595298412,-0.240643573164048,-0.0859185153683694,0.999995837749511
