"Posterior_Mean","Posterior_SD","Posterior_LB","Posterior_UB","prob"
-0.253992611238628,0.0411934891999145,-0.33630516844151,-0.168034543268474,1
