"Posterior_Mean","Posterior_SD","Posterior_LB","Posterior_UB","prob"
-0.171788348600384,0.0396748528273822,-0.250529806789481,-0.0962864811580687,0.99999997202732
