"Posterior_Mean","Posterior_SD","Posterior_LB","Posterior_UB","prob"
-0.210790978516669,0.0401867781494475,-0.294738253950381,-0.132479696066942,0.999999762448205
