"Posterior_Mean","Posterior_SD","Posterior_LB","Posterior_UB","prob"
-0.227735786760755,0.0439828466875684,-0.352556400599527,-0.109765335462492,0.999912068164125
