"Posterior_Mean","Posterior_SD","Posterior_LB","Posterior_UB","prob"
-0.209446586233431,0.0402189482050422,-0.290307294365933,-0.13093929599153,0.999999493221017
