"Posterior_Mean","Posterior_SD","Posterior_LB","Posterior_UB","prob"
-0.222837507176509,0.0400509768407419,-0.304039506116708,-0.144465721198174,0.999999996599992
