"Posterior_Mean","Posterior_SD","Posterior_LB","Posterior_UB","prob"
-0.302281136987334,0.0439658032953261,-0.395211157946079,-0.214840068110649,1
