"Posterior_Mean","Posterior_SD","Posterior_LB","Posterior_UB","prob"
-0.262063159663337,0.0408118786866082,-0.342297230174859,-0.179480134461118,1
