"Posterior_Mean","Posterior_SD","Posterior_LB","Posterior_UB","prob"
-0.241944234774785,0.0414170337242834,-0.322947503127773,-0.159150660011691,1
