"Posterior_Mean","Posterior_SD","Posterior_LB","Posterior_UB","prob"
-0.164112998833324,0.0414256976230648,-0.24900527751181,-0.0786102766508982,0.999284133073584
