"Posterior_Mean","Posterior_SD","Posterior_LB","Posterior_UB","prob"
-0.243560590045317,0.0398993348246741,-0.323985722613491,-0.162658144990258,0.999999761763597
