"","Posterior_Mean","Posterior_SD","Posterior_LB","Posterior_UB"
"1",0.0222438641109535,0.0402571063586413,-0.0546529340476777,0.1035096073414
