"Posterior_Mean","Posterior_SD","Posterior_LB","Posterior_UB","prob"
-0.172295621609323,0.0434766154172132,-0.261097366280381,-0.0874270114561647,0.999993512609919
