"Posterior_Mean","Posterior_SD","Posterior_LB","Posterior_UB","prob"
-0.189989104077571,0.040491971464171,-0.271037222636357,-0.108296195422555,0.999995268401939
