"Posterior_Mean","Posterior_SD","Posterior_LB","Posterior_UB","prob"
-0.169668969648311,0.042822682432157,-0.264795343094087,-0.0666115704207944,0.998319107131396
