"Posterior_Mean","Posterior_SD","Posterior_LB","Posterior_UB","prob"
-0.243713672567441,0.0393868576844069,-0.321301948355723,-0.166640686298457,0.99999533853006
