"Posterior_Mean","Posterior_SD","Posterior_LB","Posterior_UB","prob"
-0.197261888235726,0.0425588566803205,-0.279739919302741,-0.115188928835509,0.999952980514201
