"Posterior_Mean","Posterior_SD","Posterior_LB","Posterior_UB","prob"
-0.14344776101066,0.0429811306147663,-0.250157174942774,-0.0417589663644184,0.995909221842257
