"Posterior_Mean","Posterior_SD","Posterior_LB","Posterior_UB","prob"
-0.215110532106537,0.0407952384385952,-0.295840818849573,-0.134071897489417,0.999999995937409
