"Posterior_Mean","Posterior_SD","Posterior_LB","Posterior_UB","prob"
-0.403722326044389,0.0569507536089882,-0.608035211355112,-0.226862325693561,1
