"Posterior_Mean","Posterior_SD","Posterior_LB","Posterior_UB","prob"
-0.323155287923656,0.0496166187534641,-0.421472525160668,-0.216131340078317,0.999995870588455
