"Posterior_Mean","Posterior_SD","Posterior_LB","Posterior_UB","prob"
-0.288759435843105,0.0536538589535341,-0.39824826989123,-0.186992634723735,0.999999415043122
