"Posterior_Mean","Posterior_SD","Posterior_LB","Posterior_UB","prob"
-0.327373202957862,0.0487432494343709,-0.424696851507619,-0.213012267414253,0.999999488801627
