"Posterior_Mean","Posterior_SD","Posterior_LB","Posterior_UB","prob"
-0.303320651911311,0.0524565492648575,-0.417610111751913,-0.190720629935095,0.999950066593644
