"Posterior_Mean","Posterior_SD","Posterior_LB","Posterior_UB","prob"
-0.464330425247267,0.0546534059087683,-0.574625367514722,-0.33946907480592,0.999998847250866
