"Posterior_Mean","Posterior_SD","Posterior_LB","Posterior_UB","prob"
-0.264527232879859,0.0548095888619681,-0.377512100649054,-0.159396203661364,1
