"Posterior_Mean","Posterior_SD","Posterior_LB","Posterior_UB","prob"
-0.239691098883678,0.054031181358871,-0.353601738899291,-0.132512686325806,0.999984675713745
