"Posterior_Mean","Posterior_SD","Posterior_LB","Posterior_UB","prob"
-0.234577542155945,0.0554749490851413,-0.344530057725487,-0.117280392818907,0.999857221379234
