"Posterior_Mean","Posterior_SD","Posterior_LB","Posterior_UB","prob"
-0.291314665607566,0.0474252969810473,-0.386687663418332,-0.194720701198162,0.999985872810812
