"Posterior_Mean","Posterior_SD","Posterior_LB","Posterior_UB","prob"
-0.316781562128262,0.053202684345369,-0.422016746231549,-0.208986824677904,1
