"Posterior_Mean","Posterior_SD","Posterior_LB","Posterior_UB","prob"
-0.238244278236803,0.0570158236683245,-0.350981612649997,-0.118363772007286,0.999346711201638
