"Posterior_Mean","Posterior_SD","Posterior_LB","Posterior_UB","prob"
-0.282807780908192,0.0664974350988698,-0.419143479654387,-0.126493483017693,0.998811027507408
