"Posterior_Mean","Posterior_SD","Posterior_LB","Posterior_UB","prob"
-0.252987212868243,0.0529795493615688,-0.390880270977328,-0.125016596616533,0.999999295835595
