"Posterior_Mean","Posterior_SD","Posterior_LB","Posterior_UB","prob"
-0.329077457214032,0.0532979811292583,-0.463785708326846,-0.207808717521424,1
