"","Posterior_Mean","Posterior_SD","Posterior_LB","Posterior_UB"
"1",-0.0859027956642536,0.0435784472501508,-0.170602751582989,-0.00152521663687814
