"","Posterior_Mean","Posterior_SD","Posterior_LB","Posterior_UB"
"1",-0.0270829697617435,0.0411483628823771,-0.108822124035167,0.0517910980007223
