"","Posterior_Mean","Posterior_SD","Posterior_LB","Posterior_UB"
"1",0.0155294226907591,0.0414719009545402,-0.0644354551161355,0.0947778494475444
