"","Posterior_Mean","Posterior_SD","Posterior_LB","Posterior_UB"
"1",-0.0485237945009005,0.042773189858677,-0.128274535408884,0.0346871960306508
