"","Posterior_Mean","Posterior_SD","Posterior_LB","Posterior_UB"
"1",0.00857798282159077,0.0403119271451462,-0.069030961892165,0.0884321820250593
