"","Posterior_Mean","Posterior_SD","Posterior_LB","Posterior_UB"
"1",0.0058610508576282,0.0427527423161357,-0.0746962254662823,0.0879117245134513
