"","Posterior_Mean","Posterior_SD","Posterior_LB","Posterior_UB"
"1",0.00541288182751486,0.0406055725941488,-0.0737551557650365,0.0840897556961471
