"","Posterior_Mean","Posterior_SD","Posterior_LB","Posterior_UB"
"1",0.0571453668417934,0.0423124668577005,-0.0233560724919877,0.14208638083132
