"","Posterior_Mean","Posterior_SD","Posterior_LB","Posterior_UB"
"1",0.0846349481312501,0.0413469658644748,0.00535812366700611,0.165371192688596
