"Posterior_Mean","Posterior_SD","Posterior_LB","Posterior_UB","prob"
-0.452133677542257,0.111903735052057,-0.71194462154552,-0.158018078253767,0.998661534520661
