"Posterior_Mean","Posterior_SD","Posterior_LB","Posterior_UB","prob"
-0.296338971902367,0.12100035225772,-0.537726089782906,-0.0218393639427307,0.981405673316245
