"Posterior_Mean","Posterior_SD","Posterior_LB","Posterior_UB","prob"
-0.19954639073517,0.154029514926486,-0.498257406414702,0.106245269565492,0.902166666666667
