"Posterior_Mean","Posterior_SD","Posterior_LB","Posterior_UB","prob"
-0.049491874065971,0.161993223750143,-0.372317141261984,0.264789044492099,0.620333333333333
