"Posterior_Mean","Posterior_SD","Posterior_LB","Posterior_UB","prob"
-0.121911170344465,0.161047605623337,-0.43992307529826,0.198335226274939,0.765754682406074
