"Posterior_Mean","Posterior_SD","Posterior_LB","Posterior_UB","prob"
-0.134096376153087,0.141331576876311,-0.421479968409666,0.176295453530082,0.812035390170232
