"Posterior_Mean","Posterior_SD","Posterior_LB","Posterior_UB","prob"
-0.152966306619313,0.156983621326479,-0.464358780407316,0.145628138768784,0.828000002617457
