"Posterior_Mean","Posterior_SD","Posterior_LB","Posterior_UB","prob"
-0.310514810136996,0.154038918156866,-0.620795576700424,-0.00243324271641693,0.976157435674597
