"Posterior_Mean","Posterior_SD","Posterior_LB","Posterior_UB","prob"
-0.360235386760794,0.121951149721863,-0.598824344860119,-0.0733857695908175,0.990629374181226
