"Posterior_Mean","Posterior_SD","Posterior_LB","Posterior_UB","prob"
-0.432805359068326,0.137924251659813,-0.700051346725116,-0.130383059197806,0.997039367157662
