"Posterior_Mean","Posterior_SD","Posterior_LB","Posterior_UB","prob"
-0.381661493693469,0.102639081665632,-0.606976249220407,-0.126839878949363,0.996942127318738
