"Posterior_Mean","Posterior_SD","Posterior_LB","Posterior_UB","prob"
-0.293211003526715,0.150573381580057,-0.615420172162998,0.0297792899811642,0.961361137663917
