"Posterior_Mean","Posterior_SD","Posterior_LB","Posterior_UB","prob"
-0.400107044703255,0.131568335194752,-0.670244439303615,-0.146263182867352,0.997939444621888
