"Posterior_Mean","Posterior_SD","Posterior_LB","Posterior_UB","prob"
-0.219214413009076,0.142500194884751,-0.491800697404703,0.0992503558244237,0.918782698400929
