"Posterior_Mean","Posterior_SD","Posterior_LB","Posterior_UB","prob"
-0.404799328909377,0.161981021669721,-0.718942606972788,-0.0860952235496656,0.992666666666667
