"Posterior_Mean","Posterior_SD","Posterior_LB","Posterior_UB","prob"
-0.0396109066253047,0.167179356917319,-0.369341252091623,0.282685327905613,0.586
