"Posterior_Mean","Posterior_SD","Posterior_LB","Posterior_UB","prob"
-0.196289233122075,0.158184047593153,-0.518627727337732,0.114704323214344,0.895584716492004
