"Posterior_Mean","Posterior_SD","Posterior_LB","Posterior_UB","prob"
-0.000302484041992296,0.157471458912313,-0.308306891571851,0.308626401868646,0.501
