"Posterior_Mean","Posterior_SD","Posterior_LB","Posterior_UB","prob"
-0.138306231869248,0.169164936260925,-0.470644766376364,0.192533877191236,0.796833333333333
