"Posterior_Mean","Posterior_SD","Posterior_LB","Posterior_UB","prob"
-0.0375701675416744,0.16303685728914,-0.350463537891826,0.285057021885062,0.591666666666667
