"Posterior_Mean","Posterior_SD","Posterior_LB","Posterior_UB","prob"
-0.420799943106754,0.152794767045298,-0.731668231023388,-0.115510665754869,0.994603798356066
