"Posterior_Mean","Posterior_SD","Posterior_LB","Posterior_UB","prob"
-0.0437267740244423,0.158377261445193,-0.364524968822074,0.280893629098244,0.600686944330133
