"Posterior_Mean","Posterior_SD","Posterior_LB","Posterior_UB","prob"
-0.330851118858238,0.163894829004658,-0.666093301076201,-0.0175039597656746,0.980500002779986
