"Posterior_Mean","Posterior_SD","Posterior_LB","Posterior_UB","prob"
-0.250841910267507,0.170584391826098,-0.584029698333156,0.0810341639242271,0.923500230263741
