"Posterior_Mean","Posterior_SD","Posterior_LB","Posterior_UB","prob"
-0.248169268706444,0.162632013923757,-0.563739193529057,0.0837446238567993,0.930580134236785
