"Posterior_Mean","Posterior_SD","Posterior_LB","Posterior_UB","prob"
-0.436431458385697,0.0966500689683047,-0.625758172513842,-0.240276122108074,0.999650214623447
