"Posterior_Mean","Posterior_SD","Posterior_LB","Posterior_UB","prob"
-0.157374937511352,0.128920107955165,-0.41701768980026,0.0980094224588843,0.892327620446219
