"Posterior_Mean","Posterior_SD","Posterior_LB","Posterior_UB","prob"
-0.497524564841223,0.1178716242795,-0.728796651525667,-0.266848682914398,0.999883436664596
