"Posterior_Mean","Posterior_SD","Posterior_LB","Posterior_UB","prob"
-0.388194955783795,0.0906197508173071,-0.577091882547729,-0.179866264348164,0.999517940634378
