"Posterior_Mean","Posterior_SD","Posterior_LB","Posterior_UB","prob"
-0.312029049656074,0.167416333701276,-0.643267311928837,0.0257520208422302,0.967333333333333
