"Posterior_Mean","Posterior_SD","Posterior_LB","Posterior_UB","prob"
-0.37574114643448,0.134660317871978,-0.675574034403567,-0.0564501207745131,0.98797089798053
