"Posterior_Mean","Posterior_SD","Posterior_LB","Posterior_UB","prob"
-0.160436127737928,0.158345752363105,-0.500175844678592,0.193646893054447,0.818227461692774
