"Posterior_Mean","Posterior_SD","Posterior_LB","Posterior_UB","prob"
-0.199358965227921,0.162677228992496,-0.524117815093448,0.119069921643948,0.888666666666667
