"Posterior_Mean","Posterior_SD","Posterior_LB","Posterior_UB","prob"
-0.41100941824324,0.0848290811051232,-0.583519127026076,-0.243783235412987,0.999942443957727
