"Posterior_Mean","Posterior_SD","Posterior_LB","Posterior_UB","prob"
-0.256753664964595,0.16078259046312,-0.571816540881378,0.0519136414745515,0.950503052769204
