"Posterior_Mean","Posterior_SD","Posterior_LB","Posterior_UB","prob"
-0.304367106979786,0.159147950040909,-0.623940261256081,0.00217741706418875,0.973666666666667
