"Posterior_Mean","Posterior_SD","Posterior_LB","Posterior_UB","prob"
0.118755665738962,0.161737603297984,-0.22018209302867,0.444670652125484,0.228429669761638
