"Posterior_Mean","Posterior_SD","Posterior_LB","Posterior_UB","prob"
-0.464075899146563,0.102440309824686,-0.665031197995711,-0.242713353534784,0.999323093139904
