"Posterior_Mean","Posterior_SD","Posterior_LB","Posterior_UB","prob"
0.0474793758495674,0.156549325136036,-0.256789541748071,0.352663282497673,0.382666666666667
