"Posterior_Mean","Posterior_SD","Posterior_LB","Posterior_UB","prob"
-0.29803758425453,0.149171146209642,-0.602477811143228,0.011075504179298,0.969494345331313
