"Posterior_Mean","Posterior_SD","Posterior_LB","Posterior_UB","prob"
-0.332131321127929,0.0965969403695006,-0.5205955033186,-0.137267176246044,0.998450925129449
