"Posterior_Mean","Posterior_SD","Posterior_LB","Posterior_UB","prob"
-0.16996459015807,0.161931053179508,-0.484632594940635,0.155660195079237,0.853905059500709
