"Posterior_Mean","Posterior_SD","Posterior_LB","Posterior_UB","prob"
-0.248293735759299,0.164953569837455,-0.575494331023264,0.0713298775503212,0.936666666666667
