"Posterior_Mean","Posterior_SD","Posterior_LB","Posterior_UB","prob"
-0.241173916938504,0.156673716994608,-0.553291446795721,0.065698381233677,0.933833333333333
