"Posterior_Mean","Posterior_SD","Posterior_LB","Posterior_UB","prob"
-0.0111944305661028,0.155826650387527,-0.314853654667265,0.292495156508148,0.528692884449785
