"Posterior_Mean","Posterior_SD","Posterior_LB","Posterior_UB","prob"
0.0731949191547157,0.157379234300481,-0.241831008593252,0.381396530198477,0.319666666666667
