"Posterior_Mean","Posterior_SD","Posterior_LB","Posterior_UB","prob"
0.118998376890359,0.162083363809977,-0.209720613963165,0.434154356298968,0.231666666666667
