"Posterior_Mean","Posterior_SD","Posterior_LB","Posterior_UB","prob"
-0.46384096022024,0.117398031020493,-0.743590464144559,-0.191218269351176,0.998998467896883
