"Posterior_Mean","Posterior_SD","Posterior_LB","Posterior_UB","prob"
-0.433824322973402,0.119992620409663,-0.670303993658421,-0.15575579189425,0.997954587995204
