"Posterior_Mean","Posterior_SD","Posterior_LB","Posterior_UB","prob"
-0.120757988370187,0.154845273405015,-0.449116436174151,0.198598406905648,0.763156982992506
