"Posterior_Mean","Posterior_SD","Posterior_LB","Posterior_UB","prob"
-0.482275377048796,0.160928172759209,-0.804947833862046,-0.165332733721142,0.999001932061768
