"Posterior_Mean","Posterior_SD","Posterior_LB","Posterior_UB","prob"
-0.119145042308188,0.155352314464022,-0.440511771620945,0.210945936807759,0.770996717450855
