"Posterior_Mean","Posterior_SD","Posterior_LB","Posterior_UB","prob"
-0.436707685325166,0.127134759439693,-0.688089029846093,-0.177215387972128,0.998503237491471
