"Posterior_Mean","Posterior_SD","Posterior_LB","Posterior_UB","prob"
-0.164951966144375,0.165329617177329,-0.49323126312524,0.159308525113705,0.846166666666667
