"Posterior_Mean","Posterior_SD","Posterior_LB","Posterior_UB","prob"
-0.343646088210451,0.161950375617013,-0.657305615412574,-0.0278083202320765,0.983
