"Posterior_Mean","Posterior_SD","Posterior_LB","Posterior_UB","prob"
-0.230019740138224,0.142375769015448,-0.531462661385222,0.0854576829682435,0.920793062511255
