"Posterior_Mean","Posterior_SD","Posterior_LB","Posterior_UB","prob"
-0.37007854375874,0.138718781810218,-0.65515478162234,-0.0467800541216444,0.989851513422575
