"Posterior_Mean","Posterior_SD","Posterior_LB","Posterior_UB","prob"
-0.250003287764923,0.156091219294296,-0.570315109029011,0.0709936994542813,0.938262354978278
