"Posterior_Mean","Posterior_SD","Posterior_LB","Posterior_UB","prob"
-0.485495146414946,0.102455192216858,-0.698340037481245,-0.247189668044676,0.999682577281045
