"Posterior_Mean","Posterior_SD","Posterior_LB","Posterior_UB","prob"
-0.11233681996316,0.151255097941929,-0.40498522568848,0.18134657619742,0.768333333333333
