"Posterior_Mean","Posterior_SD","Posterior_LB","Posterior_UB","prob"
-0.247064977779192,0.0973272097745156,-0.438801227254271,-0.0446798834893831,0.989582409192252
