"Posterior_Mean","Posterior_SD","Posterior_LB","Posterior_UB","prob"
-0.188564627257763,0.16583545494468,-0.512511791584639,0.152037902244681,0.863756455806517
