"Posterior_Mean","Posterior_SD","Posterior_LB","Posterior_UB","prob"
-0.0834933398621503,0.168063552253766,-0.419694946979855,0.24026277779022,0.691
