"Posterior_Mean","Posterior_SD","Posterior_LB","Posterior_UB","prob"
-0.150764669529992,0.166296619743344,-0.477732482909763,0.180978108657794,0.820567131246852
