"Posterior_Mean","Posterior_SD","Posterior_LB","Posterior_UB","prob"
-0.338612124389386,0.0989569040216597,-0.539301743271761,-0.0940638925703351,0.992025474359474
