"Posterior_Mean","Posterior_SD","Posterior_LB","Posterior_UB","prob"
-0.196579978297283,0.158713462391145,-0.506305226013681,0.122057548297044,0.892666666666667
