"Posterior_Mean","Posterior_SD","Posterior_LB","Posterior_UB","prob"
-0.16255053349021,0.163350106690019,-0.49301197037256,0.146693055543345,0.84000401034813
