"Posterior_Mean","Posterior_SD","Posterior_LB","Posterior_UB","prob"
-0.295698875349184,0.0976098462806831,-0.486482710669389,-0.0415631379347384,0.98329683151955
