"Posterior_Mean","Posterior_SD","Posterior_LB","Posterior_UB","prob"
-0.0484960462294218,0.150633038172337,-0.369025161204977,0.268795563192626,0.601529370858079
