"Posterior_Mean","Posterior_SD","Posterior_LB","Posterior_UB","prob"
-0.397821232463868,0.093619165561864,-0.597947090942186,-0.199025603911996,0.999439590854992
