"Posterior_Mean","Posterior_SD","Posterior_LB","Posterior_UB","prob"
-0.0752973363246884,0.164697394711388,-0.396673296113245,0.237921194964981,0.671666666666667
