"Posterior_Mean","Posterior_SD","Posterior_LB","Posterior_UB","prob"
-0.143109625328194,0.166389213723038,-0.464990499109032,0.181973110259023,0.802166666666667
