"Posterior_Mean","Posterior_SD","Posterior_LB","Posterior_UB","prob"
-0.511746611668028,0.125060513684971,-0.816332640352855,-0.247730646558382,1
