"Posterior_Mean","Posterior_SD","Posterior_LB","Posterior_UB","prob"
0.0160997409144304,0.157868352666891,-0.293313921610233,0.32681942363671,0.458166666666667
