"Posterior_Mean","Posterior_SD","Posterior_LB","Posterior_UB","prob"
-0.404111593736668,0.15672798307145,-0.714458406172688,-0.102575141531885,0.995500000708649
