"Posterior_Mean","Posterior_SD","Posterior_LB","Posterior_UB","prob"
-0.338617052196242,0.124795586166219,-0.581728785092774,-0.0921710965668788,0.995373904144053
