"Posterior_Mean","Posterior_SD","Posterior_LB","Posterior_UB","prob"
-0.315349885924062,0.161137608403258,-0.627107672010267,0.00139365655033365,0.9745
