"Posterior_Mean","Posterior_SD","Posterior_LB","Posterior_UB","prob"
0.11855143478297,0.167306763703815,-0.219638980445855,0.450771235094989,0.230581655150911
