"Posterior_Mean","Posterior_SD","Posterior_LB","Posterior_UB","prob"
-0.172253100993545,0.131788115906821,-0.448109729993928,0.170206586000028,0.854612940659599
