"Posterior_Mean","Posterior_SD","Posterior_LB","Posterior_UB","prob"
-0.130694245887276,0.16638046820997,-0.45075550929406,0.212177778236948,0.776979877131418
