"Posterior_Mean","Posterior_SD","Posterior_LB","Posterior_UB","prob"
-0.374783312963952,0.115021892580686,-0.645411410733058,-0.10457041804328,0.996170973985651
