"Posterior_Mean","Posterior_SD","Posterior_LB","Posterior_UB","prob"
-0.0668381635962381,0.161844944159602,-0.37990864926573,0.244658024370525,0.66
