"Posterior_Mean","Posterior_SD","Posterior_LB","Posterior_UB","prob"
-0.0963132214783975,0.162593058279826,-0.420731511367692,0.221666361058504,0.723166666666667
