"Posterior_Mean","Posterior_SD","Posterior_LB","Posterior_UB","prob"
-0.194685510229012,0.119333747261803,-0.472553568547462,0.0884876300787211,0.916979970018784
