"Posterior_Mean","Posterior_SD","Posterior_LB","Posterior_UB","prob"
0.257090636970624,0.158408356246528,-0.0599818365134603,0.567891860334886,0.0520915951589744
