"Posterior_Mean","Posterior_SD","Posterior_LB","Posterior_UB","prob"
-0.367234217949138,0.126648488024153,-0.632474337936331,-0.117318436153585,0.997277707013081
