"Posterior_Mean","Posterior_SD","Posterior_LB","Posterior_UB","prob"
-0.277276058808844,0.145920007040459,-0.582384995603239,0.0254088816855655,0.963051312709166
