"Posterior_Mean","Posterior_SD","Posterior_LB","Posterior_UB","prob"
-0.383022664277308,0.167552236046238,-0.713112557554625,-0.0621447808794151,0.990666666666667
