"Posterior_Mean","Posterior_SD","Posterior_LB","Posterior_UB","prob"
-0.277141066230641,0.162832443462712,-0.602966500841143,0.0398295216513369,0.9545
