"Posterior_Mean","Posterior_SD","Posterior_LB","Posterior_UB","prob"
-0.0977580012610118,0.1627490923307,-0.411364153510486,0.223453511077768,0.718782822798926
