"Posterior_Mean","Posterior_SD","Posterior_LB","Posterior_UB","prob"
-0.17178919878004,0.164627132192097,-0.495967345311968,0.146026272215019,0.85053252546437
