"Posterior_Mean","Posterior_SD","Posterior_LB","Posterior_UB","prob"
-0.509860923306077,0.0841389865965472,-0.684221135518783,-0.29641419629508,0.999843808397354
