"Posterior_Mean","Posterior_SD","Posterior_LB","Posterior_UB","prob"
-0.403557307985997,0.101020059929941,-0.644485820939513,-0.164563104293509,0.999699446047779
