"Posterior_Mean","Posterior_SD","Posterior_LB","Posterior_UB","prob"
-0.120287156963673,0.155389460071028,-0.45765919722323,0.194243185924122,0.74645132456942
