"Posterior_Mean","Posterior_SD","Posterior_LB","Posterior_UB","prob"
-0.38341587497105,0.0959852231009955,-0.573748804460902,-0.185193338483174,0.999500719609911
