"Posterior_Mean","Posterior_SD","Posterior_LB","Posterior_UB","prob"
-0.0294645008652426,0.162420432734267,-0.343154472984458,0.293711031929141,0.567833333333333
