"Posterior_Mean","Posterior_SD","Posterior_LB","Posterior_UB","prob"
-0.0114316260179381,0.160025497802338,-0.322350500018408,0.301833910622134,0.5345
