"Posterior_Mean","Posterior_SD","Posterior_LB","Posterior_UB","prob"
-0.477054561892597,0.163692926867274,-0.803699160502199,-0.15855273757914,0.998
