"Posterior_Mean","Posterior_SD","Posterior_LB","Posterior_UB","prob"
-0.205682065670206,0.155042736154214,-0.521631429762457,0.128774104378416,0.892991173433887
