"Posterior_Mean","Posterior_SD","Posterior_LB","Posterior_UB","prob"
-0.514852978916361,0.103349880036825,-0.752193712978549,-0.259526451262441,0.999890804004204
