"Posterior_Mean","Posterior_SD","Posterior_LB","Posterior_UB","prob"
-0.102053405420996,0.167042760454819,-0.440503602933292,0.229782689806875,0.731783907310031
