"Posterior_Mean","Posterior_SD","Posterior_LB","Posterior_UB","prob"
-0.129790427031265,0.125979032261319,-0.38126438867865,0.184767088338993,0.830528711222556
