"Posterior_Mean","Posterior_SD","Posterior_LB","Posterior_UB","prob"
0.0374153810499647,0.159390619341938,-0.267318457203381,0.345250616715642,0.414333333333333
