"Posterior_Mean","Posterior_SD","Posterior_LB","Posterior_UB","prob"
-0.319049681723458,0.122881592356842,-0.566948987700453,-0.0512580960379712,0.987962938350393
