"Posterior_Mean","Posterior_SD","Posterior_LB","Posterior_UB","prob"
-0.477849795148203,0.169470246114538,-0.809454319566819,-0.139328341356923,0.996833333333333
