"Posterior_Mean","Posterior_SD","Posterior_LB","Posterior_UB","prob"
-0.227749419711642,0.165220082304555,-0.544837784500005,0.0965749533451763,0.917666666666667
