"Posterior_Mean","Posterior_SD","Posterior_LB","Posterior_UB","prob"
-0.27432603105199,0.0948260959342117,-0.467183302948758,-0.0886560068018436,0.997935503840101
