"Posterior_Mean","Posterior_SD","Posterior_LB","Posterior_UB","prob"
-0.461413172947726,0.101239773572603,-0.684302597872115,-0.227699512086234,0.999769696222822
