"Posterior_Mean","Posterior_SD","Posterior_LB","Posterior_UB","prob"
-0.449191358465129,0.126224687034502,-0.724990826308201,-0.11439715334417,0.996162630636254
