"Posterior_Mean","Posterior_SD","Posterior_LB","Posterior_UB","prob"
-0.278680472115557,0.116957104510145,-0.528948551205723,0.0164032219254584,0.968619582866068
