"Posterior_Mean","Posterior_SD","Posterior_LB","Posterior_UB","prob"
-0.328482996488624,0.0988101722627803,-0.542656127587286,-0.0960722466850138,0.9960020319087
