"Posterior_Mean","Posterior_SD","Posterior_LB","Posterior_UB","prob"
-0.343316721907098,0.113910206141687,-0.567329832821195,-0.0547172127703676,0.986335790580512
