"Posterior_Mean","Posterior_SD","Posterior_LB","Posterior_UB","prob"
-0.211545138114251,0.157473204785377,-0.519842051920513,0.0904293239202431,0.912
