"Posterior_Mean","Posterior_SD","Posterior_LB","Posterior_UB","prob"
-0.582593863822021,0.124454563527104,-0.846070405114872,-0.337823929120014,1
