"Posterior_Mean","Posterior_SD","Posterior_LB","Posterior_UB","prob"
-0.20439145430607,0.124786876258064,-0.527591469040728,0.0513202105793502,0.946752297254864
