"Posterior_Mean","Posterior_SD","Posterior_LB","Posterior_UB","prob"
-0.461531881262963,0.12166497178268,-0.698842694116977,-0.208825287789318,0.99915064312586
