"Posterior_Mean","Posterior_SD","Posterior_LB","Posterior_UB","prob"
0.0320265814043765,0.161771958930443,-0.287816763249735,0.35099900758673,0.419
