"Posterior_Mean","Posterior_SD","Posterior_LB","Posterior_UB","prob"
-0.0392651152763204,0.160612002091682,-0.374325670401721,0.265241528122912,0.589374316023994
