"Posterior_Mean","Posterior_SD","Posterior_LB","Posterior_UB","prob"
-0.279495131813917,0.163500459331482,-0.602328663010934,0.0443014970550563,0.955058364673513
