"Posterior_Mean","Posterior_SD","Posterior_LB","Posterior_UB","prob"
-0.0967663578607085,0.157026916846103,-0.397908554893696,0.206078166355676,0.729666666666667
