"Posterior_Mean","Posterior_SD","Posterior_LB","Posterior_UB","prob"
-0.524482398066738,0.127743518225908,-0.794718915727519,-0.267505959230227,0.999891081368148
