"Posterior_Mean","Posterior_SD","Posterior_LB","Posterior_UB","prob"
-0.255883803386531,0.124200044841205,-0.501494024645699,0.0304951412179315,0.962723124160622
