"Posterior_Mean","Posterior_SD","Posterior_LB","Posterior_UB","prob"
0.0853783684266717,0.165873294138121,-0.233009918244804,0.414577118514518,0.291992139827875
