"Posterior_Mean","Posterior_SD","Posterior_LB","Posterior_UB","prob"
-0.270142416972071,0.152591839730172,-0.599015974778047,0.0626567525905433,0.943696493864345
