"Posterior_Mean","Posterior_SD","Posterior_LB","Posterior_UB","prob"
-0.406236381442143,0.105481047714549,-0.625504576426247,-0.157507792255543,0.99807129443889
