"Posterior_Mean","Posterior_SD","Posterior_LB","Posterior_UB","prob"
-0.0584865886779061,0.0577044669531785,-0.182303480248431,0.0624347185995611,0.821787753963994
