"Posterior_Mean","Posterior_SD","Posterior_LB","Posterior_UB","prob"
-0.0982671138872146,0.0474721747832252,-0.189554238734965,-0.00661206669099505,0.979910262875213
