"Posterior_Mean","Posterior_SD","Posterior_LB","Posterior_UB","prob"
-0.0487537268649213,0.0516264117676135,-0.152637425777693,0.0543330424848684,0.82655232580961
