"Posterior_Mean","Posterior_SD","Posterior_LB","Posterior_UB","prob"
0.108525752306159,0.0497562020711609,0.00447254277695763,0.218608139903928,0.0195906955088884
