"Posterior_Mean","Posterior_SD","Posterior_LB","Posterior_UB","prob"
0.00752175320442287,0.0496864398714082,-0.0914887080031308,0.122136204286682,0.450227607310312
