"Posterior_Mean","Posterior_SD","Posterior_LB","Posterior_UB","prob"
-0.109441477512208,0.0508799215413137,-0.223031219163795,-0.0014523281886728,0.976401310847855
