"Posterior_Mean","Posterior_SD","Posterior_LB","Posterior_UB","prob"
0.0390171846920278,0.0487566347266912,-0.0573852704270087,0.147684300845228,0.223006383513217
