"Posterior_Mean","Posterior_SD","Posterior_LB","Posterior_UB","prob"
0.0278264344981191,0.0503172158800106,-0.0745466806975553,0.131772249377006,0.283925822525667
