"Posterior_Mean","Posterior_SD","Posterior_LB","Posterior_UB","prob"
-0.0326127752459453,0.0470882798397984,-0.128933038999773,0.0591944122370211,0.742996353363325
