"Posterior_Mean","Posterior_SD","Posterior_LB","Posterior_UB","prob"
-0.00925618075690793,0.0495880759518439,-0.110308446096071,0.0967782875421948,0.580135529703757
