"Posterior_Mean","Posterior_SD","Posterior_LB","Posterior_UB","prob"
-0.0617149749728677,0.0494522487005333,-0.170236010988921,0.0409028257259697,0.875888658951325
