"Posterior_Mean","Posterior_SD","Posterior_LB","Posterior_UB","prob"
-0.0132224041040615,0.0484777398113384,-0.111460606103916,0.0826319113148164,0.612813354150675
