"Posterior_Mean","Posterior_SD","Posterior_LB","Posterior_UB","prob"
0.0914863515568811,0.0508290756654635,-0.0140819256809684,0.237705002990619,0.0537318558885987
