"","Posterior_Mean","Posterior_SD","Posterior_LB","Posterior_UB"
"1",-0.00890603211551213,0.0359434379610905,-0.0789602206935889,0.0610502210417364
