"","Posterior_Mean","Posterior_SD","Posterior_LB","Posterior_UB"
"1",-0.00324190514653438,0.0382829747404485,-0.0785162760415276,0.0728391157226882
