"","Posterior_Mean","Posterior_SD","Posterior_LB","Posterior_UB"
"1",-0.0477748091501866,0.0415447270697386,-0.127837287843822,0.0314328713916357
