"Posterior_Mean","Posterior_SD","Posterior_LB","Posterior_UB","prob"
-0.0432878398580557,0.0597076386795215,-0.240793950697599,0.124277883503379,0.644572706346959
