"Posterior_Mean","Posterior_SD","Posterior_LB","Posterior_UB","prob"
-0.181685700782128,0.0585026834922347,-0.334158159772831,0.0139455557776528,0.9615246990481
