"Posterior_Mean","Posterior_SD","Posterior_LB","Posterior_UB","prob"
-0.0900611108282471,0.0523851772973252,-0.204394034535607,0.0230911222902067,0.939178423393955
