"Posterior_Mean","Posterior_SD","Posterior_LB","Posterior_UB","prob"
0.0793342860276592,0.0701560783920957,-0.0716781467117797,0.226430520182617,0.141351702663891
