"Posterior_Mean","Posterior_SD","Posterior_LB","Posterior_UB","prob"
-0.127355809112668,0.0566748451541207,-0.287484734134525,0.028888059860571,0.949079319149412
