"Posterior_Mean","Posterior_SD","Posterior_LB","Posterior_UB","prob"
-0.0971525042133519,0.0598032852054064,-0.227463933903452,0.0570566874617363,0.894727126864158
