"Posterior_Mean","Posterior_SD","Posterior_LB","Posterior_UB","prob"
-0.152048116558733,0.0521428622958081,-0.261187142004905,-0.0396368253716621,0.995615786783482
