"Posterior_Mean","Posterior_SD","Posterior_LB","Posterior_UB","prob"
0.0328840243723349,0.0614770408707501,-0.0972660533104831,0.185773299109244,0.340571447949088
