"Posterior_Mean","Posterior_SD","Posterior_LB","Posterior_UB","prob"
-0.106887178420382,0.0665412676800777,-0.252893387374097,0.0346928805457956,0.936075434132096
