"Posterior_Mean","Posterior_SD","Posterior_LB","Posterior_UB","prob"
-0.0666241265195074,0.0618769718870853,-0.244185084675617,0.135082417994823,0.707632632573459
