"Posterior_Mean","Posterior_SD","Posterior_LB","Posterior_UB","prob"
-0.11756436000893,0.0506176810640165,-0.222370302479591,0.00411149040321612,0.973595902570848
