"Posterior_Mean","Posterior_SD","Posterior_LB","Posterior_UB","prob"
-0.135911235787606,0.0485091397241389,-0.240234043463762,-0.0279253221705196,0.991152875338758
