"Posterior_Mean","Posterior_SD","Posterior_LB","Posterior_UB","prob"
0.074510496795572,0.0735381543441607,-0.0772590804407645,0.242942456098269,0.166842952882942
