"Posterior_Mean","Posterior_SD","Posterior_LB","Posterior_UB","prob"
-0.0654797283003929,0.0492012259139628,-0.165685827526226,0.049315251349193,0.894009708059502
