"Posterior_Mean","Posterior_SD","Posterior_LB","Posterior_UB","prob"
-0.02557040852788,0.0703901931682912,-0.182261757910875,0.130607429220092,0.62422720350806
