"Posterior_Mean","Posterior_SD","Posterior_LB","Posterior_UB","prob"
0.0969819043260399,0.0656073441989587,-0.0411139837543227,0.238421882038527,0.0802610373115555
