"Posterior_Mean","Posterior_SD","Posterior_LB","Posterior_UB","prob"
0.0115503029972669,0.0680249695882033,-0.132812275812704,0.159461608062075,0.444047656307588
