"Posterior_Mean","Posterior_SD","Posterior_LB","Posterior_UB","prob"
-0.124903375366507,0.0529969990945379,-0.244842742207727,0.0276699701990729,0.955132674565297
