"Posterior_Mean","Posterior_SD","Posterior_LB","Posterior_UB","prob"
0.0637447459317049,0.0888939869704431,-0.126806648770076,0.257264183682356,0.25758570037325
