"Posterior_Mean","Posterior_SD","Posterior_LB","Posterior_UB","prob"
0.0418497362007932,0.0770509638078527,-0.141805837913505,0.271605229043477,0.389378947026487
