"Posterior_Mean","Posterior_SD","Posterior_LB","Posterior_UB","prob"
-0.1633972453124,0.0597078238012722,-0.318531919875789,-0.0044870930171062,0.978572608461107
