"Posterior_Mean","Posterior_SD","Posterior_LB","Posterior_UB","prob"
-0.189695178273099,0.0501535704743504,-0.293650574353458,-0.0350411206415403,0.98520411461484
