"Posterior_Mean","Posterior_SD","Posterior_LB","Posterior_UB","prob"
-0.0356242523574532,0.0715937529822098,-0.176893950707384,0.146622623295852,0.694466088368977
