"Posterior_Mean","Posterior_SD","Posterior_LB","Posterior_UB","prob"
0.125309904193099,0.0677309861523693,-0.0162306587624652,0.262698444368674,0.0407902469833123
