"Posterior_Mean","Posterior_SD","Posterior_LB","Posterior_UB","prob"
0.00921528068151896,0.0552922095938459,-0.107405046135091,0.120814965963889,0.431582027812331
