"","Posterior_Mean","Posterior_SD","Posterior_LB","Posterior_UB"
"1",0.00897188034534002,0.0409826300510235,-0.0674262338115445,0.0900947024221944
