"","Posterior_Mean","Posterior_SD","Posterior_LB","Posterior_UB"
"1",-0.00305857428148656,0.0383063376438068,-0.0773719883166771,0.0733640374951972
