"Posterior_Mean","Posterior_SD","Posterior_LB","Posterior_UB","prob"
0.185069460193522,0.21266424206314,-0.279255047877685,0.675828099389297,0.242526151477499
