"Posterior_Mean","Posterior_SD","Posterior_LB","Posterior_UB","prob"
-0.480647948598859,0.214073073163429,-0.949668695919823,-0.0488528709765819,0.986155632495371
