"Posterior_Mean","Posterior_SD","Posterior_LB","Posterior_UB","prob"
-0.157335158945956,0.207389023289801,-0.579796679412297,0.266726909805115,0.786887655334785
