"Posterior_Mean","Posterior_SD","Posterior_LB","Posterior_UB","prob"
-0.0974198924901235,0.196051599191873,-0.524990664643226,0.304249816867992,0.676998790661912
