"Posterior_Mean","Posterior_SD","Posterior_LB","Posterior_UB","prob"
-0.338655133756132,0.205619056538288,-0.786403441905737,0.113304302497401,0.933402553015844
