"Posterior_Mean","Posterior_SD","Posterior_LB","Posterior_UB","prob"
-0.258241069952537,0.227318380839674,-0.727587502151781,0.193695774415128,0.870492648979303
