"Posterior_Mean","Posterior_SD","Posterior_LB","Posterior_UB","prob"
0.23575314059613,0.229805116366593,-0.203231015744503,0.683225046099835,0.166801918774701
