"Posterior_Mean","Posterior_SD","Posterior_LB","Posterior_UB","prob"
-0.302432375423073,0.17876526274921,-0.693581504123241,0.101748517058134,0.932756260876808
