"Posterior_Mean","Posterior_SD","Posterior_LB","Posterior_UB","prob"
0.165087829171356,0.201959474089639,-0.250059753265508,0.621411778348245,0.229832571302877
