"Posterior_Mean","Posterior_SD","Posterior_LB","Posterior_UB","prob"
-0.283229338847258,0.22456838118387,-0.779658866043133,0.159254827043688,0.886409140280159
