"Posterior_Mean","Posterior_SD","Posterior_LB","Posterior_UB","prob"
-0.177595054853319,0.175453738244859,-0.574913050453246,0.216664111855239,0.804794623233138
