"Posterior_Mean","Posterior_SD","Posterior_LB","Posterior_UB","prob"
-0.347102495659141,0.212696795166689,-0.775352027700686,0.0667137177435047,0.947760787239836
