"Posterior_Mean","Posterior_SD","Posterior_LB","Posterior_UB","prob"
-0.662236103848068,0.217849707964354,-1.14410593142136,-0.223586849478004,0.99931661762805
