"Posterior_Mean","Posterior_SD","Posterior_LB","Posterior_UB","prob"
-0.0405312550564124,0.223255123839509,-0.481065702208051,0.405132822647486,0.55901434640764
