"Posterior_Mean","Posterior_SD","Posterior_LB","Posterior_UB","prob"
-0.0511924782592923,0.0828892143636435,-0.220745546968553,0.165493433619377,0.734663687077022
