"Posterior_Mean","Posterior_SD","Posterior_LB","Posterior_UB","prob"
0.216438355109513,0.130835870706357,-0.0450596352207199,0.471152890125914,0.0493333333333333
