"Posterior_Mean","Posterior_SD","Posterior_LB","Posterior_UB","prob"
0.0138627545451544,0.0959486477244684,-0.208901594530888,0.220677476903068,0.44131669524826
