"Posterior_Mean","Posterior_SD","Posterior_LB","Posterior_UB","prob"
0.00394164653749543,0.139303092509407,-0.275935682927452,0.27844627818061,0.486500034907337
