"Posterior_Mean","Posterior_SD","Posterior_LB","Posterior_UB","prob"
0.0101088590100118,0.140334266969058,-0.264024247058349,0.2801969563957,0.469666666666667
