"Posterior_Mean","Posterior_SD","Posterior_LB","Posterior_UB","prob"
-0.0912580314024411,0.123378959589694,-0.399551498841217,0.224376852811489,0.698495168793196
