"Posterior_Mean","Posterior_SD","Posterior_LB","Posterior_UB","prob"
-0.11523686624508,0.137279388236369,-0.385069863182358,0.154967961949537,0.803166666666667
