"Posterior_Mean","Posterior_SD","Posterior_LB","Posterior_UB","prob"
0.0154714379802377,0.133405541992846,-0.25784055808719,0.290625120626075,0.462588617766884
