"Posterior_Mean","Posterior_SD","Posterior_LB","Posterior_UB","prob"
-0.0243218281567903,0.13757913794271,-0.293350572032663,0.247025353552982,0.560666666666667
