"Posterior_Mean","Posterior_SD","Posterior_LB","Posterior_UB","prob"
-0.146356700652245,0.11777204283438,-0.391625197815119,0.116899566163787,0.869218949801327
