"Posterior_Mean","Posterior_SD","Posterior_LB","Posterior_UB","prob"
0.165928940243727,0.13327183690485,-0.0852118721817027,0.423393760369308,0.106501191514428
