"Posterior_Mean","Posterior_SD","Posterior_LB","Posterior_UB","prob"
0.453715200994143,0.138122283210181,0.17776028806474,0.718359211480426,0.000548498509013176
