"Posterior_Mean","Posterior_SD","Posterior_LB","Posterior_UB","prob"
0.156756312959476,0.133855012456505,-0.103048557075437,0.423960051776907,0.119166666666667
