"Posterior_Mean","Posterior_SD","Posterior_LB","Posterior_UB","prob"
-0.0636367758724145,0.126881359335266,-0.322869208835753,0.209620171316048,0.677200298840504
