"Posterior_Mean","Posterior_SD","Posterior_LB","Posterior_UB","prob"
0.0577873492585005,0.134120043023231,-0.205615537080356,0.322578320902975,0.332833333333333
