"Posterior_Mean","Posterior_SD","Posterior_LB","Posterior_UB","prob"
0.0400770502407197,0.133303402083488,-0.216759036603822,0.298049420092142,0.386511470134397
