"Posterior_Mean","Posterior_SD","Posterior_LB","Posterior_UB","prob"
-0.173241462978617,0.0962299018450215,-0.363132077412218,0.0217162042156526,0.961393274172435
