"Posterior_Mean","Posterior_SD","Posterior_LB","Posterior_UB","prob"
0.178464040764419,0.13098507630601,-0.0926746472728314,0.42429840922796,0.0938120427175147
