"Posterior_Mean","Posterior_SD","Posterior_LB","Posterior_UB","prob"
-0.210541025447427,0.0772386203080616,-0.368267720629728,-0.0021315370824864,0.975437605402531
