"Posterior_Mean","Posterior_SD","Posterior_LB","Posterior_UB","prob"
-0.0621658295819701,0.135080069657748,-0.325363363926636,0.20042803301529,0.672666666666667
