"Posterior_Mean","Posterior_SD","Posterior_LB","Posterior_UB","prob"
-0.00141101584501406,0.0986733072320731,-0.202345201711443,0.189231170102905,0.50617305919494
