"Posterior_Mean","Posterior_SD","Posterior_LB","Posterior_UB","prob"
-0.048254000519088,0.13605299158474,-0.316045824315573,0.224680975000144,0.6445
