"Posterior_Mean","Posterior_SD","Posterior_LB","Posterior_UB","prob"
-0.0216835951835606,0.138598460328011,-0.298310149199819,0.247334650899005,0.553604299888875
