"Posterior_Mean","Posterior_SD","Posterior_LB","Posterior_UB","prob"
-0.00181949555643337,0.0991848432703339,-0.197176739673932,0.194778167205933,0.505423065079303
