"Posterior_Mean","Posterior_SD","Posterior_LB","Posterior_UB","prob"
-0.185238298418348,0.104342439228588,-0.388752832274322,0.0330676381990299,0.954582433060873
