"Posterior_Mean","Posterior_SD","Posterior_LB","Posterior_UB","prob"
0.0997055489260179,0.128827638645105,-0.152618372401387,0.353450167553214,0.219666666666667
