"Posterior_Mean","Posterior_SD","Posterior_LB","Posterior_UB","prob"
-0.178358421941264,0.100155265515824,-0.384606954599642,0.0169204850597648,0.962378500484886
