"Posterior_Mean","Posterior_SD","Posterior_LB","Posterior_UB","prob"
-0.0282487531110556,0.109413403552573,-0.252745568875147,0.196046982756378,0.608684442607556
