"Posterior_Mean","Posterior_SD","Posterior_LB","Posterior_UB","prob"
-0.00666106891776433,0.135356806511069,-0.273321422404625,0.257783910955185,0.516529074051399
