"Posterior_Mean","Posterior_SD","Posterior_LB","Posterior_UB","prob"
0.317107874199166,0.138698731508242,0.0559704615231999,0.593948119444541,0.00951946038549547
