"Posterior_Mean","Posterior_SD","Posterior_LB","Posterior_UB","prob"
0.145684545784819,0.136459145101608,-0.125433568104529,0.416445615034969,0.140833333333333
