"Posterior_Mean","Posterior_SD","Posterior_LB","Posterior_UB","prob"
0.0691690060063811,0.132382083121338,-0.189275195490711,0.330658275652024,0.301
