"Posterior_Mean","Posterior_SD","Posterior_LB","Posterior_UB","prob"
-0.287333500261766,0.113071073109729,-0.504647105404451,-0.0228290584473851,0.981262541090766
