"Posterior_Mean","Posterior_SD","Posterior_LB","Posterior_UB","prob"
0.159312845935423,0.133277286571765,-0.0999049897241713,0.429347128106669,0.116166666666667
