"Posterior_Mean","Posterior_SD","Posterior_LB","Posterior_UB","prob"
-0.0573430754340352,0.107865930250726,-0.296702649667428,0.151670305290175,0.690259008183742
