"Posterior_Mean","Posterior_SD","Posterior_LB","Posterior_UB","prob"
-0.0995546782263444,0.116015666205795,-0.348476090563119,0.200999846831202,0.756504901187372
