"Posterior_Mean","Posterior_SD","Posterior_LB","Posterior_UB","prob"
0.154156497688334,0.122245067640734,-0.177861326287864,0.452834328472441,0.195596687906002
