"Posterior_Mean","Posterior_SD","Posterior_LB","Posterior_UB","prob"
-0.088174877547366,0.119676985661322,-0.325404152667797,0.185059717645449,0.756484698247779
