"Posterior_Mean","Posterior_SD","Posterior_LB","Posterior_UB","prob"
0.0608154652284725,0.100065789402002,-0.142826120559527,0.263341249437104,0.263720103938877
