"Posterior_Mean","Posterior_SD","Posterior_LB","Posterior_UB","prob"
-0.0357193789724179,0.105976961499034,-0.252928211853798,0.181974194819952,0.634559392093943
