"Posterior_Mean","Posterior_SD","Posterior_LB","Posterior_UB","prob"
0.00274235596592981,0.0947344735099058,-0.229373857580814,0.218964217717473,0.480766613314458
