"Posterior_Mean","Posterior_SD","Posterior_LB","Posterior_UB","prob"
-0.25597935495066,0.104691765190971,-0.477031930770527,-0.00578457523688514,0.977584310096425
