"Posterior_Mean","Posterior_SD","Posterior_LB","Posterior_UB","prob"
0.213417255393186,0.13475586732402,-0.0554772364968172,0.476426524620343,0.056
