"Posterior_Mean","Posterior_SD","Posterior_LB","Posterior_UB","prob"
-0.0712271450076953,0.100265224777729,-0.26591308707872,0.133386383372614,0.766994477763023
