"Posterior_Mean","Posterior_SD","Posterior_LB","Posterior_UB","prob"
0.0666970755300986,0.112142972892472,-0.163154791837683,0.34428097584431,0.311552364888194
