"Posterior_Mean","Posterior_SD","Posterior_LB","Posterior_UB","prob"
-0.0423859027779416,0.12739232334657,-0.287861728929037,0.225448122532235,0.646161544481829
