"Posterior_Mean","Posterior_SD","Posterior_LB","Posterior_UB","prob"
-0.123077934395195,0.132271430639616,-0.384022002660473,0.136591740842705,0.824666666666667
