"Posterior_Mean","Posterior_SD","Posterior_LB","Posterior_UB","prob"
-0.259911514091755,0.100008699826604,-0.458831822948317,-0.0430810499421446,0.98868552482264
