"Posterior_Mean","Posterior_SD","Posterior_LB","Posterior_UB","prob"
0.131575226135136,0.135760140107506,-0.132647243789549,0.399332461567545,0.169
