"Posterior_Mean","Posterior_SD","Posterior_LB","Posterior_UB","prob"
0.022737744301278,0.135047711198263,-0.236682174505697,0.28684888655899,0.436
