"Posterior_Mean","Posterior_SD","Posterior_LB","Posterior_UB","prob"
0.0476911816975285,0.133929939241343,-0.22217123890057,0.335861212659229,0.364378438761738
