"Posterior_Mean","Posterior_SD","Posterior_LB","Posterior_UB","prob"
0.0980387201866262,0.133760551537844,-0.164936680901938,0.362908277781405,0.230166666666667
