"Posterior_Mean","Posterior_SD","Posterior_LB","Posterior_UB","prob"
-0.0155930300384763,0.107038495896721,-0.226308698610214,0.238390022721346,0.578071359030499
