"Posterior_Mean","Posterior_SD","Posterior_LB","Posterior_UB","prob"
0.0702685682319368,0.128912789982274,-0.190147403211535,0.329935814362796,0.295390355964533
