"Posterior_Mean","Posterior_SD","Posterior_LB","Posterior_UB","prob"
-0.294133817492661,0.0702956993272695,-0.445293199025792,-0.102540034258763,0.994757851571098
