"Posterior_Mean","Posterior_SD","Posterior_LB","Posterior_UB","prob"
-0.018392273306753,0.0976676628934196,-0.216720425494014,0.204173343527494,0.592820258401716
