"Posterior_Mean","Posterior_SD","Posterior_LB","Posterior_UB","prob"
0.203907174568229,0.133861386308059,-0.0952755953531019,0.467831928915745,0.0822657715336487
