"Posterior_Mean","Posterior_SD","Posterior_LB","Posterior_UB","prob"
0.00481451226017017,0.0980608543225847,-0.233380604935178,0.211909554661563,0.453514514414895
