"Posterior_Mean","Posterior_SD","Posterior_LB","Posterior_UB","prob"
-0.0483642825401099,0.122212967163112,-0.31562017354783,0.242020329898078,0.631181525395658
