"Posterior_Mean","Posterior_SD","Posterior_LB","Posterior_UB","prob"
0.207489617072184,0.135718894916664,-0.0636585753686524,0.475502544177038,0.0643976598917105
