"Posterior_Mean","Posterior_SD","Posterior_LB","Posterior_UB","prob"
-0.370359903795928,0.142131754518746,-0.65672292632926,-0.099902000923097,0.99750436101225
