"Posterior_Mean","Posterior_SD","Posterior_LB","Posterior_UB","prob"
-0.183747695508096,0.108360484411583,-0.405832283252724,0.032316126521021,0.956427343479784
