"Posterior_Mean","Posterior_SD","Posterior_LB","Posterior_UB","prob"
0.0310920334333959,0.127142034451679,-0.249221026073679,0.326480565714287,0.42338775317902
