"Posterior_Mean","Posterior_SD","Posterior_LB","Posterior_UB","prob"
0.217693665982158,0.135671495920037,-0.0471120296159194,0.494977276205669,0.055
