"Posterior_Mean","Posterior_SD","Posterior_LB","Posterior_UB","prob"
-0.0570943892864052,0.130763118765943,-0.313066577476642,0.218856536412614,0.659560720123446
