"Posterior_Mean","Posterior_SD","Posterior_LB","Posterior_UB","prob"
-0.169331078928181,0.100301683222069,-0.373472803716857,0.0511173605406475,0.939821147440632
