"Posterior_Mean","Posterior_SD","Posterior_LB","Posterior_UB","prob"
-0.0624631568860137,0.106215824136807,-0.270455495234229,0.161841018437018,0.729490304110325
