"Posterior_Mean","Posterior_SD","Posterior_LB","Posterior_UB","prob"
0.188269782117948,0.124214672565003,-0.0859008212751008,0.479372673203958,0.100222322781705
