"Posterior_Mean","Posterior_SD","Posterior_LB","Posterior_UB","prob"
0.115263704542606,0.133487508647899,-0.14355635033754,0.377639334938466,0.191166666666667
