"Posterior_Mean","Posterior_SD","Posterior_LB","Posterior_UB","prob"
0.0277936634498788,0.104728194381408,-0.24568520228971,0.358773593514275,0.470777497061124
