"Posterior_Mean","Posterior_SD","Posterior_LB","Posterior_UB","prob"
0.0250866913578028,0.0996542131481556,-0.169882946034315,0.245903369317149,0.415072989960132
