"Posterior_Mean","Posterior_SD","Posterior_LB","Posterior_UB","prob"
-0.100697165364155,0.100246925438733,-0.321833966724753,0.14382667031977,0.800199743729717
