"Posterior_Mean","Posterior_SD","Posterior_LB","Posterior_UB","prob"
-0.0545717376641214,0.100908504971416,-0.261938473554513,0.232820231603909,0.717220874971342
