"Posterior_Mean","Posterior_SD","Posterior_LB","Posterior_UB","prob"
-0.125959799264464,0.0833376009960963,-0.358678227634469,0.14281421857349,0.817024424675155
