"Posterior_Mean","Posterior_SD","Posterior_LB","Posterior_UB","prob"
0.0123937641193388,0.135911673820075,-0.257479588467063,0.278789141112831,0.461666666666667
