"Posterior_Mean","Posterior_SD","Posterior_LB","Posterior_UB","prob"
-0.240551458087993,0.0797456934889192,-0.402902782103726,-0.0878000427216244,0.997793737587878
