"Posterior_Mean","Posterior_SD","Posterior_LB","Posterior_UB","prob"
0.0680308048103864,0.137253777531072,-0.202086373749029,0.33543415492493,0.313833333333333
