"Posterior_Mean","Posterior_SD","Posterior_LB","Posterior_UB","prob"
-0.222461168327625,0.104498963395515,-0.476974338806008,-0.00710615917809947,0.979036139968034
