"Posterior_Mean","Posterior_SD","Posterior_LB","Posterior_UB","prob"
0.0673544637149624,0.137796490738061,-0.2050014695358,0.339647919550041,0.318333333333333
