"Posterior_Mean","Posterior_SD","Posterior_LB","Posterior_UB","prob"
0.336891928692945,0.136178746815579,0.0731029006658182,0.5974083279937,0.007
