"Posterior_Mean","Posterior_SD","Posterior_LB","Posterior_UB","prob"
-0.0498185992968202,0.136529975561019,-0.321756291735262,0.218284702988817,0.645333333333333
