"Posterior_Mean","Posterior_SD","Posterior_LB","Posterior_UB","prob"
0.041387561197414,0.14062185388655,-0.238090747526509,0.312923656648768,0.382751708975177
