"Posterior_Mean","Posterior_SD","Posterior_LB","Posterior_UB","prob"
0.0731005569674328,0.13076435727992,-0.238203324974616,0.349439041463172,0.291303726618029
