"Posterior_Mean","Posterior_SD","Posterior_LB","Posterior_UB","prob"
-0.240713538257366,0.0821438994347162,-0.422769173861392,-0.0188082225907386,0.980943544373056
