"Posterior_Mean","Posterior_SD","Posterior_LB","Posterior_UB","prob"
-0.0861016610185005,0.104096387692196,-0.30524358764452,0.155300515359882,0.761837404727998
