"Posterior_Mean","Posterior_SD","Posterior_LB","Posterior_UB","prob"
0.0316839171394465,0.100093161437815,-0.21592542874561,0.240626770683708,0.360311967312139
