"Posterior_Mean","Posterior_SD","Posterior_LB","Posterior_UB","prob"
0.0722058233814161,0.135755484259873,-0.194097432923355,0.345195484791278,0.303833333333333
