"Posterior_Mean","Posterior_SD","Posterior_LB","Posterior_UB","prob"
0.0686132932152873,0.135936206504545,-0.201700611721338,0.344848796085175,0.305518726008422
