"Posterior_Mean","Posterior_SD","Posterior_LB","Posterior_UB","prob"
0.0127789732717705,0.113645409703897,-0.274237878807939,0.295319332695506,0.463537209226783
