"Posterior_Mean","Posterior_SD","Posterior_LB","Posterior_UB","prob"
-0.209825356283276,0.105826851505826,-0.482958897528653,0.00226149350938962,0.97380718990349
