"Posterior_Mean","Posterior_SD","Posterior_LB","Posterior_UB","prob"
0.0348155549099484,0.130220940084808,-0.220866281617354,0.300886255068368,0.3975
