"Posterior_Mean","Posterior_SD","Posterior_LB","Posterior_UB","prob"
0.0811634870430644,0.134625920470504,-0.187316284897202,0.342084222579921,0.276166666666667
