"Posterior_Mean","Posterior_SD","Posterior_LB","Posterior_UB","prob"
-0.14388718017882,0.134734028692062,-0.405466998983329,0.123455531703636,0.861333333333333
