"Posterior_Mean","Posterior_SD","Posterior_LB","Posterior_UB","prob"
0.226380740854256,0.133514400040124,-0.0341234459453675,0.495401651405213,0.0448333333333333
