"Posterior_Mean","Posterior_SD","Posterior_LB","Posterior_UB","prob"
-0.177435059607592,0.103182647228721,-0.408650343074607,0.102058906712113,0.905206663997514
