"Posterior_Mean","Posterior_SD","Posterior_LB","Posterior_UB","prob"
-0.037266080508755,0.120788172491289,-0.313635962786781,0.224554798695036,0.589239026984396
