"Posterior_Mean","Posterior_SD","Posterior_LB","Posterior_UB","prob"
-0.0148248653020917,0.0925700391149958,-0.230180286137394,0.287255838733933,0.597690473294789
