"Posterior_Mean","Posterior_SD","Posterior_LB","Posterior_UB","prob"
0.109691145437225,0.136208114948246,-0.150499462682019,0.378258697014856,0.210152187366526
