"Posterior_Mean","Posterior_SD","Posterior_LB","Posterior_UB","prob"
0.216930593729048,0.138927201695712,-0.0576396102321518,0.496166519496153,0.0654104669702242
