"Posterior_Mean","Posterior_SD","Posterior_LB","Posterior_UB","prob"
-0.262525100298343,0.0972197424982787,-0.522590580624025,0.0185669934219721,0.966111877972563
