"Posterior_Mean","Posterior_SD","Posterior_LB","Posterior_UB","prob"
0.0662550977231796,0.133329580583924,-0.200423872909089,0.32902540215749,0.311700366651329
