"Posterior_Mean","Posterior_SD","Posterior_LB","Posterior_UB","prob"
0.0807139286956809,0.117637848108211,-0.189705552325217,0.374473136486744,0.290903630223543
