"Posterior_Mean","Posterior_SD","Posterior_LB","Posterior_UB","prob"
0.0252735378265019,0.134166567637751,-0.239725922189574,0.28472956666875,0.422666666666667
