"Posterior_Mean","Posterior_SD","Posterior_LB","Posterior_UB","prob"
-0.166933669602838,0.0891423197103878,-0.343782840053925,0.0685282653097706,0.937921570682227
