"Posterior_Mean","Posterior_SD","Posterior_LB","Posterior_UB","prob"
0.205959591037941,0.1356957407985,-0.0627030548186892,0.471005519536771,0.0671666666666667
