"Posterior_Mean","Posterior_SD","Posterior_LB","Posterior_UB","prob"
0.0798381634498289,0.131072078451321,-0.172892243027355,0.334499248123634,0.276333333333333
