"Posterior_Mean","Posterior_SD","Posterior_LB","Posterior_UB","prob"
-0.0411675889974473,0.103478541542891,-0.267884563950249,0.182485558003084,0.647096592627572
