"Posterior_Mean","Posterior_SD","Posterior_LB","Posterior_UB","prob"
-0.178687178498692,0.120361416979538,-0.42188066181038,0.107308543593748,0.89161764755485
