"Posterior_Mean","Posterior_SD","Posterior_LB","Posterior_UB","prob"
0.0796466381209821,0.135944297064348,-0.192639764664983,0.3493254476206,0.2735
