"Posterior_Mean","Posterior_SD","Posterior_LB","Posterior_UB","prob"
-0.103406452728855,0.112903436494126,-0.338926742592282,0.18281863560845,0.769113758636647
