"Posterior_Mean","Posterior_SD","Posterior_LB","Posterior_UB","prob"
-0.242157552810821,0.121511628534141,-0.479842708283952,0.0241548692638681,0.959618957758454
