"Posterior_Mean","Posterior_SD","Posterior_LB","Posterior_UB","prob"
-0.25436719930231,0.126558957161727,-0.50807333591865,0.0235738288199408,0.966226782325479
