"Posterior_Mean","Posterior_SD","Posterior_LB","Posterior_UB","prob"
-0.124466709780158,0.0944943367673453,-0.312576681208404,0.0751345620512677,0.898476513544364
