"Posterior_Mean","Posterior_SD","Posterior_LB","Posterior_UB","prob"
-0.0483378943931199,0.145644625252187,-0.336316247128245,0.243942533053897,0.630500000356883
