"Posterior_Mean","Posterior_SD","Posterior_LB","Posterior_UB","prob"
-0.120213865196437,0.0925169226018693,-0.301093030086347,0.068800174915512,0.90535808772112
