"Posterior_Mean","Posterior_SD","Posterior_LB","Posterior_UB","prob"
-0.144379747696164,0.127115191472671,-0.40131234220826,0.12029585782783,0.865902483542304
