"Posterior_Mean","Posterior_SD","Posterior_LB","Posterior_UB","prob"
-0.0897634835505443,0.0848396128214531,-0.270677241476173,0.125780476458939,0.796388316678656
