"Posterior_Mean","Posterior_SD","Posterior_LB","Posterior_UB","prob"
0.0982776933188972,0.138656095449322,-0.171255599682732,0.371014978353227,0.241
