"Posterior_Mean","Posterior_SD","Posterior_LB","Posterior_UB","prob"
0.0661739040731685,0.135217218173711,-0.210977762761481,0.339433509862467,0.321772782177461
