"Posterior_Mean","Posterior_SD","Posterior_LB","Posterior_UB","prob"
-0.0780543928619389,0.0949463056056391,-0.274159996362128,0.127235879634957,0.790550675929162
