"Posterior_Mean","Posterior_SD","Posterior_LB","Posterior_UB","prob"
0.0396097261149455,0.135747742480514,-0.222455475662946,0.304935334263538,0.385333333333333
