"Posterior_Mean","Posterior_SD","Posterior_LB","Posterior_UB","prob"
0.0871380967842234,0.140220542741347,-0.194088812765703,0.359130622212762,0.262968245164533
