"Posterior_Mean","Posterior_SD","Posterior_LB","Posterior_UB","prob"
-0.218440482385014,0.101342056030746,-0.420125057954754,-0.0207820708328977,0.981832144372686
