"Posterior_Mean","Posterior_SD","Posterior_LB","Posterior_UB","prob"
-0.261668829290252,0.0738108688269234,-0.409097752513294,-0.116931825269068,0.999601417016991
