"Posterior_Mean","Posterior_SD","Posterior_LB","Posterior_UB","prob"
0.0505723663132735,0.105889226301889,-0.157651457456504,0.332962207938494,0.360552861387745
