"Posterior_Mean","Posterior_SD","Posterior_LB","Posterior_UB","prob"
0.00113244116996025,0.100643784338969,-0.20016218918285,0.250249368856095,0.518904467890903
