"Posterior_Mean","Posterior_SD","Posterior_LB","Posterior_UB","prob"
0.0409369636080735,0.136991211932965,-0.226182470663034,0.314869794872397,0.377666666666667
