"Posterior_Mean","Posterior_SD","Posterior_LB","Posterior_UB","prob"
-0.127838005477242,0.0847454544823444,-0.299228581919345,0.077747306116526,0.915520082889462
