"Posterior_Mean","Posterior_SD","Posterior_LB","Posterior_UB","prob"
-0.176378873715053,0.0997632456539417,-0.399154044741218,0.0320311082561574,0.95299848708925
