"Posterior_Mean","Posterior_SD","Posterior_LB","Posterior_UB","prob"
-0.133787700622296,0.0995215068098132,-0.328900724073565,0.0804167841273032,0.906371301126262
