"Posterior_Mean","Posterior_SD","Posterior_LB","Posterior_UB","prob"
0.0968341494278401,0.137554839302215,-0.1782021497123,0.369840603847118,0.242681292275134
