"Posterior_Mean","Posterior_SD","Posterior_LB","Posterior_UB","prob"
0.136737279607806,0.13191791068128,-0.109073685561087,0.390760148809329,0.153524416903712
