"Posterior_Mean","Posterior_SD","Posterior_LB","Posterior_UB","prob"
-0.210696933910817,0.0825807791710217,-0.375039639008621,-0.00236222945106204,0.975462167228158
