"Posterior_Mean","Posterior_SD","Posterior_LB","Posterior_UB","prob"
0.190758485370071,0.133256823392584,-0.0792429967361875,0.452762485903985,0.0783333333333333
