"Posterior_Mean","Posterior_SD","Posterior_LB","Posterior_UB","prob"
-0.033582566619416,0.104016342761688,-0.252726726991577,0.216641073970479,0.630770064723971
