"Posterior_Mean","Posterior_SD","Posterior_LB","Posterior_UB","prob"
-0.199970187461162,0.072880006613494,-0.350664199077849,0.0787761468045007,0.956031342272112
