"Posterior_Mean","Posterior_SD","Posterior_LB","Posterior_UB","prob"
0.121359275297113,0.138893785419646,-0.150186334937997,0.39309169951486,0.188833333333333
