"Posterior_Mean","Posterior_SD","Posterior_LB","Posterior_UB","prob"
-0.0863326061975733,0.094368766803748,-0.294933403057234,0.212591192314931,0.786584201736969
