"Posterior_Mean","Posterior_SD","Posterior_LB","Posterior_UB","prob"
0.00456853571577725,0.134704383140302,-0.260914449683589,0.275217818377847,0.491166666666667
