"Posterior_Mean","Posterior_SD","Posterior_LB","Posterior_UB","prob"
-0.235187894022388,0.0980405329735569,-0.434578437856465,-0.0401894243854101,0.991294018472721
