"Posterior_Mean","Posterior_SD","Posterior_LB","Posterior_UB","prob"
-0.147439879779976,0.140291803195466,-0.431937936895324,0.12085168645258,0.856322076077859
