"Posterior_Mean","Posterior_SD","Posterior_LB","Posterior_UB","prob"
-0.179782215159515,0.093331650871047,-0.380286273210668,0.123221990592403,0.909882412863213
