"Posterior_Mean","Posterior_SD","Posterior_LB","Posterior_UB","prob"
-0.219465900547416,0.0826581903363946,-0.395061930953024,-0.0549877862779534,0.995295922348058
