"Posterior_Mean","Posterior_SD","Posterior_LB","Posterior_UB","prob"
-0.056145988111895,0.135124256920867,-0.323365657129188,0.196532257987683,0.646930104315205
