"Posterior_Mean","Posterior_SD","Posterior_LB","Posterior_UB","prob"
0.0198420184240878,0.130178666365318,-0.238003904970399,0.294623151097097,0.441254865939096
