"Posterior_Mean","Posterior_SD","Posterior_LB","Posterior_UB","prob"
-0.0690055760742123,0.138002151803166,-0.336741436979926,0.204661320713048,0.68735292815737
