"Posterior_Mean","Posterior_SD","Posterior_LB","Posterior_UB","prob"
-0.104291524771584,0.133713313496539,-0.364937640917075,0.185098941679901,0.778289591310964
