"Posterior_Mean","Posterior_SD","Posterior_LB","Posterior_UB","prob"
0.155773074589728,0.122492444693902,-0.14769452204043,0.437284744000929,0.159069614839089
