"Posterior_Mean","Posterior_SD","Posterior_LB","Posterior_UB","prob"
-0.0880400301304269,0.133205059492697,-0.339393248235627,0.173235327703519,0.750512238384559
