"Posterior_Mean","Posterior_SD","Posterior_LB","Posterior_UB","prob"
-0.214153563934241,0.0984064379909819,-0.401803650100636,-0.00462784389279373,0.977031564928287
