"Posterior_Mean","Posterior_SD","Posterior_LB","Posterior_UB","prob"
-0.109116734297802,0.0951370612681292,-0.331196752209481,0.0965391334773684,0.840019187254886
