"Posterior_Mean","Posterior_SD","Posterior_LB","Posterior_UB","prob"
0.219206824918557,0.132477776640516,-0.0470801146753659,0.473653936117196,0.0465959016744975
