"Posterior_Mean","Posterior_SD","Posterior_LB","Posterior_UB","prob"
-0.184598576196138,0.101302988483228,-0.466485231077249,0.195506537400562,0.800381543490236
