"Posterior_Mean","Posterior_SD","Posterior_LB","Posterior_UB","prob"
0.0790880234168191,0.131895465869952,-0.201419971545192,0.354306146564116,0.292929715526815
