"Posterior_Mean","Posterior_SD","Posterior_LB","Posterior_UB","prob"
-0.430809595072842,0.0813061496500699,-0.593936724952367,-0.262929710843293,0.999943792027181
