"Posterior_Mean","Posterior_SD","Posterior_LB","Posterior_UB","prob"
-0.152145378786278,0.086230562741258,-0.336136090838979,0.0642790821908061,0.917425959158475
