"Posterior_Mean","Posterior_SD","Posterior_LB","Posterior_UB","prob"
-0.124099842510573,0.094295836101238,-0.30810632349768,0.0625062038706882,0.907079321566871
