"Posterior_Mean","Posterior_SD","Posterior_LB","Posterior_UB","prob"
-0.135433257886805,0.0854018149861403,-0.328197073211867,0.059898436437293,0.924686260009361
