"Posterior_Mean","Posterior_SD","Posterior_LB","Posterior_UB","prob"
-0.000878347066184495,0.137893956892996,-0.279670737673093,0.261916972084447,0.501666666666667
