"Posterior_Mean","Posterior_SD","Posterior_LB","Posterior_UB","prob"
-0.298446504446761,0.0751437909433139,-0.457954726893306,-0.0805961963138445,0.993049575134081
