"Posterior_Mean","Posterior_SD","Posterior_LB","Posterior_UB","prob"
0.111648147919079,0.132905627309448,-0.148168300475351,0.377341010640567,0.1985
