"Posterior_Mean","Posterior_SD","Posterior_LB","Posterior_UB","prob"
0.0727001982092437,0.134256338241979,-0.188453406335507,0.335153479617547,0.289372708563607
