"Posterior_Mean","Posterior_SD","Posterior_LB","Posterior_UB","prob"
0.0869653223861697,0.143903643624887,-0.188833037939695,0.374414558755534,0.275026038803935
