"Posterior_Mean","Posterior_SD","Posterior_LB","Posterior_UB","prob"
-0.353744485617629,0.12422782784513,-0.627823318724537,-0.113047059427265,0.994649715209116
