"Posterior_Mean","Posterior_SD","Posterior_LB","Posterior_UB","prob"
-0.00197976413682094,0.0914265908980417,-0.197616895666367,0.186363849589853,0.501847534745362
