"Posterior_Mean","Posterior_SD","Posterior_LB","Posterior_UB","prob"
-0.0329682037364074,0.104057351674786,-0.23893692442194,0.177706693616596,0.63275312206888
