"Posterior_Mean","Posterior_SD","Posterior_LB","Posterior_UB","prob"
-0.0781710506658318,0.138779923322356,-0.354247776753523,0.193158098717319,0.712
