"Posterior_Mean","Posterior_SD","Posterior_LB","Posterior_UB","prob"
-0.0663144674066753,0.0905458806632455,-0.250199815408306,0.146835467288135,0.764626687155215
