"Posterior_Mean","Posterior_SD","Posterior_LB","Posterior_UB","prob"
0.0174692603612991,0.133433572757452,-0.240081259652405,0.279389574435931,0.451666666666667
