"Posterior_Mean","Posterior_SD","Posterior_LB","Posterior_UB","prob"
0.0338893855237002,0.140270437447369,-0.251090129409814,0.311138240983134,0.411022482301523
