"Posterior_Mean","Posterior_SD","Posterior_LB","Posterior_UB","prob"
-0.0472823612947467,0.143315680052102,-0.329716610153671,0.231927599674343,0.643000384701333
