"Posterior_Mean","Posterior_SD","Posterior_LB","Posterior_UB","prob"
0.00742235463233221,0.109294073232185,-0.20802718377062,0.262801005894345,0.501666819197342
