"Posterior_Mean","Posterior_SD","Posterior_LB","Posterior_UB","prob"
-0.0897018584593625,0.0988388783457795,-0.282445591457956,0.122150877327684,0.821707509289311
