"Posterior_Mean","Posterior_SD","Posterior_LB","Posterior_UB","prob"
-0.161068887242817,0.0845548676922231,-0.381864805695936,0.223314939640895,0.845113070432217
