"Posterior_Mean","Posterior_SD","Posterior_LB","Posterior_UB","prob"
0.197155244051149,0.130669676476419,-0.0641189274048813,0.454650516436667,0.0744454506841617
