"Posterior_Mean","Posterior_SD","Posterior_LB","Posterior_UB","prob"
0.0199365409515643,0.131258539818288,-0.241533594235909,0.268761233400071,0.441289371905328
