"Posterior_Mean","Posterior_SD","Posterior_LB","Posterior_UB","prob"
-0.0433343368794899,0.108304208843722,-0.255797631802474,0.18929839186335,0.673870054670823
