"Posterior_Mean","Posterior_SD","Posterior_LB","Posterior_UB","prob"
0.0489864007204715,0.138966540499876,-0.224154344400024,0.317305663361995,0.369333333333333
