"Posterior_Mean","Posterior_SD","Posterior_LB","Posterior_UB","prob"
-0.0351600479846523,0.103305116265197,-0.244772330938704,0.167309539913176,0.633442880776258
