"Posterior_Mean","Posterior_SD","Posterior_LB","Posterior_UB","prob"
-0.0852061450726036,0.100495569978564,-0.352747944609387,0.185206093557978,0.736229854547608
