"Posterior_Mean","Posterior_SD","Posterior_LB","Posterior_UB","prob"
-0.209518120261704,0.0832837214629518,-0.380719992853818,0.0597255296018668,0.957569067907058
