"Posterior_Mean","Posterior_SD","Posterior_LB","Posterior_UB","prob"
-0.0481164024260371,0.140840724569565,-0.324560037173217,0.224760285805376,0.634333333333333
