"Posterior_Mean","Posterior_SD","Posterior_LB","Posterior_UB","prob"
0.20582507149923,0.141022852428706,-0.0677135905104734,0.477757422577238,0.0695
