"Posterior_Mean","Posterior_SD","Posterior_LB","Posterior_UB","prob"
0.0347020856005049,0.103145066144334,-0.168188011038117,0.276889646179751,0.392666589011278
