"Posterior_Mean","Posterior_SD","Posterior_LB","Posterior_UB","prob"
-0.226693478579314,0.0792352250571038,-0.396611583121606,-0.0515162766381627,0.992987790819082
