"Posterior_Mean","Posterior_SD","Posterior_LB","Posterior_UB","prob"
0.157176818149825,0.117954118111245,-0.0853568183502653,0.454590600771491,0.116950795040693
