"Posterior_Mean","Posterior_SD","Posterior_LB","Posterior_UB","prob"
0.0396535251346978,0.118827051695077,-0.329934739688359,0.352058727075595,0.373459263715323
