"Posterior_Mean","Posterior_SD","Posterior_LB","Posterior_UB","prob"
-0.269828153241683,0.0855134650237877,-0.459838330568347,0.0499685023906685,0.956758206160752
