"Posterior_Mean","Posterior_SD","Posterior_LB","Posterior_UB","prob"
-0.253071498414677,0.080254554855369,-0.414441797897902,-0.0260156315568525,0.980913867417988
