"Posterior_Mean","Posterior_SD","Posterior_LB","Posterior_UB","prob"
-0.165416884371644,0.100845453183505,-0.374547267328377,0.12175109535964,0.884218730008613
