"Posterior_Mean","Posterior_SD","Posterior_LB","Posterior_UB","prob"
-0.0701201641970327,0.128633450508451,-0.346536532156613,0.205947455422404,0.688835374728981
