"Posterior_Mean","Posterior_SD","Posterior_LB","Posterior_UB","prob"
-0.246296427239655,0.135760449077671,-0.514053891261418,0.0255919682470505,0.962
