"Posterior_Mean","Posterior_SD","Posterior_LB","Posterior_UB","prob"
0.0177828650811593,0.0899960590356778,-0.239968981199165,0.225232198619655,0.412489331784851
