"Posterior_Mean","Posterior_SD","Posterior_LB","Posterior_UB","prob"
0.0216173724942808,0.124883440815454,-0.231041134007436,0.279515781754167,0.429536522892412
