"Posterior_Mean","Posterior_SD","Posterior_LB","Posterior_UB","prob"
0.125662046457908,0.138909394149931,-0.149626006561772,0.400581389480525,0.183857510667706
