"Posterior_Mean","Posterior_SD","Posterior_LB","Posterior_UB","prob"
0.0829393851932814,0.137100803851673,-0.184045353717288,0.354835104231443,0.268666666666667
