"Posterior_Mean","Posterior_SD","Posterior_LB","Posterior_UB","prob"
-0.19347735611195,0.0970153401812165,-0.406880882889732,0.0147186490041254,0.964341793014358
