"Posterior_Mean","Posterior_SD","Posterior_LB","Posterior_UB","prob"
-0.126546165398652,0.0992114925910183,-0.32728638626964,0.133988164325193,0.869670670137197
