"Posterior_Mean","Posterior_SD","Posterior_LB","Posterior_UB","prob"
0.0239529019975218,0.117921897536656,-0.242682890977141,0.310494978463544,0.441749669268647
