"Posterior_Mean","Posterior_SD","Posterior_LB","Posterior_UB","prob"
-0.179130398589462,0.0868993886327166,-0.358434442113497,0.011254556669989,0.967431478751624
