"Posterior_Mean","Posterior_SD","Posterior_LB","Posterior_UB","prob"
-0.0270625104765696,0.117135174128711,-0.271849496232202,0.278617701580864,0.607415948334862
