"Posterior_Mean","Posterior_SD","Posterior_LB","Posterior_UB","prob"
0.00932710645522927,0.134603840622493,-0.262311308908819,0.272331868134689,0.478036836989318
