"Posterior_Mean","Posterior_SD","Posterior_LB","Posterior_UB","prob"
0.26199579140533,0.133843677153004,-0.011330318518439,0.52140407991219,0.0278112161892988
