"Posterior_Mean","Posterior_SD","Posterior_LB","Posterior_UB","prob"
-0.25801568155781,0.0550903928002647,-0.36454451631358,-0.148072351104416,0.999854661048603
