"Posterior_Mean","Posterior_SD","Posterior_LB","Posterior_UB","prob"
-0.317179448497863,0.045344501812513,-0.405041354057736,-0.224802021843826,1
