"Posterior_Mean","Posterior_SD","Posterior_LB","Posterior_UB","prob"
-0.400312360661849,0.0488611613483719,-0.5012106073306,-0.280504145115956,1
