"Posterior_Mean","Posterior_SD","Posterior_LB","Posterior_UB","prob"
-0.374477204221097,0.0432885532530598,-0.461349645476262,-0.284495187464413,0.999992007623851
