"Posterior_Mean","Posterior_SD","Posterior_LB","Posterior_UB","prob"
-0.255116431225456,0.0584635893698372,-0.380371103873666,-0.0893999040869405,0.998264941965759
