"Posterior_Mean","Posterior_SD","Posterior_LB","Posterior_UB","prob"
-0.30727861888293,0.0551653818772222,-0.43325254475792,-0.09752396662746,0.99863320081427
