"Posterior_Mean","Posterior_SD","Posterior_LB","Posterior_UB","prob"
-0.271299487440958,0.0601928266853829,-0.4114068661426,-0.126324417196507,0.99982643583532
