"Posterior_Mean","Posterior_SD","Posterior_LB","Posterior_UB","prob"
-0.257427074186289,0.0543384091181342,-0.372331973549768,-0.13001277385955,0.999096173281023
