"Posterior_Mean","Posterior_SD","Posterior_LB","Posterior_UB","prob"
-0.333265105080019,0.0517090958407446,-0.453811738936925,-0.223917600377295,1
