"Posterior_Mean","Posterior_SD","Posterior_LB","Posterior_UB","prob"
-0.276904066054255,0.0432683786990482,-0.361861221990793,-0.187490718898919,0.999999066829932
