"Posterior_Mean","Posterior_SD","Posterior_LB","Posterior_UB","prob"
-0.256323748932421,0.0706102387761102,-0.396708605268714,-0.0987175060762139,0.999043000844264
