"Posterior_Mean","Posterior_SD","Posterior_LB","Posterior_UB","prob"
-0.394518600760371,0.0444156615511511,-0.494587268681648,-0.276419824305872,0.999999106416186
