"Posterior_Mean","Posterior_SD","Posterior_LB","Posterior_UB","prob"
-0.268733765894748,0.0520813311803439,-0.39995388209925,-0.135457773814269,0.999834461290608
