"Posterior_Mean","Posterior_SD","Posterior_LB","Posterior_UB","prob"
-0.392668360242775,0.0520594426202058,-0.503057189851573,-0.269854642480034,0.999994086547779
