"","Posterior_Mean","Posterior_SD","Posterior_LB","Posterior_UB"
"1",0.045889246749103,0.0380070436128752,-0.0259250907187601,0.11997523990278
