"Posterior_Mean","Posterior_SD","Posterior_LB","Posterior_UB","prob"
-0.390900936000129,0.0568701311723287,-0.518357263677374,-0.279519827525854,1
