"Posterior_Mean","Posterior_SD","Posterior_LB","Posterior_UB","prob"
-0.283538271650596,0.0607813679918512,-0.412727344755274,-0.107465226083718,0.999477909134452
