"Posterior_Mean","Posterior_SD","Posterior_LB","Posterior_UB","prob"
-0.33813968898504,0.0526494723821657,-0.446288224612262,-0.234147168145173,1
