"Posterior_Mean","Posterior_SD","Posterior_LB","Posterior_UB","prob"
-0.306784423339612,0.0486756715721305,-0.413417777617638,-0.167654616727858,0.999916628547259
