"Posterior_Mean","Posterior_SD","Posterior_LB","Posterior_UB","prob"
-0.22337524715359,0.0709607959591259,-0.369665229542349,-0.0802060551586888,0.998732131084171
