"Posterior_Mean","Posterior_SD","Posterior_LB","Posterior_UB","prob"
-0.224136337358952,0.0566313838834494,-0.339894580156907,-0.0932891380078445,0.997883548252947
