"Posterior_Mean","Posterior_SD","Posterior_LB","Posterior_UB","prob"
-0.343506066649158,0.0532122752839192,-0.444147859486829,-0.239263835934565,1
