"Posterior_Mean","Posterior_SD","Posterior_LB","Posterior_UB","prob"
-0.313951004408571,0.0540516636981773,-0.421499412365069,-0.200580028199358,1
