"Posterior_Mean","Posterior_SD","Posterior_LB","Posterior_UB","prob"
-0.199359047727991,0.0578898188884084,-0.316886075724918,-0.0648929005833022,0.99683077524496
