"Posterior_Mean","Posterior_SD","Posterior_LB","Posterior_UB","prob"
-0.300724488242414,0.0621762680792284,-0.50196404740932,-0.0755845459404238,0.997983491649458
