"Posterior_Mean","Posterior_SD","Posterior_LB","Posterior_UB","prob"
-0.306207051908791,0.051546660290211,-0.426781761092515,-0.183428559493832,0.999990246828124
