"Posterior_Mean","Posterior_SD","Posterior_LB","Posterior_UB","prob"
-0.291142529530192,0.0540334125924909,-0.397989322663128,-0.183537745122673,0.999992044738772
