"Posterior_Mean","Posterior_SD","Posterior_LB","Posterior_UB","prob"
-0.250773848898145,0.0543761505845816,-0.358929391318186,-0.133953922887378,0.999453446711966
