"Posterior_Mean","Posterior_SD","Posterior_LB","Posterior_UB","prob"
-0.267247842706072,0.0491409430841558,-0.379439857351195,-0.0555248571523426,0.993240942743676
