"Posterior_Mean","Posterior_SD","Posterior_LB","Posterior_UB","prob"
-0.158577281771862,0.0587562387003049,-0.281409532914225,0.0101762189535214,0.969205199011185
