"Posterior_Mean","Posterior_SD","Posterior_LB","Posterior_UB","prob"
-0.185365123594046,0.0662186470054448,-0.312297451836851,-0.0268302156360447,0.989470308667715
