"Posterior_Mean","Posterior_SD","Posterior_LB","Posterior_UB","prob"
-0.214197542204485,0.0766159455019893,-0.371389534829718,-0.0607667785189222,0.99659527898886
