"Posterior_Mean","Posterior_SD","Posterior_LB","Posterior_UB","prob"
-0.296782460987269,0.0554867232315862,-0.429840268072582,-0.0844293851501203,0.998638657480064
