"Posterior_Mean","Posterior_SD","Posterior_LB","Posterior_UB","prob"
-0.189242541431878,0.075028021528549,-0.371819405203762,-0.0348088572150726,0.991896548836885
