"Posterior_Mean","Posterior_SD","Posterior_LB","Posterior_UB","prob"
-0.201607110242368,0.0547514911173889,-0.311867600447386,-0.0640751400822756,0.995457910571699
