"Posterior_Mean","Posterior_SD","Posterior_LB","Posterior_UB","prob"
-0.256121460625865,0.0532596573159808,-0.368779706382782,-0.149533048207234,0.999995519575607
