"Posterior_Mean","Posterior_SD","Posterior_LB","Posterior_UB","prob"
-0.178166271602887,0.0672486045695095,-0.309108253143268,-0.0296747525090732,0.992972617858049
