"Posterior_Mean","Posterior_SD","Posterior_LB","Posterior_UB","prob"
-0.395949384330971,0.0445930882173191,-0.485485688248103,-0.293862037472291,1
