"Posterior_Mean","Posterior_SD","Posterior_LB","Posterior_UB","prob"
-0.263380552758442,0.0536555984761347,-0.396874640644972,-0.139424716583824,0.999692475080067
