"Posterior_Mean","Posterior_SD","Posterior_LB","Posterior_UB","prob"
-0.301479267936047,0.0530868630552268,-0.419643514545963,-0.117326327247392,0.999430654798142
