"Posterior_Mean","Posterior_SD","Posterior_LB","Posterior_UB","prob"
-0.268277950863403,0.0560577213053894,-0.387331322000623,-0.103644457877838,0.998062173675389
