"Posterior_Mean","Posterior_SD","Posterior_LB","Posterior_UB","prob"
-0.271302725342068,0.053436163421548,-0.387177057670588,-0.155132994580831,1
