"Posterior_Mean","Posterior_SD","Posterior_LB","Posterior_UB","prob"
-0.366516132086174,0.0544153659276117,-0.491314488013878,-0.244861445517163,1
