"Posterior_Mean","Posterior_SD","Posterior_LB","Posterior_UB","prob"
-0.208723772048644,0.0550093035048979,-0.322385423705794,-0.08447992234005,0.997444300845993
