"Posterior_Mean","Posterior_SD","Posterior_LB","Posterior_UB","prob"
-0.211157352293291,0.0572579978488401,-0.361864330660937,0.00245896752910421,0.97411330861315
