"Posterior_Mean","Posterior_SD","Posterior_LB","Posterior_UB","prob"
-0.283701000716463,0.0556331751511717,-0.39263273993164,-0.159924291774048,0.999854212693462
