"Posterior_Mean","Posterior_SD","Posterior_LB","Posterior_UB","prob"
-0.259434079413057,0.0613987582548981,-0.425479802503435,-0.0431646954879099,0.994444954663682
