"Posterior_Mean","Posterior_SD","Posterior_LB","Posterior_UB","prob"
-0.322303601794373,0.052328104186823,-0.429392373804019,-0.214606096762286,1
