"Posterior_Mean","Posterior_SD","Posterior_LB","Posterior_UB","prob"
-0.317912094628835,0.0476554544831715,-0.430811621651801,-0.0815761191793255,0.996219523304787
