"Posterior_Mean","Posterior_SD","Posterior_LB","Posterior_UB","prob"
-0.249877562595228,0.0654695248878857,-0.377702558836596,-0.114373342019009,0.999719358448662
