"Posterior_Mean","Posterior_SD","Posterior_LB","Posterior_UB","prob"
-0.236389276084541,0.0565789833950848,-0.358989313355413,-0.077205678304983,0.995951217376824
