"Posterior_Mean","Posterior_SD","Posterior_LB","Posterior_UB","prob"
-0.394275539260491,0.0462796412373752,-0.487261849890621,-0.289162094341624,1
