"Posterior_Mean","Posterior_SD","Posterior_LB","Posterior_UB","prob"
-0.196856370188929,0.0705742365806862,-0.37595714571594,-0.0270136739567462,0.987943011232076
