"Posterior_Mean","Posterior_SD","Posterior_LB","Posterior_UB","prob"
-0.372904185101175,0.0461623277227068,-0.470802250182522,-0.253264166215439,1
