"Posterior_Mean","Posterior_SD","Posterior_LB","Posterior_UB","prob"
-0.239213820204391,0.0737694712077285,-0.391500849280558,-0.0770909589458361,0.99717274419321
