"Posterior_Mean","Posterior_SD","Posterior_LB","Posterior_UB","prob"
-0.4573198925295,0.0456131837842153,-0.547323249526805,-0.362780686870418,1
