"Posterior_Mean","Posterior_SD","Posterior_LB","Posterior_UB","prob"
-0.455363056708337,0.0452741840947279,-0.548307514542766,-0.366799289794505,1
