"Posterior_Mean","Posterior_SD","Posterior_LB","Posterior_UB","prob"
-0.409472196466052,0.0474255290622445,-0.506064890700145,-0.296852204616045,1
