"","Posterior_Mean","Posterior_SD","Posterior_LB","Posterior_UB"
"1",-0.0178316608050312,0.0381560115195894,-0.0950009477523774,0.0541708327161516
