"Posterior_Mean","Posterior_SD","Posterior_LB","Posterior_UB","prob"
-0.259831135719577,0.0554047568791125,-0.371974324927094,-0.147635285411795,0.999950633782854
