"Posterior_Mean","Posterior_SD","Posterior_LB","Posterior_UB","prob"
-0.24462438382131,0.0610031007954179,-0.407977214428592,-0.0421242103447181,0.993910062972405
