"","Posterior_Mean","Posterior_SD","Posterior_LB","Posterior_UB"
"1",0.0419380936223331,0.0395458601402883,-0.0359204415816412,0.121791685884266
