"Posterior_Mean","Posterior_SD","Posterior_LB","Posterior_UB","prob"
-0.247325745111,0.0742023831495403,-0.398580550744437,-0.0963522710459387,0.999549382357633
