"Posterior_Mean","Posterior_SD","Posterior_LB","Posterior_UB","prob"
-0.244383084537288,0.0546174151650392,-0.352640095299343,-0.132526397053847,1
