"Posterior_Mean","Posterior_SD","Posterior_LB","Posterior_UB","prob"
-0.26250487283832,0.0599565721937751,-0.385444771971355,-0.119653234087046,0.999522960042544
