"Posterior_Mean","Posterior_SD","Posterior_LB","Posterior_UB","prob"
-0.32619969713403,0.051986552769483,-0.430307966685423,-0.21215511351747,0.999965495213652
