"Posterior_Mean","Posterior_SD","Posterior_LB","Posterior_UB","prob"
-0.120870224185999,0.0715147737114289,-0.261292398769482,0.0242892055898685,0.947556971353464
