"Posterior_Mean","Posterior_SD","Posterior_LB","Posterior_UB","prob"
-0.293690960098489,0.053081017395995,-0.420577077785862,-0.139062934000761,0.999604099972616
