"Posterior_Mean","Posterior_SD","Posterior_LB","Posterior_UB","prob"
-0.234701270821436,0.0512165988634081,-0.356235211413557,-0.112676517775594,0.999489670529527
