"Posterior_Mean","Posterior_SD","Posterior_LB","Posterior_UB","prob"
-0.315491902166382,0.0457410472948801,-0.413438073792102,-0.170881785143903,0.99965936939639
