"Posterior_Mean","Posterior_SD","Posterior_LB","Posterior_UB","prob"
-0.149333088708358,0.0659704061047823,-0.341193811469214,0.0428644368434486,0.925525512201029
