"Posterior_Mean","Posterior_SD","Posterior_LB","Posterior_UB","prob"
-0.391777979230815,0.0501413600415417,-0.510393035988898,-0.267656146358186,1
