"Posterior_Mean","Posterior_SD","Posterior_LB","Posterior_UB","prob"
-0.209308723798581,0.0622094267310223,-0.337944311188785,-0.0896724338702101,0.998835436611852
