"Posterior_Mean","Posterior_SD","Posterior_LB","Posterior_UB","prob"
-0.187706301052832,0.0686520626200508,-0.375385388794061,-0.0159792813218473,0.984255972578687
