"Posterior_Mean","Posterior_SD","Posterior_LB","Posterior_UB","prob"
-0.335413112830024,0.0468503686382851,-0.432404824978454,-0.220898978796849,1
