"Posterior_Mean","Posterior_SD","Posterior_LB","Posterior_UB","prob"
-0.109156673301154,0.0731897354111478,-0.259855094452521,0.0972980649222297,0.888137303908245
