"Posterior_Mean","Posterior_SD","Posterior_LB","Posterior_UB","prob"
-0.0223782016282127,0.0823177368754166,-0.201017544478846,0.158016114507738,0.601016382887776
