"Posterior_Mean","Posterior_SD","Posterior_LB","Posterior_UB","prob"
-0.138766319089255,0.0920700649440115,-0.405398200550841,0.0554590976772166,0.898832110843844
