"Posterior_Mean","Posterior_SD","Posterior_LB","Posterior_UB","prob"
-0.0692367061301676,0.0689724504261341,-0.235693007488337,0.129218752779085,0.786602100455208
