"Posterior_Mean","Posterior_SD","Posterior_LB","Posterior_UB","prob"
-0.269380879127162,0.0920720319196631,-0.492355468014688,-0.000436333253567844,0.974820947685155
