"Posterior_Mean","Posterior_SD","Posterior_LB","Posterior_UB","prob"
0.0725055730314669,0.0778434219763858,-0.178298237678949,0.283422198325204,0.282390233118895
