"Posterior_Mean","Posterior_SD","Posterior_LB","Posterior_UB","prob"
-0.0928508843006898,0.0834812175427635,-0.26459672957565,0.0820770238575244,0.852709294810913
