"Posterior_Mean","Posterior_SD","Posterior_LB","Posterior_UB","prob"
0.0197870405167893,0.110349607424214,-0.2217976858245,0.260113883604029,0.434466418092121
