"Posterior_Mean","Posterior_SD","Posterior_LB","Posterior_UB","prob"
0.0934667050438497,0.0871278723226471,-0.0800076334837315,0.260633825272927,0.143623915859299
