"Posterior_Mean","Posterior_SD","Posterior_LB","Posterior_UB","prob"
-0.0179703248608611,0.0929962213331637,-0.322829308325018,0.211052778442207,0.506133442586137
