"Posterior_Mean","Posterior_SD","Posterior_LB","Posterior_UB","prob"
0.123388200733694,0.093438091569828,-0.10135087772402,0.378787846114057,0.154217988854803
