"Posterior_Mean","Posterior_SD","Posterior_LB","Posterior_UB","prob"
-0.00657721156585759,0.0817983779053596,-0.199870779144025,0.181810416037378,0.520525032283258
