"Posterior_Mean","Posterior_SD","Posterior_LB","Posterior_UB","prob"
-0.21172485467231,0.0695353151345939,-0.347745001349839,-0.0425426371953407,0.987153869083144
