"Posterior_Mean","Posterior_SD","Posterior_LB","Posterior_UB","prob"
-0.0240192720748758,0.0882512752945404,-0.231136069289467,0.162667041068324,0.588558571523449
