"Posterior_Mean","Posterior_SD","Posterior_LB","Posterior_UB","prob"
0.00255711802363826,0.0739961308228611,-0.217014370670559,0.220350562052268,0.497265244280062
