"Posterior_Mean","Posterior_SD","Posterior_LB","Posterior_UB","prob"
-0.121651298757908,0.0705833118421151,-0.305005539458263,0.0465835615463433,0.921921470950706
