"Posterior_Mean","Posterior_SD","Posterior_LB","Posterior_UB","prob"
0.142873792678848,0.101740531377228,-0.0743314546938649,0.414406390366642,0.110680035990855
