"Posterior_Mean","Posterior_SD","Posterior_LB","Posterior_UB","prob"
-0.0339510731756688,0.085090899595285,-0.310451783967703,0.156528428656661,0.585226725483029
