"Posterior_Mean","Posterior_SD","Posterior_LB","Posterior_UB","prob"
-0.0157125294329838,0.0698854034190113,-0.167114535885304,0.150848479607645,0.602495875745941
