"Posterior_Mean","Posterior_SD","Posterior_LB","Posterior_UB","prob"
-0.100898497852418,0.0585586914349606,-0.222407119253013,0.0251765989694671,0.946352276057154
