"Posterior_Mean","Posterior_SD","Posterior_LB","Posterior_UB","prob"
0.0865642310380614,0.0867367464403193,-0.105317508269773,0.263850293593717,0.165168815251281
