"Posterior_Mean","Posterior_SD","Posterior_LB","Posterior_UB","prob"
-0.0726929868642645,0.0849786608683288,-0.2708605097118,0.137084248432958,0.766717440287604
