"","Posterior_Mean","Posterior_SD","Posterior_LB","Posterior_UB"
"1",-0.0843929595236763,0.0464017175522093,-0.175902819455294,0.00642667676106358
