"","Posterior_Mean","Posterior_SD","Posterior_LB","Posterior_UB"
"1",0.0221579768991715,0.0440901674098904,-0.0649494577095355,0.108354737448802
