"","Posterior_Mean","Posterior_SD","Posterior_LB","Posterior_UB"
"1",-0.0562544282916109,0.0409376687591427,-0.132903424192263,0.0280517749666617
