"","Posterior_Mean","Posterior_SD","Posterior_LB","Posterior_UB"
"1",0.0314302163375553,0.0421205471799554,-0.0519839739725437,0.110661218064859
