"","Posterior_Mean","Posterior_SD","Posterior_LB","Posterior_UB"
"1",0.0519509456028163,0.0360406528729939,-0.0200213771356196,0.122786561779072
