"","Posterior_Mean","Posterior_SD","Posterior_LB","Posterior_UB"
"1",-0.0246702616026908,0.0367270540258534,-0.0955551647447846,0.0447999790835595
