"","Posterior_Mean","Posterior_SD","Posterior_LB","Posterior_UB"
"1",-0.00021762561332277,0.0367148081133237,-0.0732851828760656,0.0718994027646149
