"","Posterior_Mean","Posterior_SD","Posterior_LB","Posterior_UB"
"1",-0.0371285542560184,0.0363888296696649,-0.109639511652149,0.0352473836069637
