"","Posterior_Mean","Posterior_SD","Posterior_LB","Posterior_UB"
"1",0.0103282632469297,0.0379615537912468,-0.064385718423511,0.084801774927523
