"Posterior_Mean","Posterior_SD","Posterior_LB","Posterior_UB","prob"
0.137638512313148,0.159066356472179,-0.210699645981415,0.516920537191137,0.25363683528617
