"Posterior_Mean","Posterior_SD","Posterior_LB","Posterior_UB","prob"
0.0832103338004612,0.169499694085971,-0.245068297450263,0.399428737353287,0.32008193427243
