"Posterior_Mean","Posterior_SD","Posterior_LB","Posterior_UB","prob"
0.202185415710395,0.172137616206715,-0.15566856122964,0.544140991616707,0.120657555524981
