"Posterior_Mean","Posterior_SD","Posterior_LB","Posterior_UB","prob"
-0.304735329089005,0.134970036645134,-0.586252633881809,0.00350783597233589,0.972480114061093
