"Posterior_Mean","Posterior_SD","Posterior_LB","Posterior_UB","prob"
-0.110482584519244,0.168686272844722,-0.447012584108404,0.232919840109878,0.743629106371467
