"Posterior_Mean","Posterior_SD","Posterior_LB","Posterior_UB","prob"
-0.00746166566491724,0.135845234470332,-0.291467441943923,0.356586498480906,0.556141626559973
