"Posterior_Mean","Posterior_SD","Posterior_LB","Posterior_UB","prob"
-0.0315871697241052,0.138234835722627,-0.336008923859777,0.343043249843432,0.607259948164794
