"Posterior_Mean","Posterior_SD","Posterior_LB","Posterior_UB","prob"
-0.136074311386288,0.107979396279462,-0.394557372979044,0.136481911883342,0.841783177980332
