"Posterior_Mean","Posterior_SD","Posterior_LB","Posterior_UB","prob"
0.272798341742058,0.168939265317945,-0.100052917155207,0.64075614191108,0.0708071817392903
