"Posterior_Mean","Posterior_SD","Posterior_LB","Posterior_UB","prob"
-0.183595195739386,0.159298691325305,-0.497043334390764,0.12312131735801,0.880077500510658
