"Posterior_Mean","Posterior_SD","Posterior_LB","Posterior_UB","prob"
-0.0257735128300471,0.137664859015481,-0.311855166511847,0.308419650026686,0.586011663927543
