"Posterior_Mean","Posterior_SD","Posterior_LB","Posterior_UB","prob"
0.0843159901635383,0.14597176096925,-0.233836557191739,0.427306209499024,0.329037356813434
