"Posterior_Mean","Posterior_SD","Posterior_LB","Posterior_UB","prob"
-0.0910975317448312,0.140701629407225,-0.40207564894586,0.203469328006482,0.722868779496331
