"Posterior_Mean","Posterior_SD","Posterior_LB","Posterior_UB","prob"
-0.122992797839014,0.132939511629008,-0.392212181740308,0.146007090361862,0.827427642276378
