"Posterior_Mean","Posterior_SD","Posterior_LB","Posterior_UB","prob"
-0.0399931601112537,0.128149688888387,-0.331893876619157,0.355041162174475,0.638955213873809
