"Posterior_Mean","Posterior_SD","Posterior_LB","Posterior_UB","prob"
0.00141543062072502,0.1538254898044,-0.313040613899555,0.356442749069971,0.504990599137384
