"Posterior_Mean","Posterior_SD","Posterior_LB","Posterior_UB","prob"
-0.15038721217937,0.0582842872494885,-0.267302436079206,-0.0133024271078039,0.984512593212094
