"Posterior_Mean","Posterior_SD","Posterior_LB","Posterior_UB","prob"
-0.211831874505983,0.0456920191547159,-0.310910295363422,-0.0263175399906129,0.985084483049017
