"Posterior_Mean","Posterior_SD","Posterior_LB","Posterior_UB","prob"
0.00857548993799215,0.0737097508166076,-0.135837261077953,0.15372611376548,0.45336785873714
