"Posterior_Mean","Posterior_SD","Posterior_LB","Posterior_UB","prob"
0.17623542953782,0.0734424772043171,0.0313393754408499,0.31210041760641,0.00851646448933573
