"Posterior_Mean","Posterior_SD","Posterior_LB","Posterior_UB","prob"
-0.0192704801344554,0.0635562191427385,-0.220219791351851,0.170927532561632,0.528306477332753
