"Posterior_Mean","Posterior_SD","Posterior_LB","Posterior_UB","prob"
-0.0370983524675187,0.0654980849782602,-0.237846640491421,0.153089996280042,0.579959202047939
