"Posterior_Mean","Posterior_SD","Posterior_LB","Posterior_UB","prob"
-0.141047422946777,0.041517670147067,-0.222096549283335,-0.0558570457159932,0.995369920115558
