"Posterior_Mean","Posterior_SD","Posterior_LB","Posterior_UB","prob"
-0.08585029867235,0.057546326498067,-0.206844514855387,0.0924771764074762,0.870397764485829
