"Posterior_Mean","Posterior_SD","Posterior_LB","Posterior_UB","prob"
-0.106077457950523,0.0516766698151137,-0.213912407544416,0.00638480531476456,0.967434775012059
