"Posterior_Mean","Posterior_SD","Posterior_LB","Posterior_UB","prob"
0.0604532653314028,0.0743035418285486,-0.117957980238201,0.215408492379788,0.210759361068065
