"Posterior_Mean","Posterior_SD","Posterior_LB","Posterior_UB","prob"
0.0553668308577276,0.0734993760736903,-0.104943053295022,0.211190580905309,0.235675043498036
