"Posterior_Mean","Posterior_SD","Posterior_LB","Posterior_UB","prob"
-0.0555225623870159,0.0694251224012819,-0.19837557189544,0.0946855729387243,0.762184447570266
