"Posterior_Mean","Posterior_SD","Posterior_LB","Posterior_UB","prob"
-0.022004584349294,0.0547121615697857,-0.140566580269464,0.129887888467232,0.666695137862793
