"Posterior_Mean","Posterior_SD","Posterior_LB","Posterior_UB","prob"
-0.110435276538492,0.0559506898082891,-0.226278825950027,0.0545958194960966,0.927817294852755
