"Posterior_Mean","Posterior_SD","Posterior_LB","Posterior_UB","prob"
0.0117654880476258,0.073785138869925,-0.141487112880207,0.16623284081443,0.432322589836237
