"Posterior_Mean","Posterior_SD","Posterior_LB","Posterior_UB","prob"
0.0101735989686859,0.0519882616514659,-0.0953294989030171,0.112247031385366,0.41742827730998
