"Posterior_Mean","Posterior_SD","Posterior_LB","Posterior_UB","prob"
0.0441231721084351,0.0763465837096619,-0.10172827152023,0.191368360456423,0.274010417389784
