"Posterior_Mean","Posterior_SD","Posterior_LB","Posterior_UB","prob"
0.0024859880498612,0.0708019002648665,-0.185593351885838,0.156306308386897,0.464256750079898
