"Posterior_Mean","Posterior_SD","Posterior_LB","Posterior_UB","prob"
0.230409950007658,0.0738778090711313,0.0806879934309516,0.370548740299755,5.26384484722371e-05
