"Posterior_Mean","Posterior_SD","Posterior_LB","Posterior_UB","prob"
0.0206425812171363,0.0714623597569724,-0.139685642670857,0.179391177968421,0.39965735074977
