"Posterior_Mean","Posterior_SD","Posterior_LB","Posterior_UB","prob"
0.0193672567012898,0.0715386645485089,-0.126650685616868,0.166098676626163,0.402524969330072
