"Posterior_Mean","Posterior_SD","Posterior_LB","Posterior_UB","prob"
-0.238045764732442,0.0371476838565429,-0.311195186593568,-0.155490048253723,0.99849983210121
