"","Posterior_Mean","Posterior_SD","Posterior_LB","Posterior_UB"
"LowBound",-0.00215614464999008,0.0657432069222601,-0.172587590481008,0.174820257409187
