"","Posterior_Mean","Posterior_SD","Posterior_LB","Posterior_UB"
"LowBound",-0.122547340547528,0.0563817740584974,-0.242306880943313,0.0578110065649106
