"Posterior_Mean","Posterior_SD","Posterior_LB","Posterior_UB","prob"
-0.00347884861845641,0.0712918882901542,-0.145722828999884,0.132212012760787,0.514624338630922
