"","Posterior_Mean","Posterior_SD","Posterior_LB","Posterior_UB"
"LowBound",-0.0318841623496026,0.070515317127782,-0.183279552768477,0.132082289928199
