"","Posterior_Mean","Posterior_SD","Posterior_LB","Posterior_UB"
"LowBound",0.0732627589447744,0.0670438611215471,-0.126821377994493,0.224514215620079
