"Posterior_Mean","Posterior_SD","Posterior_LB","Posterior_UB","prob"
-0.0658006675697309,0.062539710677138,-0.191953340898326,0.0743080117702357,0.851427573686302
