"","Posterior_Mean","Posterior_SD","Posterior_LB","Posterior_UB"
"LowBound",-0.16086222006306,0.0551752768466617,-0.26995483242677,-0.0371218927426266
