"","Posterior_Mean","Posterior_SD","Posterior_LB","Posterior_UB"
"LowBound",-0.141371542686397,0.0555325590603358,-0.255920784882635,0.00951842086559405
