"","Posterior_Mean","Posterior_SD","Posterior_LB","Posterior_UB"
"LowBound",-0.0616716812352707,0.0720392076664987,-0.241932029105266,0.0950327572134252
