"Posterior_Mean","Posterior_SD","Posterior_LB","Posterior_UB","prob"
0.0283050943961213,0.0706983491403437,-0.136531977502209,0.198398735552809,0.388002178743292
