"","Posterior_Mean","Posterior_SD","Posterior_LB","Posterior_UB"
"LowBound",-0.100312494800929,0.0496859710667638,-0.21691216185401,0.0140068712523425
