"","Posterior_Mean","Posterior_SD","Posterior_LB","Posterior_UB"
"LowBound",-0.257808450230183,0.0555784581216408,-0.376439168046858,-0.129750236440609
