"","Posterior_Mean","Posterior_SD","Posterior_LB","Posterior_UB"
"LowBound",-0.0833710354010067,0.0557164502117738,-0.200453105278981,0.0613531269528184
