"","Posterior_Mean","Posterior_SD","Posterior_LB","Posterior_UB"
"LowBound",-0.106817688129283,0.0637365008201422,-0.235080255856391,0.0398454205590272
