"Posterior_Mean","Posterior_SD","Posterior_LB","Posterior_UB","prob"
-0.0155259686372623,0.0519169673621157,-0.125504753727437,0.106789417224133,0.623056178174947
