"Posterior_Mean","Posterior_SD","Posterior_LB","Posterior_UB","prob"
-0.0894954388990697,0.07423009942228,-0.234924265632091,0.0497542239276093,0.877673495563605
