"","Posterior_Mean","Posterior_SD","Posterior_LB","Posterior_UB"
"LowBound",-0.103817220180586,0.0614715481540802,-0.236336573817603,0.0646733968282435
