"","Posterior_Mean","Posterior_SD","Posterior_LB","Posterior_UB"
"LowBound",-0.00508091176227799,0.0768964082176113,-0.156380735973273,0.145659465283214
