"Posterior_Mean","Posterior_SD","Posterior_LB","Posterior_UB","prob"
-0.162049502865043,0.0565766388378032,-0.285667883740397,-0.0209853616994479,0.984579388151575
