"","Posterior_Mean","Posterior_SD","Posterior_LB","Posterior_UB"
"LowBound",0.0867209973892279,0.0689436564658603,-0.102155188757897,0.23608834293172
