"","Posterior_Mean","Posterior_SD","Posterior_LB","Posterior_UB"
"LowBound",-0.0192883125509425,0.0513932167784887,-0.12200350925852,0.103134287575337
