"","Posterior_Mean","Posterior_SD","Posterior_LB","Posterior_UB"
"LowBound",-0.0120196490586416,0.0656686645923754,-0.205189962732809,0.191286009139511
