"","Posterior_Mean","Posterior_SD","Posterior_LB","Posterior_UB"
"LowBound",-0.0538581525787557,0.0706049053868828,-0.198780209446822,0.0988308494151045
