"","Posterior_Mean","Posterior_SD","Posterior_LB","Posterior_UB"
"LowBound",0.0677108529381019,0.0716529102196164,-0.0734304182933921,0.210139911880654
