"","Posterior_Mean","Posterior_SD","Posterior_LB","Posterior_UB"
"LowBound",0.0232739114815045,0.0724047394486311,-0.157278159400376,0.173662582923219
