"","Posterior_Mean","Posterior_SD","Posterior_LB","Posterior_UB"
"LowBound",-0.0568285390851046,0.06903251942814,-0.196662718874749,0.105997883836025
