"Posterior_Mean","Posterior_SD","Posterior_LB","Posterior_UB","prob"
-0.126551619120427,0.0512152616085932,-0.242788987731496,-0.0180414778606518,0.988086296871657
