"Posterior_Mean","Posterior_SD","Posterior_LB","Posterior_UB","prob"
0.0539010194823435,0.0703215963314741,-0.107193083153354,0.202202606990203,0.264122600151832
