"","Posterior_Mean","Posterior_SD","Posterior_LB","Posterior_UB"
"LowBound",-0.0830565724674214,0.0558260278186129,-0.19707424119428,0.0713880374770357
