"Posterior_Mean","Posterior_SD","Posterior_LB","Posterior_UB","prob"
0.0858064283675835,0.0752218778373227,-0.0613671845563852,0.23269751062177,0.117643880556758
