"","Posterior_Mean","Posterior_SD","Posterior_LB","Posterior_UB"
"LowBound",0.211450986305322,0.073591013528978,0.0661472794108403,0.355861195771155
