"","Posterior_Mean","Posterior_SD","Posterior_LB","Posterior_UB"
"LowBound",-0.177186939873162,0.0530195157176711,-0.290460032337991,-0.0508853933611895
