"","Posterior_Mean","Posterior_SD","Posterior_LB","Posterior_UB"
"LowBound",-0.00305678856942648,0.0621849468427678,-0.144574773717835,0.182509128075518
