"Posterior_Mean","Posterior_SD","Posterior_LB","Posterior_UB","prob"
0.123111096667135,0.0706909298644112,-0.0611241327729574,0.272280848178851,0.0875607790240934
