"","Posterior_Mean","Posterior_SD","Posterior_LB","Posterior_UB"
"LowBound",-0.169553667922838,0.0566488993734613,-0.281832284614207,-0.0339672278081279
