"Posterior_Mean","Posterior_SD","Posterior_LB","Posterior_UB","prob"
0.00170684043797779,0.0727364491376078,-0.171451805296368,0.156484119384566,0.481132748496299
