"","Posterior_Mean","Posterior_SD","Posterior_LB","Posterior_UB"
"LowBound",-0.0459779447050628,0.0686241981341705,-0.256542085545764,0.135175036473947
