"Posterior_Mean","Posterior_SD","Posterior_LB","Posterior_UB","prob"
-0.0568311559484946,0.0731346408134246,-0.199607476295037,0.088151587486851,0.780094352004974
