"","Posterior_Mean","Posterior_SD","Posterior_LB","Posterior_UB"
"LowBound",0.0688454105142869,0.0731453854540912,-0.0837564428586106,0.216430715173097
