"Posterior_Mean","Posterior_SD","Posterior_LB","Posterior_UB","prob"
-0.250845753670838,0.052149809679302,-0.360797692564173,-0.0950561124042162,0.998938700170755
