"","Posterior_Mean","Posterior_SD","Posterior_LB","Posterior_UB"
"LowBound",-0.00694212661220637,0.0701018049610179,-0.197944706824247,0.14227548116673
