"","Posterior_Mean","Posterior_SD","Posterior_LB","Posterior_UB"
"LowBound",0.0429760023384323,0.0726083626500773,-0.162912703216323,0.202171630188605
