"Posterior_Mean","Posterior_SD","Posterior_LB","Posterior_UB","prob"
0.0196723537999406,0.0703402449454696,-0.138688723813733,0.187476651887174,0.404022739345599
