"","Posterior_Mean","Posterior_SD","Posterior_LB","Posterior_UB"
"LowBound",-0.158967647048218,0.0569959836233432,-0.298037630541674,0.0464263716840075
