"","Posterior_Mean","Posterior_SD","Posterior_LB","Posterior_UB"
"LowBound",-0.0892050721024748,0.0503530946374515,-0.191670915609156,0.0303042302373639
