"","Posterior_Mean","Posterior_SD","Posterior_LB","Posterior_UB"
"LowBound",-0.0137968745701833,0.0728204878807224,-0.168716204902282,0.139326069474536
