"","Posterior_Mean","Posterior_SD","Posterior_LB","Posterior_UB"
"LowBound",-0.105320599388442,0.0629767634556177,-0.232869319100404,0.0427181223739112
