"","Posterior_Mean","Posterior_SD","Posterior_LB","Posterior_UB"
"LowBound",0.0321407268377497,0.071807777210043,-0.138616858575069,0.189088689770014
