"Posterior_Mean","Posterior_SD","Posterior_LB","Posterior_UB","prob"
-0.0183872457232718,0.0782798481884708,-0.167951105266941,0.138450241901867,0.592224910784094
