"","Posterior_Mean","Posterior_SD","Posterior_LB","Posterior_UB"
"LowBound",0.131790072797834,0.0719739000162339,-0.0122581567448621,0.274327930403302
