"","Posterior_Mean","Posterior_SD","Posterior_LB","Posterior_UB"
"LowBound",0.0339812647560338,0.0757595559472232,-0.122987230552043,0.183941212954402
