"","Posterior_Mean","Posterior_SD","Posterior_LB","Posterior_UB"
"LowBound",-0.202244219546268,0.0607134254982175,-0.331686170594879,-0.0292396845261859
