"","Posterior_Mean","Posterior_SD","Posterior_LB","Posterior_UB"
"LowBound",-0.157682301441931,0.0496101080022098,-0.262740470127475,0.0253780913848633
