"","Posterior_Mean","Posterior_SD","Posterior_LB","Posterior_UB"
"LowBound",-0.120773963154413,0.0597641517414009,-0.238311094537554,0.018698502475651
