"","Posterior_Mean","Posterior_SD","Posterior_LB","Posterior_UB"
"LowBound",-0.0918807586934885,0.0694358235489311,-0.227023039890665,0.0512668916440512
