"","Posterior_Mean","Posterior_SD","Posterior_LB","Posterior_UB"
"LowBound",-0.0748577924676356,0.0694293415274029,-0.236935071372398,0.0870343428033365
