"","Posterior_Mean","Posterior_SD","Posterior_LB","Posterior_UB"
"LowBound",-0.0317099379613946,0.0692850418009495,-0.172276571157068,0.119525320248015
