"Posterior_Mean","Posterior_SD","Posterior_LB","Posterior_UB","prob"
-0.00477869672998594,0.0707688271018977,-0.194888649075733,0.145996093689411,0.493336386778752
