"Posterior_Mean","Posterior_SD","Posterior_LB","Posterior_UB","prob"
0.107153722640365,0.0726297599484081,-0.0361788622999902,0.256823384660174,0.0619978667188753
