"","Posterior_Mean","Posterior_SD","Posterior_LB","Posterior_UB"
"LowBound",-0.0510646079574717,0.0652820642234541,-0.191666577645,0.104716502835899
