"","Posterior_Mean","Posterior_SD","Posterior_LB","Posterior_UB"
"LowBound",-0.247643625472297,0.0420445070387056,-0.331394460301859,-0.153856784422452
