"","Posterior_Mean","Posterior_SD","Posterior_LB","Posterior_UB"
"LowBound",0.0109315924912877,0.0741931412519318,-0.136023369075208,0.157389711087661
