"","Posterior_Mean","Posterior_SD","Posterior_LB","Posterior_UB"
"LowBound",-0.121299009316339,0.0532267110103215,-0.243027716685507,0.0124355905240121
