"Posterior_Mean","Posterior_SD","Posterior_LB","Posterior_UB","prob"
-0.0258645432809532,0.0713699821586475,-0.184219688035964,0.12512338018968,0.63622587440928
