"","Posterior_Mean","Posterior_SD","Posterior_LB","Posterior_UB"
"LowBound",-0.202065339584193,0.0456433046421082,-0.297725734372039,-0.0287490515443975
