"","Posterior_Mean","Posterior_SD","Posterior_LB","Posterior_UB"
"LowBound",-0.109203404747192,0.0528835052223238,-0.214595455634841,0.00243876232230815
