"Posterior_Mean","Posterior_SD","Posterior_LB","Posterior_UB","prob"
-0.153209440231783,0.0608557942969001,-0.311619792691463,0.040535419643426,0.927635032858675
