"","Posterior_Mean","Posterior_SD","Posterior_LB","Posterior_UB"
"LowBound",-0.0111299799257392,0.05862704106967,-0.12601999761646,0.117354733518256
