"Posterior_Mean","Posterior_SD","Posterior_LB","Posterior_UB","prob"
-0.0759053381906379,0.0689054448713216,-0.237724286886388,0.0854015989173537,0.813349844094963
