"Posterior_Mean","Posterior_SD","Posterior_LB","Posterior_UB","prob"
0.0401020501045569,0.0712606134504424,-0.162786704138545,0.19470004682528,0.286175218438572
