"","Posterior_Mean","Posterior_SD","Posterior_LB","Posterior_UB"
"LowBound",0.0182499574163303,0.0610342592009073,-0.127066008430218,0.195967313356152
