"","Posterior_Mean","Posterior_SD","Posterior_LB","Posterior_UB"
"LowBound",-0.00397664710956552,0.0583443555672691,-0.140492149333408,0.194973524684102
