"","Posterior_Mean","Posterior_SD","Posterior_LB","Posterior_UB"
"LowBound",-0.0355924502747436,0.0711012183672326,-0.184131752920667,0.12546146947097
