"","Posterior_Mean","Posterior_SD","Posterior_LB","Posterior_UB"
"LowBound",-0.0209684065775496,0.0676728296397698,-0.187659264915843,0.143824125127695
