"","Posterior_Mean","Posterior_SD","Posterior_LB","Posterior_UB"
"LowBound",0.144412339411403,0.0739280538812934,-0.00110305026200568,0.28841347080732
