"Posterior_Mean","Posterior_SD","Posterior_LB","Posterior_UB","prob"
-0.119314615544494,0.0477402149765322,-0.217578332376052,-0.00114163524028631,0.976522379939167
