"","Posterior_Mean","Posterior_SD","Posterior_LB","Posterior_UB"
"LowBound",0.100258443682826,0.0752546175109678,-0.0467761047656059,0.248034692414154
