"","Posterior_Mean","Posterior_SD","Posterior_LB","Posterior_UB"
"LowBound",-0.0483904003358953,0.0564837463932147,-0.1623590426359,0.0922761889280018
