"","Posterior_Mean","Posterior_SD","Posterior_LB","Posterior_UB"
"LowBound",-0.0162338762665026,0.0513104973348303,-0.118648454137792,0.0861100138495565
