"","Posterior_Mean","Posterior_SD","Posterior_LB","Posterior_UB"
"LowBound",-0.153007080605816,0.0659133056403699,-0.28388345128403,-0.00521111474933699
