"","Posterior_Mean","Posterior_SD","Posterior_LB","Posterior_UB"
"LowBound",-0.0146719633445326,0.0705707527676852,-0.171417611775047,0.147999319614537
