"","Posterior_Mean","Posterior_SD","Posterior_LB","Posterior_UB"
"LowBound",-0.00466126154506539,0.0601026190951775,-0.139074843047329,0.17347351658906
