"","Posterior_Mean","Posterior_SD","Posterior_LB","Posterior_UB"
"LowBound",0.080445323079513,0.0732044612933496,-0.064723507920196,0.225148345754189
