"","Posterior_Mean","Posterior_SD","Posterior_LB","Posterior_UB"
"LowBound",0.0967446873063628,0.071627745476684,-0.0492447670612141,0.240155726498881
