"","Posterior_Mean","Posterior_SD","Posterior_LB","Posterior_UB"
"LowBound",0.0798528023373739,0.0688646497744855,-0.0965939664911011,0.248122913928171
