"","Posterior_Mean","Posterior_SD","Posterior_LB","Posterior_UB"
"LowBound",0.0446712857642101,0.0526687126797987,-0.0617464515682602,0.18636405956735
