"","Posterior_Mean","Posterior_SD","Posterior_LB","Posterior_UB"
"LowBound",-0.130010028370367,0.0641237619134106,-0.269082035084148,0.00564650582769502
