"","Posterior_Mean","Posterior_SD","Posterior_LB","Posterior_UB"
"LowBound",0.0712101268215976,0.0710372409996278,-0.0817200584891327,0.214851084194252
