"","Posterior_Mean","Posterior_SD","Posterior_LB","Posterior_UB"
"LowBound",0.027818168051202,0.066435402211896,-0.158202338743456,0.223792312159804
