"","Posterior_Mean","Posterior_SD","Posterior_LB","Posterior_UB"
"LowBound",-0.165438352521008,0.044744933297535,-0.255892496767512,-0.0602382903537834
