"","Posterior_Mean","Posterior_SD","Posterior_LB","Posterior_UB"
"LowBound",-0.0745797588249346,0.0725494101969094,-0.216343997103708,0.0761129691845906
