"","Posterior_Mean","Posterior_SD","Posterior_LB","Posterior_UB"
"LowBound",-0.134303903026797,0.0467198053175107,-0.229433531695389,0.0125847882070514
