"","Posterior_Mean","Posterior_SD","Posterior_LB","Posterior_UB"
"LowBound",0.0317775468007073,0.0705612764515203,-0.162088118728091,0.188128783694598
