"Posterior_Mean","Posterior_SD","Posterior_LB","Posterior_UB","prob"
-0.194813669649325,0.0356671256372234,-0.261158377886458,-0.119343966235457,0.999999999999994
