"Posterior_Mean","Posterior_SD","Posterior_LB","Posterior_UB","prob"
-0.229697554685936,0.0356416071907698,-0.301255504683555,-0.161628400012265,0.999999985469336
