"Posterior_Mean","Posterior_SD","Posterior_LB","Posterior_UB","prob"
-0.186051022426594,0.0345145868936526,-0.251633351588983,-0.116103858433696,0.999999405741991
