"Posterior_Mean","Posterior_SD","Posterior_LB","Posterior_UB","prob"
-0.255719205320433,0.0353722532420201,-0.323429632141838,-0.188194339132067,1
