"Posterior_Mean","Posterior_SD","Posterior_LB","Posterior_UB","prob"
-0.231868400476415,0.0362407081478799,-0.305656799748859,-0.160959371837829,0.999999999999624
