"Posterior_Mean","Posterior_SD","Posterior_LB","Posterior_UB","prob"
-0.216092028742481,0.0368965172477221,-0.286151912211518,-0.14451567038561,1
