"Posterior_Mean","Posterior_SD","Posterior_LB","Posterior_UB","prob"
-0.238833652359905,0.0356430984340543,-0.307419370971027,-0.171808701059893,1
