"Posterior_Mean","Posterior_SD","Posterior_LB","Posterior_UB","prob"
-0.210815745953492,0.0356905666680003,-0.281871734134956,-0.139418170603448,0.999999999999127
