"Posterior_Mean","Posterior_SD","Posterior_LB","Posterior_UB","prob"
-0.25133259749788,0.0365790657281839,-0.324323095154997,-0.178953219624018,1
