"Posterior_Mean","Posterior_SD","Posterior_LB","Posterior_UB","prob"
-0.166775285899789,0.0365573317336779,-0.235787875380529,-0.093704710162816,0.999999791604569
