"Posterior_Mean","Posterior_SD","Posterior_LB","Posterior_UB","prob"
-0.238548076898838,0.0375975808574657,-0.312761549123431,-0.16530828896993,0.999999993345607
