"Posterior_Mean","Posterior_SD","Posterior_LB","Posterior_UB","prob"
-0.161260380584778,0.0373720419453056,-0.238387364125171,-0.0875239459323279,0.999999999998413
