"Posterior_Mean","Posterior_SD","Posterior_LB","Posterior_UB","prob"
-0.233489759974953,0.0351715415657885,-0.303836949245908,-0.164823495941132,0.999999999984833
