"Posterior_Mean","Posterior_SD","Posterior_LB","Posterior_UB","prob"
-0.249097422441252,0.0390564661752429,-0.348763620259159,-0.160761164253806,0.99999848405381
