"Posterior_Mean","Posterior_SD","Posterior_LB","Posterior_UB","prob"
-0.232457552186288,0.0359673457134732,-0.309665795462843,-0.161073517216684,1
