"Posterior_Mean","Posterior_SD","Posterior_LB","Posterior_UB","prob"
-0.266615515048658,0.0361821014985557,-0.337057591340855,-0.197471894490442,1
