"Posterior_Mean","Posterior_SD","Posterior_LB","Posterior_UB","prob"
-0.165890291164088,0.0389607788353012,-0.252919392974387,-0.0387981730595298,0.993819919377735
