"Posterior_Mean","Posterior_SD","Posterior_LB","Posterior_UB","prob"
-0.187253617301806,0.0348358988902386,-0.253443669185753,-0.116457080029367,0.999999763824276
