"Posterior_Mean","Posterior_SD","Posterior_LB","Posterior_UB","prob"
-0.189939727968987,0.0342736000311589,-0.257741408461397,-0.121683413783817,0.999999999999261
