"Posterior_Mean","Posterior_SD","Posterior_LB","Posterior_UB","prob"
-0.189961759008346,0.0358662764407857,-0.259598006699252,-0.121035419943089,0.999999999825127
