"Posterior_Mean","Posterior_SD","Posterior_LB","Posterior_UB","prob"
-0.214138844917549,0.0354252939856267,-0.283155259134782,-0.143512093420779,0.999999999999933
