"Posterior_Mean","Posterior_SD","Posterior_LB","Posterior_UB","prob"
-0.255291581514437,0.0349495401330625,-0.321250257952761,-0.184687773954857,0.999999999999988
