"Posterior_Mean","Posterior_SD","Posterior_LB","Posterior_UB","prob"
-0.188664410372382,0.0371413541469644,-0.260844214485455,-0.11353684698407,1
