"Posterior_Mean","Posterior_SD","Posterior_LB","Posterior_UB","prob"
-0.208506342579965,0.036687094943589,-0.281521240629813,-0.134950354022978,0.999998316994556
