"Posterior_Mean","Posterior_SD","Posterior_LB","Posterior_UB","prob"
-0.21027466845668,0.0357079800790834,-0.279842523821689,-0.138428717313687,0.999999940029786
