"Posterior_Mean","Posterior_SD","Posterior_LB","Posterior_UB","prob"
-0.219634018687739,0.0371248387068274,-0.291775575657562,-0.147408980428775,0.99999999834199
