"Posterior_Mean","Posterior_SD","Posterior_LB","Posterior_UB","prob"
-0.1666352616525,0.0364673679167494,-0.239785003198057,-0.0955474135979274,0.999999954170876
