"Posterior_Mean","Posterior_SD","Posterior_LB","Posterior_UB","prob"
-0.247841889273677,0.0351215389132427,-0.314885421622067,-0.180274754765812,1
