"Posterior_Mean","Posterior_SD","Posterior_LB","Posterior_UB","prob"
-0.173625994168856,0.0355665223684506,-0.243011772448445,-0.102355705684962,0.999999999996972
