"Posterior_Mean","Posterior_SD","Posterior_LB","Posterior_UB","prob"
-0.236515176770737,0.0354872649747771,-0.306538464260127,-0.165665990953944,1
