"Posterior_Mean","Posterior_SD","Posterior_LB","Posterior_UB","prob"
-0.256495519258668,0.0341909528863275,-0.321493616312234,-0.187664562255529,1
