"Posterior_Mean","Posterior_SD","Posterior_LB","Posterior_UB","prob"
-0.212823608786139,0.0365199502053931,-0.285697933484892,-0.143941133340662,1
