"Posterior_Mean","Posterior_SD","Posterior_LB","Posterior_UB","prob"
-0.214269568101542,0.0360780925887819,-0.286247533152643,-0.143446090634185,0.999999999204699
