"Posterior_Mean","Posterior_SD","Posterior_LB","Posterior_UB","prob"
-0.221984492239557,0.037427730397105,-0.330507186373594,-0.127824566608547,0.999978568504441
