"Posterior_Mean","Posterior_SD","Posterior_LB","Posterior_UB","prob"
-0.238071170998309,0.0366632234430587,-0.311746033081463,-0.166597238955806,1
