"Posterior_Mean","Posterior_SD","Posterior_LB","Posterior_UB","prob"
-0.28318365197842,0.0353266794145772,-0.353453244203167,-0.20895812144522,0.999999999373861
