"Posterior_Mean","Posterior_SD","Posterior_LB","Posterior_UB","prob"
-0.20116415642794,0.0352748200177736,-0.271390064312028,-0.131533075125114,0.999999958987404
