"Posterior_Mean","Posterior_SD","Posterior_LB","Posterior_UB","prob"
-0.213255523351847,0.0355868723366909,-0.28353796411842,-0.143822608993295,1
