"Posterior_Mean","Posterior_SD","Posterior_LB","Posterior_UB","prob"
-0.289029338446957,0.0363676352303373,-0.364220205861663,-0.197450673128856,0.999999872652267
