"Posterior_Mean","Posterior_SD","Posterior_LB","Posterior_UB","prob"
-0.242654617575855,0.0362455511020911,-0.311673244762599,-0.173280553551078,1
