"Posterior_Mean","Posterior_SD","Posterior_LB","Posterior_UB","prob"
-0.311575672476136,0.0370585099845744,-0.386659440129928,-0.241870740664727,1
