"Posterior_Mean","Posterior_SD","Posterior_LB","Posterior_UB","prob"
-0.276917772884275,0.0376603424215266,-0.36626397633633,-0.204812933213378,1
