"Posterior_Mean","Posterior_SD","Posterior_LB","Posterior_UB","prob"
-0.225653748583976,0.0359247638897715,-0.30165720578633,-0.151803349165779,1
