"Posterior_Mean","Posterior_SD","Posterior_LB","Posterior_UB","prob"
-0.253535217613243,0.0348859819411955,-0.317963646955485,-0.184499459594799,0.999999999999728
