"Posterior_Mean","Posterior_SD","Posterior_LB","Posterior_UB","prob"
-0.393099063978474,0.0723796453787813,-0.542532344004217,-0.246979142710569,1
