"Posterior_Mean","Posterior_SD","Posterior_LB","Posterior_UB","prob"
-0.258336876631039,0.0357350583463651,-0.328361761361409,-0.189831255227637,1
