"Posterior_Mean","Posterior_SD","Posterior_LB","Posterior_UB","prob"
-0.239589553277354,0.0348379069053125,-0.311502538379719,-0.170498151870375,0.999999865084848
