"Posterior_Mean","Posterior_SD","Posterior_LB","Posterior_UB","prob"
-0.222483720822517,0.0368434146657673,-0.294455349385517,-0.146966654752445,0.999999922983437
