"Posterior_Mean","Posterior_SD","Posterior_LB","Posterior_UB","prob"
-0.170702156768916,0.0361373439267816,-0.240138873691764,-0.0998941649906262,0.999999994841476
