"Posterior_Mean","Posterior_SD","Posterior_LB","Posterior_UB","prob"
-0.226092745088678,0.0355448916552739,-0.296908479030301,-0.152084136732424,1
