"Posterior_Mean","Posterior_SD","Posterior_LB","Posterior_UB","prob"
-0.174015746784892,0.0369783851230343,-0.247455800056252,-0.101954571273687,0.999999515065326
