"Posterior_Mean","Posterior_SD","Posterior_LB","Posterior_UB","prob"
-0.146856026265292,0.0352840280801788,-0.21750116909835,-0.0768502575770165,0.999998465813252
