"Posterior_Mean","Posterior_SD","Posterior_LB","Posterior_UB","prob"
-0.204581797840111,0.0353355180287335,-0.273466239463655,-0.136456426208102,0.999999999984898
