"Posterior_Mean","Posterior_SD","Posterior_LB","Posterior_UB","prob"
-0.206944780014141,0.0367070885028418,-0.276908684404193,-0.134411756772416,0.999999991746328
