"Posterior_Mean","Posterior_SD","Posterior_LB","Posterior_UB","prob"
-0.217655433192906,0.0351249109455719,-0.287328238048626,-0.14380078957512,0.999999999999979
