"Posterior_Mean","Posterior_SD","Posterior_LB","Posterior_UB","prob"
-0.326138298208415,0.0360805256336812,-0.397636092152459,-0.254779440560426,0.999999999999001
