"Posterior_Mean","Posterior_SD","Posterior_LB","Posterior_UB","prob"
-0.197316590488716,0.0358054525089554,-0.268226122235266,-0.126739723057738,0.999999999982447
