"Posterior_Mean","Posterior_SD","Posterior_LB","Posterior_UB","prob"
-0.254091784772089,0.0370800553036345,-0.326133678479916,-0.177647530278226,0.999999598639569
