"Posterior_Mean","Posterior_SD","Posterior_LB","Posterior_UB","prob"
-0.21945583725463,0.0387480195393677,-0.298092713079162,-0.138776936209183,0.999999645326728
