"Posterior_Mean","Posterior_SD","Posterior_LB","Posterior_UB","prob"
-0.172372540796749,0.0379301433104094,-0.248677400226447,-0.0986817115105904,0.999999952642149
