"Posterior_Mean","Posterior_SD","Posterior_LB","Posterior_UB","prob"
-0.211867386799211,0.0346720330627486,-0.27825516433057,-0.145640003312296,1
