"Posterior_Mean","Posterior_SD","Posterior_LB","Posterior_UB","prob"
-0.219664121927378,0.0375799899071967,-0.29351328662166,-0.144745430215389,0.999999999999986
