"Posterior_Mean","Posterior_SD","Posterior_LB","Posterior_UB","prob"
-0.210503400242733,0.035211652382116,-0.282126662360793,-0.141048483734224,1
