"Posterior_Mean","Posterior_SD","Posterior_LB","Posterior_UB","prob"
-0.242003859169168,0.0376777715298557,-0.31291976560109,-0.16820503291153,1
