"Posterior_Mean","Posterior_SD","Posterior_LB","Posterior_UB","prob"
-0.240728357253942,0.0348189708573586,-0.307115766874495,-0.173120865588839,0.999999999875543
