"Posterior_Mean","Posterior_SD","Posterior_LB","Posterior_UB","prob"
-0.142192876009164,0.0360244698501517,-0.213826895731353,-0.0736470466543947,0.999999999952762
