"Posterior_Mean","Posterior_SD","Posterior_LB","Posterior_UB","prob"
-0.223929313379427,0.0371393054773005,-0.298151199519674,-0.150433995332627,0.999999999999983
