"Posterior_Mean","Posterior_SD","Posterior_LB","Posterior_UB","prob"
-0.207188685899213,0.0340835791793505,-0.273174574287823,-0.140803876049991,0.99999999999979
