"Posterior_Mean","Posterior_SD","Posterior_LB","Posterior_UB","prob"
-0.25523760980619,0.0350322666334099,-0.323841194148767,-0.184078296349427,1
