"Posterior_Mean","Posterior_SD","Posterior_LB","Posterior_UB","prob"
-0.159230567937763,0.0351578147669655,-0.226508554704423,-0.0914732913926304,0.999999345345157
