"Posterior_Mean","Posterior_SD","Posterior_LB","Posterior_UB","prob"
-0.249067043535135,0.0370461089767486,-0.32369653202982,-0.174444476424717,0.999999997294983
