"Posterior_Mean","Posterior_SD","Posterior_LB","Posterior_UB","prob"
-0.204072735343119,0.0352798771219453,-0.270493073864866,-0.134992346589915,0.999999999997594
