"Posterior_Mean","Posterior_SD","Posterior_LB","Posterior_UB","prob"
-0.29035434850512,0.0364658958366358,-0.368352781357783,-0.217167920609356,1
