"Posterior_Mean","Posterior_SD","Posterior_LB","Posterior_UB","prob"
-0.246900140190797,0.0354019752707136,-0.316914349882504,-0.176188222399348,0.999999999999997
