"Posterior_Mean","Posterior_SD","Posterior_LB","Posterior_UB","prob"
-0.144303411570128,0.0371593268377436,-0.220059812611108,-0.0717879102705358,0.999950222722059
