"Posterior_Mean","Posterior_SD","Posterior_LB","Posterior_UB","prob"
-0.259801352602322,0.0368640764328934,-0.332185303885462,-0.19145972857166,1
