"Posterior_Mean","Posterior_SD","Posterior_LB","Posterior_UB","prob"
-0.255169495458811,0.0357625333850547,-0.327261128891308,-0.191020858557391,1
