"Posterior_Mean","Posterior_SD","Posterior_LB","Posterior_UB","prob"
-0.266380081698434,0.0351590590531164,-0.335724002552101,-0.198195288539928,0.999999999999985
