"Posterior_Mean","Posterior_SD","Posterior_LB","Posterior_UB","prob"
-0.240530089187305,0.0360089536670153,-0.309520484729886,-0.169563912710367,0.999999999999999
