"Posterior_Mean","Posterior_SD","Posterior_LB","Posterior_UB","prob"
-0.327409398160697,0.056743662437232,-0.445795519817908,-0.212652889610588,1
