"Posterior_Mean","Posterior_SD","Posterior_LB","Posterior_UB","prob"
-0.204706657952744,0.0364059048007969,-0.273003548155187,-0.131796724061032,1
