"Posterior_Mean","Posterior_SD","Posterior_LB","Posterior_UB","prob"
-0.214151207620243,0.0373163837087803,-0.286686188617141,-0.13723641374767,0.999999999864166
