"Posterior_Mean","Posterior_SD","Posterior_LB","Posterior_UB","prob"
-0.219905830888638,0.0362418096423171,-0.292374262304835,-0.147272511263348,1
