"Posterior_Mean","Posterior_SD","Posterior_LB","Posterior_UB","prob"
-0.194363496189728,0.0383277585324416,-0.289848364337617,-0.0940084246853174,0.999988840273825
