"Posterior_Mean","Posterior_SD","Posterior_LB","Posterior_UB","prob"
-0.262509830570001,0.0370221542568942,-0.333373256915787,-0.190603550830469,0.999999831647259
