"Posterior_Mean","Posterior_SD","Posterior_LB","Posterior_UB","prob"
-0.136355605037452,0.0353059923279294,-0.207322326762924,-0.0666438389746269,0.99992980914844
