"Posterior_Mean","Posterior_SD","Posterior_LB","Posterior_UB","prob"
-0.188097830530979,0.0352945432632057,-0.256605493422402,-0.116535023375147,1
