"Posterior_Mean","Posterior_SD","Posterior_LB","Posterior_UB","prob"
-0.179610452084403,0.0370244677620876,-0.248899609756546,-0.1041706363105,0.999999999989339
