"Posterior_Mean","Posterior_SD","Posterior_LB","Posterior_UB","prob"
-0.285113215815643,0.0355580091426657,-0.356032256855206,-0.213772360442921,1
