"Posterior_Mean","Posterior_SD","Posterior_LB","Posterior_UB","prob"
-0.181490011258661,0.0369028102745629,-0.254966542406257,-0.11113305339635,0.999999941519882
