"Posterior_Mean","Posterior_SD","Posterior_LB","Posterior_UB","prob"
-0.226536438070183,0.0360840408059261,-0.294378398059431,-0.15753982878361,1
