"Posterior_Mean","Posterior_SD","Posterior_LB","Posterior_UB","prob"
-0.222414682941725,0.0372266668702057,-0.294756836160531,-0.145815292507241,1
