"Posterior_Mean","Posterior_SD","Posterior_LB","Posterior_UB","prob"
-0.211032533492843,0.0357778956139631,-0.281381552673697,-0.142765788983096,0.999999999978288
