"Posterior_Mean","Posterior_SD","Posterior_LB","Posterior_UB","prob"
-0.304358675350404,0.0376629101405693,-0.381701900837191,-0.230953070973538,0.999999891985704
