"Posterior_Mean","Posterior_SD","Posterior_LB","Posterior_UB","prob"
-0.219763782741506,0.0354530813866067,-0.292057434311313,-0.152680562777533,1
