"Posterior_Mean","Posterior_SD","Posterior_LB","Posterior_UB","prob"
-0.248484248041691,0.0359141522449351,-0.319226078237181,-0.178529679462201,1
