"Posterior_Mean","Posterior_SD","Posterior_LB","Posterior_UB","prob"
-0.22557944678434,0.0357933492557185,-0.297134741399936,-0.154283802277188,0.999999999957825
