"Posterior_Mean","Posterior_SD","Posterior_LB","Posterior_UB","prob"
-0.258556343534741,0.0377141483913455,-0.332202707681222,-0.185506135713243,1
