"Posterior_Mean","Posterior_SD","Posterior_LB","Posterior_UB","prob"
-0.199434456459142,0.0351628137491406,-0.26730276372835,-0.132834611645484,0.999999994939248
