"Posterior_Mean","Posterior_SD","Posterior_LB","Posterior_UB","prob"
-0.267352678372813,0.0383595651702975,-0.343589930275301,-0.186603797730232,0.999999629126975
