"Posterior_Mean","Posterior_SD","Posterior_LB","Posterior_UB","prob"
-0.208698200342573,0.0371892621057182,-0.283183298437833,-0.135855494225921,0.999999999909175
