"Posterior_Mean","Posterior_SD","Posterior_LB","Posterior_UB","prob"
-0.238818895294436,0.0370456218396548,-0.309752976845746,-0.166537693617381,0.999999996837554
