"Posterior_Mean","Posterior_SD","Posterior_LB","Posterior_UB","prob"
-0.290684117768305,0.0362726891507094,-0.364209138167025,-0.223215405438989,1
