"Posterior_Mean","Posterior_SD","Posterior_LB","Posterior_UB","prob"
-0.177700665050593,0.0352871137282601,-0.246630201149672,-0.108399037774914,0.999999999999115
