"Posterior_Mean","Posterior_SD","Posterior_LB","Posterior_UB","prob"
-0.209092552607722,0.036472676241728,-0.281087563910934,-0.137200881215906,1
