"Posterior_Mean","Posterior_SD","Posterior_LB","Posterior_UB","prob"
-0.177425839327788,0.0412841766115561,-0.293198987220454,-0.0842109191109262,0.999999842103801
