"Posterior_Mean","Posterior_SD","Posterior_LB","Posterior_UB","prob"
-0.259696443575595,0.0367839116249717,-0.330545115098138,-0.187394078146934,1
