"Posterior_Mean","Posterior_SD","Posterior_LB","Posterior_UB","prob"
-0.261377744348759,0.036271842472893,-0.332597964082301,-0.188107590068554,1
