"Posterior_Mean","Posterior_SD","Posterior_LB","Posterior_UB","prob"
-0.199672065195893,0.0366461101688731,-0.27581190626167,-0.124802152821687,0.999997043785138
