"Posterior_Mean","Posterior_SD","Posterior_LB","Posterior_UB","prob"
-0.180915426497616,0.0351085757808755,-0.252611500509985,-0.111860332284619,0.999999997194743
