"Posterior_Mean","Posterior_SD","Posterior_LB","Posterior_UB","prob"
-0.250947388453435,0.0359368392511503,-0.332758437545448,-0.178708583368419,1
