"Posterior_Mean","Posterior_SD","Posterior_LB","Posterior_UB","prob"
-0.125443455432471,0.0349323981511937,-0.194009196459807,-0.0602128012617353,0.999999912369908
