"Posterior_Mean","Posterior_SD","Posterior_LB","Posterior_UB","prob"
-0.253166148293993,0.0368999520403557,-0.325919366969554,-0.181568519951736,1
