"Posterior_Mean","Posterior_SD","Posterior_LB","Posterior_UB","prob"
-0.21331366871764,0.0370445748096522,-0.285089900804658,-0.140535897399548,0.999999999999988
