"Posterior_Mean","Posterior_SD","Posterior_LB","Posterior_UB","prob"
-0.239026051337143,0.0367881726441588,-0.311249187073404,-0.165619426902501,1
