"Posterior_Mean","Posterior_SD","Posterior_LB","Posterior_UB","prob"
-0.234743993317931,0.03557602705041,-0.305057596915024,-0.163567909370326,0.999999999997091
