"Posterior_Mean","Posterior_SD","Posterior_LB","Posterior_UB","prob"
-0.150107242146954,0.035229337821455,-0.218359456715767,-0.0793871513832798,0.999961415489568
