"Posterior_Mean","Posterior_SD","Posterior_LB","Posterior_UB","prob"
-0.199063177027244,0.0360562608200546,-0.267197079717089,-0.126770802280557,1
