"Posterior_Mean","Posterior_SD","Posterior_LB","Posterior_UB","prob"
-0.00833902619885852,0.0426694452584745,-0.0930558402593302,0.0741953975323239,0.58665873441035
