"Posterior_Mean","Posterior_SD","Posterior_LB","Posterior_UB","prob"
0.0478783356258413,0.0452885608421324,-0.0439223884068978,0.137156676250477,0.144016141989505
