"Posterior_Mean","Posterior_SD","Posterior_LB","Posterior_UB","prob"
0.0676202140487125,0.0447823380425124,-0.0167426573971592,0.152538450245643,0.0695719491787458
