"Posterior_Mean","Posterior_SD","Posterior_LB","Posterior_UB","prob"
0.0830243756687343,0.0440331139584814,-0.0015368972108789,0.168461668102302,0.0293713895574695
