"Posterior_Mean","Posterior_SD","Posterior_LB","Posterior_UB","prob"
-0.0721014419542431,0.0487486419973352,-0.164475636624444,0.0277001523735231,0.925624238931675
