"Posterior_Mean","Posterior_SD","Posterior_LB","Posterior_UB","prob"
-0.0544184305130919,0.042296879120852,-0.141099787246142,0.0269474368953275,0.900477504563352
