"Posterior_Mean","Posterior_SD","Posterior_LB","Posterior_UB","prob"
0.0719979552168795,0.0445215898916626,-0.0199380211776716,0.160340401604554,0.0544884515688743
