"Posterior_Mean","Posterior_SD","Posterior_LB","Posterior_UB","prob"
0.110994865398471,0.0441964248820497,0.0210565455129902,0.197840064520967,0.00452855558963111
