"Posterior_Mean","Posterior_SD","Posterior_LB","Posterior_UB","prob"
-0.026183975501521,0.0461871701895116,-0.11799313181385,0.067674101721903,0.708069260042543
