"Posterior_Mean","Posterior_SD","Posterior_LB","Posterior_UB","prob"
-0.0180509676552867,0.0439247054934763,-0.105524986900889,0.0654634622134901,0.653717599347871
