"Posterior_Mean","Posterior_SD","Posterior_LB","Posterior_UB","prob"
0.0287843090828422,0.048510356136744,-0.0715418341589451,0.159566601301449,0.319583749748776
