"Posterior_Mean","Posterior_SD","Posterior_LB","Posterior_UB","prob"
0.0208974477181954,0.0464556621393111,-0.0696589895501744,0.124222390936085,0.33981200979841
