"Posterior_Mean","Posterior_SD","Posterior_LB","Posterior_UB","prob"
-0.0685454195993326,0.0446381540826597,-0.157490306640271,0.0187072900804434,0.940881594049141
