"Posterior_Mean","Posterior_SD","Posterior_LB","Posterior_UB","prob"
0.00503411218526436,0.045082561672254,-0.0840349388420489,0.0949785802719559,0.459452101743378
