"Posterior_Mean","Posterior_SD","Posterior_LB","Posterior_UB","prob"
-0.0599709538439463,0.044277144276399,-0.151256678452154,0.0323536866535614,0.910807307699097
