"Posterior_Mean","Posterior_SD","Posterior_LB","Posterior_UB","prob"
-0.0247802544801374,0.0447638048812132,-0.111800250318956,0.0667838171319373,0.722036732410478
