"Posterior_Mean","Posterior_SD","Posterior_LB","Posterior_UB","prob"
-0.0127158893157773,0.0441183209220843,-0.0994971026767117,0.0728040673120483,0.621405894233966
