"Posterior_Mean","Posterior_SD","Posterior_LB","Posterior_UB","prob"
0.0479741402081442,0.0450828542651884,-0.0422311598566623,0.138326077769233,0.144669017764323
