"Posterior_Mean","Posterior_SD","Posterior_LB","Posterior_UB","prob"
-0.030001724610314,0.0434189984101478,-0.116018631642424,0.0543850538477077,0.747686300631759
