"Posterior_Mean","Posterior_SD","Posterior_LB","Posterior_UB","prob"
0.028124739980134,0.0457985568661384,-0.0626724323701325,0.118478569257069,0.271814010851667
