"Posterior_Mean","Posterior_SD","Posterior_LB","Posterior_UB","prob"
-0.054053555697953,0.0436750331867203,-0.145841166912429,0.0458116865543234,0.877590028802093
