"Posterior_Mean","Posterior_SD","Posterior_LB","Posterior_UB","prob"
0.00118659584014116,0.0458156423631358,-0.105708515829137,0.0966896585699091,0.472250466514123
