"Posterior_Mean","Posterior_SD","Posterior_LB","Posterior_UB","prob"
-0.024552292328001,0.0464068345289268,-0.118921389373221,0.0708179460347925,0.694155789628295
