"Posterior_Mean","Posterior_SD","Posterior_LB","Posterior_UB","prob"
0.0506630897179164,0.0432380434432687,-0.0320847217686373,0.133582973031802,0.128145515936852
