"Posterior_Mean","Posterior_SD","Posterior_LB","Posterior_UB","prob"
0.000331352317778665,0.0448080753114831,-0.0911298663672216,0.0937492316160018,0.50368040873811
