"Posterior_Mean","Posterior_SD","Posterior_LB","Posterior_UB","prob"
-0.00616790785647585,0.0431991982261932,-0.0899300025031319,0.0770120447553736,0.560718778061817
