"Posterior_Mean","Posterior_SD","Posterior_LB","Posterior_UB","prob"
-0.0210851352225325,0.0513300257711547,-0.145352100262213,0.094937665098949,0.622085271295752
