"Posterior_Mean","Posterior_SD","Posterior_LB","Posterior_UB","prob"
0.0133807147351472,0.0431404635544072,-0.0746438071841487,0.0980742080125856,0.366034621799008
