"Posterior_Mean","Posterior_SD","Posterior_LB","Posterior_UB","prob"
-0.0172853863214927,0.0471152069045292,-0.108305299001557,0.0779773201090704,0.647549722050951
