"Posterior_Mean","Posterior_SD","Posterior_LB","Posterior_UB","prob"
-0.0270108062463166,0.0424621119496562,-0.106412830700714,0.0614732742135099,0.74529450166626
