"Posterior_Mean","Posterior_SD","Posterior_LB","Posterior_UB","prob"
0.0351879053733387,0.0448703311636498,-0.0491472553211613,0.122496916000921,0.2224967387999
