"Posterior_Mean","Posterior_SD","Posterior_LB","Posterior_UB","prob"
-0.0555390044882898,0.0506865236953664,-0.165484923432912,0.0589055694148129,0.836909097067833
