"Posterior_Mean","Posterior_SD","Posterior_LB","Posterior_UB","prob"
0.0484033626960685,0.0453633397974911,-0.038473643357067,0.135470067615513,0.14946234055466
