"Posterior_Mean","Posterior_SD","Posterior_LB","Posterior_UB","prob"
0.0219740883215285,0.0440478294219782,-0.0653027536555055,0.11157163011084,0.306591180077524
