"Posterior_Mean","Posterior_SD","Posterior_LB","Posterior_UB","prob"
0.0624960424411452,0.0443808300305952,-0.0250224485223357,0.151294093665488,0.0771024402858278
