"Posterior_Mean","Posterior_SD","Posterior_LB","Posterior_UB","prob"
0.0640434352323985,0.046212833527942,-0.0289675267153077,0.157843930740312,0.0904333558195001
