"Posterior_Mean","Posterior_SD","Posterior_LB","Posterior_UB","prob"
0.0170603437910723,0.0448751111166319,-0.0703482722723387,0.106321773888863,0.355919803045572
