"Posterior_Mean","Posterior_SD","Posterior_LB","Posterior_UB","prob"
0.00441114160107577,0.0445881416697131,-0.0844070601225197,0.0902804787847437,0.444406064120398
