"Posterior_Mean","Posterior_SD","Posterior_LB","Posterior_UB","prob"
-0.027185098542176,0.0435348551078769,-0.114736007711876,0.0533978491215359,0.725202961493956
