"Posterior_Mean","Posterior_SD","Posterior_LB","Posterior_UB","prob"
-0.0152047873950972,0.0462229270596038,-0.104055481440393,0.0798113002622499,0.632434850173768
