"Posterior_Mean","Posterior_SD","Posterior_LB","Posterior_UB","prob"
0.0157063952014458,0.0429359063765062,-0.0730719141138733,0.117076942818695,0.376781897950599
