"Posterior_Mean","Posterior_SD","Posterior_LB","Posterior_UB","prob"
0.00519645635906841,0.0438549838231285,-0.0875626414614857,0.0913794017736418,0.450090335786416
