"Posterior_Mean","Posterior_SD","Posterior_LB","Posterior_UB","prob"
-0.0390343268230882,0.0453587692585121,-0.133419311403044,0.0485948821498624,0.796052066891801
