"Posterior_Mean","Posterior_SD","Posterior_LB","Posterior_UB","prob"
0.0460780153287746,0.0440475119503943,-0.0402252462129421,0.130662614461394,0.147301955947406
