"Posterior_Mean","Posterior_SD","Posterior_LB","Posterior_UB","prob"
-0.0243859191530125,0.0443164584866788,-0.114193885613921,0.0688026374813248,0.716427350140704
