"Posterior_Mean","Posterior_SD","Posterior_LB","Posterior_UB","prob"
-0.0251089034756301,0.0451203559230007,-0.11402616089579,0.0622915801236531,0.709821150565048
