"Posterior_Mean","Posterior_SD","Posterior_LB","Posterior_UB","prob"
0.0600943555983625,0.0447588106820977,-0.0276197100836279,0.155336813017172,0.0845513152129069
