"Posterior_Mean","Posterior_SD","Posterior_LB","Posterior_UB","prob"
-0.00104561484156257,0.0481157665443609,-0.0979848939595519,0.0975320021386401,0.518802691401626
