"Posterior_Mean","Posterior_SD","Posterior_LB","Posterior_UB","prob"
0.0499846656114955,0.0449015822852486,-0.0397210788134093,0.135903103733894,0.13596349047681
