"Posterior_Mean","Posterior_SD","Posterior_LB","Posterior_UB","prob"
0.02196727064939,0.046446690060833,-0.0666968637391296,0.117403829713553,0.311903375542399
