"Posterior_Mean","Posterior_SD","Posterior_LB","Posterior_UB","prob"
-0.0219090289179225,0.0429926028901746,-0.111502064763724,0.0675063992654014,0.705052122567304
