"Posterior_Mean","Posterior_SD","Posterior_LB","Posterior_UB","prob"
0.0309313582494892,0.0456892621888104,-0.0616559421771378,0.119781572584823,0.247472499023311
