"Posterior_Mean","Posterior_SD","Posterior_LB","Posterior_UB","prob"
0.00736645057229706,0.0441406920832393,-0.0757094214061659,0.0967957964291779,0.44355288702336
