"Posterior_Mean","Posterior_SD","Posterior_LB","Posterior_UB","prob"
0.0662159985592081,0.0460959930306612,-0.024278731377964,0.157234793219209,0.0716174884986938
