"Posterior_Mean","Posterior_SD","Posterior_LB","Posterior_UB","prob"
-0.0684520762842317,0.0445928963807956,-0.15906080865342,0.0143566244551303,0.937782797292851
