"Posterior_Mean","Posterior_SD","Posterior_LB","Posterior_UB","prob"
0.083001447961306,0.0466111799364823,-0.0119230134078663,0.185297364515889,0.0456407708293424
