"Posterior_Mean","Posterior_SD","Posterior_LB","Posterior_UB","prob"
-0.0581493599865444,0.0435687772882856,-0.145084163820753,0.0279415876827505,0.90400645188656
