"Posterior_Mean","Posterior_SD","Posterior_LB","Posterior_UB","prob"
0.0867299031776433,0.0434690436192352,-0.00146316429029153,0.171228130916447,0.0284002323595509
