"Posterior_Mean","Posterior_SD","Posterior_LB","Posterior_UB","prob"
-0.0021573715883864,0.0420238499117066,-0.0839030049810686,0.0777573172053659,0.509862077630176
