"Posterior_Mean","Posterior_SD","Posterior_LB","Posterior_UB","prob"
-0.0975507866743651,0.0480206537632714,-0.193174807889197,5.39009524930245e-06,0.974884465527921
