"Posterior_Mean","Posterior_SD","Posterior_LB","Posterior_UB","prob"
-0.0263298058979177,0.049186355392744,-0.13234887473027,0.0844403525538261,0.696758541994477
