"Posterior_Mean","Posterior_SD","Posterior_LB","Posterior_UB","prob"
0.0315413837260924,0.0420778915905988,-0.0512767752686323,0.114669296717065,0.227758658479236
