"Posterior_Mean","Posterior_SD","Posterior_LB","Posterior_UB","prob"
-0.00901149863387139,0.0445403880611207,-0.0966848609788733,0.0746648061226722,0.569528881166465
