"Posterior_Mean","Posterior_SD","Posterior_LB","Posterior_UB","prob"
-0.0279232199308255,0.0448175820210591,-0.116477502133615,0.0604064350063149,0.720468512442701
