"Posterior_Mean","Posterior_SD","Posterior_LB","Posterior_UB","prob"
0.0120928367716352,0.0427639935277064,-0.0727587204224141,0.0972898294061866,0.390047029194397
