"Posterior_Mean","Posterior_SD","Posterior_LB","Posterior_UB","prob"
0.0594764528861708,0.043536022537483,-0.0253327095079375,0.14731930760697,0.0855102887572145
