"Posterior_Mean","Posterior_SD","Posterior_LB","Posterior_UB","prob"
0.0320430171024225,0.050903342495409,-0.0804935702264292,0.157909838870814,0.298968192433786
