"Posterior_Mean","Posterior_SD","Posterior_LB","Posterior_UB","prob"
0.00864238567583687,0.0442258370195099,-0.0793743438284549,0.0939451601855798,0.422307523233293
