"Posterior_Mean","Posterior_SD","Posterior_LB","Posterior_UB","prob"
-0.0232622206986721,0.0448833265575834,-0.110618675623633,0.0631465870801629,0.698895896658227
