"Posterior_Mean","Posterior_SD","Posterior_LB","Posterior_UB","prob"
0.0757921592829477,0.0450773635207359,-0.0138177902688925,0.166110307198006,0.0475286130211418
