"Posterior_Mean","Posterior_SD","Posterior_LB","Posterior_UB","prob"
0.0514389226274161,0.0458807194296209,-0.0390947423214237,0.137649590855059,0.135171651156221
