"Posterior_Mean","Posterior_SD","Posterior_LB","Posterior_UB","prob"
0.030106866261702,0.0431391527976057,-0.0554311679797995,0.112171161019065,0.241664905481678
