"Posterior_Mean","Posterior_SD","Posterior_LB","Posterior_UB","prob"
0.0588049933423526,0.0482668488813074,-0.0415003000991159,0.167688713812915,0.142220435124828
