"Posterior_Mean","Posterior_SD","Posterior_LB","Posterior_UB","prob"
0.183674917217271,0.0689765654216331,0.0239119259534951,0.390150717952733,0.0100930537551261
