"Posterior_Mean","Posterior_SD","Posterior_LB","Posterior_UB","prob"
-0.019593280953138,0.0437342063958831,-0.108043682051587,0.0716248502997491,0.666240018959623
