"Posterior_Mean","Posterior_SD","Posterior_LB","Posterior_UB","prob"
-0.0186168788007494,0.0451081487230548,-0.110783695566857,0.0702753362843558,0.654514107739482
