"Posterior_Mean","Posterior_SD","Posterior_LB","Posterior_UB","prob"
-0.0356681820487201,0.0492598412998119,-0.137234477319902,0.116742361040027,0.779911625111136
