"Posterior_Mean","Posterior_SD","Posterior_LB","Posterior_UB","prob"
0.102604540910255,0.0439597020865258,0.0166934615197369,0.188725144523147,0.0117358364247788
