"Posterior_Mean","Posterior_SD","Posterior_LB","Posterior_UB","prob"
-0.0274444285652742,0.0470033943778908,-0.1216294702209,0.0688069109586469,0.717083085765225
