"Posterior_Mean","Posterior_SD","Posterior_LB","Posterior_UB","prob"
-0.0313319825587944,0.0429049641704656,-0.116223772590627,0.0534011740566271,0.76442840248087
