"Posterior_Mean","Posterior_SD","Posterior_LB","Posterior_UB","prob"
-0.0874255043722551,0.0441182472676209,-0.173413139837675,-0.00274195210584173,0.97975676391587
