"Posterior_Mean","Posterior_SD","Posterior_LB","Posterior_UB","prob"
0.13297884202377,0.0454324070894194,0.0422222004861584,0.223405509833638,0.000544425724615663
