"Posterior_Mean","Posterior_SD","Posterior_LB","Posterior_UB","prob"
0.0824325997343351,0.0427197640552079,-0.00279140032496828,0.167130881975935,0.0284687818312643
