"Posterior_Mean","Posterior_SD","Posterior_LB","Posterior_UB","prob"
0.00747478531200647,0.0460215533828956,-0.0771075359047868,0.0957685841477142,0.436459832481773
