"Posterior_Mean","Posterior_SD","Posterior_LB","Posterior_UB","prob"
-0.0453928996119588,0.0460463747872649,-0.138028028342034,0.0527019128116242,0.829672354389314
