"Posterior_Mean","Posterior_SD","Posterior_LB","Posterior_UB","prob"
-0.0785542233558745,0.0489420920787682,-0.204735393008013,0.0468252425970357,0.888743257151598
