"Posterior_Mean","Posterior_SD","Posterior_LB","Posterior_UB","prob"
0.0130465142853674,0.0424519610116773,-0.0701436985352963,0.0940698311876127,0.38803775398252
