"Posterior_Mean","Posterior_SD","Posterior_LB","Posterior_UB","prob"
-0.0519928256816174,0.0430223717396356,-0.134635422450974,0.0306986480272028,0.874006835965778
