"Posterior_Mean","Posterior_SD","Posterior_LB","Posterior_UB","prob"
0.0225203369979105,0.0447172257624084,-0.0657564206609752,0.109598348892012,0.296008111510618
