"Posterior_Mean","Posterior_SD","Posterior_LB","Posterior_UB","prob"
-0.0079238862740497,0.0461436788872885,-0.101522326036745,0.0897569937398804,0.566465333328579
