"Posterior_Mean","Posterior_SD","Posterior_LB","Posterior_UB","prob"
-0.00103827415772457,0.0427880569224706,-0.0823674646138112,0.0862239348540523,0.524714309141766
