"Posterior_Mean","Posterior_SD","Posterior_LB","Posterior_UB","prob"
0.020664113980682,0.0428340267810148,-0.0583486095099659,0.104737711598303,0.328490239318018
