"Posterior_Mean","Posterior_SD","Posterior_LB","Posterior_UB","prob"
0.0653894981595979,0.0490290395015866,-0.0314080617038546,0.170706620988085,0.101563074711008
