"Posterior_Mean","Posterior_SD","Posterior_LB","Posterior_UB","prob"
-0.0235350443644696,0.0462029087325794,-0.116956240775222,0.074905649737737,0.693263212831254
