"Posterior_Mean","Posterior_SD","Posterior_LB","Posterior_UB","prob"
-0.019146839961317,0.045996688176849,-0.10983957693522,0.0680378495156087,0.662936362574593
