"Posterior_Mean","Posterior_SD","Posterior_LB","Posterior_UB","prob"
0.0298918248291582,0.0442073031900455,-0.0556454575135728,0.116055809194864,0.256068266493892
