"Posterior_Mean","Posterior_SD","Posterior_LB","Posterior_UB","prob"
-0.0424963978175114,0.0452022419614126,-0.128615159471009,0.0416395806723729,0.822482495765051
