"Posterior_Mean","Posterior_SD","Posterior_LB","Posterior_UB","prob"
0.0604642844013193,0.0444099125859682,-0.0296621728137714,0.148758859012511,0.0840950486438149
