"Posterior_Mean","Posterior_SD","Posterior_LB","Posterior_UB","prob"
0.0837704194386321,0.042859340921717,0.00428350324434791,0.167752171609449,0.0212614205892472
