"Posterior_Mean","Posterior_SD","Posterior_LB","Posterior_UB","prob"
0.0358262386609162,0.0436566314038718,-0.0506372664564483,0.126338953343738,0.205261507474782
