"Posterior_Mean","Posterior_SD","Posterior_LB","Posterior_UB","prob"
-0.0319929149613997,0.0453756376913205,-0.117782765254146,0.0616709066874999,0.760100851992992
