"Posterior_Mean","Posterior_SD","Posterior_LB","Posterior_UB","prob"
0.02688898787231,0.0456579789103406,-0.0758124290816235,0.143202642245225,0.318645881410568
