"Posterior_Mean","Posterior_SD","Posterior_LB","Posterior_UB","prob"
0.0101202968608308,0.0437798276803677,-0.0754578446162578,0.0940914735522747,0.410845013553713
