"Posterior_Mean","Posterior_SD","Posterior_LB","Posterior_UB","prob"
-0.00244854006435172,0.0443711017928886,-0.0927975579290535,0.0846954936787095,0.522059535961097
