"Posterior_Mean","Posterior_SD","Posterior_LB","Posterior_UB","prob"
0.0143969425475912,0.0435104409835243,-0.0709841858687701,0.101809389149575,0.374047550615758
