"Posterior_Mean","Posterior_SD","Posterior_LB","Posterior_UB","prob"
-0.00700792708946502,0.0471102501808445,-0.103047288527344,0.105422438204997,0.575243886751321
