"Posterior_Mean","Posterior_SD","Posterior_LB","Posterior_UB","prob"
-0.0185013099360433,0.0459337601932254,-0.114790845592845,0.0810373770366575,0.648530859250305
