"Posterior_Mean","Posterior_SD","Posterior_LB","Posterior_UB","prob"
0.0364778227569844,0.0471844081755845,-0.062959336115718,0.132905182140742,0.230013094577354
