"Posterior_Mean","Posterior_SD","Posterior_LB","Posterior_UB","prob"
0.051192069390698,0.0443860973144623,-0.0364859638985922,0.137643546211647,0.135317231093166
