"Posterior_Mean","Posterior_SD","Posterior_LB","Posterior_UB","prob"
-0.030192772042599,0.0457329042535675,-0.114950410510604,0.0641047474444559,0.747126518724628
