"Posterior_Mean","Posterior_SD","Posterior_LB","Posterior_UB","prob"
0.043158214484233,0.0440951564336871,-0.0445831424724148,0.130121978382076,0.162487886386308
