"Posterior_Mean","Posterior_SD","Posterior_LB","Posterior_UB","prob"
-0.0819035801380513,0.0450757349169524,-0.171247684503468,0.00898858936480469,0.960885868383681
