"Posterior_Mean","Posterior_SD","Posterior_LB","Posterior_UB","prob"
-0.0189769986350028,0.0468987302045948,-0.126478585460401,0.0802371123336293,0.633166838971339
