"Posterior_Mean","Posterior_SD","Posterior_LB","Posterior_UB","prob"
-0.0216661095250093,0.04603957085257,-0.119191585111472,0.0753567140466303,0.681001280878774
