"Posterior_Mean","Posterior_SD","Posterior_LB","Posterior_UB","prob"
0.0245425364426295,0.0451645704594388,-0.0629962344435564,0.115188398397918,0.300268826903674
