"Posterior_Mean","Posterior_SD","Posterior_LB","Posterior_UB","prob"
0.0522122006800757,0.0462784129317378,-0.0468999351562953,0.170070362081138,0.153870598761475
