"","Posterior_Mean","Posterior_SD","Posterior_LB","Posterior_UB"
"1",0.0318488157227687,0.0420209752347241,-0.0485154373969358,0.114039627587045
