"","Posterior_Mean","Posterior_SD","Posterior_LB","Posterior_UB"
"1",-0.0264187593917849,0.0435910481573026,-0.115719563624382,0.06023074184425
