"","Posterior_Mean","Posterior_SD","Posterior_LB","Posterior_UB"
"1",-0.0585514519776173,0.0405779509481813,-0.135656543717509,0.0210724059937122
