"","Posterior_Mean","Posterior_SD","Posterior_LB","Posterior_UB"
"1",-0.0938884171136494,0.0453414785870493,-0.182284481008837,-0.00476943784910935
