"","Posterior_Mean","Posterior_SD","Posterior_LB","Posterior_UB"
"1",0.0720551778954885,0.0424832549271787,-0.0112443827955211,0.15633486238833
