"","Posterior_Mean","Posterior_SD","Posterior_LB","Posterior_UB"
"1",0.0280999757178924,0.0413326787911017,-0.0542760675935484,0.1087144442651
