"","Posterior_Mean","Posterior_SD","Posterior_LB","Posterior_UB"
"1",0.0214348622729737,0.0410002662199399,-0.0577322578384013,0.102791104814457
