"","Posterior_Mean","Posterior_SD","Posterior_LB","Posterior_UB"
"1",-0.0481555982935107,0.0443113590921586,-0.134104238953982,0.0390075635851324
