"","Posterior_Mean","Posterior_SD","Posterior_LB","Posterior_UB"
"1",-0.0202422900884851,0.0414259303794208,-0.100264907149533,0.0620643569389089
