"","Posterior_Mean","Posterior_SD","Posterior_LB","Posterior_UB"
"1",-0.102615595073234,0.0421862239400869,-0.183559310897926,-0.0203259166467402
