"Posterior_Mean","Posterior_SD","Posterior_LB","Posterior_UB","prob"
0.0418255926812506,0.240141515185586,-0.422338681953218,0.523124203357236,0.434
