"Posterior_Mean","Posterior_SD","Posterior_LB","Posterior_UB","prob"
-0.0803712787389109,0.198528213497334,-0.484245708750858,0.364035992153422,0.673933847432052
