"Posterior_Mean","Posterior_SD","Posterior_LB","Posterior_UB","prob"
0.141026401804501,0.221996833642628,-0.316223070648997,0.610754941965205,0.278995515673313
