"Posterior_Mean","Posterior_SD","Posterior_LB","Posterior_UB","prob"
0.0753998349304566,0.237055461899183,-0.396326722996618,0.530676482269042,0.3745
