"Posterior_Mean","Posterior_SD","Posterior_LB","Posterior_UB","prob"
0.103594066282084,0.228734246572799,-0.336799423483096,0.544535947265409,0.331330876446233
