"Posterior_Mean","Posterior_SD","Posterior_LB","Posterior_UB","prob"
-0.038208823262734,0.235903120021788,-0.494459288878905,0.400866307846436,0.554501768022556
