"Posterior_Mean","Posterior_SD","Posterior_LB","Posterior_UB","prob"
0.335041761628269,0.232557418991571,-0.113405535065623,0.787339986058322,0.0716666666666667
