"Posterior_Mean","Posterior_SD","Posterior_LB","Posterior_UB","prob"
-0.152988520021873,0.23590056616129,-0.605680261108085,0.287769046106864,0.739670442322059
