"Posterior_Mean","Posterior_SD","Posterior_LB","Posterior_UB","prob"
-0.119205683355206,0.227683188924458,-0.572194481175662,0.33189086187032,0.708260760843089
