"Posterior_Mean","Posterior_SD","Posterior_LB","Posterior_UB","prob"
0.160589215535128,0.237182281749841,-0.313063672093697,0.622845133139444,0.25950113602116
