"Posterior_Mean","Posterior_SD","Posterior_LB","Posterior_UB","prob"
-0.0369811508477196,0.239226721101577,-0.509455040513767,0.44923571187501,0.559807937736405
