"Posterior_Mean","Posterior_SD","Posterior_LB","Posterior_UB","prob"
-0.0317417965885268,0.238398428831301,-0.503547773181168,0.4446202444499,0.546651454366055
