"Posterior_Mean","Posterior_SD","Posterior_LB","Posterior_UB","prob"
0.145960544651679,0.233765528100966,-0.310978220615711,0.624433843202997,0.256506110112169
