"Posterior_Mean","Posterior_SD","Posterior_LB","Posterior_UB","prob"
0.68653956695496,0.237320099807263,0.23884530630581,1.16415150486846,0.00150000073854085
