"Posterior_Mean","Posterior_SD","Posterior_LB","Posterior_UB","prob"
-0.178509760762365,0.184716996015724,-0.559059343230595,0.202050581062583,0.831957017497836
