"Posterior_Mean","Posterior_SD","Posterior_LB","Posterior_UB","prob"
-0.384783857869354,0.216646364435601,-0.815231610709259,0.0712380778518011,0.954739663429111
