"Posterior_Mean","Posterior_SD","Posterior_LB","Posterior_UB","prob"
0.16684123270592,0.239131501226761,-0.294595013397759,0.644883023896003,0.238666666666667
