"Posterior_Mean","Posterior_SD","Posterior_LB","Posterior_UB","prob"
-0.118050821649442,0.231050595631983,-0.589568712172942,0.324738841307016,0.692344149705084
