"Posterior_Mean","Posterior_SD","Posterior_LB","Posterior_UB","prob"
0.181083982530022,0.240133780974273,-0.300067167485242,0.645519436615831,0.225771717046218
