"Posterior_Mean","Posterior_SD","Posterior_LB","Posterior_UB","prob"
0.429128356577613,0.234270288376515,-0.0332963885858958,0.897166818502464,0.034
