"Posterior_Mean","Posterior_SD","Posterior_LB","Posterior_UB","prob"
0.217274538358024,0.235234512763615,-0.246516775414083,0.673136802997469,0.1785
