"Posterior_Mean","Posterior_SD","Posterior_LB","Posterior_UB","prob"
0.121237938819301,0.232586723394125,-0.350069781384732,0.587168762808535,0.302
