"Posterior_Mean","Posterior_SD","Posterior_LB","Posterior_UB","prob"
-0.0989587950063035,0.206483802781083,-0.501982421502605,0.35465934349682,0.690113463638864
