"Posterior_Mean","Posterior_SD","Posterior_LB","Posterior_UB","prob"
-0.287131240195271,0.199825942663603,-0.69040908023535,0.114379208829135,0.924915046611443
