"Posterior_Mean","Posterior_SD","Posterior_LB","Posterior_UB","prob"
-0.0881770752407252,0.238048573466677,-0.558760710795482,0.372901478023669,0.6415
