"Posterior_Mean","Posterior_SD","Posterior_LB","Posterior_UB","prob"
0.280802635642553,0.240544582384058,-0.212513720984209,0.767966044903495,0.131468214449538
