"Posterior_Mean","Posterior_SD","Posterior_LB","Posterior_UB","prob"
-0.216493073571567,0.231879668880136,-0.672175522158479,0.226261200041816,0.820166666666667
