"Posterior_Mean","Posterior_SD","Posterior_LB","Posterior_UB","prob"
-0.172136810716468,0.249547644793459,-0.665102017562305,0.318583851667263,0.749333333333333
