"Posterior_Mean","Posterior_SD","Posterior_LB","Posterior_UB","prob"
-0.185740314961725,0.212758425624613,-0.602292386300484,0.223472838842409,0.808805670063649
