"Posterior_Mean","Posterior_SD","Posterior_LB","Posterior_UB","prob"
-0.0364371762619199,0.235035877128422,-0.503428882123984,0.437677387006223,0.565512499559586
