"Posterior_Mean","Posterior_SD","Posterior_LB","Posterior_UB","prob"
0.460564518208653,0.232706368588676,0.0126257038900503,0.938733776130457,0.0210118160422998
