"Posterior_Mean","Posterior_SD","Posterior_LB","Posterior_UB","prob"
-0.0107696929487976,0.224475677387441,-0.457361278707738,0.421750474123734,0.523884938255397
