"Posterior_Mean","Posterior_SD","Posterior_LB","Posterior_UB","prob"
-0.273335820502416,0.229542656308701,-0.729598161025043,0.180011401414646,0.888833333333333
