"Posterior_Mean","Posterior_SD","Posterior_LB","Posterior_UB","prob"
0.0218909722535197,0.219332529779095,-0.410366578371231,0.496738506760009,0.479331397840739
