"Posterior_Mean","Posterior_SD","Posterior_LB","Posterior_UB","prob"
0.335373877226928,0.240585550778103,-0.134743855405575,0.806306682089708,0.0855
