"Posterior_Mean","Posterior_SD","Posterior_LB","Posterior_UB","prob"
0.0164735611189169,0.20911834235095,-0.406279687789873,0.451023358162099,0.473119202795781
