"Posterior_Mean","Posterior_SD","Posterior_LB","Posterior_UB","prob"
0.19017644795264,0.242734416747674,-0.285441666079983,0.684486353917159,0.218498716972949
