"Posterior_Mean","Posterior_SD","Posterior_LB","Posterior_UB","prob"
-0.140882466726004,0.201885339591754,-0.539610597565549,0.263524866495286,0.764188448204358
