"Posterior_Mean","Posterior_SD","Posterior_LB","Posterior_UB","prob"
-0.0748479706575402,0.231424382947031,-0.523213180976613,0.383744872950824,0.625333333333333
