"Posterior_Mean","Posterior_SD","Posterior_LB","Posterior_UB","prob"
-0.242914792949716,0.237032314025136,-0.71088584973887,0.213448763729397,0.841952695222722
