"Posterior_Mean","Posterior_SD","Posterior_LB","Posterior_UB","prob"
0.119513798384686,0.232134699862298,-0.323523646535503,0.581159412274636,0.305909857911734
