"Posterior_Mean","Posterior_SD","Posterior_LB","Posterior_UB","prob"
-0.0585000069817942,0.250233288224241,-0.536873749754164,0.427693058517787,0.593104282888269
