"Posterior_Mean","Posterior_SD","Posterior_LB","Posterior_UB","prob"
-0.118051757298627,0.237594059877313,-0.587115013243276,0.350514852869954,0.693166666666667
