"Posterior_Mean","Posterior_SD","Posterior_LB","Posterior_UB","prob"
0.259237328236219,0.24590554002348,-0.205116188150238,0.761334398996806,0.147500546039901
