"Posterior_Mean","Posterior_SD","Posterior_LB","Posterior_UB","prob"
-0.41037472901699,0.227637864047346,-0.852778461086049,0.0313415073217273,0.964333333333333
