"Posterior_Mean","Posterior_SD","Posterior_LB","Posterior_UB","prob"
0.259282044449185,0.253983635942079,-0.220769754391491,0.776961126770546,0.153833333333333
