"Posterior_Mean","Posterior_SD","Posterior_LB","Posterior_UB","prob"
-0.0127093150839925,0.250738436892581,-0.518988220728498,0.477769040821081,0.534910584573852
