"Posterior_Mean","Posterior_SD","Posterior_LB","Posterior_UB","prob"
0.233631315010717,0.24312254499165,-0.248674611266847,0.716348715446002,0.164137918039618
