"Posterior_Mean","Posterior_SD","Posterior_LB","Posterior_UB","prob"
0.340857791417005,0.240337072640643,-0.131471910118924,0.821505300145545,0.0785201306451841
