"Posterior_Mean","Posterior_SD","Posterior_LB","Posterior_UB","prob"
0.206099071986659,0.249506616296677,-0.281749342592687,0.702633935054857,0.202127816377237
