"Posterior_Mean","Posterior_SD","Posterior_LB","Posterior_UB","prob"
0.210099061738844,0.229551871376711,-0.234701072415291,0.652281065599239,0.187612457124959
