"Posterior_Mean","Posterior_SD","Posterior_LB","Posterior_UB","prob"
0.249768804443546,0.210352282927367,-0.179628845582944,0.72022120857024,0.14491192885091
