"Posterior_Mean","Posterior_SD","Posterior_LB","Posterior_UB","prob"
-0.0769853112366488,0.229007442500775,-0.538641835695302,0.363155208919118,0.644930850207865
