"Posterior_Mean","Posterior_SD","Posterior_LB","Posterior_UB","prob"
0.00716663672543864,0.224055870286577,-0.429804903343439,0.478479511156141,0.489511969743778
