"Posterior_Mean","Posterior_SD","Posterior_LB","Posterior_UB","prob"
-0.00180836238983082,0.226927099231702,-0.443217657814228,0.460603854882957,0.50558769173764
