"Posterior_Mean","Posterior_SD","Posterior_LB","Posterior_UB","prob"
0.253171020503914,0.225044765323884,-0.197296890930119,0.710929096915958,0.120535689215769
