"Posterior_Mean","Posterior_SD","Posterior_LB","Posterior_UB","prob"
-0.0416287519157997,0.210172230964772,-0.470444843875145,0.435850922518006,0.574384560395009
