"Posterior_Mean","Posterior_SD","Posterior_LB","Posterior_UB","prob"
0.0156041450556659,0.239549521752813,-0.476736216758656,0.508717565345814,0.481414622898379
