"Posterior_Mean","Posterior_SD","Posterior_LB","Posterior_UB","prob"
-0.386137874579765,0.240838270457528,-0.860719961232862,0.0899870708578268,0.946666666666667
