"Posterior_Mean","Posterior_SD","Posterior_LB","Posterior_UB","prob"
-0.352764715959658,0.219210819706285,-0.773273154230276,0.0991560329889461,0.943489739843873
