"Posterior_Mean","Posterior_SD","Posterior_LB","Posterior_UB","prob"
0.0207794897607532,0.180569112438118,-0.352086333318552,0.483299919332695,0.487903469011106
