"Posterior_Mean","Posterior_SD","Posterior_LB","Posterior_UB","prob"
0.0358369170219205,0.243922705551544,-0.418689881082713,0.51497155028915,0.451000330279242
