"Posterior_Mean","Posterior_SD","Posterior_LB","Posterior_UB","prob"
-0.160788667351053,0.21312546637447,-0.57653484104051,0.266896519861311,0.772150571744727
