"Posterior_Mean","Posterior_SD","Posterior_LB","Posterior_UB","prob"
-0.337050769922268,0.238492439536842,-0.790275990629258,0.142645045270586,0.921485130238214
