"Posterior_Mean","Posterior_SD","Posterior_LB","Posterior_UB","prob"
-0.192214345050606,0.214178724987982,-0.628473461811382,0.247133532955837,0.823081921222822
