"Posterior_Mean","Posterior_SD","Posterior_LB","Posterior_UB","prob"
0.0469702384789913,0.236611331117125,-0.415472889245476,0.518510805888793,0.423313495036473
