"Posterior_Mean","Posterior_SD","Posterior_LB","Posterior_UB","prob"
-0.369845355733227,0.231587218934368,-0.814371564121879,0.0848732005593003,0.9415
