"Posterior_Mean","Posterior_SD","Posterior_LB","Posterior_UB","prob"
0.239909617776935,0.24224544328865,-0.249040063269048,0.705999170320623,0.158154099709351
