"Posterior_Mean","Posterior_SD","Posterior_LB","Posterior_UB","prob"
0.526715284649918,0.239491269065447,0.074448883096315,0.996071242785438,0.0131666666666667
