"Posterior_Mean","Posterior_SD","Posterior_LB","Posterior_UB","prob"
0.213702056020272,0.215034903563921,-0.236784131597188,0.675753498588292,0.185093095267304
