"Posterior_Mean","Posterior_SD","Posterior_LB","Posterior_UB","prob"
-0.186223418861036,0.24353297402954,-0.680906809947623,0.293139166421038,0.784833333333333
