"Posterior_Mean","Posterior_SD","Posterior_LB","Posterior_UB","prob"
-0.202004996336792,0.23726226037954,-0.672422927515937,0.256488030441267,0.802488794031415
