"Posterior_Mean","Posterior_SD","Posterior_LB","Posterior_UB","prob"
-0.172181292598724,0.230673393633621,-0.638599284547138,0.280174442428991,0.768774376250864
