"Posterior_Mean","Posterior_SD","Posterior_LB","Posterior_UB","prob"
-0.267591665509269,0.229975162782124,-0.72393522969982,0.172153828247024,0.8745
