"Posterior_Mean","Posterior_SD","Posterior_LB","Posterior_UB","prob"
0.0988456967624678,0.231658942999966,-0.36366949750093,0.562454366239023,0.339251712557446
