"Posterior_Mean","Posterior_SD","Posterior_LB","Posterior_UB","prob"
-0.338320452491421,0.242679605595511,-0.828007433817141,0.145179035035014,0.926000082056435
