"Posterior_Mean","Posterior_SD","Posterior_LB","Posterior_UB","prob"
-0.302069166723395,0.248312699776186,-0.792329259647094,0.187864327640469,0.886420036861048
