"Posterior_Mean","Posterior_SD","Posterior_LB","Posterior_UB","prob"
0.12670916812025,0.248701180495572,-0.374102281007092,0.609449587630634,0.322633073808342
