"Posterior_Mean","Posterior_SD","Posterior_LB","Posterior_UB","prob"
-0.0386753389126133,0.236564250710794,-0.498985147701221,0.443409060847871,0.5690000565062
