"Posterior_Mean","Posterior_SD","Posterior_LB","Posterior_UB","prob"
0.320894169403484,0.236680413913903,-0.143059594230856,0.789975967764415,0.0831305094955829
