"Posterior_Mean","Posterior_SD","Posterior_LB","Posterior_UB","prob"
-0.0868089844670506,0.238360906096829,-0.565535265240267,0.363600279587382,0.648034896972809
