"Posterior_Mean","Posterior_SD","Posterior_LB","Posterior_UB","prob"
-0.115798722346558,0.223689625484976,-0.544338061181476,0.31102396365978,0.694994237270258
