"Posterior_Mean","Posterior_SD","Posterior_LB","Posterior_UB","prob"
-0.0743680333736679,0.223265116315414,-0.507637808270118,0.362337718143686,0.625446795857164
