"Posterior_Mean","Posterior_SD","Posterior_LB","Posterior_UB","prob"
-0.378744575777482,0.238158165446913,-0.847814487811622,0.0849957227465177,0.943500163882616
