"Posterior_Mean","Posterior_SD","Posterior_LB","Posterior_UB","prob"
0.0549639459995929,0.226224123934323,-0.386678561963861,0.491308910155063,0.409206801290806
