"Posterior_Mean","Posterior_SD","Posterior_LB","Posterior_UB","prob"
0.0482875773188828,0.218081007823221,-0.379701872203614,0.481192215509074,0.410666666666667
