"Posterior_Mean","Posterior_SD","Posterior_LB","Posterior_UB","prob"
0.287964343701955,0.23422551306373,-0.169632596538782,0.750601463193366,0.106333333333333
