"Posterior_Mean","Posterior_SD","Posterior_LB","Posterior_UB","prob"
-0.0759585431570422,0.225934622649686,-0.52523796585029,0.36460562160463,0.631166666666667
