"Posterior_Mean","Posterior_SD","Posterior_LB","Posterior_UB","prob"
0.24132933948541,0.233577769535007,-0.20528490275388,0.701441465808639,0.152666666666667
