"Posterior_Mean","Posterior_SD","Posterior_LB","Posterior_UB","prob"
0.205368684135493,0.246796103443738,-0.287330670193193,0.687636997356761,0.202
