"Posterior_Mean","Posterior_SD","Posterior_LB","Posterior_UB","prob"
0.15229825380477,0.233354571601284,-0.304389648934517,0.608344469728242,0.2635
