"Posterior_Mean","Posterior_SD","Posterior_LB","Posterior_UB","prob"
-0.170990936119151,0.231763029985292,-0.635391927936904,0.287203636517875,0.7755
