"Posterior_Mean","Posterior_SD","Posterior_LB","Posterior_UB","prob"
-0.216760076843534,0.241364607155955,-0.693997469134634,0.267138580791292,0.817955406692054
