"Posterior_Mean","Posterior_SD","Posterior_LB","Posterior_UB","prob"
-0.131609886121987,0.237582679615701,-0.609124254959387,0.339701183182846,0.710166666666667
