"Posterior_Mean","Posterior_SD","Posterior_LB","Posterior_UB","prob"
0.327023570563714,0.230212502705962,-0.124435323539206,0.797265146658388,0.0778333333333333
