"Posterior_Mean","Posterior_SD","Posterior_LB","Posterior_UB","prob"
-0.167183264670465,0.235207636313252,-0.626823840047882,0.296459072063774,0.755333333333333
