"Posterior_Mean","Posterior_SD","Posterior_LB","Posterior_UB","prob"
0.087551994263024,0.227989713017745,-0.363595683344861,0.523415874081334,0.346500030609993
