"Posterior_Mean","Posterior_SD","Posterior_LB","Posterior_UB","prob"
0.202977777836881,0.210992029131767,-0.220821386396081,0.651797217935305,0.179617393247685
