"Posterior_Mean","Posterior_SD","Posterior_LB","Posterior_UB","prob"
-0.357006256029651,0.230227010228712,-0.812638106989121,0.094612176683171,0.9425
