"Posterior_Mean","Posterior_SD","Posterior_LB","Posterior_UB","prob"
0.268871871988446,0.232195181029766,-0.189371397271322,0.71692302741088,0.119333333333333
