"Posterior_Mean","Posterior_SD","Posterior_LB","Posterior_UB","prob"
0.418658411987625,0.21814179437119,-0.00348413640971051,0.856773772829539,0.0260363188981277
