"Posterior_Mean","Posterior_SD","Posterior_LB","Posterior_UB","prob"
0.0263851021330057,0.225916575134996,-0.405386881885901,0.474999167667952,0.450833333333333
