"Posterior_Mean","Posterior_SD","Posterior_LB","Posterior_UB","prob"
-0.129399478170816,0.234658277173528,-0.587648900684959,0.333015418396011,0.706005450963287
