"Posterior_Mean","Posterior_SD","Posterior_LB","Posterior_UB","prob"
-0.112248986256848,0.2204900266492,-0.554459958903371,0.358280003796719,0.702961009879974
