"Posterior_Mean","Posterior_SD","Posterior_LB","Posterior_UB","prob"
-0.13637283312329,0.236898021194582,-0.609593278959584,0.31849194106299,0.714595712324209
