"Posterior_Mean","Posterior_SD","Posterior_LB","Posterior_UB","prob"
-0.218524837138794,0.249136117644075,-0.709431891388468,0.271709297790763,0.806278705934548
