"Posterior_Mean","Posterior_SD","Posterior_LB","Posterior_UB","prob"
0.0572965067036552,0.227698019478598,-0.383351232570017,0.50418259699714,0.402522873568859
