"Posterior_Mean","Posterior_SD","Posterior_LB","Posterior_UB","prob"
0.414786765075025,0.223623105978887,-0.0283148902979931,0.851097005176704,0.0313333333333333
