"Posterior_Mean","Posterior_SD","Posterior_LB","Posterior_UB","prob"
-0.0270726139035357,0.227539291984984,-0.468633040144701,0.424816134732964,0.553166666666667
