"Posterior_Mean","Posterior_SD","Posterior_LB","Posterior_UB","prob"
0.430392002700202,0.243237575773723,-0.0277508842828046,0.912061115215543,0.0345
