"Posterior_Mean","Posterior_SD","Posterior_LB","Posterior_UB","prob"
-0.185992481239176,0.247316336599625,-0.680301522885181,0.29001732029635,0.7779866627314
