"Posterior_Mean","Posterior_SD","Posterior_LB","Posterior_UB","prob"
-0.173811798705339,0.19392888003481,-0.558960378562201,0.250520630562866,0.814461028730364
