"Posterior_Mean","Posterior_SD","Posterior_LB","Posterior_UB","prob"
-0.185003805369293,0.235851980931366,-0.658547066506835,0.272196333392434,0.787
