"Posterior_Mean","Posterior_SD","Posterior_LB","Posterior_UB","prob"
-0.0770435088096076,0.224500379206001,-0.528570515889511,0.372590634762959,0.62960818122326
