"Posterior_Mean","Posterior_SD","Posterior_LB","Posterior_UB","prob"
-0.0831706654224924,0.238587753533296,-0.575881379615001,0.388484095971862,0.629431317410938
