"Posterior_Mean","Posterior_SD","Posterior_LB","Posterior_UB","prob"
-0.0859441462603624,0.229702264373996,-0.538616982519403,0.364695794285682,0.642166666666667
