"Posterior_Mean","Posterior_SD","Posterior_LB","Posterior_UB","prob"
-0.0111086293415808,0.215778941990799,-0.426746389081195,0.399169049711718,0.52014012085882
