"Posterior_Mean","Posterior_SD","Posterior_LB","Posterior_UB","prob"
-0.0191186478868506,0.226722993064734,-0.470004908750906,0.424321217590921,0.534031405399706
