"Posterior_Mean","Posterior_SD","Posterior_LB","Posterior_UB","prob"
-0.0082689629287389,0.250723604815766,-0.501500810896449,0.480432502244914,0.512166666666667
