"Posterior_Mean","Posterior_SD","Posterior_LB","Posterior_UB","prob"
0.127594776992953,0.2330722071223,-0.340389670009636,0.582654502017462,0.291500010287471
