"Posterior_Mean","Posterior_SD","Posterior_LB","Posterior_UB","prob"
0.0570787024542731,0.244229005778957,-0.419173560842081,0.542549004651544,0.411166666666667
