"Posterior_Mean","Posterior_SD","Posterior_LB","Posterior_UB","prob"
-0.145672647309662,0.22827089770866,-0.591432912476618,0.311566852740763,0.738166666666667
