"Posterior_Mean","Posterior_SD","Posterior_LB","Posterior_UB","prob"
0.183630233295372,0.238998199786437,-0.28542573880874,0.64674670856883,0.210503966435931
