"Posterior_Mean","Posterior_SD","Posterior_LB","Posterior_UB","prob"
-0.100751765958677,0.215406096235482,-0.536311458966787,0.36176791978322,0.681826280846418
