"Posterior_Mean","Posterior_SD","Posterior_LB","Posterior_UB","prob"
0.296192693682141,0.220378230425003,-0.138381877314348,0.708061843404584,0.0863229014338838
