"Posterior_Mean","Posterior_SD","Posterior_LB","Posterior_UB","prob"
0.289582133068166,0.223064874878714,-0.155493877953207,0.731431190539098,0.0924200548057847
