"Posterior_Mean","Posterior_SD","Posterior_LB","Posterior_UB","prob"
-0.160060565005967,0.22825432097698,-0.62449750256821,0.287270233223424,0.753500000011688
