"Posterior_Mean","Posterior_SD","Posterior_LB","Posterior_UB","prob"
-0.100956917000168,0.23671519990414,-0.566996643057767,0.363560610414448,0.666166666666667
