"Posterior_Mean","Posterior_SD","Posterior_LB","Posterior_UB","prob"
0.38111120374984,0.241842361550973,-0.086611609227433,0.868715373196297,0.0537988450837247
