"Posterior_Mean","Posterior_SD","Posterior_LB","Posterior_UB","prob"
-0.0860153332080128,0.22750766717552,-0.534220987857984,0.353027437687831,0.647
