"Posterior_Mean","Posterior_SD","Posterior_LB","Posterior_UB","prob"
0.214352031655855,0.243157116624915,-0.227173838730485,0.723647574411714,0.19312658600564
