"Posterior_Mean","Posterior_SD","Posterior_LB","Posterior_UB","prob"
0.253464464975121,0.25326184557927,-0.239669063157885,0.767180610329202,0.149012673035036
