"Posterior_Mean","Posterior_SD","Posterior_LB","Posterior_UB","prob"
-0.171502631211549,0.227658095472794,-0.61117537673989,0.273412044418075,0.774
