"Posterior_Mean","Posterior_SD","Posterior_LB","Posterior_UB","prob"
0.322275208639108,0.237188722420462,-0.144463941230452,0.809038424039551,0.0845462197147245
