"Posterior_Mean","Posterior_SD","Posterior_LB","Posterior_UB","prob"
-0.184485019115588,0.234523915779865,-0.641160489973618,0.272023627534478,0.782833333333333
