"Posterior_Mean","Posterior_SD","Posterior_LB","Posterior_UB","prob"
-0.275374511310638,0.220198517652045,-0.708390454470801,0.160231083291137,0.8935
