"Posterior_Mean","Posterior_SD","Posterior_LB","Posterior_UB","prob"
-0.168743034489648,0.240747574700764,-0.642595306987968,0.29513958661117,0.759158243148631
