"Posterior_Mean","Posterior_SD","Posterior_LB","Posterior_UB","prob"
-0.15753178013425,0.238810647131241,-0.614761805508854,0.299658869755078,0.741021139549919
