"Posterior_Mean","Posterior_SD","Posterior_LB","Posterior_UB","prob"
0.263699368393461,0.244581353860097,-0.205606045217928,0.737162934314225,0.141333333333333
