"Posterior_Mean","Posterior_SD","Posterior_LB","Posterior_UB","prob"
0.68668628689545,0.245470591385333,0.203301562999901,1.16727802774415,0.00316666666666667
