"Posterior_Mean","Posterior_SD","Posterior_LB","Posterior_UB","prob"
0.0675670424810974,0.225105663340094,-0.38305934243899,0.530218760270627,0.393257047136087
