"Posterior_Mean","Posterior_SD","Posterior_LB","Posterior_UB","prob"
-0.185554795552295,0.225437396660421,-0.627188687477393,0.256404303303377,0.794003124757102
