"Posterior_Mean","Posterior_SD","Posterior_LB","Posterior_UB","prob"
-0.263326974010701,0.237016929914379,-0.717242488698097,0.202717514489432,0.86363675163726
