"Posterior_Mean","Posterior_SD","Posterior_LB","Posterior_UB","prob"
-0.0272896462085525,0.212633372905942,-0.47035119425708,0.385482374864911,0.548003252930921
