"Posterior_Mean","Posterior_SD","Posterior_LB","Posterior_UB","prob"
0.226804912016667,0.228635310366035,-0.216370091104718,0.702380280401098,0.163164164234948
