"Posterior_Mean","Posterior_SD","Posterior_LB","Posterior_UB","prob"
0.118025181426883,0.229077464546367,-0.333664324998821,0.558938113204209,0.311
