"Posterior_Mean","Posterior_SD","Posterior_LB","Posterior_UB","prob"
-0.110305287544691,0.211650402086108,-0.526851233245516,0.342901663179238,0.706564464497848
