"Posterior_Mean","Posterior_SD","Posterior_LB","Posterior_UB","prob"
-0.194206621508645,0.232822782836345,-0.651589233537398,0.244120818803703,0.809999929988029
