"Posterior_Mean","Posterior_SD","Posterior_LB","Posterior_UB","prob"
0.113707510006168,0.227042852302372,-0.328370976021885,0.575321590649916,0.321457950281026
