"Posterior_Mean","Posterior_SD","Posterior_LB","Posterior_UB","prob"
-0.335293853361105,0.222851768518786,-0.758331674548676,0.130728937006263,0.924752868584649
