"Posterior_Mean","Posterior_SD","Posterior_LB","Posterior_UB","prob"
0.154093288524138,0.241523317493156,-0.326968858553181,0.627900805921398,0.249541874145458
