"Posterior_Mean","Posterior_SD","Posterior_LB","Posterior_UB","prob"
0.297561567550955,0.233486084998832,-0.158858325518326,0.750705259293685,0.102333333333333
