"Posterior_Mean","Posterior_SD","Posterior_LB","Posterior_UB","prob"
-0.249117417980117,0.227200650421306,-0.691489678461057,0.191992101291776,0.86160534286735
