"Posterior_Mean","Posterior_SD","Posterior_LB","Posterior_UB","prob"
-0.302097850857461,0.205026278446749,-0.767044338640127,0.1925420445177,0.881371640767253
