"Posterior_Mean","Posterior_SD","Posterior_LB","Posterior_UB","prob"
-0.0863957728049845,0.212155472982781,-0.516853255407267,0.362962093964721,0.650500531368448
