"Posterior_Mean","Posterior_SD","Posterior_LB","Posterior_UB","prob"
-0.150414892128866,0.225687413494331,-0.598697828799176,0.316887209645919,0.748968203446091
