"Posterior_Mean","Posterior_SD","Posterior_LB","Posterior_UB","prob"
-0.16366217895565,0.225489114704658,-0.598524240646436,0.290101104494954,0.768666666666667
