"Posterior_Mean","Posterior_SD","Posterior_LB","Posterior_UB","prob"
-0.167788114461629,0.214371443202816,-0.592030871681163,0.280766217069061,0.787416515729456
