"Posterior_Mean","Posterior_SD","Posterior_LB","Posterior_UB","prob"
0.0383611616239972,0.220478731121052,-0.4095485279675,0.45867334522295,0.430080562718456
