"Posterior_Mean","Posterior_SD","Posterior_LB","Posterior_UB","prob"
0.11017836886445,0.239805381355426,-0.35937141217365,0.581897535582688,0.332000000019657
