"Posterior_Mean","Posterior_SD","Posterior_LB","Posterior_UB","prob"
-0.0521984219331085,0.229595227638931,-0.514066251737302,0.387228992979877,0.579524911646874
