"Posterior_Mean","Posterior_SD","Posterior_LB","Posterior_UB","prob"
-0.00919444128498798,0.232687704402635,-0.468252860252749,0.446864612278155,0.5155
