"Posterior_Mean","Posterior_SD","Posterior_LB","Posterior_UB","prob"
-0.257024571893044,0.216426980181847,-0.681681534277533,0.18061551578424,0.883999997338215
