"Posterior_Mean","Posterior_SD","Posterior_LB","Posterior_UB","prob"
-0.0873779760145162,0.230353515227111,-0.536117132821296,0.368114956368569,0.6535
