"Posterior_Mean","Posterior_SD","Posterior_LB","Posterior_UB","prob"
0.0557456175034827,0.224314927575961,-0.390996378774536,0.504069316498308,0.403507599181893
