"Posterior_Mean","Posterior_SD","Posterior_LB","Posterior_UB","prob"
0.197340230855219,0.237121655121245,-0.269583449501055,0.649507321498846,0.20832708773377
