"Posterior_Mean","Posterior_SD","Posterior_LB","Posterior_UB","prob"
0.389065318377907,0.232805066985857,-0.0689928413449932,0.846841980656851,0.0478333333333333
