"Posterior_Mean","Posterior_SD","Posterior_LB","Posterior_UB","prob"
-0.11061892990224,0.249564696427159,-0.624575152444024,0.363689219719061,0.667459186899313
