"Posterior_Mean","Posterior_SD","Posterior_LB","Posterior_UB","prob"
0.365840743787613,0.225528769059858,-0.0736230850479375,0.804193045671404,0.0545355439796377
