"Posterior_Mean","Posterior_SD","Posterior_LB","Posterior_UB","prob"
0.470944577094612,0.240430025696685,-0.00155408175476324,0.936964036728815,0.0250796218016481
