"Posterior_Mean","Posterior_SD","Posterior_LB","Posterior_UB","prob"
0.400414178881716,0.221028634969434,-0.041278002774366,0.820721025816115,0.0368216070395154
