"Posterior_Mean","Posterior_SD","Posterior_LB","Posterior_UB","prob"
-0.156899927063563,0.198953130786289,-0.550892193216383,0.260766713102812,0.793931726506959
