"Posterior_Mean","Posterior_SD","Posterior_LB","Posterior_UB","prob"
0.238320141343798,0.233377544042236,-0.227990483777884,0.701892811502758,0.153475008398427
