"Posterior_Mean","Posterior_SD","Posterior_LB","Posterior_UB","prob"
-0.270464329908261,0.231524707454237,-0.720300466479454,0.179203786553058,0.881333333333333
