"Posterior_Mean","Posterior_SD","Posterior_LB","Posterior_UB","prob"
0.488282500215885,0.227601977641207,0.0697517946220995,0.941243047219298,0.0110074507775691
