"Posterior_Mean","Posterior_SD","Posterior_LB","Posterior_UB","prob"
0.297280269730116,0.250523868821105,-0.191461133664642,0.787863666980642,0.117333333333333
