"Posterior_Mean","Posterior_SD","Posterior_LB","Posterior_UB","prob"
0.427130536811732,0.236046415953991,-0.0303465039522446,0.891216279659424,0.0340007334842578
