"Posterior_Mean","Posterior_SD","Posterior_LB","Posterior_UB","prob"
-0.188476981979808,0.244707643145318,-0.673176639357124,0.310667936896493,0.78417059298851
