"Posterior_Mean","Posterior_SD","Posterior_LB","Posterior_UB","prob"
0.228277606956278,0.223301312329366,-0.208215750271802,0.66669843934714,0.15
