"Posterior_Mean","Posterior_SD","Posterior_LB","Posterior_UB","prob"
-0.0441847522329675,0.235851061138625,-0.500674396397762,0.406069286494377,0.576166666666667
