"Posterior_Mean","Posterior_SD","Posterior_LB","Posterior_UB","prob"
-0.120398832114113,0.244282493353274,-0.617797278687813,0.376048408854522,0.692770705040947
