"Posterior_Mean","Posterior_SD","Posterior_LB","Posterior_UB","prob"
-0.274972816613134,0.236653345731074,-0.730759625385082,0.183952178779632,0.870693227492039
