"Posterior_Mean","Posterior_SD","Posterior_LB","Posterior_UB","prob"
-0.370522465423283,0.232010366235595,-0.863074663139405,0.0695065494837555,0.950543793658743
