"Posterior_Mean","Posterior_SD","Posterior_LB","Posterior_UB","prob"
-0.356396535096286,0.24044507051359,-0.837559928255504,0.110650703908996,0.935333333333333
