"Posterior_Mean","Posterior_SD","Posterior_LB","Posterior_UB","prob"
0.57744863906983,0.257054788963117,0.090326944637725,1.09520089917669,0.0115292579895904
