"Posterior_Mean","Posterior_SD","Posterior_LB","Posterior_UB","prob"
0.128296895037677,0.21386502972571,-0.302875381906514,0.531364941640773,0.267305556826159
