"","Posterior_Mean","Posterior_SD","Posterior_LB","Posterior_UB"
"1",0.0867330396071508,0.0579001245940545,-0.0270340504704058,0.199441935528804
