"","Posterior_Mean","Posterior_SD","Posterior_LB","Posterior_UB"
"1",-0.0316671901798414,0.0552968479775585,-0.138383918953051,0.0776917764594699
