"","Posterior_Mean","Posterior_SD","Posterior_LB","Posterior_UB"
"1",-0.0380179651412499,0.0655888441746263,-0.168085934890477,0.0907940663107631
