"","Posterior_Mean","Posterior_SD","Posterior_LB","Posterior_UB"
"1",0.0150726620783555,0.0543695990565603,-0.0871616007473598,0.125484750546259
