"","Posterior_Mean","Posterior_SD","Posterior_LB","Posterior_UB"
"1",-0.0147290044308272,0.0537687868821104,-0.121227625426721,0.089796515758466
