"","Posterior_Mean","Posterior_SD","Posterior_LB","Posterior_UB"
"1",-0.0274374261009977,0.0643415348562368,-0.154711259332209,0.098493669719676
