"Posterior_Mean","Posterior_SD","Posterior_LB","Posterior_UB","prob"
-0.450344240294987,0.0669791678330851,-0.582729245343588,-0.293994534111486,0.999574421078193
