"Posterior_Mean","Posterior_SD","Posterior_LB","Posterior_UB","prob"
-0.58662769865097,0.0749583715805528,-0.739433703978538,-0.431423684972919,1
