"Posterior_Mean","Posterior_SD","Posterior_LB","Posterior_UB","prob"
-0.423822072533757,0.075929026485709,-0.611797706801801,-0.22972567253043,1
