"Posterior_Mean","Posterior_SD","Posterior_LB","Posterior_UB","prob"
-0.3397627924501,0.0758074292740632,-0.512788347492683,-0.136061644279086,0.998730523622833
