"Posterior_Mean","Posterior_SD","Posterior_LB","Posterior_UB","prob"
-0.450557637347207,0.0911850919541693,-0.666766907328524,-0.242138095609028,1
