"Posterior_Mean","Posterior_SD","Posterior_LB","Posterior_UB","prob"
-0.0473764359529265,0.12059800408883,-0.361805155560216,0.253307186065328,0.601660646053556
