"Posterior_Mean","Posterior_SD","Posterior_LB","Posterior_UB","prob"
-0.449494550650054,0.103816463711458,-0.67848316712136,-0.214708213345659,0.99978612564304
