"Posterior_Mean","Posterior_SD","Posterior_LB","Posterior_UB","prob"
-0.245207552303425,0.130205948308678,-0.511008226076559,0.0125125688527307,0.969247902166977
