"Posterior_Mean","Posterior_SD","Posterior_LB","Posterior_UB","prob"
-0.317616686058026,0.115719516475625,-0.600743245316228,-0.028273590040657,0.987066556873441
