"Posterior_Mean","Posterior_SD","Posterior_LB","Posterior_UB","prob"
-0.115441765163883,0.122494334311346,-0.361436133961606,0.131622755486818,0.817321919204087
