"Posterior_Mean","Posterior_SD","Posterior_LB","Posterior_UB","prob"
-0.247026632473149,0.0940395303085306,-0.44477108432224,-0.0701318209061757,0.995602677002523
