"Posterior_Mean","Posterior_SD","Posterior_LB","Posterior_UB","prob"
-0.172438905348402,0.0927878395786072,-0.368127470197758,0.00527517384615357,0.972633037265743
