"Posterior_Mean","Posterior_SD","Posterior_LB","Posterior_UB","prob"
-0.297567366776407,0.102324003763686,-0.503217416405627,-0.051225248824303,0.990110844231343
