"Posterior_Mean","Posterior_SD","Posterior_LB","Posterior_UB","prob"
-0.227649015039562,0.0988453299363492,-0.452253777287543,0.0571115885289357,0.948456647867045
