"Posterior_Mean","Posterior_SD","Posterior_LB","Posterior_UB","prob"
-0.247702013365598,0.104914452390271,-0.486531087767957,-0.0461703016922204,0.992553407726725
