"Posterior_Mean","Posterior_SD","Posterior_LB","Posterior_UB","prob"
-0.49451807071254,0.0935713738559994,-0.689009727130917,-0.263818467122192,1
