"Posterior_Mean","Posterior_SD","Posterior_LB","Posterior_UB","prob"
-0.165924671111055,0.112219968674426,-0.404114842799033,0.103519395222553,0.902129689471735
