"Posterior_Mean","Posterior_SD","Posterior_LB","Posterior_UB","prob"
-0.466214476932358,0.0941237084123834,-0.662012629092329,-0.23163027851124,1
