"Posterior_Mean","Posterior_SD","Posterior_LB","Posterior_UB","prob"
-0.432502534956706,0.07981636091528,-0.650762828251711,-0.232626469251372,0.999955999409839
