"Posterior_Mean","Posterior_SD","Posterior_LB","Posterior_UB","prob"
-0.0765258441108529,0.12827568675697,-0.343551643340663,0.178747150353222,0.716324180949119
