"Posterior_Mean","Posterior_SD","Posterior_LB","Posterior_UB","prob"
-0.169304305663786,0.0959761839621424,-0.372246693111039,0.0272706072444781,0.951007302060211
