"Posterior_Mean","Posterior_SD","Posterior_LB","Posterior_UB","prob"
-0.514439206902943,0.0919914734066067,-0.746696121872502,-0.218075228741105,0.999713649045346
