"Posterior_Mean","Posterior_SD","Posterior_LB","Posterior_UB","prob"
-0.383082022735249,0.0863248166263441,-0.563492087807437,-0.109369996075278,0.994599959679052
