"Posterior_Mean","Posterior_SD","Posterior_LB","Posterior_UB","prob"
-0.421648643294986,0.0743126145883196,-0.596220077440062,-0.252573175387169,0.999993943763349
