"Posterior_Mean","Posterior_SD","Posterior_LB","Posterior_UB","prob"
-0.352255851520875,0.0894770062672025,-0.533891114831514,-0.121557267998932,0.996793582901155
