"Posterior_Mean","Posterior_SD","Posterior_LB","Posterior_UB","prob"
-0.359359328994814,0.088194654963678,-0.541717995310544,-0.10581666808196,0.99561268683934
