"Posterior_Mean","Posterior_SD","Posterior_LB","Posterior_UB","prob"
-0.067382409004961,0.112421997716535,-0.324360775275962,0.231216989866861,0.682536267281954
