"Posterior_Mean","Posterior_SD","Posterior_LB","Posterior_UB","prob"
-0.163752230328332,0.117011732010605,-0.460104891467262,0.138782197874685,0.845258630198087
