"Posterior_Mean","Posterior_SD","Posterior_LB","Posterior_UB","prob"
-0.395659442579833,0.0821428105861086,-0.56175044897314,-0.177909713650784,0.998143106061324
