"Posterior_Mean","Posterior_SD","Posterior_LB","Posterior_UB","prob"
-0.31507468019129,0.0913396055375076,-0.521039391021796,-0.108416701399152,0.998012320844989
