"Posterior_Mean","Posterior_SD","Posterior_LB","Posterior_UB","prob"
-0.111334502283189,0.100384152575982,-0.319559775540082,0.107520522041434,0.861216466296904
