"Posterior_Mean","Posterior_SD","Posterior_LB","Posterior_UB","prob"
-0.129927314972696,0.124554960478912,-0.385592919858054,0.145250632492493,0.817390704197212
