"Posterior_Mean","Posterior_SD","Posterior_LB","Posterior_UB","prob"
-0.1442920199605,0.0981195695188718,-0.455601055161248,0.0699175303231514,0.891794433400656
