"Posterior_Mean","Posterior_SD","Posterior_LB","Posterior_UB","prob"
-0.306284905047045,0.0903864388358384,-0.517599713781614,-0.00408473118233534,0.976546413577282
