"Posterior_Mean","Posterior_SD","Posterior_LB","Posterior_UB","prob"
-0.20949650535038,0.0962400775382093,-0.505583966104829,-0.00315696814801538,0.977109833353548
