"Posterior_Mean","Posterior_SD","Posterior_LB","Posterior_UB","prob"
-0.309736013042478,0.0714391598523189,-0.452868210171337,-0.101105112353874,0.993240651701879
