"Posterior_Mean","Posterior_SD","Posterior_LB","Posterior_UB","prob"
-0.425984585785997,0.0779394120883531,-0.582009632955557,-0.27016681526241,1
