"Posterior_Mean","Posterior_SD","Posterior_LB","Posterior_UB","prob"
-0.337241231267438,0.0723889986160868,-0.490581800669615,-0.164146183986389,0.999620529393047
