"Posterior_Mean","Posterior_SD","Posterior_LB","Posterior_UB","prob"
-0.0423057431862071,0.137268044453663,-0.319992308724984,0.222894267001527,0.620016229476634
