"Posterior_Mean","Posterior_SD","Posterior_LB","Posterior_UB","prob"
-0.435009393496715,0.112582724689597,-0.654268064193175,-0.192363822316225,1
