"Posterior_Mean","Posterior_SD","Posterior_LB","Posterior_UB","prob"
-0.249519867323592,0.112616038949199,-0.488632018314601,0.0491143051409942,0.949364109664702
