"Posterior_Mean","Posterior_SD","Posterior_LB","Posterior_UB","prob"
-0.148353101788497,0.101925946298437,-0.40860507700993,0.157812688069661,0.852072792670485
