"Posterior_Mean","Posterior_SD","Posterior_LB","Posterior_UB","prob"
-0.395230426232863,0.0996580374960943,-0.630173853712364,-0.103323792739607,0.997013051171364
