"Posterior_Mean","Posterior_SD","Posterior_LB","Posterior_UB","prob"
-0.322125684974402,0.0789407619715233,-0.50803301881748,-0.142491621862846,0.999763773904358
