"Posterior_Mean","Posterior_SD","Posterior_LB","Posterior_UB","prob"
-0.300256740219945,0.0976662125855394,-0.557123294588988,-0.0726535305140692,0.992976216289632
