"Posterior_Mean","Posterior_SD","Posterior_LB","Posterior_UB","prob"
-0.198507219978069,0.103463945125553,-0.436128434651502,0.0796176512383359,0.930376384131833
