"Posterior_Mean","Posterior_SD","Posterior_LB","Posterior_UB","prob"
-0.347115556924384,0.112696779030743,-0.595422014898548,-0.0247458222643222,0.985768663953076
