"Posterior_Mean","Posterior_SD","Posterior_LB","Posterior_UB","prob"
-0.465736237405258,0.0759979898322589,-0.616729399792222,-0.317367334785277,1
