"Posterior_Mean","Posterior_SD","Posterior_LB","Posterior_UB","prob"
-0.378254338505835,0.0758768510310475,-0.561625901803758,-0.148493147921759,0.994897821617256
