"Posterior_Mean","Posterior_SD","Posterior_LB","Posterior_UB","prob"
-0.298566048087096,0.0814064752910838,-0.45511030946268,-0.132779383808882,0.999194387184341
