"Posterior_Mean","Posterior_SD","Posterior_LB","Posterior_UB","prob"
-0.201405073711372,0.123769098361491,-0.457768824682535,0.0522611366154112,0.936346984559255
