"Posterior_Mean","Posterior_SD","Posterior_LB","Posterior_UB","prob"
-0.389685234175942,0.0916646457228304,-0.608255502190405,-0.119679769509318,0.998098722133703
