"Posterior_Mean","Posterior_SD","Posterior_LB","Posterior_UB","prob"
-0.309019373046478,0.0935954188355144,-0.516901386511035,-0.0272679209782777,0.983688835800502
