"Posterior_Mean","Posterior_SD","Posterior_LB","Posterior_UB","prob"
-0.116742353210126,0.102062022360082,-0.32090782797246,0.125860221865643,0.845952632505133
