"Posterior_Mean","Posterior_SD","Posterior_LB","Posterior_UB","prob"
-0.38718208556352,0.139840274742825,-0.667726603758502,-0.116522013217633,0.997548489452585
