"Posterior_Mean","Posterior_SD","Posterior_LB","Posterior_UB","prob"
0.00470626026778618,0.118312725182555,-0.233310971952371,0.259683522249682,0.494067608077669
