"Posterior_Mean","Posterior_SD","Posterior_LB","Posterior_UB","prob"
-0.374133109925255,0.11500807425852,-0.639801693396026,-0.116979025013099,0.998432078301965
