"Posterior_Mean","Posterior_SD","Posterior_LB","Posterior_UB","prob"
-0.385456304034155,0.0894580395394905,-0.564956909369633,-0.189985863813511,0.999561823154673
