"Posterior_Mean","Posterior_SD","Posterior_LB","Posterior_UB","prob"
-0.279163173034675,0.0997491368199245,-0.48275861249599,-0.0777909975203672,0.995861121139201
