"Posterior_Mean","Posterior_SD","Posterior_LB","Posterior_UB","prob"
-0.0400851168659913,0.115830210910361,-0.368618817933083,0.27164584011312,0.556131904803779
