"Posterior_Mean","Posterior_SD","Posterior_LB","Posterior_UB","prob"
-0.303493341071619,0.0957743540635827,-0.499991719374932,-0.00339579173754997,0.976188856257452
