"Posterior_Mean","Posterior_SD","Posterior_LB","Posterior_UB","prob"
-0.359250099872412,0.116269125333732,-0.600755809917878,-0.0803994716244971,0.995750018544022
