"Posterior_Mean","Posterior_SD","Posterior_LB","Posterior_UB","prob"
-0.224820201604771,0.0937612262854691,-0.424148841698808,0.0612647386900154,0.946429648744006
