"Posterior_Mean","Posterior_SD","Posterior_LB","Posterior_UB","prob"
0.0105383335515824,0.12817652170004,-0.242487839916187,0.260699590484678,0.466769742669637
