"Posterior_Mean","Posterior_SD","Posterior_LB","Posterior_UB","prob"
-0.147727144048988,0.107248110401522,-0.384006368293256,0.121989196510845,0.86568793117063
