"Posterior_Mean","Posterior_SD","Posterior_LB","Posterior_UB","prob"
-0.33543295603051,0.111296248013018,-0.567065076837055,-0.110643398397502,0.997134887804521
