"Posterior_Mean","Posterior_SD","Posterior_LB","Posterior_UB","prob"
-0.187654656034215,0.0923708521149096,-0.397048073471698,0.0155249413215941,0.961613041741422
