"Posterior_Mean","Posterior_SD","Posterior_LB","Posterior_UB","prob"
-0.439454516352023,0.0757344211772399,-0.597255104336456,-0.284433243661968,0.999985373324065
