"Posterior_Mean","Posterior_SD","Posterior_LB","Posterior_UB","prob"
-0.425252048298849,0.0897035469550428,-0.631960797563445,-0.0695370544413918,0.990880313348513
