"Posterior_Mean","Posterior_SD","Posterior_LB","Posterior_UB","prob"
-0.390985300375076,0.0713663098327453,-0.545285646261131,-0.0979897207447155,0.989490328167546
