"Posterior_Mean","Posterior_SD","Posterior_LB","Posterior_UB","prob"
-0.240901747021135,0.103671169263787,-0.471891564122726,-0.0102675704882209,0.979117710453719
