"Posterior_Mean","Posterior_SD","Posterior_LB","Posterior_UB","prob"
-0.393742833003526,0.0980268918214613,-0.608979469351842,-0.130400618518791,0.997183611837212
