"Posterior_Mean","Posterior_SD","Posterior_LB","Posterior_UB","prob"
-0.453707604707787,0.119788725127676,-0.704808573648616,-0.197718828822475,1
