"Posterior_Mean","Posterior_SD","Posterior_LB","Posterior_UB","prob"
-0.219237355765637,0.0889714263012094,-0.423451248253439,0.142087017417923,0.90915974234412
