"Posterior_Mean","Posterior_SD","Posterior_LB","Posterior_UB","prob"
-0.390164296151286,0.103298799888789,-0.602511802990439,-0.189343472780098,0.999558370951973
