"Posterior_Mean","Posterior_SD","Posterior_LB","Posterior_UB","prob"
-0.225278400580604,0.0968092840312355,-0.433735228303561,-0.0215642809144859,0.985027805615537
