"Posterior_Mean","Posterior_SD","Posterior_LB","Posterior_UB","prob"
-0.0559758709299903,0.119893921980691,-0.286647846909541,0.207240234058542,0.682513013527154
