"Posterior_Mean","Posterior_SD","Posterior_LB","Posterior_UB","prob"
-0.334405835072095,0.0766450899236021,-0.507658714087467,-0.162212757763089,0.999618822933116
