"Posterior_Mean","Posterior_SD","Posterior_LB","Posterior_UB","prob"
-0.200153229509791,0.104235003865909,-0.413425364303515,0.0580518228369725,0.942905458292739
