"Posterior_Mean","Posterior_SD","Posterior_LB","Posterior_UB","prob"
-0.36994460421143,0.115460886658515,-0.604730808591825,-0.109294759181832,0.996575512910895
