"Posterior_Mean","Posterior_SD","Posterior_LB","Posterior_UB","prob"
-0.49673964319969,0.0786205315770248,-0.661675434930785,-0.275955191686689,0.99981364178488
