"Posterior_Mean","Posterior_SD","Posterior_LB","Posterior_UB","prob"
-0.388777700250198,0.111932251002395,-0.622297764830178,-0.104119248428117,0.996768306157942
