"Posterior_Mean","Posterior_SD","Posterior_LB","Posterior_UB","prob"
-0.368422175070852,0.111224112658243,-0.623589919377901,-0.0950262807798423,0.994771707547516
