"Posterior_Mean","Posterior_SD","Posterior_LB","Posterior_UB","prob"
-0.288524903385839,0.101764197938803,-0.507529762275775,-0.00387010035280193,0.975955940829154
