"Posterior_Mean","Posterior_SD","Posterior_LB","Posterior_UB","prob"
-0.183203257281661,0.0688922857322698,-0.325506881403424,-0.0384850229967509,0.991366774296117
