"Posterior_Mean","Posterior_SD","Posterior_LB","Posterior_UB","prob"
-0.383871702567218,0.0979260100913116,-0.626690020926716,-0.162654744876683,0.999622757772603
