"Posterior_Mean","Posterior_SD","Posterior_LB","Posterior_UB","prob"
-0.238861538144322,0.0688425167996953,-0.396650361066187,-0.0942924019678808,0.9993063025936
