"Posterior_Mean","Posterior_SD","Posterior_LB","Posterior_UB","prob"
-0.216217612821163,0.0687956039461973,-0.383065537228539,-0.0640024829678002,0.996659178386007
