"Posterior_Mean","Posterior_SD","Posterior_LB","Posterior_UB","prob"
-0.193577879490545,0.0667403726899339,-0.336193106241277,-0.0611487457027037,0.997950263709328
