"Posterior_Mean","Posterior_SD","Posterior_LB","Posterior_UB","prob"
-0.203231003386904,0.0648047117729121,-0.32777616931386,-0.0773441502497534,0.998879874232323
