"Posterior_Mean","Posterior_SD","Posterior_LB","Posterior_UB","prob"
-0.11290587569895,0.0944197911876638,-0.31475559396709,0.132603273975711,0.853176355681825
