"Posterior_Mean","Posterior_SD","Posterior_LB","Posterior_UB","prob"
-0.118133235280669,0.0718624245562526,-0.261182208376443,0.023307377871212,0.94935480399461
