"Posterior_Mean","Posterior_SD","Posterior_LB","Posterior_UB","prob"
-0.147757724004419,0.0814252327483708,-0.323909563468207,0.0238873774067295,0.958049021297413
