"Posterior_Mean","Posterior_SD","Posterior_LB","Posterior_UB","prob"
-0.235029433488039,0.0750541884616404,-0.397784561780524,-0.0725917939443151,0.995398675837838
