"Posterior_Mean","Posterior_SD","Posterior_LB","Posterior_UB","prob"
-0.26280122360112,0.0681820129984416,-0.394069930171927,-0.126109039103429,0.999473748000121
