"Posterior_Mean","Posterior_SD","Posterior_LB","Posterior_UB","prob"
-0.236830776780711,0.0804594243650477,-0.422325464606867,-0.0725831627889607,0.996640471844926
