"Posterior_Mean","Posterior_SD","Posterior_LB","Posterior_UB","prob"
-0.179297617671485,0.0830388494524811,-0.371462245564709,-0.00550579559391146,0.977939020741753
