"Posterior_Mean","Posterior_SD","Posterior_LB","Posterior_UB","prob"
-0.188488785258197,0.103281528332075,-0.397043083358812,0.0499127970635555,0.946797527812231
