"Posterior_Mean","Posterior_SD","Posterior_LB","Posterior_UB","prob"
-0.252301391931827,0.0750706237920755,-0.400521293195881,-0.0862651031890969,0.995633272765698
