"Posterior_Mean","Posterior_SD","Posterior_LB","Posterior_UB","prob"
-0.0792369554606965,0.0849413232664769,-0.253657444277486,0.111835023801105,0.824355338434816
