"Posterior_Mean","Posterior_SD","Posterior_LB","Posterior_UB","prob"
-0.2643414248919,0.0813357209241228,-0.468459381166487,-0.0735044042027528,0.997032347231259
