"Posterior_Mean","Posterior_SD","Posterior_LB","Posterior_UB","prob"
-0.24650848222797,0.070646055879716,-0.390697228580945,-0.100491223987946,0.998938748867907
