"Posterior_Mean","Posterior_SD","Posterior_LB","Posterior_UB","prob"
-0.254815651343882,0.0688484368161344,-0.387072267600271,-0.1178257007981,0.999650645875775
