"Posterior_Mean","Posterior_SD","Posterior_LB","Posterior_UB","prob"
-0.190441841349315,0.0795256031584881,-0.355383589223657,-0.0297186588377375,0.989332954576153
