"","Posterior_Mean","Posterior_SD","Posterior_LB","Posterior_UB"
"1",0.0113317593403135,0.0402430001499146,-0.068369279904641,0.0901096685319135
