"Posterior_Mean","Posterior_SD","Posterior_LB","Posterior_UB","prob"
0.0307776826326366,0.0386216598575061,-0.0437255274151096,0.106874251759676,0.213436737376595
