"","Posterior_Mean","Posterior_SD","Posterior_LB","Posterior_UB"
"1",0.0174978792911982,0.0390355647651767,-0.0608033628377502,0.0916690939523397
