"","Posterior_Mean","Posterior_SD","Posterior_LB","Posterior_UB"
"1",-0.0215945709712789,0.0383199058784253,-0.0984462662480903,0.0548274038304991
