"Posterior_Mean","Posterior_SD","Posterior_LB","Posterior_UB","prob"
-0.00101739677334931,0.0396731437224488,-0.0766736497869283,0.0766822056777779,0.503507446626574
