"Posterior_Mean","Posterior_SD","Posterior_LB","Posterior_UB","prob"
0.0207079045640612,0.0414573410638189,-0.0581543642592258,0.103027199135251,0.315075940108259
