"Posterior_Mean","Posterior_SD","Posterior_LB","Posterior_UB","prob"
0.018001716462768,0.0403454228545704,-0.0632818668566693,0.0962505644325444,0.32747613939589
