"","Posterior_Mean","Posterior_SD","Posterior_LB","Posterior_UB"
"1",-0.105140707382287,0.0484893164011806,-0.199392763473505,-0.00936684063332931
