"Posterior_Mean","Posterior_SD","Posterior_LB","Posterior_UB","prob"
0.0326044192776084,0.0398232035094851,-0.0458828843621078,0.114479959570468,0.200657440896646
