"Posterior_Mean","Posterior_SD","Posterior_LB","Posterior_UB","prob"
-0.0224946389887906,0.0381065520355938,-0.0953869211789986,0.0521613421533762,0.725547494351767
