"Posterior_Mean","Posterior_SD","Posterior_LB","Posterior_UB","prob"
-0.00769279630985197,0.0389424395603513,-0.0854026861915063,0.0693729687053505,0.571779713991326
