"Posterior_Mean","Posterior_SD","Posterior_LB","Posterior_UB","prob"
0.00253059238310647,0.0408138387179222,-0.0867341515073708,0.0835310293277556,0.469117695512778
