"Posterior_Mean","Posterior_SD","Posterior_LB","Posterior_UB","prob"
0.0595804320147008,0.039245561004489,-0.0181804963185693,0.134246879425357,0.0670175054900865
