"","Posterior_Mean","Posterior_SD","Posterior_LB","Posterior_UB"
"1",-0.00418799542545518,0.0376386839255354,-0.0787429953132524,0.0682644342161434
