"Posterior_Mean","Posterior_SD","Posterior_LB","Posterior_UB","prob"
-0.00708925200137128,0.044603866462173,-0.101174857875365,0.0839564845836908,0.556157919747996
