"Posterior_Mean","Posterior_SD","Posterior_LB","Posterior_UB","prob"
0.018716093391459,0.0380487437181259,-0.0535373428440796,0.0959386820469354,0.315133513093166
