"Posterior_Mean","Posterior_SD","Posterior_LB","Posterior_UB","prob"
0.0250414465028772,0.0434576203483341,-0.0832389104373526,0.122072344804237,0.311192041946945
