"Posterior_Mean","Posterior_SD","Posterior_LB","Posterior_UB","prob"
-0.0138418359647176,0.0400175019986694,-0.0926074309156669,0.0654731808015524,0.621339615040737
