"","Posterior_Mean","Posterior_SD","Posterior_LB","Posterior_UB"
"1",0.00447975804336934,0.0397537244671796,-0.0744444446777181,0.081936378497473
