"Posterior_Mean","Posterior_SD","Posterior_LB","Posterior_UB","prob"
-0.00418542536325614,0.0384084245180104,-0.0824996865720922,0.0684220329715347,0.543609278975137
