"Posterior_Mean","Posterior_SD","Posterior_LB","Posterior_UB","prob"
-0.0441930893000451,0.0386196915535285,-0.122235677778284,0.033256445116451,0.878750396027548
