"Posterior_Mean","Posterior_SD","Posterior_LB","Posterior_UB","prob"
-0.0256630839765764,0.0911646975015316,-0.219546253648995,0.155803678988674,0.601648986911115
