"Posterior_Mean","Posterior_SD","Posterior_LB","Posterior_UB","prob"
-0.115205004848221,0.0996417157004075,-0.411729683667305,0.102581143228466,0.821755286188082
