"Posterior_Mean","Posterior_SD","Posterior_LB","Posterior_UB","prob"
-0.183305976451459,0.112994645866069,-0.455434675891035,0.10560674206845,0.904831986849949
