"Posterior_Mean","Posterior_SD","Posterior_LB","Posterior_UB","prob"
0.060900885933534,0.128570959233091,-0.21022151446287,0.316093891418289,0.304045400152918
