"Posterior_Mean","Posterior_SD","Posterior_LB","Posterior_UB","prob"
-0.0748093551375934,0.0973795968002282,-0.273540902198633,0.130613866727275,0.778349096135097
