"Posterior_Mean","Posterior_SD","Posterior_LB","Posterior_UB","prob"
-0.0508836126486854,0.114323010545975,-0.34589256883452,0.174465140184813,0.637940337948286
