"Posterior_Mean","Posterior_SD","Posterior_LB","Posterior_UB","prob"
0.344402993564335,0.152535237306231,-0.0243068633340588,0.709768320538024,0.0370015442733544
