"Posterior_Mean","Posterior_SD","Posterior_LB","Posterior_UB","prob"
-0.148397226695349,0.127618862035334,-0.467815391281608,0.124856973974979,0.829906440991492
