"Posterior_Mean","Posterior_SD","Posterior_LB","Posterior_UB","prob"
-0.0527063366275463,0.106452815194591,-0.30774556044093,0.182892183335215,0.664361890059518
