"Posterior_Mean","Posterior_SD","Posterior_LB","Posterior_UB","prob"
0.20471279690803,0.144788542012937,-0.0880273611150859,0.5122288510327,0.080486729990244
