"Posterior_Mean","Posterior_SD","Posterior_LB","Posterior_UB","prob"
0.0437516591570238,0.109759743220214,-0.225603310761128,0.276171897280867,0.336297046559298
