"Posterior_Mean","Posterior_SD","Posterior_LB","Posterior_UB","prob"
-0.311071329486183,0.154242650877884,-0.622799840385171,0.0110569102169143,0.972198997720535
