"Posterior_Mean","Posterior_SD","Posterior_LB","Posterior_UB","prob"
0.093144756122998,0.12063054058337,-0.192677698106915,0.393674212498709,0.276322952798477
