"Posterior_Mean","Posterior_SD","Posterior_LB","Posterior_UB","prob"
-0.333177431313475,0.146049511809352,-0.751056068626055,0.0609350173326364,0.925681040818858
