"Posterior_Mean","Posterior_SD","Posterior_LB","Posterior_UB","prob"
-0.0333176021169637,0.122736028272342,-0.29982631933252,0.21189532791198,0.600903265556574
