"Posterior_Mean","Posterior_SD","Posterior_LB","Posterior_UB","prob"
-0.13708318539676,0.112376474529234,-0.427976861267778,0.0933646516246019,0.869383430874629
