"Posterior_Mean","Posterior_SD","Posterior_LB","Posterior_UB","prob"
-0.0900197234197957,0.108844246654123,-0.311558260499813,0.128739315060702,0.793926252468523
