"","Posterior_Mean","Posterior_SD","Posterior_LB","Posterior_UB"
"1",0.10570203253069,0.0561627148381622,-0.00358562694764131,0.217121797862326
