"Posterior_Mean","Posterior_SD","Posterior_LB","Posterior_UB","prob"
-0.354122589736622,0.0629222186733232,-0.488822903169375,-0.231061337046595,1
