"Posterior_Mean","Posterior_SD","Posterior_LB","Posterior_UB","prob"
-0.226075617981914,0.0592165649603436,-0.348222212777931,-0.107945471704899,0.999994780980981
