"Posterior_Mean","Posterior_SD","Posterior_LB","Posterior_UB","prob"
-0.14473545556639,0.0592762287366244,-0.272979420369067,-0.0260017562818897,0.992632508107317
