"Posterior_Mean","Posterior_SD","Posterior_LB","Posterior_UB","prob"
-0.150855301079344,0.0579199157778652,-0.26836358633086,-0.0373784988691611,0.994674201309253
