"Posterior_Mean","Posterior_SD","Posterior_LB","Posterior_UB","prob"
-0.310419726150075,0.0702949371727979,-0.539682542097043,-0.159420009009256,0.999996572707503
