"Posterior_Mean","Posterior_SD","Posterior_LB","Posterior_UB","prob"
-0.213900508658523,0.0639949446299804,-0.34911804295567,-0.0863892163229809,0.999310748960539
