"Posterior_Mean","Posterior_SD","Posterior_LB","Posterior_UB","prob"
-0.277124119707622,0.0643828576189389,-0.42875523467675,-0.15335026674595,0.999987852209362
