"Posterior_Mean","Posterior_SD","Posterior_LB","Posterior_UB","prob"
-0.219995771305757,0.0597534586156354,-0.346915796282956,-0.0966730851757144,0.999960759055093
