"Posterior_Mean","Posterior_SD","Posterior_LB","Posterior_UB","prob"
-0.0877214014425077,0.0548844052253082,-0.193211997168836,0.0257281416092357,0.941844896340978
