"Posterior_Mean","Posterior_SD","Posterior_LB","Posterior_UB","prob"
-0.210776084579608,0.0596044795162648,-0.328859309822889,-0.0917392328710407,0.999797763016524
