"Posterior_Mean","Posterior_SD","Posterior_LB","Posterior_UB","prob"
-0.210755368760999,0.0596509814488678,-0.327251499203189,-0.0834119028607193,0.998139626820583
