"Posterior_Mean","Posterior_SD","Posterior_LB","Posterior_UB","prob"
-0.234932333689608,0.0715457695937222,-0.448843410744588,-0.0258835909992199,0.988140492106638
