"Posterior_Mean","Posterior_SD","Posterior_LB","Posterior_UB","prob"
-0.250941404422238,0.0835675407013896,-0.429097752307158,-0.0805339983881402,0.996706281882465
