"Posterior_Mean","Posterior_SD","Posterior_LB","Posterior_UB","prob"
-0.252399824200059,0.0576554036261881,-0.365029712376606,-0.133053784880391,0.999934948886427
