"Posterior_Mean","Posterior_SD","Posterior_LB","Posterior_UB","prob"
-0.209649961566458,0.0582553231771572,-0.32880721259839,-0.0971758960404424,0.99991122041716
