"Posterior_Mean","Posterior_SD","Posterior_LB","Posterior_UB","prob"
-0.109378767573046,0.059192431534322,-0.227827724175364,0.00346317902512772,0.971518243308563
