"Posterior_Mean","Posterior_SD","Posterior_LB","Posterior_UB","prob"
-0.129847285229258,0.0954864037657495,-0.336203284711917,0.12598331111489,0.843503773245625
