"Posterior_Mean","Posterior_SD","Posterior_LB","Posterior_UB","prob"
-0.203811327887264,0.0670665671716155,-0.373836171837009,-0.0517114211065975,0.995633969727756
