"Posterior_Mean","Posterior_SD","Posterior_LB","Posterior_UB","prob"
-0.13639335119936,0.0726908183870529,-0.323761936131131,0.108401196363122,0.869743028289873
