"Posterior_Mean","Posterior_SD","Posterior_LB","Posterior_UB","prob"
-0.119330547266266,0.0702983754543844,-0.270991918650876,0.0493981090765125,0.920605736916214
