"Posterior_Mean","Posterior_SD","Posterior_LB","Posterior_UB","prob"
-0.0651467043380082,0.0872248442627496,-0.251285728379554,0.152725469329492,0.73050072984278
