"Posterior_Mean","Posterior_SD","Posterior_LB","Posterior_UB","prob"
-0.0336572493601546,0.0901337853387969,-0.238093550692543,0.17344923918725,0.634061896644735
