"Posterior_Mean","Posterior_SD","Posterior_LB","Posterior_UB","prob"
-0.0382339353511143,0.080076870286271,-0.253508428415821,0.188297576506154,0.626286027755424
