"Posterior_Mean","Posterior_SD","Posterior_LB","Posterior_UB","prob"
-0.0346655371145462,0.0681742505024306,-0.185422152924635,0.114579884732867,0.674253065787723
