"Posterior_Mean","Posterior_SD","Posterior_LB","Posterior_UB","prob"
-0.0706915015547284,0.0866775914783311,-0.250629839887577,0.131653193954052,0.777519127137541
