"Posterior_Mean","Posterior_SD","Posterior_LB","Posterior_UB","prob"
-0.224095129217779,0.0603053604224445,-0.343967576601142,-0.0693538779252915,0.993904113813354
