"Posterior_Mean","Posterior_SD","Posterior_LB","Posterior_UB","prob"
-0.169420417328371,0.0702011800553894,-0.339853547092288,0.0748721209580707,0.904497690923943
