"Posterior_Mean","Posterior_SD","Posterior_LB","Posterior_UB","prob"
-0.0976252146744962,0.0830265453216884,-0.267423725495613,0.0868235126091951,0.864765299764001
