"Posterior_Mean","Posterior_SD","Posterior_LB","Posterior_UB","prob"
-0.150636066850625,0.0737946895056963,-0.295472720234631,0.037225754447394,0.948436718261454
