"Posterior_Mean","Posterior_SD","Posterior_LB","Posterior_UB","prob"
-0.238345024860402,0.0876466759968866,-0.417087149283202,0.00594277389496239,0.972375481089195
