"Posterior_Mean","Posterior_SD","Posterior_LB","Posterior_UB","prob"
-0.578155343848823,0.065172235826696,-0.716803385485853,-0.411785858523539,0.999996929635319
