"Posterior_Mean","Posterior_SD","Posterior_LB","Posterior_UB","prob"
-0.403988646695718,0.0710975329158023,-0.543930114010403,-0.252042162487036,0.999980711778398
