"Posterior_Mean","Posterior_SD","Posterior_LB","Posterior_UB","prob"
-0.204969646145926,0.0946543841977519,-0.47962782371088,0.0947545403461471,0.902108311470192
