"Posterior_Mean","Posterior_SD","Posterior_LB","Posterior_UB","prob"
-0.219648636755269,0.110841228411235,-0.441746136694747,-0.0017545946455232,0.975833333333333
