"Posterior_Mean","Posterior_SD","Posterior_LB","Posterior_UB","prob"
-0.205726083034733,0.0816208141622522,-0.364642993433152,-0.0421995016093127,0.992220479140577
