"Posterior_Mean","Posterior_SD","Posterior_LB","Posterior_UB","prob"
-0.346177733418147,0.068228043761991,-0.478283272739797,-0.202130959028415,0.999774204577967
