"Posterior_Mean","Posterior_SD","Posterior_LB","Posterior_UB","prob"
-0.256088277596926,0.0884885529019365,-0.436079060619327,-0.0236533869184974,0.982032060521606
