"Posterior_Mean","Posterior_SD","Posterior_LB","Posterior_UB","prob"
-0.410586422500991,0.0665506630805523,-0.542795254883246,-0.269416616281112,0.99999117506885
