"Posterior_Mean","Posterior_SD","Posterior_LB","Posterior_UB","prob"
-0.192412489843674,0.0879964489631351,-0.365757821777816,-0.000462670211314071,0.975219832190823
