"Posterior_Mean","Posterior_SD","Posterior_LB","Posterior_UB","prob"
-0.305496297142057,0.0678083489696545,-0.446710239897572,-0.155831949346959,0.999925001946254
