"Posterior_Mean","Posterior_SD","Posterior_LB","Posterior_UB","prob"
-0.259739492962795,0.0695868229510662,-0.405166557770179,-0.122694559889972,0.99969351931112
