"Posterior_Mean","Posterior_SD","Posterior_LB","Posterior_UB","prob"
-0.297460604472306,0.0649060958320803,-0.427330114280397,-0.172147566398885,0.999997551564317
