"Posterior_Mean","Posterior_SD","Posterior_LB","Posterior_UB","prob"
-0.176164532246573,0.0875716741776067,-0.356173317479628,0.0700356880107336,0.931778804013656
