"Posterior_Mean","Posterior_SD","Posterior_LB","Posterior_UB","prob"
-0.363725226097229,0.11681925286367,-0.587727460021131,-0.130326202785973,0.99949999961826
