"Posterior_Mean","Posterior_SD","Posterior_LB","Posterior_UB","prob"
-0.328788824810406,0.0918705593809098,-0.510481929796799,-0.109798141816123,0.99829041034783
