"Posterior_Mean","Posterior_SD","Posterior_LB","Posterior_UB","prob"
-0.382895166313595,0.0715399755427338,-0.530428547209074,-0.224597270225404,0.999982630137084
