"Posterior_Mean","Posterior_SD","Posterior_LB","Posterior_UB","prob"
-0.241624904174351,0.0797672492639808,-0.431889171710571,-0.0594625108449818,0.994363096805079
