"Posterior_Mean","Posterior_SD","Posterior_LB","Posterior_UB","prob"
-0.312631383018059,0.0818659586733929,-0.479605910719928,-0.156754113622899,0.999959279441635
