"Posterior_Mean","Posterior_SD","Posterior_LB","Posterior_UB","prob"
0.00336212338256036,0.112885649192753,-0.22252355509854,0.223306955586588,0.481166666666667
