"Posterior_Mean","Posterior_SD","Posterior_LB","Posterior_UB","prob"
-0.460780359640682,0.0688179070118421,-0.60019138533944,-0.325230099218977,1
