"Posterior_Mean","Posterior_SD","Posterior_LB","Posterior_UB","prob"
-0.228291797423081,0.0659446096664686,-0.376316349257533,-0.0936553546737896,0.998838714214492
