"Posterior_Mean","Posterior_SD","Posterior_LB","Posterior_UB","prob"
-0.398087094246013,0.0791631363986517,-0.551760478806423,-0.239754516000147,1
