"Posterior_Mean","Posterior_SD","Posterior_LB","Posterior_UB","prob"
-0.263393259283432,0.0724084341778455,-0.403595195215564,-0.0972974686586223,0.99911042398633
