"Posterior_Mean","Posterior_SD","Posterior_LB","Posterior_UB","prob"
-0.304773730894507,0.0832565762119393,-0.470238784131357,-0.124568438820426,0.998208933244683
