"Posterior_Mean","Posterior_SD","Posterior_LB","Posterior_UB","prob"
-0.264079656932161,0.0867662945023353,-0.450068189651236,0.0170097759644706,0.968524509152745
