"Posterior_Mean","Posterior_SD","Posterior_LB","Posterior_UB","prob"
-0.146156201428997,0.115626099471002,-0.36855615927666,0.0823070565514691,0.902143462006753
