"Posterior_Mean","Posterior_SD","Posterior_LB","Posterior_UB","prob"
-0.390760864035049,0.118171048704911,-0.623381251627206,-0.153868807547219,0.9995
