"Posterior_Mean","Posterior_SD","Posterior_LB","Posterior_UB","prob"
-0.301340529764248,0.0716259622042054,-0.448700463730207,-0.120182079926959,0.995813298699363
