"Posterior_Mean","Posterior_SD","Posterior_LB","Posterior_UB","prob"
-0.0938000847635069,0.11240410108318,-0.315969522859994,0.1227590517081,0.798333333333333
