"Posterior_Mean","Posterior_SD","Posterior_LB","Posterior_UB","prob"
-0.113869346221529,0.108049934356928,-0.421940845177584,0.138787461180655,0.773531881832019
