"Posterior_Mean","Posterior_SD","Posterior_LB","Posterior_UB","prob"
-0.43736942577923,0.0687669572586803,-0.573101578362456,-0.285451235607792,0.999995187449038
