"Posterior_Mean","Posterior_SD","Posterior_LB","Posterior_UB","prob"
-0.157283345458127,0.115175730960033,-0.380021741145939,0.0715638696299014,0.913833333333333
