"Posterior_Mean","Posterior_SD","Posterior_LB","Posterior_UB","prob"
-0.356390137708835,0.0878157189034247,-0.533234821117446,-0.163217496371146,0.999532881221384
