"Posterior_Mean","Posterior_SD","Posterior_LB","Posterior_UB","prob"
-0.288944057000849,0.0656650478620499,-0.416315738094353,-0.154910576638257,0.999864657244396
