"Posterior_Mean","Posterior_SD","Posterior_LB","Posterior_UB","prob"
-0.355395648148813,0.0655002053648163,-0.484041956847734,-0.218101796301111,0.999997817291316
