"Posterior_Mean","Posterior_SD","Posterior_LB","Posterior_UB","prob"
-0.444686040362425,0.0608982187521424,-0.565351170833276,-0.304689282387127,0.999904554801419
