"Posterior_Mean","Posterior_SD","Posterior_LB","Posterior_UB","prob"
-0.422298224638314,0.0635886846279203,-0.57453500721941,-0.256716825007902,1
