"Posterior_Mean","Posterior_SD","Posterior_LB","Posterior_UB","prob"
-0.4142869148398,0.0572279384222339,-0.526458345520095,-0.28731913691248,0.999998249419679
