"Posterior_Mean","Posterior_SD","Posterior_LB","Posterior_UB","prob"
-0.461162649810607,0.0741238213157045,-0.613459344681017,-0.314295350653688,1
