"Posterior_Mean","Posterior_SD","Posterior_LB","Posterior_UB","prob"
-0.314128092840703,0.0871729850247243,-0.487651448753409,-0.140691236032204,0.998948571787854
