"Posterior_Mean","Posterior_SD","Posterior_LB","Posterior_UB","prob"
-0.312989757692969,0.103131738817297,-0.522905115125618,-0.0877615358242233,0.996844128288753
