"Posterior_Mean","Posterior_SD","Posterior_LB","Posterior_UB","prob"
-0.166674733610041,0.100705341385992,-0.417947302380795,0.0709330320205501,0.90014374873631
