"Posterior_Mean","Posterior_SD","Posterior_LB","Posterior_UB","prob"
-0.358576517774359,0.0698948395847205,-0.497713903628597,-0.19106483847846,0.998494274981392
