"Posterior_Mean","Posterior_SD","Posterior_LB","Posterior_UB","prob"
-0.51791605846361,0.0619371498523703,-0.643053076725533,-0.381672847859694,0.999999111312513
