"Posterior_Mean","Posterior_SD","Posterior_LB","Posterior_UB","prob"
-0.353258947875544,0.0658872927108687,-0.485199629874621,-0.219848176342014,0.999917330960761
