"Posterior_Mean","Posterior_SD","Posterior_LB","Posterior_UB","prob"
-0.452053409085862,0.0601850633210287,-0.573727390686761,-0.322575186132492,0.99999853988546
