"Posterior_Mean","Posterior_SD","Posterior_LB","Posterior_UB","prob"
-0.378346743479818,0.0611692031861146,-0.524246399553205,-0.223890032570188,0.999999855137788
