"Posterior_Mean","Posterior_SD","Posterior_LB","Posterior_UB","prob"
-0.251053343653912,0.094456030737502,-0.498015797931837,0.0382264433508188,0.952322558341077
