"Posterior_Mean","Posterior_SD","Posterior_LB","Posterior_UB","prob"
-0.202972849691271,0.067795814741762,-0.349277388972645,-0.0147995644203472,0.984668351567487
