"Posterior_Mean","Posterior_SD","Posterior_LB","Posterior_UB","prob"
-0.256328378201577,0.106446585714727,-0.499728076410695,-0.0273402830094947,0.98466998091629
