"Posterior_Mean","Posterior_SD","Posterior_LB","Posterior_UB","prob"
-0.424960366832672,0.0675896548726412,-0.560525178647692,-0.290470309795312,1
