"Posterior_Mean","Posterior_SD","Posterior_LB","Posterior_UB","prob"
-0.309111586749142,0.0837085262545285,-0.471433336633746,-0.130124796438078,0.998393066723313
