"Posterior_Mean","Posterior_SD","Posterior_LB","Posterior_UB","prob"
-0.443047162355528,0.0706995430973272,-0.584369762901445,-0.301268377467569,0.999997593543936
