"Posterior_Mean","Posterior_SD","Posterior_LB","Posterior_UB","prob"
-0.281719140090683,0.113837379902898,-0.504486820531625,-0.054150213738015,0.9935
