"Posterior_Mean","Posterior_SD","Posterior_LB","Posterior_UB","prob"
-0.440624778308828,0.0693545609934805,-0.576597900505923,-0.285352416320621,1
