"Posterior_Mean","Posterior_SD","Posterior_LB","Posterior_UB","prob"
-0.219161768541552,0.081345071869765,-0.381365867657159,-0.0561519070036185,0.994578093129594
