"Posterior_Mean","Posterior_SD","Posterior_LB","Posterior_UB","prob"
-0.114198474551697,0.114587299695559,-0.337957745454161,0.115258893997463,0.838006175780379
