"Posterior_Mean","Posterior_SD","Posterior_LB","Posterior_UB","prob"
-0.180571824504219,0.116856145619546,-0.410625951481825,0.0446978867375763,0.938049863423402
