"Posterior_Mean","Posterior_SD","Posterior_LB","Posterior_UB","prob"
-0.221547207743786,0.0919911820057309,-0.413473060366629,-0.00107007871378375,0.97563820571161
