"Posterior_Mean","Posterior_SD","Posterior_LB","Posterior_UB","prob"
-0.332929550813766,0.0661872408550745,-0.463280786070493,-0.201958310092483,0.999896174696868
