"Posterior_Mean","Posterior_SD","Posterior_LB","Posterior_UB","prob"
-0.207158089684602,0.0879847345596483,-0.38015592100944,0.00224466753676304,0.973391609587401
