"Posterior_Mean","Posterior_SD","Posterior_LB","Posterior_UB","prob"
-0.319766979668517,0.0817026363867847,-0.504647809509134,-0.046504164840927,0.988711145329317
