"Posterior_Mean","Posterior_SD","Posterior_LB","Posterior_UB","prob"
0.0569909313627818,0.109818068807436,-0.217489683023565,0.293209900163222,0.298865531471442
