"Posterior_Mean","Posterior_SD","Posterior_LB","Posterior_UB","prob"
-0.455954119897038,0.0575683376881902,-0.572243427779362,-0.336345953163108,0.999993443475512
