"Posterior_Mean","Posterior_SD","Posterior_LB","Posterior_UB","prob"
-0.202939348303211,0.0818421131782604,-0.360805626066614,-0.0409754622469705,0.99156051824128
