"Posterior_Mean","Posterior_SD","Posterior_LB","Posterior_UB","prob"
-0.441926786686294,0.0689142886484017,-0.578580800524785,-0.304535799143933,1
