"Posterior_Mean","Posterior_SD","Posterior_LB","Posterior_UB","prob"
-0.345923466240259,0.0872522422637422,-0.512923451923373,-0.166293435285964,0.999472599840833
