"Posterior_Mean","Posterior_SD","Posterior_LB","Posterior_UB","prob"
-0.34097906281301,0.0804524905514437,-0.501334948760963,-0.167788628658443,0.999515298165774
