"Posterior_Mean","Posterior_SD","Posterior_LB","Posterior_UB","prob"
-0.184267045735578,0.118332670528711,-0.412286640086942,0.0501198748457334,0.942333333333333
