"Posterior_Mean","Posterior_SD","Posterior_LB","Posterior_UB","prob"
-0.281400746382954,0.0874047253598556,-0.452692070946132,-0.0729059129341918,0.992841870837733
