"Posterior_Mean","Posterior_SD","Posterior_LB","Posterior_UB","prob"
-0.196965199277456,0.0910186638252307,-0.375575590216469,0.0281408888704392,0.961055170824151
