"Posterior_Mean","Posterior_SD","Posterior_LB","Posterior_UB","prob"
-0.290040294326039,0.0850765361102593,-0.492253291771166,-0.0315403282191363,0.984075910755184
