"Posterior_Mean","Posterior_SD","Posterior_LB","Posterior_UB","prob"
-0.250041368743202,0.0907876149808769,-0.462865429618622,0.0251204441045355,0.960258483697139
