"Posterior_Mean","Posterior_SD","Posterior_LB","Posterior_UB","prob"
-0.128934440129409,0.113509578480812,-0.356318995394501,0.0925326586531391,0.874
