"Posterior_Mean","Posterior_SD","Posterior_LB","Posterior_UB","prob"
-0.465893002673292,0.0601981653885725,-0.643147372071833,-0.3321410216132,1
