"Posterior_Mean","Posterior_SD","Posterior_LB","Posterior_UB","prob"
-0.255537542832786,0.0837308178722904,-0.418058902569465,-0.0803577167800014,0.995825392834462
