"Posterior_Mean","Posterior_SD","Posterior_LB","Posterior_UB","prob"
-0.284298079736481,0.0717863220682147,-0.426431485744235,-0.125396719207307,0.997552674637661
