"Posterior_Mean","Posterior_SD","Posterior_LB","Posterior_UB","prob"
-0.159326542813948,0.114350550381695,-0.395130907357752,0.0599368050665131,0.916521277776665
