"Posterior_Mean","Posterior_SD","Posterior_LB","Posterior_UB","prob"
-0.230872349381417,0.0881524126818544,-0.405481755647904,-0.0489793489392372,0.992947191489354
