"Posterior_Mean","Posterior_SD","Posterior_LB","Posterior_UB","prob"
-0.390717396863651,0.0617305993109041,-0.533015504142844,-0.193012772726672,0.999750080698038
