"Posterior_Mean","Posterior_SD","Posterior_LB","Posterior_UB","prob"
-0.21626464973213,0.115667885030774,-0.446999440373466,0.00604704355298505,0.970166666666667
