"Posterior_Mean","Posterior_SD","Posterior_LB","Posterior_UB","prob"
-0.39440370024178,0.0867135694040404,-0.56664182739648,-0.225742587729597,0.99997721493608
