"Posterior_Mean","Posterior_SD","Posterior_LB","Posterior_UB","prob"
-0.240247297692536,0.0762607619647408,-0.418649715896852,-0.0530709042897993,0.994634643859555
