"Posterior_Mean","Posterior_SD","Posterior_LB","Posterior_UB","prob"
-0.199434743781399,0.0837142208036338,-0.366103618186519,-0.0242690434867303,0.984986184539824
