"Posterior_Mean","Posterior_SD","Posterior_LB","Posterior_UB","prob"
-0.357752864580225,0.0657991456474408,-0.491213916029586,-0.228245215357635,0.999998793855943
