"Posterior_Mean","Posterior_SD","Posterior_LB","Posterior_UB","prob"
-0.440064361647695,0.0917665278663455,-0.637130849066586,-0.172840990291572,0.999176323084804
