"Posterior_Mean","Posterior_SD","Posterior_LB","Posterior_UB","prob"
-0.116647011206063,0.0850625724744034,-0.288729394444058,0.108191835486242,0.893080161394504
