"Posterior_Mean","Posterior_SD","Posterior_LB","Posterior_UB","prob"
-0.298108903630748,0.07195811044377,-0.456726398149655,-0.106756067264204,0.997175648714966
