"Posterior_Mean","Posterior_SD","Posterior_LB","Posterior_UB","prob"
-0.340287636489995,0.0595502087285547,-0.466820623477059,-0.169264048620214,0.999351017797812
