"Posterior_Mean","Posterior_SD","Posterior_LB","Posterior_UB","prob"
-0.422299146965854,0.0728786449924329,-0.5694363382544,-0.247404805423031,0.999976859213513
