"Posterior_Mean","Posterior_SD","Posterior_LB","Posterior_UB","prob"
-0.163400377164017,0.107684091126175,-0.396069211468021,0.0836421789060268,0.895294423701939
