"Posterior_Mean","Posterior_SD","Posterior_LB","Posterior_UB","prob"
-0.444733432338177,0.0583218225609546,-0.560443329964877,-0.315592614717784,0.999994040439831
