"Posterior_Mean","Posterior_SD","Posterior_LB","Posterior_UB","prob"
-0.162316357827246,0.114031768375773,-0.388559710078962,0.0570311284039989,0.923
