"Posterior_Mean","Posterior_SD","Posterior_LB","Posterior_UB","prob"
-0.309967779586573,0.0662576860127872,-0.438832853799419,-0.176764275625267,0.9999999518989
