"Posterior_Mean","Posterior_SD","Posterior_LB","Posterior_UB","prob"
-0.371215716537977,0.0823983202374753,-0.534951510666758,-0.212698118691656,0.999974934015252
