"Posterior_Mean","Posterior_SD","Posterior_LB","Posterior_UB","prob"
-0.380498271287431,0.0667780345362352,-0.51381397342943,-0.247611598272669,1
