"Posterior_Mean","Posterior_SD","Posterior_LB","Posterior_UB","prob"
-0.236434241800501,0.114510575623755,-0.47066058657082,-0.00716680807405672,0.979563942069754
