"Posterior_Mean","Posterior_SD","Posterior_LB","Posterior_UB","prob"
-0.271523749089553,0.115665326703168,-0.496320689973864,-0.0468291686972312,0.992166666666667
