"Posterior_Mean","Posterior_SD","Posterior_LB","Posterior_UB","prob"
-0.330702436791336,0.0680184550665091,-0.489726183051802,-0.129324406418928,0.998338124474211
