"Posterior_Mean","Posterior_SD","Posterior_LB","Posterior_UB","prob"
-0.369866927831289,0.0666489453662203,-0.504961916248894,-0.224754330291173,0.999670290318556
