"Posterior_Mean","Posterior_SD","Posterior_LB","Posterior_UB","prob"
-0.330666856501636,0.0720915658359811,-0.476365318657813,-0.169046074158522,0.999550336676218
