"Posterior_Mean","Posterior_SD","Posterior_LB","Posterior_UB","prob"
-0.23908656890064,0.107376177695944,-0.490854555322482,-0.0209847753012932,0.983505267253814
