"Posterior_Mean","Posterior_SD","Posterior_LB","Posterior_UB","prob"
-0.209986319938916,0.111684963141398,-0.426287259974985,0.00906315310919234,0.970528103255612
