"Posterior_Mean","Posterior_SD","Posterior_LB","Posterior_UB","prob"
-0.179591532530341,0.119078249356287,-0.414154866309419,0.0567290070102769,0.935166666666667
