"Posterior_Mean","Posterior_SD","Posterior_LB","Posterior_UB","prob"
-0.325532418197,0.0650577084696613,-0.47871866517634,-0.101468284993563,0.994564853118787
