"Posterior_Mean","Posterior_SD","Posterior_LB","Posterior_UB","prob"
-0.265902113617194,0.0842288915201955,-0.434927938090651,-0.102261863935984,0.998935061051688
