"Posterior_Mean","Posterior_SD","Posterior_LB","Posterior_UB","prob"
-0.0244165182816329,0.110732481750001,-0.28381331662465,0.2093480797954,0.567084233960251
