"Posterior_Mean","Posterior_SD","Posterior_LB","Posterior_UB","prob"
-0.332107490094849,0.0678431682435474,-0.468886575884716,-0.191276672398323,0.999719845665915
