"Posterior_Mean","Posterior_SD","Posterior_LB","Posterior_UB","prob"
-0.268536209677683,0.0835294849285271,-0.431771649800895,-0.102165716588588,0.998338824312237
