"Posterior_Mean","Posterior_SD","Posterior_LB","Posterior_UB","prob"
-0.276137495217107,0.0798102939702989,-0.431884271225201,-0.115537504558213,0.999074971885063
