"Posterior_Mean","Posterior_SD","Posterior_LB","Posterior_UB","prob"
-0.223881125394431,0.0896109268924542,-0.401657423582513,-0.0320158163253354,0.986032165146901
