"Posterior_Mean","Posterior_SD","Posterior_LB","Posterior_UB","prob"
-0.197267287446678,0.117609882264084,-0.426516812795834,0.0422236481112846,0.953537910652978
