"Posterior_Mean","Posterior_SD","Posterior_LB","Posterior_UB","prob"
-0.319214217855237,0.0773351355325727,-0.507271758755396,-0.0587389599912114,0.990296381166644
