"Posterior_Mean","Posterior_SD","Posterior_LB","Posterior_UB","prob"
-0.175058611742428,0.0851724483479418,-0.340199973851435,0.00272276114883316,0.972908820034259
