"Posterior_Mean","Posterior_SD","Posterior_LB","Posterior_UB","prob"
-0.193916994752826,0.081297940854793,-0.353545945301876,-0.0371965527023575,0.990176983425887
