"Posterior_Mean","Posterior_SD","Posterior_LB","Posterior_UB","prob"
-0.00485103689053276,0.110952899870635,-0.216932681386481,0.213050102460666,0.511507597435939
