"Posterior_Mean","Posterior_SD","Posterior_LB","Posterior_UB","prob"
0.0587148153156384,0.111121127037564,-0.14844343767684,0.278915409362911,0.306747438370961
