"Posterior_Mean","Posterior_SD","Posterior_LB","Posterior_UB","prob"
-0.286229166771542,0.115186004050969,-0.513226192873575,-0.0552585966949978,0.994166666666667
