"Posterior_Mean","Posterior_SD","Posterior_LB","Posterior_UB","prob"
-0.376028389213993,0.063297687593151,-0.500298822296938,-0.249640595753634,0.999997264724807
