"Posterior_Mean","Posterior_SD","Posterior_LB","Posterior_UB","prob"
0.0143516949063481,0.113427970893793,-0.210472157564307,0.233940903270939,0.447666666666667
