"Posterior_Mean","Posterior_SD","Posterior_LB","Posterior_UB","prob"
-0.0347167521015115,0.112759636943923,-0.255370875801376,0.18479310998735,0.614333333333333
