"Posterior_Mean","Posterior_SD","Posterior_LB","Posterior_UB","prob"
-0.172027821426299,0.114945403982734,-0.39550213049769,0.0508990125578002,0.9335
