"Posterior_Mean","Posterior_SD","Posterior_LB","Posterior_UB","prob"
-0.31596923201207,0.0667169426672601,-0.448139136731647,-0.179872903303429,0.999961032812369
