"Posterior_Mean","Posterior_SD","Posterior_LB","Posterior_UB","prob"
-0.134736265495167,0.111161154260021,-0.352328094741896,0.0857860025525093,0.887166666666667
