"Posterior_Mean","Posterior_SD","Posterior_LB","Posterior_UB","prob"
-0.326806100481726,0.0829365679608108,-0.487984971540575,-0.130434727610189,0.997513485460523
