"Posterior_Mean","Posterior_SD","Posterior_LB","Posterior_UB","prob"
-0.354129699697842,0.0714835590237754,-0.505611877326364,-0.0978708519426069,0.995041193867571
