"Posterior_Mean","Posterior_SD","Posterior_LB","Posterior_UB","prob"
-0.397737438319278,0.0626573154355852,-0.534959973487533,-0.228131715675368,0.999911395309788
