"Posterior_Mean","Posterior_SD","Posterior_LB","Posterior_UB","prob"
-0.446504719087252,0.0909116685916983,-0.65158739197409,-0.234874935838747,1
