"Posterior_Mean","Posterior_SD","Posterior_LB","Posterior_UB","prob"
-0.405532506698881,0.0724483227285287,-0.554094670912511,-0.224477138705532,0.999666277903646
