"Posterior_Mean","Posterior_SD","Posterior_LB","Posterior_UB","prob"
-0.342739147444463,0.0860787457593613,-0.529751394233101,-0.0706898215642241,0.991601342121942
