"Posterior_Mean","Posterior_SD","Posterior_LB","Posterior_UB","prob"
-0.295835633832374,0.0738052159211514,-0.457955933109592,-0.11408223803313,0.999486430130176
