"Posterior_Mean","Posterior_SD","Posterior_LB","Posterior_UB","prob"
-0.369482001500227,0.0679575411833691,-0.508968466139452,-0.194732822700994,0.999997365735246
