"Posterior_Mean","Posterior_SD","Posterior_LB","Posterior_UB","prob"
-0.513888607564081,0.0716625690483772,-0.664721529414051,-0.290017669661841,0.999883741523522
