"Posterior_Mean","Posterior_SD","Posterior_LB","Posterior_UB","prob"
-0.328126263424949,0.0681349002996958,-0.467675929761953,-0.164810997742034,0.999864622563188
