"Posterior_Mean","Posterior_SD","Posterior_LB","Posterior_UB","prob"
-0.284565274173882,0.0884720712925152,-0.469919401600847,-0.0411274586457797,0.988105351958625
