"Posterior_Mean","Posterior_SD","Posterior_LB","Posterior_UB","prob"
-0.227043269091805,0.0862869771110289,-0.399082978904578,-0.0257422623363284,0.983522310199666
