"Posterior_Mean","Posterior_SD","Posterior_LB","Posterior_UB","prob"
-0.405883918505302,0.0908949423523419,-0.589026036560902,-0.227589389239542,0.999912424267681
