"Posterior_Mean","Posterior_SD","Posterior_LB","Posterior_UB","prob"
-0.0305029967700979,0.119481142974625,-0.269671855057939,0.205625840807379,0.596785906551702
