"Posterior_Mean","Posterior_SD","Posterior_LB","Posterior_UB","prob"
-0.365218282500994,0.0558830888095841,-0.473518221873262,-0.246561924591361,0.999999980249795
