"Posterior_Mean","Posterior_SD","Posterior_LB","Posterior_UB","prob"
-0.47022139342194,0.0659971568211111,-0.599418911542059,-0.339138231782488,1
