"Posterior_Mean","Posterior_SD","Posterior_LB","Posterior_UB","prob"
-0.120451502072861,0.114997303091923,-0.344558930939953,0.105264768521769,0.851166666666667
