"Posterior_Mean","Posterior_SD","Posterior_LB","Posterior_UB","prob"
-0.409223021176927,0.0741009393619678,-0.56123336165256,-0.171931900625359,0.998842127167005
