"Posterior_Mean","Posterior_SD","Posterior_LB","Posterior_UB","prob"
-0.185198109193118,0.112470610436223,-0.425407923612133,0.0543090099537985,0.922066088578592
