"Posterior_Mean","Posterior_SD","Posterior_LB","Posterior_UB","prob"
-0.27715585028939,0.066622947567832,-0.427308197960924,-0.0714326345378945,0.995309104009449
