"Posterior_Mean","Posterior_SD","Posterior_LB","Posterior_UB","prob"
-0.342617272294174,0.0984946924576682,-0.540623692029025,-0.14294570602053,0.999673207767184
