"Posterior_Mean","Posterior_SD","Posterior_LB","Posterior_UB","prob"
-0.339025996864992,0.0953678235958346,-0.533774145016998,-0.107702933324991,0.998082177297673
