"Posterior_Mean","Posterior_SD","Posterior_LB","Posterior_UB","prob"
-0.521799408602776,0.0856905610067594,-0.691602882534748,-0.339803542706907,1
