"Posterior_Mean","Posterior_SD","Posterior_LB","Posterior_UB","prob"
-0.484438764210319,0.0729740208615949,-0.629458271982292,-0.336966317140647,1
