"Posterior_Mean","Posterior_SD","Posterior_LB","Posterior_UB","prob"
-0.321272913929024,0.0791594829531763,-0.505926296337252,-0.0611871204493476,0.989724511053962
