"Posterior_Mean","Posterior_SD","Posterior_LB","Posterior_UB","prob"
-0.0763174374023224,0.115117245180896,-0.298208473971984,0.146579244522963,0.741166666666667
