"Posterior_Mean","Posterior_SD","Posterior_LB","Posterior_UB","prob"
-0.0900537008251972,0.113314165277919,-0.3144680935247,0.130190371051395,0.789833333333333
