"Posterior_Mean","Posterior_SD","Posterior_LB","Posterior_UB","prob"
-0.18262161263603,0.10961044794489,-0.414186638935881,0.0489933607924068,0.931020052464349
