"Posterior_Mean","Posterior_SD","Posterior_LB","Posterior_UB","prob"
-0.33642275813421,0.0680263707241347,-0.479581540077837,-0.104132039142342,0.991431060429748
