"Posterior_Mean","Posterior_SD","Posterior_LB","Posterior_UB","prob"
-0.289794657317944,0.0635896762696097,-0.433770427563162,-0.159110272614598,0.99998885176644
