"Posterior_Mean","Posterior_SD","Posterior_LB","Posterior_UB","prob"
-0.380092495926557,0.0927670139172518,-0.56511864442367,-0.160709806948185,0.999303622507355
