"","Posterior_Mean","Posterior_SD","Posterior_LB","Posterior_UB"
"1",-0.0345290936275792,0.0470302446986725,-0.126868602769163,0.0591794556861036
