"","Posterior_Mean","Posterior_SD","Posterior_LB","Posterior_UB"
"1",-0.0630969181161629,0.0438758052610383,-0.152243967873836,0.0213538910766402
