"","Posterior_Mean","Posterior_SD","Posterior_LB","Posterior_UB"
"1",0.0486542012417489,0.0442465964581367,-0.0366873902493247,0.136677299165009
