"","Posterior_Mean","Posterior_SD","Posterior_LB","Posterior_UB"
"1",-0.0175261691644619,0.0455999484792083,-0.106131693926735,0.0717076975805515
