"","Posterior_Mean","Posterior_SD","Posterior_LB","Posterior_UB"
"1",-0.0432363242284461,0.0528554259039139,-0.146077028787299,0.0584979699167308
