"","Posterior_Mean","Posterior_SD","Posterior_LB","Posterior_UB"
"1",0.0392047228554385,0.0587066952269349,-0.074340909795306,0.156194427069304
