"","Posterior_Mean","Posterior_SD","Posterior_LB","Posterior_UB"
"1",0.11162589398451,0.050307057009303,0.0123795904821445,0.204963487949721
