"","Posterior_Mean","Posterior_SD","Posterior_LB","Posterior_UB"
"1",0.0596712510594671,0.0533040423315683,-0.0423736870639093,0.162363731686926
