"","Posterior_Mean","Posterior_SD","Posterior_LB","Posterior_UB"
"1",0.0185509401960316,0.0564184169006169,-0.0922928657670158,0.129154893364366
