"","Posterior_Mean","Posterior_SD","Posterior_LB","Posterior_UB"
"1",0.0579150692934723,0.0659536441355214,-0.0697883573801951,0.189331718441859
