"","Posterior_Mean","Posterior_SD","Posterior_LB","Posterior_UB"
"1",0.0328529798698649,0.0622833126546602,-0.0878881052145956,0.154018180683933
