"Posterior_Mean","Posterior_SD","Posterior_LB","Posterior_UB","prob"
0.00447663359227797,0.0431696342736522,-0.0848014086256132,0.0959107218046343,0.44878718864285
