"Posterior_Mean","Posterior_SD","Posterior_LB","Posterior_UB","prob"
-0.117521229045796,0.0402919113293763,-0.201073882121534,-0.0252850228488205,0.99292622877036
