"Posterior_Mean","Posterior_SD","Posterior_LB","Posterior_UB","prob"
-0.0250162269331862,0.0581990609421494,-0.155521120253174,0.0842541782163582,0.642612633328545
