"Posterior_Mean","Posterior_SD","Posterior_LB","Posterior_UB","prob"
0.0108750138440452,0.0451112194087473,-0.0798652082389079,0.118273954895225,0.432663441058188
