"Posterior_Mean","Posterior_SD","Posterior_LB","Posterior_UB","prob"
0.0317323693295994,0.052680661457673,-0.164071253017844,0.179702984927518,0.318948708984551
