"Posterior_Mean","Posterior_SD","Posterior_LB","Posterior_UB","prob"
-0.108358877341319,0.047541280467701,-0.223130706635463,0.0160198050235321,0.952368576950777
