"Posterior_Mean","Posterior_SD","Posterior_LB","Posterior_UB","prob"
-0.051848297786699,0.0445869532547089,-0.14529894713018,0.0643251617034944,0.848394197030459
