"Posterior_Mean","Posterior_SD","Posterior_LB","Posterior_UB","prob"
-0.0730914649592533,0.0479877037423334,-0.282327389527646,0.0961143558212371,0.697670516777399
