"Posterior_Mean","Posterior_SD","Posterior_LB","Posterior_UB","prob"
-0.010973495774692,0.0507656773772044,-0.161541149510579,0.0999455329703396,0.539115818313098
