"Posterior_Mean","Posterior_SD","Posterior_LB","Posterior_UB","prob"
-0.0894141027467519,0.0426387451681486,-0.191191455475648,0.00851188655678494,0.965344345850436
