"Posterior_Mean","Posterior_SD","Posterior_LB","Posterior_UB","prob"
0.00286638079672499,0.0520528416080365,-0.0980109560849459,0.104817201651119,0.485500818868352
