"Posterior_Mean","Posterior_SD","Posterior_LB","Posterior_UB","prob"
0.0743983268767204,0.0512156562943902,-0.0360943534964331,0.184122143823126,0.093312132496242
