"Posterior_Mean","Posterior_SD","Posterior_LB","Posterior_UB","prob"
0.0521714270261234,0.0556117606419913,-0.0802073957433429,0.164129262401193,0.18646115351464
