"Posterior_Mean","Posterior_SD","Posterior_LB","Posterior_UB","prob"
-0.0993560788933734,0.0425945689037843,-0.245346547543413,0.0294073819280126,0.933965858561494
