"Posterior_Mean","Posterior_SD","Posterior_LB","Posterior_UB","prob"
-0.0212015476561021,0.0415695709360008,-0.103506587834658,0.0609768843133306,0.699692299500947
