"Posterior_Mean","Posterior_SD","Posterior_LB","Posterior_UB","prob"
0.0676880599129501,0.0541144838444388,-0.0429052165772371,0.172692697756759,0.107255566698823
