"Posterior_Mean","Posterior_SD","Posterior_LB","Posterior_UB","prob"
-0.0322152037268115,0.0517190815108966,-0.142575345436839,0.0862349060333805,0.735254628228333
