"Posterior_Mean","Posterior_SD","Posterior_LB","Posterior_UB","prob"
-0.0377684942402358,0.0422989852246891,-0.137395541247489,0.0490403570041188,0.787092832042547
