"Posterior_Mean","Posterior_SD","Posterior_LB","Posterior_UB","prob"
-0.0581127781237981,0.0528645346933395,-0.163073864376094,0.0484973932889794,0.865956181679365
