"Posterior_Mean","Posterior_SD","Posterior_LB","Posterior_UB","prob"
0.0455769970375933,0.0512337989588815,-0.0846891269360266,0.163213263223854,0.218935425418268
