"Posterior_Mean","Posterior_SD","Posterior_LB","Posterior_UB","prob"
-0.162280493850175,0.0414758060623604,-0.245925436272719,-0.080035670923107,0.999163265307101
