"Posterior_Mean","Posterior_SD","Posterior_LB","Posterior_UB","prob"
-0.120365933311865,0.0512334688635183,-0.308494904587817,0.0388136544121379,0.914656931321967
