"Posterior_Mean","Posterior_SD","Posterior_LB","Posterior_UB","prob"
0.0416785984480363,0.0634466054985493,-0.116623822925674,0.22560365098361,0.355065004797945
