"Posterior_Mean","Posterior_SD","Posterior_LB","Posterior_UB","prob"
-0.00649942310496299,0.0658595410846642,-0.156364981931388,0.153994666083066,0.529600568516467
