"Posterior_Mean","Posterior_SD","Posterior_LB","Posterior_UB","prob"
0.00105405189267481,0.0513261115120624,-0.127929968729718,0.124583562569375,0.478610224169942
