"Posterior_Mean","Posterior_SD","Posterior_LB","Posterior_UB","prob"
-0.0356195290026828,0.0504650780119979,-0.197823820938282,0.0838941528114232,0.654053909323097
