"Posterior_Mean","Posterior_SD","Posterior_LB","Posterior_UB","prob"
-0.000781647013113572,0.0524477010994159,-0.11058119423075,0.106594117209125,0.4887166005431
