"Posterior_Mean","Posterior_SD","Posterior_LB","Posterior_UB","prob"
-0.00535300957431786,0.0421633719638687,-0.0859201543219672,0.0790050703737651,0.552149099540574
