"Posterior_Mean","Posterior_SD","Posterior_LB","Posterior_UB","prob"
-0.0608407776862144,0.0437482880789227,-0.158232437247401,0.044413596472672,0.899221142179413
