"Posterior_Mean","Posterior_SD","Posterior_LB","Posterior_UB","prob"
-0.0144349400899926,0.0507519259186158,-0.171677245607911,0.105947538650056,0.562272805468521
