"Posterior_Mean","Posterior_SD","Posterior_LB","Posterior_UB","prob"
-0.090993533288119,0.0470276821262616,-0.24641150810258,0.0533506487985547,0.88312606770772
