"Posterior_Mean","Posterior_SD","Posterior_LB","Posterior_UB","prob"
0.101806720969894,0.0692125664551218,-0.0717297412602398,0.265876699469141,0.130753187132745
