"Posterior_Mean","Posterior_SD","Posterior_LB","Posterior_UB","prob"
0.0336629813868581,0.0636449086734034,-0.103885435540077,0.158671083873181,0.292390996424754
