"Posterior_Mean","Posterior_SD","Posterior_LB","Posterior_UB","prob"
-0.152629462454436,0.0377316034730447,-0.232099828702814,-0.0613741828490233,0.999143344721628
