"Posterior_Mean","Posterior_SD","Posterior_LB","Posterior_UB","prob"
-0.0101065952455971,0.0522955066158154,-0.111236389190066,0.0942877096276749,0.586129513028295
