"Posterior_Mean","Posterior_SD","Posterior_LB","Posterior_UB","prob"
0.0940704517168708,0.0680298247343622,-0.101918043422835,0.269046197595548,0.194203650405896
