"Posterior_Mean","Posterior_SD","Posterior_LB","Posterior_UB","prob"
-0.101047208454525,0.0490247363108125,-0.233782681631993,0.0197031499845012,0.940280979467845
