"Posterior_Mean","Posterior_SD","Posterior_LB","Posterior_UB","prob"
-0.0250597914870262,0.0555590610439247,-0.13561406461644,0.0860802376780646,0.668947348277115
