"Posterior_Mean","Posterior_SD","Posterior_LB","Posterior_UB","prob"
-0.00558620843798335,0.0425813444715126,-0.0978160913877497,0.0839417252142201,0.537848526937574
