"Posterior_Mean","Posterior_SD","Posterior_LB","Posterior_UB","prob"
-0.0409612672617233,0.0462886915961981,-0.152033643463765,0.0822725036312838,0.744376085318328
