"Posterior_Mean","Posterior_SD","Posterior_LB","Posterior_UB","prob"
-0.0706523778227504,0.0544061378752797,-0.239200271608774,0.0550017429104113,0.83017509619792
