"Posterior_Mean","Posterior_SD","Posterior_LB","Posterior_UB","prob"
0.0387581977779843,0.0520034577975516,-0.0656417575375804,0.141932914494649,0.229038198941148
