"Posterior_Mean","Posterior_SD","Posterior_LB","Posterior_UB","prob"
-0.0819155433910142,0.0531150150915713,-0.252574667335564,0.0378242217565959,0.896756565767351
