"Posterior_Mean","Posterior_SD","Posterior_LB","Posterior_UB","prob"
0.0906305667459155,0.0716131876637815,-0.0518487665308772,0.228187711565368,0.109503546007141
