"Posterior_Mean","Posterior_SD","Posterior_LB","Posterior_UB","prob"
-0.0794099564871779,0.0478618790317689,-0.181425105271477,0.017033188124961,0.943477001299463
