"Posterior_Mean","Posterior_SD","Posterior_LB","Posterior_UB","prob"
0.0158738443005256,0.0726361947357759,-0.130620632525165,0.161229820446425,0.412297199049127
