"Posterior_Mean","Posterior_SD","Posterior_LB","Posterior_UB","prob"
-0.120065389696278,0.0431091502079878,-0.2082021268988,-0.0247826802934588,0.990481636875102
