"Posterior_Mean","Posterior_SD","Posterior_LB","Posterior_UB","prob"
-0.060906854411911,0.0408394981256452,-0.140265987302639,0.0168740709705228,0.930872735970811
