"Posterior_Mean","Posterior_SD","Posterior_LB","Posterior_UB","prob"
0.0118731435551795,0.0535803981300635,-0.103460190857847,0.12016382288737,0.405214441913253
