"Posterior_Mean","Posterior_SD","Posterior_LB","Posterior_UB","prob"
-0.0825193670299064,0.0422986033401714,-0.173699415356466,0.0346641049282872,0.934823054132296
