"Posterior_Mean","Posterior_SD","Posterior_LB","Posterior_UB","prob"
-0.0234895752327939,0.057910705409159,-0.210998514953344,0.149556233101219,0.557733004047642
