"Posterior_Mean","Posterior_SD","Posterior_LB","Posterior_UB","prob"
-0.215224319588993,0.0395770458047212,-0.297644710136358,-0.118890575499029,0.999255916389134
