"Posterior_Mean","Posterior_SD","Posterior_LB","Posterior_UB","prob"
-0.115012408739274,0.0423040690550819,-0.211781173691499,0.0135098293976256,0.965393716186386
