"Posterior_Mean","Posterior_SD","Posterior_LB","Posterior_UB","prob"
-0.0722383576088977,0.0444843791189595,-0.173181053750175,0.0499520634519567,0.910506738764312
