"Posterior_Mean","Posterior_SD","Posterior_LB","Posterior_UB","prob"
-0.0148475002248964,0.0561391859420005,-0.143761773440727,0.0986171197672568,0.601216494337199
