"Posterior_Mean","Posterior_SD","Posterior_LB","Posterior_UB","prob"
-0.065114276434165,0.0545842430171148,-0.229686893577338,0.0581345342785457,0.818815535980655
