"Posterior_Mean","Posterior_SD","Posterior_LB","Posterior_UB","prob"
-0.130934774766136,0.0489940187550481,-0.235756412682003,-0.00459067436695882,0.978964011713903
