"Posterior_Mean","Posterior_SD","Posterior_LB","Posterior_UB","prob"
-0.0173865323181079,0.0537658387567273,-0.165653923381594,0.17655416582726,0.61755338834727
