"Posterior_Mean","Posterior_SD","Posterior_LB","Posterior_UB","prob"
-0.0231172474607283,0.0471188213473313,-0.131125738279951,0.103084530558503,0.655521159814967
