"Posterior_Mean","Posterior_SD","Posterior_LB","Posterior_UB","prob"
-0.060590506172768,0.0454868532013493,-0.154231872513465,0.0423716581254935,0.883318258713892
