"Posterior_Mean","Posterior_SD","Posterior_LB","Posterior_UB","prob"
0.0677012255804506,0.0570162260487092,-0.0447683918418599,0.183269783921295,0.121061379907837
