"Posterior_Mean","Posterior_SD","Posterior_LB","Posterior_UB","prob"
-0.10303898342593,0.0387910442416179,-0.204250672516239,0.00604253504304662,0.967211698619585
