"Posterior_Mean","Posterior_SD","Posterior_LB","Posterior_UB","prob"
-0.0204842538011106,0.0507989366857787,-0.129938143702381,0.0933227503356826,0.6352763323697
