"Posterior_Mean","Posterior_SD","Posterior_LB","Posterior_UB","prob"
0.0251710760234886,0.056179705083731,-0.112002531042369,0.214955452926737,0.416445750576672
