"Posterior_Mean","Posterior_SD","Posterior_LB","Posterior_UB","prob"
0.0396738857467441,0.0705015719445777,-0.105971385841024,0.173736976871033,0.279738317148808
