"Posterior_Mean","Posterior_SD","Posterior_LB","Posterior_UB","prob"
-0.0169210801173547,0.050525112768558,-0.142904289670626,0.09333257045182,0.59327702637381
