"Posterior_Mean","Posterior_SD","Posterior_LB","Posterior_UB","prob"
0.0231447534241041,0.0682327265717705,-0.116404288370914,0.167069905155828,0.362639034121443
