"Posterior_Mean","Posterior_SD","Posterior_LB","Posterior_UB","prob"
-0.084419156737901,0.0465799772278052,-0.253775892794565,0.104022382129853,0.762808907325034
