"Posterior_Mean","Posterior_SD","Posterior_LB","Posterior_UB","prob"
0.042099945918027,0.0523135821915543,-0.0583158654272615,0.149132062103473,0.2129831457141
