"Posterior_Mean","Posterior_SD","Posterior_LB","Posterior_UB","prob"
-0.032620345686061,0.0473221963065424,-0.157217023777315,0.0958205932402789,0.67516203884418
