"Posterior_Mean","Posterior_SD","Posterior_LB","Posterior_UB","prob"
0.0714104153450809,0.0613529020553252,-0.0594498501533047,0.228682411936054,0.169844179099221
