"Posterior_Mean","Posterior_SD","Posterior_LB","Posterior_UB","prob"
-0.0720998135159256,0.0494223741138205,-0.207593016272664,0.0531829369433692,0.857650745058698
