"Posterior_Mean","Posterior_SD","Posterior_LB","Posterior_UB","prob"
-0.0868781478864485,0.0351682520415257,-0.175384666659107,-0.000202745223095741,0.97538392322875
