"Posterior_Mean","Posterior_SD","Posterior_LB","Posterior_UB","prob"
-0.00536470281958023,0.0541795153867192,-0.115705133065791,0.132241912711941,0.564514616483901
