"Posterior_Mean","Posterior_SD","Posterior_LB","Posterior_UB","prob"
-0.133528028349322,0.0403286171320058,-0.240914918134954,-0.000132342541581565,0.976048083723493
