"Posterior_Mean","Posterior_SD","Posterior_LB","Posterior_UB","prob"
0.0171044598284328,0.0593369393548212,-0.105300533145609,0.155716153922838,0.41155009096418
