"Posterior_Mean","Posterior_SD","Posterior_LB","Posterior_UB","prob"
0.0358041648654888,0.0539712982902613,-0.0832389724374986,0.144705485962821,0.256332076425857
