"Posterior_Mean","Posterior_SD","Posterior_LB","Posterior_UB","prob"
-0.0650182675303335,0.0428999288705893,-0.149829872770711,0.0323012376194735,0.919808728034646
