"Posterior_Mean","Posterior_SD","Posterior_LB","Posterior_UB","prob"
-0.0378157993998549,0.04501238302449,-0.135318031100459,0.0809362329444611,0.776214177409386
