"Posterior_Mean","Posterior_SD","Posterior_LB","Posterior_UB","prob"
-0.137916630252847,0.0408409973873975,-0.225945355219173,-0.0428318361808884,0.998997747225745
