"Posterior_Mean","Posterior_SD","Posterior_LB","Posterior_UB","prob"
-0.139156657814926,0.0364559332845842,-0.215830428467154,-0.0437797808515435,0.993103624383166
