"Posterior_Mean","Posterior_SD","Posterior_LB","Posterior_UB","prob"
0.0906617821328309,0.0539087242017645,-0.0369421180555693,0.197717929512399,0.0622316988214525
