"Posterior_Mean","Posterior_SD","Posterior_LB","Posterior_UB","prob"
0.0944561944888445,0.0579835265795899,-0.0309616994139184,0.215260240410895,0.0569329998905268
