"Posterior_Mean","Posterior_SD","Posterior_LB","Posterior_UB","prob"
-0.0757847057088462,0.0501337712075148,-0.21480516384089,0.0512856925279631,0.85907313654846
