"Posterior_Mean","Posterior_SD","Posterior_LB","Posterior_UB","prob"
-0.0407364844963801,0.0536132086080754,-0.143190162708564,0.0654074049467699,0.781064584857153
