"Posterior_Mean","Posterior_SD","Posterior_LB","Posterior_UB","prob"
-0.0402541665089809,0.0418663341640982,-0.125947381008998,0.053139368534236,0.829853837107531
