"Posterior_Mean","Posterior_SD","Posterior_LB","Posterior_UB","prob"
-0.0453739350649919,0.0577496694432822,-0.175663490010366,0.156457164274917,0.744919902209894
