"Posterior_Mean","Posterior_SD","Posterior_LB","Posterior_UB","prob"
-0.127858920727034,0.0428148696037572,-0.214241223815486,-0.0445693254782886,0.996019114414285
