"Posterior_Mean","Posterior_SD","Posterior_LB","Posterior_UB","prob"
-0.162027806393987,0.0403182860847844,-0.262583692794405,-0.0139794946848672,0.982562813632033
