"Posterior_Mean","Posterior_SD","Posterior_LB","Posterior_UB","prob"
-0.0847224539359626,0.0536359163857804,-0.206168245031153,0.0333357872549662,0.915259821391737
