"Posterior_Mean","Posterior_SD","Posterior_LB","Posterior_UB","prob"
0.0466225016587365,0.0569610620216232,-0.0800685250305446,0.164079926396273,0.202578948192398
