"Posterior_Mean","Posterior_SD","Posterior_LB","Posterior_UB","prob"
-0.107520038836388,0.0445484635431774,-0.199487072305604,-0.0186408534383773,0.991216227059481
