"Posterior_Mean","Posterior_SD","Posterior_LB","Posterior_UB","prob"
-0.0391089698713179,0.0542115525714217,-0.167384255582131,0.069974730365925,0.738252375088568
