"Posterior_Mean","Posterior_SD","Posterior_LB","Posterior_UB","prob"
-0.040393663103344,0.0773462077599362,-0.191391311712351,0.111961819286039,0.702267944843404
