"Posterior_Mean","Posterior_SD","Posterior_LB","Posterior_UB","prob"
0.0491063186446221,0.059047738689518,-0.0720707964430873,0.164595563040252,0.208192240547633
