"Posterior_Mean","Posterior_SD","Posterior_LB","Posterior_UB","prob"
-0.101360292738869,0.0450169371805079,-0.196900745895851,0.0105819393586273,0.960402008187919
