"Posterior_Mean","Posterior_SD","Posterior_LB","Posterior_UB","prob"
-0.0105993646642297,0.064617913790767,-0.135381189917934,0.129223427444786,0.576957186183772
