"Posterior_Mean","Posterior_SD","Posterior_LB","Posterior_UB","prob"
-0.0696693803022785,0.0426634118631673,-0.160039200428902,0.0180966786632075,0.949957268308387
