"Posterior_Mean","Posterior_SD","Posterior_LB","Posterior_UB","prob"
-0.171711066975262,0.0438673057190023,-0.302619239352318,-0.0121432687075557,0.984207136614599
