"Posterior_Mean","Posterior_SD","Posterior_LB","Posterior_UB","prob"
0.0206306773812178,0.0555052162208105,-0.10621738480442,0.130432440695072,0.345743674947485
