"Posterior_Mean","Posterior_SD","Posterior_LB","Posterior_UB","prob"
0.0629547877565661,0.054239882911798,-0.0522448703592421,0.181828792615634,0.138863613812551
