"Posterior_Mean","Posterior_SD","Posterior_LB","Posterior_UB","prob"
-0.00696207342612369,0.0539183705897756,-0.1969699569458,0.125390795323735,0.484083905596435
