"Posterior_Mean","Posterior_SD","Posterior_LB","Posterior_UB","prob"
-0.0253403285775976,0.04195054887923,-0.110889010358207,0.0548228243106065,0.706393685743956
