"Posterior_Mean","Posterior_SD","Posterior_LB","Posterior_UB","prob"
-0.0743334766884075,0.0519889041497675,-0.248055306080641,0.0624644335848482,0.843608256492971
