"Posterior_Mean","Posterior_SD","Posterior_LB","Posterior_UB","prob"
-0.0272173903689254,0.0493170775320701,-0.137497499878667,0.0889387253662771,0.688218768771852
