"Posterior_Mean","Posterior_SD","Posterior_LB","Posterior_UB","prob"
-0.021514537669957,0.0694975715031149,-0.158335376359453,0.126405716557676,0.634325637119769
