"Posterior_Mean","Posterior_SD","Posterior_LB","Posterior_UB","prob"
-0.0713030131518195,0.0504775414978533,-0.167514494966734,0.0341589709493204,0.917203784185408
