"Posterior_Mean","Posterior_SD","Posterior_LB","Posterior_UB","prob"
0.0569250774877268,0.0713961620134849,-0.0753937705789291,0.201119106920915,0.220513933414742
