"Posterior_Mean","Posterior_SD","Posterior_LB","Posterior_UB","prob"
-0.0485310920465706,0.0463079510280785,-0.146199786057589,0.0733846638154228,0.811899541420932
