"Posterior_Mean","Posterior_SD","Posterior_LB","Posterior_UB","prob"
-0.0680325802223893,0.0590168566514841,-0.17985826661333,0.0647910696069407,0.87183678142552
