"Posterior_Mean","Posterior_SD","Posterior_LB","Posterior_UB","prob"
-0.189496190584997,0.0408431168839233,-0.269200726393418,-0.101438025845079,0.999025940550332
