"Posterior_Mean","Posterior_SD","Posterior_LB","Posterior_UB","prob"
0.042010193403695,0.0606873719352833,-0.0772763860108833,0.172753794023566,0.256287482393886
