"Posterior_Mean","Posterior_SD","Posterior_LB","Posterior_UB","prob"
0.140448797411067,0.0722811294930698,-0.00116201636975244,0.288940179410549,0.0258282044847018
