"Posterior_Mean","Posterior_SD","Posterior_LB","Posterior_UB","prob"
0.103408718992524,0.0749540823266508,-0.0431509085146712,0.252677514606637,0.0878609563225964
