"Posterior_Mean","Posterior_SD","Posterior_LB","Posterior_UB","prob"
0.0388237135399594,0.063408086832528,-0.0931952178917019,0.192786535157689,0.312158249268751
