"Posterior_Mean","Posterior_SD","Posterior_LB","Posterior_UB","prob"
-0.214820795237519,0.0475587333855524,-0.361354030040149,-0.0690467557534033,0.998991277814249
