"","Posterior_Mean","Posterior_SD","Posterior_LB","Posterior_UB"
"1",-0.0593370624460829,0.0380377083169426,-0.134146468533111,0.0186799833767301
