"Posterior_Mean","Posterior_SD","Posterior_LB","Posterior_UB","prob"
-0.202791943826821,0.0427065146163356,-0.30927912506338,-0.110744613976036,0.999882683377095
