"","Posterior_Mean","Posterior_SD","Posterior_LB","Posterior_UB"
"1",0.0176388764057187,0.0362765403488967,-0.0507710659991117,0.0894163002111636
