"Posterior_Mean","Posterior_SD","Posterior_LB","Posterior_UB","prob"
-0.308096114357425,0.0414122163621095,-0.385507715673658,-0.227151923883204,0.999999772603828
