"Posterior_Mean","Posterior_SD","Posterior_LB","Posterior_UB","prob"
-0.265488416148656,0.040707709537683,-0.343442238690161,-0.184933593228605,0.99999957040626
