"Posterior_Mean","Posterior_SD","Posterior_LB","Posterior_UB","prob"
-0.294456640167528,0.0447937914810814,-0.444501127841798,-0.173221267181894,1
