"","Posterior_Mean","Posterior_SD","Posterior_LB","Posterior_UB"
"1",0.0909645962310361,0.0381096102534669,0.017019719861303,0.165015696617146
