"Posterior_Mean","Posterior_SD","Posterior_LB","Posterior_UB","prob"
-0.256716184959898,0.0417761074726246,-0.368967979701649,-0.168045522475916,1
