"","Posterior_Mean","Posterior_SD","Posterior_LB","Posterior_UB"
"1",-0.0466396790055057,0.0388253870989959,-0.120727980459218,0.0305904719363543
