"Posterior_Mean","Posterior_SD","Posterior_LB","Posterior_UB","prob"
-0.121048541996057,0.0640270379480054,-0.324134961939792,0.0589207621797829,0.880720024314247
