"Posterior_Mean","Posterior_SD","Posterior_LB","Posterior_UB","prob"
-0.368759932475256,0.043747421101968,-0.516310019876289,-0.179410954890697,1
