"Posterior_Mean","Posterior_SD","Posterior_LB","Posterior_UB","prob"
-0.240227785797616,0.042947336586095,-0.32923685796826,-0.147524294405008,1
