"Posterior_Mean","Posterior_SD","Posterior_LB","Posterior_UB","prob"
-0.193992895474211,0.0418677025120155,-0.27926143914891,-0.10720346853506,0.999904358435182
