"Posterior_Mean","Posterior_SD","Posterior_LB","Posterior_UB","prob"
-0.254917664403022,0.0485208228418823,-0.368850762067827,-0.152546261750477,0.999986943930932
