"","Posterior_Mean","Posterior_SD","Posterior_LB","Posterior_UB"
"1",-0.0369881778071488,0.0381241026881755,-0.112949785658754,0.0358720435004435
