"Posterior_Mean","Posterior_SD","Posterior_LB","Posterior_UB","prob"
-0.311298659769818,0.0415771910655469,-0.434177043122384,-0.136589103872769,0.999999375804406
