"Posterior_Mean","Posterior_SD","Posterior_LB","Posterior_UB","prob"
-0.298509309834314,0.0427198110845432,-0.384547147906097,-0.212668623274137,1
