"Posterior_Mean","Posterior_SD","Posterior_LB","Posterior_UB","prob"
-0.334993289998302,0.037867026436855,-0.420619945538762,-0.237159191036538,1
