"Posterior_Mean","Posterior_SD","Posterior_LB","Posterior_UB","prob"
-0.334997505181259,0.037188575411045,-0.410173265783679,-0.259020564176668,1
