"Posterior_Mean","Posterior_SD","Posterior_LB","Posterior_UB","prob"
-0.349859637884925,0.0479721288691855,-0.465128578607073,-0.241257580605357,1
