"","Posterior_Mean","Posterior_SD","Posterior_LB","Posterior_UB"
"1",-0.00750951456184095,0.0384252481341015,-0.0801712290292991,0.0665689425062232
