"Posterior_Mean","Posterior_SD","Posterior_LB","Posterior_UB","prob"
-0.31799058693888,0.0454910320489198,-0.419744173271211,-0.220292794401032,1
