"Posterior_Mean","Posterior_SD","Posterior_LB","Posterior_UB","prob"
-0.245876501025303,0.0442235257950528,-0.350202392437886,-0.143838424462508,1
