"Posterior_Mean","Posterior_SD","Posterior_LB","Posterior_UB","prob"
-0.3154828619316,0.0417991830953136,-0.405870067249537,-0.219656898075578,1
