"","Posterior_Mean","Posterior_SD","Posterior_LB","Posterior_UB"
"1",0.00745544729674818,0.0379843838045505,-0.06600509071151,0.0800691806502438
