"Posterior_Mean","Posterior_SD","Posterior_LB","Posterior_UB","prob"
-0.320354308791545,0.0436094818649692,-0.416422084374889,-0.225838484714072,1
