"Posterior_Mean","Posterior_SD","Posterior_LB","Posterior_UB","prob"
-0.172755439174501,0.0465805292561958,-0.269523173318895,-0.0395429317293628,0.990359179407174
