"Posterior_Mean","Posterior_SD","Posterior_LB","Posterior_UB","prob"
-0.264802464296375,0.0405076055284845,-0.344594717737588,-0.183597411247837,0.999999490411041
