"Posterior_Mean","Posterior_SD","Posterior_LB","Posterior_UB","prob"
-0.20413082750756,0.0423010727791914,-0.284319284774895,-0.115358791695188,1
