"Posterior_Mean","Posterior_SD","Posterior_LB","Posterior_UB","prob"
-0.201698473853293,0.040648390924824,-0.282963303047995,-0.122206482327619,0.999993801419302
