"Posterior_Mean","Posterior_SD","Posterior_LB","Posterior_UB","prob"
-0.34327156802453,0.0406532587089263,-0.439403844115562,-0.2478272252126,1
