"Posterior_Mean","Posterior_SD","Posterior_LB","Posterior_UB","prob"
-0.0904600647946347,0.176795398408939,-0.435738105655105,0.249003829601527,0.692232923781194
