"Posterior_Mean","Posterior_SD","Posterior_LB","Posterior_UB","prob"
-0.177576350651696,0.102743585676652,-0.422881660169621,0.0391549111169242,0.946223339064355
