"Posterior_Mean","Posterior_SD","Posterior_LB","Posterior_UB","prob"
0.0640778488129854,0.141670005102622,-0.267140854736432,0.360502201007647,0.324626422000461
