"Posterior_Mean","Posterior_SD","Posterior_LB","Posterior_UB","prob"
0.134471963086922,0.116301367454868,-0.144778882751777,0.413565853007172,0.157835019605058
