"Posterior_Mean","Posterior_SD","Posterior_LB","Posterior_UB","prob"
-0.175893153863393,0.12909077532836,-0.438861468656665,0.133332409855321,0.88211226320288
