"Posterior_Mean","Posterior_SD","Posterior_LB","Posterior_UB","prob"
-0.0770898853934135,0.112881289858632,-0.312981962399188,0.271992704083843,0.747149316745861
