"Posterior_Mean","Posterior_SD","Posterior_LB","Posterior_UB","prob"
-0.0822022415857942,0.127553565485287,-0.385239209494552,0.19245710522133,0.705815283966606
