"Posterior_Mean","Posterior_SD","Posterior_LB","Posterior_UB","prob"
0.0486277913017973,0.115066957792648,-0.198036604809317,0.348015118453672,0.390342999305039
