"Posterior_Mean","Posterior_SD","Posterior_LB","Posterior_UB","prob"
-0.0616543593265456,0.117232789920273,-0.311945173632868,0.200560452666578,0.693530764361022
