"Posterior_Mean","Posterior_SD","Posterior_LB","Posterior_UB","prob"
-0.123868459122875,0.132486978281108,-0.390802267614999,0.136100986737652,0.830549061609482
