"Posterior_Mean","Posterior_SD","Posterior_LB","Posterior_UB","prob"
0.205320378737838,0.142327530857811,-0.0855517144302674,0.531692473473966,0.0924654631662345
