"Posterior_Mean","Posterior_SD","Posterior_LB","Posterior_UB","prob"
0.088690704089587,0.131412244192133,-0.276503248324091,0.424432777698198,0.318399155227555
