"Posterior_Mean","Posterior_SD","Posterior_LB","Posterior_UB","prob"
0.090560683505085,0.132797257226113,-0.207212355370082,0.454551257999538,0.314089242278214
