"Posterior_Mean","Posterior_SD","Posterior_LB","Posterior_UB","prob"
-0.0685877436714833,0.126359318553395,-0.345559961794816,0.299687676324696,0.690196986807815
