"Posterior_Mean","Posterior_SD","Posterior_LB","Posterior_UB","prob"
0.10962153559805,0.164204283717819,-0.215369102375964,0.421150691636475,0.252280430967988
