"Posterior_Mean","Posterior_SD","Posterior_LB","Posterior_UB","prob"
0.0205185789450903,0.124639095621529,-0.257976263348567,0.321964201997474,0.4605919048744
