"Posterior_Mean","Posterior_SD","Posterior_LB","Posterior_UB","prob"
0.0189216988850802,0.130626830133704,-0.266603641683109,0.37149858959261,0.488263705466844
