"Posterior_Mean","Posterior_SD","Posterior_LB","Posterior_UB","prob"
0.232382136305062,0.129648914404051,-0.102235987793256,0.650138486723113,0.117230846523651
