"Posterior_Mean","Posterior_SD","Posterior_LB","Posterior_UB","prob"
-0.446436126434642,0.175560045306808,-0.798968072488739,-0.103485924750727,0.995889616870105
