"Posterior_Mean","Posterior_SD","Posterior_LB","Posterior_UB","prob"
-0.0977839816616284,0.134649880913105,-0.366873799878338,0.266336978029227,0.748628569070271
