"Posterior_Mean","Posterior_SD","Posterior_LB","Posterior_UB","prob"
-0.0627985366420644,0.0729077087345364,-0.250752436168986,0.103135613481666,0.744241243286774
