"Posterior_Mean","Posterior_SD","Posterior_LB","Posterior_UB","prob"
-0.157565818496974,0.0538220877584659,-0.2882456083706,-0.00609718813293281,0.978089738645125
