"Posterior_Mean","Posterior_SD","Posterior_LB","Posterior_UB","prob"
0.0229957427737863,0.0753116138649332,-0.157419420195297,0.18969564604897,0.373804079243147
