"Posterior_Mean","Posterior_SD","Posterior_LB","Posterior_UB","prob"
-0.156748081069393,0.0615437157305502,-0.288551935480202,0.0259186674808851,0.953898036260487
