"Posterior_Mean","Posterior_SD","Posterior_LB","Posterior_UB","prob"
-0.0966741063155555,0.06919185642471,-0.240751793440717,0.0704281765369065,0.873886785713777
