"Posterior_Mean","Posterior_SD","Posterior_LB","Posterior_UB","prob"
0.011653229939557,0.0590210491929261,-0.107660267719847,0.150463467917002,0.44314685457145
