"Posterior_Mean","Posterior_SD","Posterior_LB","Posterior_UB","prob"
0.0402412605028516,0.07473814489117,-0.169042332396773,0.205391472088702,0.302491032821011
