"Posterior_Mean","Posterior_SD","Posterior_LB","Posterior_UB","prob"
-0.0346080982791332,0.0783428862248885,-0.186882220099632,0.121528256988684,0.659035558109865
