"Posterior_Mean","Posterior_SD","Posterior_LB","Posterior_UB","prob"
0.07534036660126,0.0762878578695428,-0.0796673340307273,0.223960311463578,0.156350973302348
