"Posterior_Mean","Posterior_SD","Posterior_LB","Posterior_UB","prob"
-0.183153441560658,0.0705153608571168,-0.321077335449949,-0.0391884556211645,0.994074137211016
