"Posterior_Mean","Posterior_SD","Posterior_LB","Posterior_UB","prob"
0.053217584878878,0.0787497903097356,-0.103293676120312,0.208283870330138,0.25247995650611
