"Posterior_Mean","Posterior_SD","Posterior_LB","Posterior_UB","prob"
0.109847123350606,0.0776481695171938,-0.0693020694410778,0.267216419940783,0.092186368088706
