"Posterior_Mean","Posterior_SD","Posterior_LB","Posterior_UB","prob"
-0.092586466932097,0.0543165487082334,-0.226345189085909,0.0958732631447589,0.901824175018879
