"Posterior_Mean","Posterior_SD","Posterior_LB","Posterior_UB","prob"
-0.143290058503697,0.0753410416488812,-0.296257944693816,0.00304604323776593,0.972648161097465
