"Posterior_Mean","Posterior_SD","Posterior_LB","Posterior_UB","prob"
0.018124391740713,0.0754736453798784,-0.141777381525338,0.178392558725512,0.412105789660421
