"Posterior_Mean","Posterior_SD","Posterior_LB","Posterior_UB","prob"
-0.061602816687467,0.0823387713261651,-0.225316685921213,0.101069028909706,0.768510072944185
