"Posterior_Mean","Posterior_SD","Posterior_LB","Posterior_UB","prob"
-0.0350501079690174,0.0723378263293952,-0.235257232085104,0.149548104844358,0.592525473158304
