"Posterior_Mean","Posterior_SD","Posterior_LB","Posterior_UB","prob"
-0.112513679713724,0.0674696147447686,-0.281800132172351,0.0882086918435918,0.853724271492679
