"Posterior_Mean","Posterior_SD","Posterior_LB","Posterior_UB","prob"
-0.161516251656576,0.0591308359328544,-0.285914503840423,0.0147851338337631,0.966543516624759
