"Posterior_Mean","Posterior_SD","Posterior_LB","Posterior_UB","prob"
-0.128676710029433,0.048477557626621,-0.226578059655989,0.0106010343743476,0.969106488524754
