"Posterior_Mean","Posterior_SD","Posterior_LB","Posterior_UB","prob"
-0.169819547869601,0.0624291885245847,-0.334273954663972,-0.0441725716448399,0.995949650967818
