"Posterior_Mean","Posterior_SD","Posterior_LB","Posterior_UB","prob"
0.0976283559861483,0.0781025153234094,-0.0684148287185367,0.254909044249198,0.107217869569791
