"","Posterior_Mean","Posterior_SD","Posterior_LB","Posterior_UB"
"1",-0.0512897382138193,0.0522199655176001,-0.153855875256011,0.0519824992179747
