"","Posterior_Mean","Posterior_SD","Posterior_LB","Posterior_UB"
"1",-0.17793106755448,0.0882759430597434,-0.346136435171171,-0.00585640653027281
