"","Posterior_Mean","Posterior_SD","Posterior_LB","Posterior_UB"
"1",0.0311499939982508,0.0666123432232533,-0.101951851019661,0.161615299622764
