"","Posterior_Mean","Posterior_SD","Posterior_LB","Posterior_UB"
"1",0.0318828714526772,0.0541716129844894,-0.075948090283153,0.137531396576972
