"Posterior_Mean","Posterior_SD","Posterior_LB","Posterior_UB","prob"
-0.0185428122620482,0.0400857920384403,-0.0976760439634047,0.0615277506706425,0.68328332272412
