"Posterior_Mean","Posterior_SD","Posterior_LB","Posterior_UB","prob"
0.0613533632579805,0.040868060491768,-0.0214142754800281,0.14062985777442,0.069892180307516
