"Posterior_Mean","Posterior_SD","Posterior_LB","Posterior_UB","prob"
-0.0124368127648523,0.0388327324251875,-0.0911336794847396,0.0641272823921023,0.632414970026898
