"Posterior_Mean","Posterior_SD","Posterior_LB","Posterior_UB","prob"
-0.0588717882295034,0.040525922254303,-0.139752729154182,0.021666385036998,0.928824334978357
