"Posterior_Mean","Posterior_SD","Posterior_LB","Posterior_UB","prob"
-0.000409740741984523,0.0412379280551117,-0.0819814276237469,0.0797779758056168,0.504226811668096
