"Posterior_Mean","Posterior_SD","Posterior_LB","Posterior_UB","prob"
0.00984193589769361,0.0397136575597534,-0.0654783381664752,0.0891767750559274,0.41114457652425
