"Posterior_Mean","Posterior_SD","Posterior_LB","Posterior_UB","prob"
-0.0851521042760476,0.0379523037619126,-0.163865419157793,-0.00421328581630822,0.982092217518003
