"Posterior_Mean","Posterior_SD","Posterior_LB","Posterior_UB","prob"
0.0964651188830828,0.0423064824267227,0.0106731416300315,0.190106621013091,0.0130620090849348
