"Posterior_Mean","Posterior_SD","Posterior_LB","Posterior_UB","prob"
-0.00333829341119376,0.0382361103067108,-0.0829419498420694,0.0718000844826415,0.518844665841908
