"Posterior_Mean","Posterior_SD","Posterior_LB","Posterior_UB","prob"
-0.0562122928919115,0.0375374408524642,-0.128177113716955,0.0189776673932124,0.938972625450607
