"Posterior_Mean","Posterior_SD","Posterior_LB","Posterior_UB","prob"
0.0632365937237877,0.0400129448175751,-0.0180318865892626,0.141630027359425,0.0555963661986586
