"Posterior_Mean","Posterior_SD","Posterior_LB","Posterior_UB","prob"
-0.0164318867594636,0.0426020356812208,-0.100130480876534,0.0671243420884474,0.651825351416896
