"Posterior_Mean","Posterior_SD","Posterior_LB","Posterior_UB","prob"
0.0149187634948609,0.0395682490129577,-0.0596748324913898,0.0927740416024181,0.368134196500469
