"Posterior_Mean","Posterior_SD","Posterior_LB","Posterior_UB","prob"
0.00743930379417604,0.0404150837644165,-0.0788051070920357,0.0922064953560566,0.420690569246114
