"Posterior_Mean","Posterior_SD","Posterior_LB","Posterior_UB","prob"
0.014206282098953,0.038921732342646,-0.0621487382003879,0.0923805110799496,0.358498524377273
