"Posterior_Mean","Posterior_SD","Posterior_LB","Posterior_UB","prob"
0.00742202749189047,0.0392861333979635,-0.0959191707063518,0.0912302237254989,0.402434028140475
