"Posterior_Mean","Posterior_SD","Posterior_LB","Posterior_UB","prob"
-0.031579419839756,0.0382500946786657,-0.106716577785298,0.0461803630500138,0.79402423765831
