"Posterior_Mean","Posterior_SD","Posterior_LB","Posterior_UB","prob"
0.00587900577664664,0.0379207886493587,-0.0711783843862635,0.080759377392639,0.442052186982561
