"Posterior_Mean","Posterior_SD","Posterior_LB","Posterior_UB","prob"
0.0102083657758772,0.0386926033565329,-0.0675514006898343,0.0859186898721959,0.40554882311601
