"Posterior_Mean","Posterior_SD","Posterior_LB","Posterior_UB","prob"
0.0315343727932127,0.0455700266165489,-0.130390299308038,0.129033444358543,0.249280787479377
