"Posterior_Mean","Posterior_SD","Posterior_LB","Posterior_UB","prob"
-0.0296464822838055,0.0387656267812391,-0.102615096863263,0.0448707087711214,0.770114229260074
