"Posterior_Mean","Posterior_SD","Posterior_LB","Posterior_UB","prob"
0.0180924537963482,0.0373577187326143,-0.0559224064224563,0.0911633094500387,0.322951785474196
