"Posterior_Mean","Posterior_SD","Posterior_LB","Posterior_UB","prob"
-0.0522758955771075,0.037850317991322,-0.126214913498816,0.0246116832743743,0.916496141099585
