"Posterior_Mean","Posterior_SD","Posterior_LB","Posterior_UB","prob"
-0.0406021538776014,0.0381605576241535,-0.116919045921501,0.0383263020733761,0.858902248473335
