"Posterior_Mean","Posterior_SD","Posterior_LB","Posterior_UB","prob"
-0.0362314702468194,0.040001919946736,-0.117140145342554,0.0452594789080239,0.820127279280741
