"Posterior_Mean","Posterior_SD","Posterior_LB","Posterior_UB","prob"
0.0329488368243706,0.0397994012873677,-0.0484773451112528,0.109528739690188,0.220748916414282
