"Posterior_Mean","Posterior_SD","Posterior_LB","Posterior_UB","prob"
0.0313170092245303,0.0384427420233696,-0.0437813743945276,0.104850703866416,0.203509106777297
