"Posterior_Mean","Posterior_SD","Posterior_LB","Posterior_UB","prob"
-0.00169025491112286,0.0379890479292801,-0.0765837395657671,0.0736025575418056,0.527096580831857
