"Posterior_Mean","Posterior_SD","Posterior_LB","Posterior_UB","prob"
0.00898435194849256,0.0389429137651719,-0.0683848834914851,0.086122411940656,0.41473785583223
