"Posterior_Mean","Posterior_SD","Posterior_LB","Posterior_UB","prob"
-0.0160133067555744,0.0378242646092119,-0.0869387714604779,0.058617904498563,0.668322147146149
