"Posterior_Mean","Posterior_SD","Posterior_LB","Posterior_UB","prob"
0.0234942244188894,0.0380149658486704,-0.0486045167352474,0.101255720291394,0.265592488725411
