"Posterior_Mean","Posterior_SD","Posterior_LB","Posterior_UB","prob"
0.0250476115234822,0.0394738466229445,-0.0557321687106812,0.101327097788786,0.255517965208296
