"Posterior_Mean","Posterior_SD","Posterior_LB","Posterior_UB","prob"
0.00935531810974492,0.0401760162226661,-0.0705594444487662,0.0890939055930938,0.401048515964846
