"Posterior_Mean","Posterior_SD","Posterior_LB","Posterior_UB","prob"
-0.00859515332904204,0.0382039280760411,-0.0842243276713666,0.0659892951902009,0.588091578757725
