"Posterior_Mean","Posterior_SD","Posterior_LB","Posterior_UB","prob"
0.0221694403745336,0.0392474530799009,-0.0641742904716111,0.103594843974026,0.279261866260093
