"Posterior_Mean","Posterior_SD","Posterior_LB","Posterior_UB","prob"
0.0272475289234298,0.0392571775556644,-0.0577267628424059,0.109952698433994,0.256709555564729
