"Posterior_Mean","Posterior_SD","Posterior_LB","Posterior_UB","prob"
-0.0493542000816331,0.0397577097251767,-0.127101731643734,0.0288531218105676,0.891498932310618
