"Posterior_Mean","Posterior_SD","Posterior_LB","Posterior_UB","prob"
0.0256297210451768,0.039515019678473,-0.0552214083099769,0.102504107070918,0.258878967250458
