"Posterior_Mean","Posterior_SD","Posterior_LB","Posterior_UB","prob"
-0.000766002833104955,0.0382915821734046,-0.0747725428449803,0.0772316317854544,0.498198994861892
