"Posterior_Mean","Posterior_SD","Posterior_LB","Posterior_UB","prob"
-0.00168322028038033,0.038306020562795,-0.0788979065276788,0.0753901670421288,0.512141805052382
