"Posterior_Mean","Posterior_SD","Posterior_LB","Posterior_UB","prob"
0.00692146708181141,0.0402333832621076,-0.0727617903125356,0.0850380165073177,0.439566590859406
