"Posterior_Mean","Posterior_SD","Posterior_LB","Posterior_UB","prob"
-0.0107880798632171,0.0390437972482737,-0.0850409764168021,0.0678794715671314,0.60749133195007
