"Posterior_Mean","Posterior_SD","Posterior_LB","Posterior_UB","prob"
0.026152992616582,0.0380704498529496,-0.0478304155417728,0.101520900356937,0.24351992980836
