"Posterior_Mean","Posterior_SD","Posterior_LB","Posterior_UB","prob"
0.0466981495029715,0.0383731497768179,-0.0270666717218485,0.122241517297928,0.107827011469073
