"Posterior_Mean","Posterior_SD","Posterior_LB","Posterior_UB","prob"
0.0182383156108178,0.0370812077549668,-0.0548938057853972,0.0897972557044588,0.316272650057585
