"Posterior_Mean","Posterior_SD","Posterior_LB","Posterior_UB","prob"
0.0116903837378895,0.0414876008742166,-0.0787051087850105,0.112976149915331,0.416138590643178
