"Posterior_Mean","Posterior_SD","Posterior_LB","Posterior_UB","prob"
0.0359444685336628,0.0376285910701519,-0.0403130279891084,0.110656618798062,0.155919061461881
