"Posterior_Mean","Posterior_SD","Posterior_LB","Posterior_UB","prob"
-0.0081477802957957,0.0373823902565453,-0.0826464832261269,0.0636985506586403,0.591529696373313
