"Posterior_Mean","Posterior_SD","Posterior_LB","Posterior_UB","prob"
0.0635039424043108,0.0400540518393821,-0.0166989396667451,0.143406692476662,0.0638289712048625
