"Posterior_Mean","Posterior_SD","Posterior_LB","Posterior_UB","prob"
0.0446047973330935,0.0404387026221253,-0.0500474037511537,0.158636289415465,0.195380412787236
