"Posterior_Mean","Posterior_SD","Posterior_LB","Posterior_UB","prob"
-0.0198687302933799,0.0438572741225518,-0.123114881784463,0.101268139496328,0.649919142586956
