"Posterior_Mean","Posterior_SD","Posterior_LB","Posterior_UB","prob"
-0.0163197640014095,0.038543673165083,-0.0960830254823455,0.0550394978617343,0.657569044711232
