"Posterior_Mean","Posterior_SD","Posterior_LB","Posterior_UB","prob"
0.00872456608906603,0.0401416361867085,-0.0703917713863015,0.0886770844201641,0.415292981271359
