"Posterior_Mean","Posterior_SD","Posterior_LB","Posterior_UB","prob"
-0.0776573868508104,0.0383978554124678,-0.153802854189157,0.00141570461597816,0.971956316170757
