"Posterior_Mean","Posterior_SD","Posterior_LB","Posterior_UB","prob"
-0.00734735994955015,0.0412407048898282,-0.0985953474640454,0.0822688863174359,0.562917075760509
