"Posterior_Mean","Posterior_SD","Posterior_LB","Posterior_UB","prob"
-0.001527042361486,0.0391028968413367,-0.0803272014523335,0.0749898872814363,0.504290673493282
