"Posterior_Mean","Posterior_SD","Posterior_LB","Posterior_UB","prob"
-0.00250576647099737,0.0386311768839435,-0.0785094012196752,0.0715173371918421,0.523361082760643
