"Posterior_Mean","Posterior_SD","Posterior_LB","Posterior_UB","prob"
0.00649047849030627,0.0392282763334942,-0.0698173885505897,0.0835132694188325,0.437791240054551
