"Posterior_Mean","Posterior_SD","Posterior_LB","Posterior_UB","prob"
0.0434726132902843,0.0374250855777989,-0.0290087869371281,0.117667011334887,0.119472958006352
