"Posterior_Mean","Posterior_SD","Posterior_LB","Posterior_UB","prob"
0.0350495810672014,0.0386632880617165,-0.0419850642190475,0.109992131051088,0.17536772518688
