"Posterior_Mean","Posterior_SD","Posterior_LB","Posterior_UB","prob"
-0.00820715467814457,0.038300633796178,-0.0823643684584567,0.0674017184573992,0.594413602154604
