"Posterior_Mean","Posterior_SD","Posterior_LB","Posterior_UB","prob"
0.0201017576643205,0.0396517747823977,-0.059166557116465,0.097018168315112,0.299425561023203
