"Posterior_Mean","Posterior_SD","Posterior_LB","Posterior_UB","prob"
0.036056067165249,0.0381740993422147,-0.0416789650111076,0.110615031592398,0.167003301656323
