"Posterior_Mean","Posterior_SD","Posterior_LB","Posterior_UB","prob"
-0.0682717882765106,0.0385593457191507,-0.145582515833268,0.00937315781213784,0.958473278355809
