"Posterior_Mean","Posterior_SD","Posterior_LB","Posterior_UB","prob"
-0.0178007261579918,0.0386625064213591,-0.0981736129334094,0.064307427734259,0.677581260298683
