"Posterior_Mean","Posterior_SD","Posterior_LB","Posterior_UB","prob"
0.0579881056359769,0.0379865723125738,-0.0152110705325412,0.136019651016164,0.0652125700208317
