"Posterior_Mean","Posterior_SD","Posterior_LB","Posterior_UB","prob"
-0.0229415246386429,0.0373701095528875,-0.0979422331777659,0.0492271922001611,0.730105257181185
