"Posterior_Mean","Posterior_SD","Posterior_LB","Posterior_UB","prob"
-0.101038875262343,0.0374254603718654,-0.175905135138852,-0.0290349994836676,0.996675903234547
