"Posterior_Mean","Posterior_SD","Posterior_LB","Posterior_UB","prob"
0.0300329962836423,0.0383397327856954,-0.0428029043074466,0.106574072631613,0.215532750318047
