"Posterior_Mean","Posterior_SD","Posterior_LB","Posterior_UB","prob"
-0.105150713313411,0.0489381017715405,-0.259855817030819,0.0480836192475535,0.908667737144318
