"Posterior_Mean","Posterior_SD","Posterior_LB","Posterior_UB","prob"
-0.0177673515945726,0.0387759299360079,-0.0894408023028039,0.0609120202806009,0.677981460600866
