"Posterior_Mean","Posterior_SD","Posterior_LB","Posterior_UB","prob"
0.0105434386855769,0.0389455633511105,-0.0655902298280845,0.0915883208620606,0.401330672876551
