"Posterior_Mean","Posterior_SD","Posterior_LB","Posterior_UB","prob"
0.000350447290675214,0.0381799404630897,-0.0759961220224395,0.0784141482291916,0.499698406226508
