"Posterior_Mean","Posterior_SD","Posterior_LB","Posterior_UB","prob"
0.0305910546447263,0.0381226737043557,-0.0421150101358983,0.106995012378362,0.213522340574287
