"Posterior_Mean","Posterior_SD","Posterior_LB","Posterior_UB","prob"
-0.0100905553937767,0.0389908293922777,-0.0845776724873044,0.0692116102041436,0.605164335087276
