"Posterior_Mean","Posterior_SD","Posterior_LB","Posterior_UB","prob"
0.00892346856351149,0.0388278767822911,-0.0656586477516009,0.0881269584208443,0.418403597390423
