"Posterior_Mean","Posterior_SD","Posterior_LB","Posterior_UB","prob"
-0.0814631077444709,0.0403378434297496,-0.1621279421378,-0.00342829786585099,0.978270186503038
