"Posterior_Mean","Posterior_SD","Posterior_LB","Posterior_UB","prob"
0.054739219254547,0.0381162739623975,-0.0238840710150772,0.129419551385851,0.0777472231269914
