"Posterior_Mean","Posterior_SD","Posterior_LB","Posterior_UB","prob"
-0.0474420308821433,0.0392820224159364,-0.124915427289558,0.0284335611106161,0.876489130205964
