"Posterior_Mean","Posterior_SD","Posterior_LB","Posterior_UB","prob"
0.0500165820186636,0.0389939111086899,-0.027636305158698,0.125868718044887,0.109868601988568
