"Posterior_Mean","Posterior_SD","Posterior_LB","Posterior_UB","prob"
-0.00151528593003112,0.0371131513613211,-0.073376031450949,0.0718683190123667,0.517515422792345
