"Posterior_Mean","Posterior_SD","Posterior_LB","Posterior_UB","prob"
0.0518706780424821,0.039190727668227,-0.0286539862723631,0.127794140995228,0.101577404457062
