"Posterior_Mean","Posterior_SD","Posterior_LB","Posterior_UB","prob"
0.0420216498417825,0.0426008852292947,-0.0448684098160883,0.130175791264798,0.167304896803289
