"Posterior_Mean","Posterior_SD","Posterior_LB","Posterior_UB","prob"
0.0623191980742635,0.0404948736633882,-0.0205914593159595,0.155110300935126,0.0727545171560581
