"Posterior_Mean","Posterior_SD","Posterior_LB","Posterior_UB","prob"
0.0111463663460486,0.0404574520554315,-0.0682710652430889,0.0910026140808069,0.401992366296825
