"Posterior_Mean","Posterior_SD","Posterior_LB","Posterior_UB","prob"
0.0183117774853894,0.0400476914229116,-0.0615155261500989,0.0935093306945926,0.328531010910784
