"Posterior_Mean","Posterior_SD","Posterior_LB","Posterior_UB","prob"
0.0207665868450221,0.0395198932337483,-0.0553918145362494,0.101771327138455,0.311997170622475
