"Posterior_Mean","Posterior_SD","Posterior_LB","Posterior_UB","prob"
-0.0190307137509708,0.0382364944754885,-0.0936619462988522,0.0565279959767722,0.692345032362458
