"Posterior_Mean","Posterior_SD","Posterior_LB","Posterior_UB","prob"
0.0840869658814228,0.0383768194539781,0.00709643177611476,0.15671954236134,0.0165050498055056
