"Posterior_Mean","Posterior_SD","Posterior_LB","Posterior_UB","prob"
0.00727692016529614,0.0388350875739119,-0.0733636193488355,0.080336851779584,0.411565972741618
