"Posterior_Mean","Posterior_SD","Posterior_LB","Posterior_UB","prob"
0.0758763895837674,0.0396310969611491,-0.00432036417582141,0.173241927405136,0.0318288747753171
