"Posterior_Mean","Posterior_SD","Posterior_LB","Posterior_UB","prob"
0.0636580323604185,0.0388658196031189,-0.00906407892198794,0.14009533417422,0.0514936801959448
