"Posterior_Mean","Posterior_SD","Posterior_LB","Posterior_UB","prob"
0.014840397428064,0.0416660402892786,-0.0667618863239716,0.0984821959135146,0.370802724248436
