"Posterior_Mean","Posterior_SD","Posterior_LB","Posterior_UB","prob"
0.068603119232609,0.0385833153588741,-0.00928489993895206,0.142988512884809,0.0414873631596075
