"Posterior_Mean","Posterior_SD","Posterior_LB","Posterior_UB","prob"
-0.0339168914374039,0.0388163478352464,-0.112384357323402,0.0398308070324253,0.805082753946611
