"Posterior_Mean","Posterior_SD","Posterior_LB","Posterior_UB","prob"
-0.00946880111585471,0.0413263030328734,-0.085926360051398,0.0769848204224097,0.592107637074676
