"Posterior_Mean","Posterior_SD","Posterior_LB","Posterior_UB","prob"
-0.0137620114295405,0.0401463596325955,-0.0919185416631923,0.0702651277484187,0.637269403584745
