"Posterior_Mean","Posterior_SD","Posterior_LB","Posterior_UB","prob"
-0.0176117379580033,0.0419073903461966,-0.0991748564193352,0.0659438154454558,0.670104682978341
