"","Posterior_Mean","Posterior_SD","Posterior_LB","Posterior_UB"
"1",-0.0397314389063154,0.0446594071358757,-0.124434828949019,0.048090945012831
