"Posterior_Mean","Posterior_SD","Posterior_LB","Posterior_UB","prob"
-0.0906185112065515,0.0455599969373865,-0.18317911172794,-0.000998390622589912,0.976269735742469
