"Posterior_Mean","Posterior_SD","Posterior_LB","Posterior_UB","prob"
0.00990792255332736,0.0511976741373442,-0.0940026735961127,0.11485775203614,0.413032276853634
