"Posterior_Mean","Posterior_SD","Posterior_LB","Posterior_UB","prob"
-0.0455614419781099,0.0438069749132658,-0.131566564058209,0.0477760119319974,0.838490316750671
