"Posterior_Mean","Posterior_SD","Posterior_LB","Posterior_UB","prob"
0.0106822814520417,0.0470515952211678,-0.0856137154762181,0.100691593086927,0.405324853332804
