"Posterior_Mean","Posterior_SD","Posterior_LB","Posterior_UB","prob"
0.013940615752786,0.0456932398494319,-0.0761652834799261,0.106943133443292,0.388608289199533
