"Posterior_Mean","Posterior_SD","Posterior_LB","Posterior_UB","prob"
0.0172489381438994,0.0447299027754096,-0.0699472627721846,0.10881213057457,0.350682958033624
