"Posterior_Mean","Posterior_SD","Posterior_LB","Posterior_UB","prob"
0.0824126020041879,0.0450613327711758,-0.00551489652778646,0.173705320202442,0.0326537496760763
