"Posterior_Mean","Posterior_SD","Posterior_LB","Posterior_UB","prob"
0.058982163014969,0.0491948869348051,-0.0458535029121892,0.169541001125603,0.144455338491085
