"Posterior_Mean","Posterior_SD","Posterior_LB","Posterior_UB","prob"
-0.00167525241270124,0.0438223783755291,-0.0878912101778641,0.0860296541257749,0.516429104222384
