"Posterior_Mean","Posterior_SD","Posterior_LB","Posterior_UB","prob"
0.0675509185549187,0.045412912124318,-0.0272738198232465,0.154474830347222,0.0725360107949621
