"Posterior_Mean","Posterior_SD","Posterior_LB","Posterior_UB","prob"
-0.226098648924196,0.0382565135473524,-0.301201595375945,-0.148965526291007,1
