"Posterior_Mean","Posterior_SD","Posterior_LB","Posterior_UB","prob"
-0.198891297278357,0.0395270005282944,-0.282302417820999,-0.117231553206567,0.999986088040605
