"Posterior_Mean","Posterior_SD","Posterior_LB","Posterior_UB","prob"
-0.178863373494213,0.0388589612828579,-0.262858790974476,-0.102242384749834,0.999965256917184
