"Posterior_Mean","Posterior_SD","Posterior_LB","Posterior_UB","prob"
-0.148933689884096,0.0380116046215247,-0.224819734928422,-0.0736541085709967,0.999981308539729
