"Posterior_Mean","Posterior_SD","Posterior_LB","Posterior_UB","prob"
-0.1784038273784,0.0392454647705769,-0.259082506583439,-0.097691975204978,0.999983973166094
