"Posterior_Mean","Posterior_SD","Posterior_LB","Posterior_UB","prob"
-0.229847416971921,0.0386391516093496,-0.303585997633036,-0.151796141271366,0.999999038054976
