"Posterior_Mean","Posterior_SD","Posterior_LB","Posterior_UB","prob"
-0.237626021368389,0.0402429542377495,-0.32225671510475,-0.151616887701207,1
