"","Posterior_Mean","Posterior_SD","Posterior_LB","Posterior_UB"
"1",-0.00947216737962858,0.038156566927993,-0.0811665115717909,0.0625050719004387
