"","Posterior_Mean","Posterior_SD","Posterior_LB","Posterior_UB"
"1",0.0418383545536746,0.0353841279085662,-0.0301295881052322,0.108888293767343
