"","Posterior_Mean","Posterior_SD","Posterior_LB","Posterior_UB"
"1",0.0757342402669053,0.0370767104475138,0.0026560758305769,0.148105819166972
