"","Posterior_Mean","Posterior_SD","Posterior_LB","Posterior_UB"
"1",-0.0409164074131234,0.0375507649248927,-0.115888330299375,0.0331514587109999
