"","Posterior_Mean","Posterior_SD","Posterior_LB","Posterior_UB"
"1",0.0189978261221913,0.0367020694129826,-0.0533488678279947,0.0904262525684861
