"","Posterior_Mean","Posterior_SD","Posterior_LB","Posterior_UB"
"1",-0.0479084196668146,0.0401200991620605,-0.12608361620214,0.0319144676699161
