"","Posterior_Mean","Posterior_SD","Posterior_LB","Posterior_UB"
"1",0.0204228028408419,0.0362918478788798,-0.053463688364045,0.0900885592658525
