"Posterior_Mean","Posterior_SD","Posterior_LB","Posterior_UB","prob"
0.00396480371241064,0.0394945047536031,-0.0758644495252997,0.0850503111929408,0.453148860339674
