"Posterior_Mean","Posterior_SD","Posterior_LB","Posterior_UB","prob"
0.0146189165084901,0.0421104627707248,-0.0699954354212468,0.0967798800393797,0.357306690120246
