"Posterior_Mean","Posterior_SD","Posterior_LB","Posterior_UB","prob"
-0.0242798785533857,0.0430405344359536,-0.112824644726587,0.0766147088624784,0.716217068940351
