"Posterior_Mean","Posterior_SD","Posterior_LB","Posterior_UB","prob"
0.0214445760262881,0.0500752840197877,-0.0794563223619573,0.119870677929549,0.327061530313278
