"Posterior_Mean","Posterior_SD","Posterior_LB","Posterior_UB","prob"
0.0212499349723618,0.0445115968491322,-0.0854250050979886,0.118795550754528,0.324641795317448
