"Posterior_Mean","Posterior_SD","Posterior_LB","Posterior_UB","prob"
-0.0118065734391744,0.0434704594637272,-0.0997643049882843,0.0751822084859519,0.587808323166889
