"Posterior_Mean","Posterior_SD","Posterior_LB","Posterior_UB","prob"
0.0166207815484947,0.0422053837643128,-0.076336178433461,0.10764793718494,0.36266674794147
