"Posterior_Mean","Posterior_SD","Posterior_LB","Posterior_UB","prob"
-0.034106469805414,0.0421831929302906,-0.116295012387854,0.0476983296143108,0.787922856078894
