"Posterior_Mean","Posterior_SD","Posterior_LB","Posterior_UB","prob"
0.0413926459705906,0.040631705081028,-0.0401839092208129,0.117382373411568,0.158226910061661
