"Posterior_Mean","Posterior_SD","Posterior_LB","Posterior_UB","prob"
0.0228340522744712,0.0426470457448392,-0.0597289652589931,0.103835020271793,0.296174806535508
