"Posterior_Mean","Posterior_SD","Posterior_LB","Posterior_UB","prob"
-0.0290812308259196,0.0417128064485643,-0.112338440250772,0.0512823758241779,0.746018779750391
