"Posterior_Mean","Posterior_SD","Posterior_LB","Posterior_UB","prob"
0.0338133810060092,0.0443383003296337,-0.0639598431969164,0.121423677661158,0.233318580865713
