"Posterior_Mean","Posterior_SD","Posterior_LB","Posterior_UB","prob"
-0.0217140552008402,0.042854436037526,-0.112101154781064,0.0585773539651548,0.66701891474185
