"Posterior_Mean","Posterior_SD","Posterior_LB","Posterior_UB","prob"
0.0200544159366678,0.041849964249322,-0.0654353571061542,0.0998531757865583,0.317922885298792
