"Posterior_Mean","Posterior_SD","Posterior_LB","Posterior_UB","prob"
0.00752444331887971,0.0411002520107882,-0.0740893059734815,0.0918576087120493,0.441380193016546
