"Posterior_Mean","Posterior_SD","Posterior_LB","Posterior_UB","prob"
-0.252891585836316,0.0394050766746865,-0.328969742432399,-0.178180337313411,0.999999980102735
