"Posterior_Mean","Posterior_SD","Posterior_LB","Posterior_UB","prob"
-0.23927822723707,0.0392710775455113,-0.331511255094085,-0.160301521429108,0.999982247406604
