"Posterior_Mean","Posterior_SD","Posterior_LB","Posterior_UB","prob"
-0.125114221156746,0.0379576780868959,-0.200890457363813,-0.0513382336501882,0.999448052506615
