"Posterior_Mean","Posterior_SD","Posterior_LB","Posterior_UB","prob"
-0.253531906048479,0.039521365931451,-0.335812223844582,-0.172767921357912,1
