"Posterior_Mean","Posterior_SD","Posterior_LB","Posterior_UB","prob"
-0.239597111369527,0.0369005781326872,-0.311124352151852,-0.16800977916197,0.999999999995751
