"Posterior_Mean","Posterior_SD","Posterior_LB","Posterior_UB","prob"
-0.28735588664396,0.039364337041538,-0.370309347886952,-0.210772577943672,1
