"Posterior_Mean","Posterior_SD","Posterior_LB","Posterior_UB","prob"
-0.178034497121721,0.0371495844886205,-0.251781664079266,-0.10726277836099,0.999999949299958
