"Posterior_Mean","Posterior_SD","Posterior_LB","Posterior_UB","prob"
-0.262405617150063,0.0391321151610983,-0.339522573180544,-0.184023735702996,1
