"Posterior_Mean","Posterior_SD","Posterior_LB","Posterior_UB","prob"
-0.233975698036768,0.0387019948605237,-0.311741219808905,-0.156467291513347,0.999999964858749
