"Posterior_Mean","Posterior_SD","Posterior_LB","Posterior_UB","prob"
-0.205282279233013,0.0390006943021378,-0.281042430457415,-0.130687784570472,1
