"Posterior_Mean","Posterior_SD","Posterior_LB","Posterior_UB","prob"
-0.235584800343878,0.0406331549958906,-0.331719931176721,-0.140982299447528,0.999997251769885
