"Posterior_Mean","Posterior_SD","Posterior_LB","Posterior_UB","prob"
-0.266432171855494,0.0374596692650711,-0.335636335519726,-0.189713616331843,1
