"Posterior_Mean","Posterior_SD","Posterior_LB","Posterior_UB","prob"
-0.173135699452618,0.0371701269853902,-0.246937663673551,-0.102884654917314,0.99999899745031
