"Posterior_Mean","Posterior_SD","Posterior_LB","Posterior_UB","prob"
-0.225726599618444,0.0404056923419311,-0.308290297872284,-0.133568805684517,0.999962921196631
