"Posterior_Mean","Posterior_SD","Posterior_LB","Posterior_UB","prob"
-0.213714317488042,0.0408021698282838,-0.293435226178871,-0.129278673352792,0.999998565774734
