"Posterior_Mean","Posterior_SD","Posterior_LB","Posterior_UB","prob"
-0.20895796293583,0.0376482634122387,-0.285778958153082,-0.129706680458346,0.999997699069273
