"Posterior_Mean","Posterior_SD","Posterior_LB","Posterior_UB","prob"
-0.216667661868239,0.0368191025635818,-0.293493006894601,-0.144394361257987,1
