"Posterior_Mean","Posterior_SD","Posterior_LB","Posterior_UB","prob"
-0.218799169637105,0.0385119591552987,-0.293101084601641,-0.142803757282242,0.999999999985833
