"Posterior_Mean","Posterior_SD","Posterior_LB","Posterior_UB","prob"
-0.171338402493219,0.0379079496016598,-0.241999533855194,-0.0904712973003144,0.999997647942335
