"Posterior_Mean","Posterior_SD","Posterior_LB","Posterior_UB","prob"
-0.228427181901667,0.0390737048832521,-0.307902102946764,-0.151041206768332,0.999999999998692
