"Posterior_Mean","Posterior_SD","Posterior_LB","Posterior_UB","prob"
-0.280832697393195,0.0387712526281323,-0.354849362379751,-0.205916903594707,1
