"Posterior_Mean","Posterior_SD","Posterior_LB","Posterior_UB","prob"
-0.175724532290677,0.0390076986274457,-0.250026999672071,-0.0972545917155008,0.999989912543324
