"Posterior_Mean","Posterior_SD","Posterior_LB","Posterior_UB","prob"
-0.15762530806013,0.0394241638639874,-0.238504812277373,-0.0690373608835734,0.998698931221252
