"Posterior_Mean","Posterior_SD","Posterior_LB","Posterior_UB","prob"
-0.161313191615951,0.0392849644131639,-0.236672439660155,-0.0866691714950544,0.999999999978959
