"Posterior_Mean","Posterior_SD","Posterior_LB","Posterior_UB","prob"
-0.24758471378234,0.0371708416820552,-0.31997242138039,-0.174734549322384,0.999999515918287
