"Posterior_Mean","Posterior_SD","Posterior_LB","Posterior_UB","prob"
-0.262672749485528,0.0396397448485601,-0.343765952751383,-0.187744863138663,0.999999999920514
