"Posterior_Mean","Posterior_SD","Posterior_LB","Posterior_UB","prob"
-0.226027987997834,0.0372585939237586,-0.29563777201403,-0.15319496884856,0.99999999897745
