"Posterior_Mean","Posterior_SD","Posterior_LB","Posterior_UB","prob"
-0.191681629274426,0.037528807805105,-0.26512124348052,-0.118843745912991,0.999995830688617
