"Posterior_Mean","Posterior_SD","Posterior_LB","Posterior_UB","prob"
-0.251986969417681,0.0374929939325222,-0.32891572654228,-0.180652126756003,1
