"Posterior_Mean","Posterior_SD","Posterior_LB","Posterior_UB","prob"
-0.246439832400207,0.0385954265413709,-0.32297646762538,-0.169478095739228,0.999996806536717
