"Posterior_Mean","Posterior_SD","Posterior_LB","Posterior_UB","prob"
-0.225679026361827,0.0380979867892725,-0.299472421574991,-0.150860102951234,0.999999999959302
