"Posterior_Mean","Posterior_SD","Posterior_LB","Posterior_UB","prob"
-0.276059198496445,0.0417054960146495,-0.360873013209923,-0.18702000924304,0.999989431502392
