"Posterior_Mean","Posterior_SD","Posterior_LB","Posterior_UB","prob"
-0.217676548284564,0.0372846103880759,-0.29297905877259,-0.144528842965155,0.999999999999988
