"Posterior_Mean","Posterior_SD","Posterior_LB","Posterior_UB","prob"
-0.230056196888938,0.0390692480352033,-0.309571232587948,-0.153585522808291,0.999999949918549
