"Posterior_Mean","Posterior_SD","Posterior_LB","Posterior_UB","prob"
-0.235918736968391,0.038630756741884,-0.315565373404163,-0.164748941030065,1
