"Posterior_Mean","Posterior_SD","Posterior_LB","Posterior_UB","prob"
-0.193891022210387,0.0387704382624807,-0.26762922006862,-0.115315552198911,0.999999998266388
