"Posterior_Mean","Posterior_SD","Posterior_LB","Posterior_UB","prob"
-0.1877821370995,0.0382626061011417,-0.26392176701108,-0.111540843127479,0.999999399607717
