"Posterior_Mean","Posterior_SD","Posterior_LB","Posterior_UB","prob"
-0.185817655427224,0.0397919537313693,-0.267253820877157,-0.102951471397738,0.999927393068915
