"Posterior_Mean","Posterior_SD","Posterior_LB","Posterior_UB","prob"
-0.175221998230193,0.0381452548656944,-0.249763328220503,-0.100407764988264,0.999999996759527
