"Posterior_Mean","Posterior_SD","Posterior_LB","Posterior_UB","prob"
-0.173174015787874,0.0395008749369323,-0.249079551535081,-0.0961378622351542,0.999510794895154
