"Posterior_Mean","Posterior_SD","Posterior_LB","Posterior_UB","prob"
-0.198577683375907,0.0375989095963724,-0.272541305372119,-0.127538900906993,1
