"Posterior_Mean","Posterior_SD","Posterior_LB","Posterior_UB","prob"
-0.161517641172707,0.0387458219107907,-0.237412877330929,-0.0838621294684663,0.999999996156076
