"Posterior_Mean","Posterior_SD","Posterior_LB","Posterior_UB","prob"
-0.192417187071802,0.0377442665297453,-0.269644217835776,-0.122823862856267,0.999999999999201
