"Posterior_Mean","Posterior_SD","Posterior_LB","Posterior_UB","prob"
-0.245064353584909,0.03812208469202,-0.319488498316331,-0.173352011174295,0.999999999999991
