"Posterior_Mean","Posterior_SD","Posterior_LB","Posterior_UB","prob"
-0.342148355774975,0.0373418979943957,-0.41376952988515,-0.266880006678268,0.999999999373896
