"Posterior_Mean","Posterior_SD","Posterior_LB","Posterior_UB","prob"
-0.113505510876173,0.0392123344494757,-0.187919214324698,-0.0305163354491838,0.997961826884514
