"Posterior_Mean","Posterior_SD","Posterior_LB","Posterior_UB","prob"
-0.321390922939569,0.0374308996663245,-0.394284509708621,-0.246999206462506,1
