"Posterior_Mean","Posterior_SD","Posterior_LB","Posterior_UB","prob"
-0.229969821716721,0.0437381489787046,-0.316650884362561,-0.140396497729839,0.999999245107905
