"Posterior_Mean","Posterior_SD","Posterior_LB","Posterior_UB","prob"
-0.265740092599368,0.0388057455819367,-0.34418826140763,-0.19302550745214,1
