"Posterior_Mean","Posterior_SD","Posterior_LB","Posterior_UB","prob"
-0.255337480391738,0.037765004666084,-0.330361795581539,-0.180712473015273,1
