"Posterior_Mean","Posterior_SD","Posterior_LB","Posterior_UB","prob"
-0.23139769240003,0.0358846158206257,-0.305174178062229,-0.158677053091912,0.999999996533485
