"Posterior_Mean","Posterior_SD","Posterior_LB","Posterior_UB","prob"
-0.208284470870819,0.039660482411902,-0.287857305677331,-0.134279089713277,0.999999995585232
