"Posterior_Mean","Posterior_SD","Posterior_LB","Posterior_UB","prob"
-0.242010646255775,0.0363249446903616,-0.318769477450633,-0.170598360589407,0.999999891183119
