"Posterior_Mean","Posterior_SD","Posterior_LB","Posterior_UB","prob"
-0.191562041511212,0.0388641676438728,-0.269908922377178,-0.115899401172488,0.999998093958015
