"Posterior_Mean","Posterior_SD","Posterior_LB","Posterior_UB","prob"
-0.237539495162226,0.0377405801746125,-0.312882185758403,-0.161610076484519,1
