"Posterior_Mean","Posterior_SD","Posterior_LB","Posterior_UB","prob"
-0.206392323531984,0.0379860888153896,-0.281835722537746,-0.132531382902363,0.999999999982868
