"Posterior_Mean","Posterior_SD","Posterior_LB","Posterior_UB","prob"
-0.230674096430974,0.038296937015586,-0.306647634720714,-0.159751604349361,0.999999999987518
