"Posterior_Mean","Posterior_SD","Posterior_LB","Posterior_UB","prob"
-0.2256254054934,0.0388072022797145,-0.304545387383056,-0.150545894853359,1
