"Posterior_Mean","Posterior_SD","Posterior_LB","Posterior_UB","prob"
-0.236237189620619,0.0386946145097321,-0.311120877296569,-0.15916831627656,0.99999999327317
