"Posterior_Mean","Posterior_SD","Posterior_LB","Posterior_UB","prob"
-0.274026374451067,0.0378562144407966,-0.347994889277204,-0.19803415655371,1
