"Posterior_Mean","Posterior_SD","Posterior_LB","Posterior_UB","prob"
-0.228373720316331,0.0403328292863296,-0.314428282959474,-0.120000252067361,0.998534948638389
