"Posterior_Mean","Posterior_SD","Posterior_LB","Posterior_UB","prob"
-0.218281117561833,0.0386112258860035,-0.301026374263256,-0.138607928755123,0.999999574729115
