"Posterior_Mean","Posterior_SD","Posterior_LB","Posterior_UB","prob"
-0.236989411130463,0.0380193212941268,-0.3098273263668,-0.160963407006212,0.999999999990806
