"Posterior_Mean","Posterior_SD","Posterior_LB","Posterior_UB","prob"
-0.277899265930171,0.0399692572331114,-0.355414850740607,-0.200870784276484,0.999999962790288
