"Posterior_Mean","Posterior_SD","Posterior_LB","Posterior_UB","prob"
-0.235421819342417,0.0379387723248684,-0.317745281179668,-0.159785839702928,0.999999895563106
