"Posterior_Mean","Posterior_SD","Posterior_LB","Posterior_UB","prob"
-0.193708097622017,0.0415251621693927,-0.28333769117116,-0.108595443791187,0.999983326872605
