"Posterior_Mean","Posterior_SD","Posterior_LB","Posterior_UB","prob"
-0.213836731723003,0.0378443909916234,-0.286666897280629,-0.139529767157008,0.999999992610408
