"Posterior_Mean","Posterior_SD","Posterior_LB","Posterior_UB","prob"
-0.239654551826823,0.0396284971974995,-0.318107738146517,-0.150956780433069,0.999968030629886
