"Posterior_Mean","Posterior_SD","Posterior_LB","Posterior_UB","prob"
-0.241957934733479,0.0406764026936221,-0.329587301023324,-0.156578884460465,0.999983773712128
