"Posterior_Mean","Posterior_SD","Posterior_LB","Posterior_UB","prob"
-0.214838774779524,0.037594849439653,-0.286831243878086,-0.140597902796247,0.999999988985279
