"Posterior_Mean","Posterior_SD","Posterior_LB","Posterior_UB","prob"
-0.194673735665579,0.0376017817603157,-0.265932357036834,-0.120132576257471,0.999999999998125
