"Posterior_Mean","Posterior_SD","Posterior_LB","Posterior_UB","prob"
-0.260192324744192,0.0391734490501327,-0.334634862925007,-0.182965774323592,0.999999999973426
