"Posterior_Mean","Posterior_SD","Posterior_LB","Posterior_UB","prob"
-0.268800922653457,0.0393187120044502,-0.34463746785242,-0.190574154612084,0.999999999906108
