"Posterior_Mean","Posterior_SD","Posterior_LB","Posterior_UB","prob"
-0.218786300741094,0.0373968241190185,-0.290603461778999,-0.143065468706952,0.999999999315328
