"Posterior_Mean","Posterior_SD","Posterior_LB","Posterior_UB","prob"
-0.261203909434974,0.0377789800126829,-0.3368291680062,-0.187121612173202,0.999999971056985
