"Posterior_Mean","Posterior_SD","Posterior_LB","Posterior_UB","prob"
-0.275992125603364,0.0366175533634252,-0.346437713176128,-0.203454567397874,0.999999999999895
