"Posterior_Mean","Posterior_SD","Posterior_LB","Posterior_UB","prob"
-0.212760191011952,0.0490606116011613,-0.347129699255889,-0.0593350614749192,0.996841559068938
