"Posterior_Mean","Posterior_SD","Posterior_LB","Posterior_UB","prob"
-0.143614563560106,0.03917050646931,-0.21922610746758,-0.0692030736834521,0.999492006698072
