"Posterior_Mean","Posterior_SD","Posterior_LB","Posterior_UB","prob"
-0.174762091116385,0.0378043565195006,-0.250473420822583,-0.0994337979334348,0.999999011831121
