"Posterior_Mean","Posterior_SD","Posterior_LB","Posterior_UB","prob"
-0.190389604873721,0.0389939259560868,-0.265757082697681,-0.114782313468921,0.99999999923014
