"Posterior_Mean","Posterior_SD","Posterior_LB","Posterior_UB","prob"
-0.213446828942517,0.0373787369603956,-0.290841995183704,-0.143047097366039,0.999999999986966
