"Posterior_Mean","Posterior_SD","Posterior_LB","Posterior_UB","prob"
-0.203236249318219,0.0403851791619911,-0.286145549394371,-0.12280441849084,1
