"Posterior_Mean","Posterior_SD","Posterior_LB","Posterior_UB","prob"
-0.203416153384668,0.0384499357486417,-0.281113828795875,-0.119713932514506,0.999998652008922
