"Posterior_Mean","Posterior_SD","Posterior_LB","Posterior_UB","prob"
-0.127697041352916,0.038181406646886,-0.203455941647514,-0.053815737240709,0.999925271942653
