"Posterior_Mean","Posterior_SD","Posterior_LB","Posterior_UB","prob"
-0.174799318330305,0.0391754372470053,-0.251901934853089,-0.0989041338555414,0.999998642687612
