"Posterior_Mean","Posterior_SD","Posterior_LB","Posterior_UB","prob"
-0.179971776860977,0.0379148858892816,-0.252513658234398,-0.102017943484862,0.999999999984048
