"Posterior_Mean","Posterior_SD","Posterior_LB","Posterior_UB","prob"
-0.244364593690166,0.0386103418762214,-0.318323706351335,-0.169126782120607,1
