"Posterior_Mean","Posterior_SD","Posterior_LB","Posterior_UB","prob"
-0.222970498793086,0.0381554717310669,-0.296232628759272,-0.145827630786172,1
