"Posterior_Mean","Posterior_SD","Posterior_LB","Posterior_UB","prob"
-0.229448922025935,0.0388434897523635,-0.305370602429101,-0.152090845650459,0.999999829216987
