"Posterior_Mean","Posterior_SD","Posterior_LB","Posterior_UB","prob"
-0.114530694162382,0.0384588203851208,-0.188070727528453,-0.0405249230623679,0.999492918955768
