"Posterior_Mean","Posterior_SD","Posterior_LB","Posterior_UB","prob"
-0.248334060824163,0.0380873567077985,-0.318704513769363,-0.173654253275223,1
