"Posterior_Mean","Posterior_SD","Posterior_LB","Posterior_UB","prob"
-0.259478543921851,0.0369418835989984,-0.329991264834556,-0.188828486172225,0.999999999984108
