"Posterior_Mean","Posterior_SD","Posterior_LB","Posterior_UB","prob"
-0.227895990723807,0.0377765182775373,-0.303294765965664,-0.15611210974048,0.999999999929532
