"Posterior_Mean","Posterior_SD","Posterior_LB","Posterior_UB","prob"
-0.226467949681837,0.036636813681495,-0.298465791245828,-0.156014750044913,1
