"Posterior_Mean","Posterior_SD","Posterior_LB","Posterior_UB","prob"
-0.192147084932726,0.0380220361640209,-0.268219971129042,-0.113598671887245,0.999999950493
