"Posterior_Mean","Posterior_SD","Posterior_LB","Posterior_UB","prob"
-0.203695030009082,0.0389140237937217,-0.280041454457671,-0.126708143688179,1
