"Posterior_Mean","Posterior_SD","Posterior_LB","Posterior_UB","prob"
-0.236956809638078,0.0376915202154023,-0.313143128512436,-0.158609745619435,0.999999999999997
