"Posterior_Mean","Posterior_SD","Posterior_LB","Posterior_UB","prob"
-0.188244540553504,0.0397569339736793,-0.264878952877302,-0.107696034164296,0.999995836500017
