"","Posterior_Mean","Posterior_SD","Posterior_LB","Posterior_UB"
"1",0.0373634324663204,0.0369468164250065,-0.0334727080885817,0.110419771902394
