"","Posterior_Mean","Posterior_SD","Posterior_LB","Posterior_UB"
"1",-0.0119250488388368,0.035914097027203,-0.0789995834669076,0.0640243875744882
