"","Posterior_Mean","Posterior_SD","Posterior_LB","Posterior_UB"
"1",0.0375298124385162,0.0382543215118934,-0.037716683897445,0.110813064541054
