"","Posterior_Mean","Posterior_SD","Posterior_LB","Posterior_UB"
"1",0.0104936020174697,0.0383133536555645,-0.0664355364670354,0.0850129672308983
