"","Posterior_Mean","Posterior_SD","Posterior_LB","Posterior_UB"
"1",-0.0912597064405754,0.0390351481988363,-0.166414977316493,-0.017138691701275
