"","Posterior_Mean","Posterior_SD","Posterior_LB","Posterior_UB"
"1",-0.0667074881640522,0.0407998349349595,-0.145558322032132,0.014652208588567
