"","Posterior_Mean","Posterior_SD","Posterior_LB","Posterior_UB"
"1",-0.0101459403257394,0.0383925209035537,-0.0858741561264491,0.0637073835824118
