"","Posterior_Mean","Posterior_SD","Posterior_LB","Posterior_UB"
"1",0.00603047294387854,0.0374040217488928,-0.0684909166622722,0.0780108994368142
