"Posterior_Mean","Posterior_SD","Posterior_LB","Posterior_UB","prob"
-0.0355957801622092,0.0767103788779342,-0.188142142396347,0.110870701269007,0.685314569255765
