"Posterior_Mean","Posterior_SD","Posterior_LB","Posterior_UB","prob"
-0.088202434932688,0.067824885919696,-0.233588354593129,0.100092435072906,0.864914795665675
