"Posterior_Mean","Posterior_SD","Posterior_LB","Posterior_UB","prob"
0.0291450757038007,0.0807116823885433,-0.134657706139584,0.204261328941287,0.379941041383144
