"Posterior_Mean","Posterior_SD","Posterior_LB","Posterior_UB","prob"
0.0138122537432424,0.075009722261603,-0.149374899281547,0.171459454860121,0.431545301566596
