"Posterior_Mean","Posterior_SD","Posterior_LB","Posterior_UB","prob"
-0.0822956208875101,0.0679883148141135,-0.268774270419174,0.0999249763571315,0.787876584631848
