"Posterior_Mean","Posterior_SD","Posterior_LB","Posterior_UB","prob"
-0.101964540205846,0.072871821766596,-0.275808724702011,0.0890081248874718,0.881809217575095
