"Posterior_Mean","Posterior_SD","Posterior_LB","Posterior_UB","prob"
-0.167126971687108,0.0553840781269073,-0.292784234622641,0.0541805671684064,0.947286858633832
