"Posterior_Mean","Posterior_SD","Posterior_LB","Posterior_UB","prob"
-0.0872487350072908,0.0650782191119275,-0.245826115678551,0.0840221789553639,0.856173234836903
