"Posterior_Mean","Posterior_SD","Posterior_LB","Posterior_UB","prob"
-0.113544453513746,0.0651361277377987,-0.282121478913162,0.0533173939583275,0.902813548485633
