"Posterior_Mean","Posterior_SD","Posterior_LB","Posterior_UB","prob"
-0.0628529746835049,0.065189054842165,-0.201044923934002,0.0995869762082681,0.814714112022668
