"Posterior_Mean","Posterior_SD","Posterior_LB","Posterior_UB","prob"
-0.0366528443725461,0.0770498073912247,-0.192839358332149,0.113650716996542,0.672517122967902
