"Posterior_Mean","Posterior_SD","Posterior_LB","Posterior_UB","prob"
0.0486361381483593,0.0736246548243703,-0.125604159041842,0.228115930069555,0.314196141255044
