"Posterior_Mean","Posterior_SD","Posterior_LB","Posterior_UB","prob"
-0.12835647120877,0.0552108032758739,-0.260493770326158,0.0105785349825035,0.968707726086562
