"Posterior_Mean","Posterior_SD","Posterior_LB","Posterior_UB","prob"
0.0306687824532368,0.0764798150094954,-0.133437947421025,0.21490684713597,0.366369043409586
