"Posterior_Mean","Posterior_SD","Posterior_LB","Posterior_UB","prob"
-0.16794928946549,0.0535917825203476,-0.278650280863564,-0.0438207677763976,0.99412333330501
