"Posterior_Mean","Posterior_SD","Posterior_LB","Posterior_UB","prob"
-0.0440607615837882,0.0753633755481625,-0.22090248941879,0.108029579306601,0.709993302685687
