"Posterior_Mean","Posterior_SD","Posterior_LB","Posterior_UB","prob"
0.0121102372193322,0.0716135422838309,-0.139417132134026,0.213831789753752,0.47670963307651
