"Posterior_Mean","Posterior_SD","Posterior_LB","Posterior_UB","prob"
-0.0874302664589052,0.0798894697233851,-0.287870508362908,0.116146499976779,0.781730835227195
