"Posterior_Mean","Posterior_SD","Posterior_LB","Posterior_UB","prob"
-0.0537144890691492,0.0764066219346031,-0.234692920251516,0.113256807056764,0.719708473482753
