"Posterior_Mean","Posterior_SD","Posterior_LB","Posterior_UB","prob"
0.000677799035080153,0.101495093134959,-0.236926955706165,0.206394389143929,0.483052023774276
