"Posterior_Mean","Posterior_SD","Posterior_LB","Posterior_UB","prob"
-0.169674395538859,0.0785927591441289,-0.321217467916172,-0.00701044516418304,0.978436583647487
