"Posterior_Mean","Posterior_SD","Posterior_LB","Posterior_UB","prob"
-0.0869198430839337,0.0557249619892256,-0.235780144642633,0.0974133602000795,0.874530021343519
