"","Posterior_Mean","Posterior_SD","Posterior_LB","Posterior_UB"
"1",-0.0164647868441275,0.0451986846055354,-0.10919763614289,0.0730731292331575
