"","Posterior_Mean","Posterior_SD","Posterior_LB","Posterior_UB"
"1",0.0536004249090224,0.0457894210580543,-0.0374594752137658,0.145427367441602
