"Posterior_Mean","Posterior_SD","Posterior_LB","Posterior_UB","prob"
-0.272934324967041,0.0532196634507887,-0.388018804801739,-0.145215570787259,0.999953537272861
