"Posterior_Mean","Posterior_SD","Posterior_LB","Posterior_UB","prob"
-0.210928434996106,0.0716631495761153,-0.380543865873294,-0.0553907118523361,0.995555070003673
