"Posterior_Mean","Posterior_SD","Posterior_LB","Posterior_UB","prob"
-0.233878178368742,0.0695493072051996,-0.386397930646714,-0.0568552407901151,0.995701677917503
