"Posterior_Mean","Posterior_SD","Posterior_LB","Posterior_UB","prob"
-0.301409002641656,0.0643665458381488,-0.440908057549121,-0.161957885281102,0.999796846913399
