"Posterior_Mean","Posterior_SD","Posterior_LB","Posterior_UB","prob"
-0.234259295645691,0.0551158054675935,-0.361718463813889,-0.113248338856809,0.999471412538411
