"Posterior_Mean","Posterior_SD","Posterior_LB","Posterior_UB","prob"
-0.261411441897394,0.0697951147747309,-0.460119970422472,-0.103541248123265,0.999896042334519
