"Posterior_Mean","Posterior_SD","Posterior_LB","Posterior_UB","prob"
-0.370525613100613,0.0604174431597601,-0.488511515830619,-0.248747339122215,0.999996067344581
