"Posterior_Mean","Posterior_SD","Posterior_LB","Posterior_UB","prob"
-0.337701691635748,0.0531667416678347,-0.478922131598444,-0.176747719984975,0.999765660669579
