"","Posterior_Mean","Posterior_SD","Posterior_LB","Posterior_UB"
"1",-0.0807582020182845,0.0554906799600758,-0.187107028204308,0.0284990196574494
