"Posterior_Mean","Posterior_SD","Posterior_LB","Posterior_UB","prob"
-0.227911317659445,0.062026901647753,-0.409106164838219,-0.0346544210151847,0.992121053376761
