"Posterior_Mean","Posterior_SD","Posterior_LB","Posterior_UB","prob"
-0.297402009212341,0.0668100286560414,-0.470137806018284,-0.0999080857966944,0.997202755625593
