"Posterior_Mean","Posterior_SD","Posterior_LB","Posterior_UB","prob"
-0.459488826635383,0.0503231684949456,-0.558272959301585,-0.356575951999434,1
