"Posterior_Mean","Posterior_SD","Posterior_LB","Posterior_UB","prob"
-0.221852062793833,0.0648726597600259,-0.360993033907095,-0.0611540366691204,0.994748681663607
