"Posterior_Mean","Posterior_SD","Posterior_LB","Posterior_UB","prob"
-0.234322630785592,0.0632151412803137,-0.387950286493449,-0.0692792046249768,0.998594681281932
