"Posterior_Mean","Posterior_SD","Posterior_LB","Posterior_UB","prob"
-0.0372368137413895,0.0733553890427772,-0.257885068543247,0.157146533028739,0.606656533196411
