"Posterior_Mean","Posterior_SD","Posterior_LB","Posterior_UB","prob"
-0.26040002135932,0.0642894308860776,-0.45189154069337,-0.100657740084519,0.999067277554228
