"Posterior_Mean","Posterior_SD","Posterior_LB","Posterior_UB","prob"
-0.321955294987721,0.0585846876320577,-0.450158267247677,-0.191697457545606,0.999998089177036
