"","Posterior_Mean","Posterior_SD","Posterior_LB","Posterior_UB"
"1",-0.050943839012923,0.0590095964110992,-0.166207366561313,0.0660791887543263
