"Posterior_Mean","Posterior_SD","Posterior_LB","Posterior_UB","prob"
-0.307013730981885,0.0662688150853603,-0.464640808084138,-0.146466682779022,0.999750608196644
