"Posterior_Mean","Posterior_SD","Posterior_LB","Posterior_UB","prob"
-0.237339531347028,0.0554446555408479,-0.358784689473623,-0.0968509741990672,0.999175565768627
