"Posterior_Mean","Posterior_SD","Posterior_LB","Posterior_UB","prob"
-0.277786853658803,0.060346009369176,-0.403646814075841,-0.138528726647285,0.999102760856412
