"Posterior_Mean","Posterior_SD","Posterior_LB","Posterior_UB","prob"
-0.295679188500952,0.0800494123665711,-0.484690395575896,-0.0268503706464268,0.98602650801753
