"","Posterior_Mean","Posterior_SD","Posterior_LB","Posterior_UB"
"1",-0.0341715204472492,0.0556462250508386,-0.141447486567326,0.0752510973172061
