"Posterior_Mean","Posterior_SD","Posterior_LB","Posterior_UB","prob"
-0.278322203060856,0.0531665338140359,-0.396176430745724,-0.170364964095172,0.999934681755917
