"Posterior_Mean","Posterior_SD","Posterior_LB","Posterior_UB","prob"
-0.373045795504113,0.0527002106416588,-0.494546519469626,-0.23531873449132,0.999999738454289
