"","Posterior_Mean","Posterior_SD","Posterior_LB","Posterior_UB"
"1",0.000158871028449959,0.0361537554783342,-0.067521696268209,0.0724155694791191
