"Posterior_Mean","Posterior_SD","Posterior_LB","Posterior_UB","prob"
-0.0320936628201062,0.0533160786055781,-0.134927175315911,0.0775400065047358,0.738745852234121
