"Posterior_Mean","Posterior_SD","Posterior_LB","Posterior_UB","prob"
-0.0250085008723167,0.0493016124539509,-0.144346249195553,0.194798042442087,0.718880308652781
