"Posterior_Mean","Posterior_SD","Posterior_LB","Posterior_UB","prob"
-0.0149559525261796,0.049256026669137,-0.130903818073557,0.11297887146582,0.591275531744591
