"Posterior_Mean","Posterior_SD","Posterior_LB","Posterior_UB","prob"
-0.11172926491861,0.0374547143954592,-0.190773845713774,0.017006282968418,0.965981718575002
