"Posterior_Mean","Posterior_SD","Posterior_LB","Posterior_UB","prob"
0.0178379404320857,0.0470988399832314,-0.103016622461465,0.144376521231401,0.403423129988896
