"Posterior_Mean","Posterior_SD","Posterior_LB","Posterior_UB","prob"
-0.0437082102919642,0.0518614320607686,-0.194233160436658,0.075711661384928,0.738663484199281
