"Posterior_Mean","Posterior_SD","Posterior_LB","Posterior_UB","prob"
-0.00964995242943549,0.0532220101132264,-0.137562842101672,0.14983084366713,0.57106105629885
