"Posterior_Mean","Posterior_SD","Posterior_LB","Posterior_UB","prob"
0.0153059423234867,0.0530433337019407,-0.0933793411706149,0.122532311798295,0.384972860835849
