"Posterior_Mean","Posterior_SD","Posterior_LB","Posterior_UB","prob"
-0.10635169359007,0.0421188465487896,-0.187426707385228,-0.0202530398805419,0.994148235106302
