"Posterior_Mean","Posterior_SD","Posterior_LB","Posterior_UB","prob"
-0.025662427911803,0.0520559410777259,-0.130062526143084,0.0764234697992277,0.679334989081628
