"Posterior_Mean","Posterior_SD","Posterior_LB","Posterior_UB","prob"
-0.0219932817113441,0.0540567551928893,-0.124709039563434,0.0899734841285829,0.668427834058949
