"Posterior_Mean","Posterior_SD","Posterior_LB","Posterior_UB","prob"
0.00380342798181985,0.0523949148632536,-0.103129334154726,0.108896190608897,0.472714545873538
