"Posterior_Mean","Posterior_SD","Posterior_LB","Posterior_UB","prob"
-0.0428974240136739,0.0516721959901927,-0.204123690958604,0.0739247915149279,0.717754479474715
