"Posterior_Mean","Posterior_SD","Posterior_LB","Posterior_UB","prob"
0.016483822065724,0.046167735479277,-0.0885329191745567,0.136274927639429,0.400688310133616
