"Posterior_Mean","Posterior_SD","Posterior_LB","Posterior_UB","prob"
0.00550912486929443,0.0539726292948233,-0.127141908114362,0.114573534635203,0.431336048868383
