"Posterior_Mean","Posterior_SD","Posterior_LB","Posterior_UB","prob"
0.0788425949051635,0.0528334926929669,-0.0270631602710967,0.206647912677688,0.0728520411952021
