"Posterior_Mean","Posterior_SD","Posterior_LB","Posterior_UB","prob"
0.0111511290275851,0.048413041371972,-0.091680207213198,0.122664571230401,0.434819765628906
