"Posterior_Mean","Posterior_SD","Posterior_LB","Posterior_UB","prob"
-0.016906120970397,0.0415219727654867,-0.100220555179771,0.0663962969923011,0.662469167579121
