"Posterior_Mean","Posterior_SD","Posterior_LB","Posterior_UB","prob"
-0.0985858817683516,0.0459237931851231,-0.230206140227799,0.0301950597932106,0.924227371247035
