"Posterior_Mean","Posterior_SD","Posterior_LB","Posterior_UB","prob"
-0.0179867072106363,0.0543489729939463,-0.129968807331382,0.0893207237420388,0.620316283899804
