"Posterior_Mean","Posterior_SD","Posterior_LB","Posterior_UB","prob"
0.0124681201174529,0.0621181018449217,-0.119597524960635,0.153002187626544,0.433099985753166
