"Posterior_Mean","Posterior_SD","Posterior_LB","Posterior_UB","prob"
-0.0199465278987131,0.059282282696723,-0.142483321299099,0.102822451958589,0.627668429386345
