"Posterior_Mean","Posterior_SD","Posterior_LB","Posterior_UB","prob"
-0.033822843775468,0.0639516328619752,-0.168003082177706,0.10758150374251,0.699719699420352
