"Posterior_Mean","Posterior_SD","Posterior_LB","Posterior_UB","prob"
-0.0126094939888643,0.0647457849831217,-0.189043793030976,0.149996100415183,0.551047929101146
