"Posterior_Mean","Posterior_SD","Posterior_LB","Posterior_UB","prob"
0.0128951595329512,0.071202056979727,-0.187614112540047,0.168535528418945,0.408994907143403
