"Posterior_Mean","Posterior_SD","Posterior_LB","Posterior_UB","prob"
-0.0426233766997328,0.0649150106796937,-0.17174005451907,0.100608984299585,0.752853980212973
