"Posterior_Mean","Posterior_SD","Posterior_LB","Posterior_UB","prob"
-0.0533120594187667,0.0630667823452498,-0.192986302306963,0.0669224979366817,0.789146341658913
