"Posterior_Mean","Posterior_SD","Posterior_LB","Posterior_UB","prob"
-0.0509215309905755,0.0603954769058244,-0.168849674371645,0.067195984838012,0.797598812726424
