"Posterior_Mean","Posterior_SD","Posterior_LB","Posterior_UB","prob"
0.0367720309981638,0.0730495440056615,-0.110960374653366,0.233925572159262,0.342022960450458
