"Posterior_Mean","Posterior_SD","Posterior_LB","Posterior_UB","prob"
0.0380467186629308,0.0636510932775637,-0.0922785462104921,0.164955290039516,0.272184504117162
