"Posterior_Mean","Posterior_SD","Posterior_LB","Posterior_UB","prob"
0.0130200786042272,0.0756337009083622,-0.171140625709172,0.221707809764286,0.46464752364621
