"Posterior_Mean","Posterior_SD","Posterior_LB","Posterior_UB","prob"
-0.0150563944679896,0.0629079563310768,-0.167929529395292,0.13421625302563,0.583497369274785
