"Posterior_Mean","Posterior_SD","Posterior_LB","Posterior_UB","prob"
-0.00552687449412824,0.0641297740732471,-0.138886596273298,0.124364059229359,0.532903238932255
