"Posterior_Mean","Posterior_SD","Posterior_LB","Posterior_UB","prob"
-0.0142549421488322,0.0682486440021166,-0.151773049983034,0.126820757792442,0.590127258304161
