"Posterior_Mean","Posterior_SD","Posterior_LB","Posterior_UB","prob"
-0.0432864425968752,0.067661365871096,-0.174766812293399,0.0920888096289267,0.74164738535341
