"Posterior_Mean","Posterior_SD","Posterior_LB","Posterior_UB","prob"
0.0338893141177441,0.0719873126491356,-0.134670481356141,0.185703289125698,0.333982590693512
