"Posterior_Mean","Posterior_SD","Posterior_LB","Posterior_UB","prob"
-0.0148142641795068,0.0617041939744341,-0.141229709360152,0.107514354916157,0.582999430479439
