"Posterior_Mean","Posterior_SD","Posterior_LB","Posterior_UB","prob"
-0.249895232691182,0.060909766692866,-0.369333868783277,-0.121980469591242,0.998486854891656
