"Posterior_Mean","Posterior_SD","Posterior_LB","Posterior_UB","prob"
-0.376031398872875,0.0613561520797519,-0.495090675120507,-0.249934613011586,0.99998625109946
