"Posterior_Mean","Posterior_SD","Posterior_LB","Posterior_UB","prob"
-0.1756517363434,0.0678925273513683,-0.325907739913229,0.019255885419415,0.963117715312866
