"Posterior_Mean","Posterior_SD","Posterior_LB","Posterior_UB","prob"
-0.270492035815802,0.0638324825627197,-0.457106350914764,-0.0866445386475182,0.998818110845753
