"Posterior_Mean","Posterior_SD","Posterior_LB","Posterior_UB","prob"
-0.253162662448774,0.0543766036985252,-0.359904875896075,-0.147297116726496,0.999989806660688
