"Posterior_Mean","Posterior_SD","Posterior_LB","Posterior_UB","prob"
-0.314294438987599,0.0517342543249893,-0.419076195384117,-0.205466723708036,0.999995232708054
