"Posterior_Mean","Posterior_SD","Posterior_LB","Posterior_UB","prob"
-0.302332585283494,0.0624650982900578,-0.431921837034713,-0.168686372158038,0.999965708277436
