"Posterior_Mean","Posterior_SD","Posterior_LB","Posterior_UB","prob"
-0.315610887409645,0.0482137379307907,-0.410005929751382,-0.213869222281697,0.999999890291067
