"Posterior_Mean","Posterior_SD","Posterior_LB","Posterior_UB","prob"
-0.287485362627965,0.0758234922965058,-0.438389277768442,-0.122061642211385,0.997853785624646
