"Posterior_Mean","Posterior_SD","Posterior_LB","Posterior_UB","prob"
-0.154984605496463,0.0712839600784119,-0.33303191394671,0.0107983491256657,0.96545816652326
