"Posterior_Mean","Posterior_SD","Posterior_LB","Posterior_UB","prob"
-0.330866013579995,0.0600818949501962,-0.447266565974448,-0.208489454661261,0.99998469361988
