"Posterior_Mean","Posterior_SD","Posterior_LB","Posterior_UB","prob"
-0.302579716262261,0.0578592168824383,-0.428872582408563,-0.182155046971126,0.999997850269157
