"Posterior_Mean","Posterior_SD","Posterior_LB","Posterior_UB","prob"
-0.294208186291277,0.0707845705551611,-0.480345724648501,-0.111880883446041,0.999863887265111
