"Posterior_Mean","Posterior_SD","Posterior_LB","Posterior_UB","prob"
-0.320849703692501,0.073916814229305,-0.473865119442093,-0.176575348166863,0.999976284940112
