"Posterior_Mean","Posterior_SD","Posterior_LB","Posterior_UB","prob"
-0.299655621169542,0.0615800917136561,-0.430917036897566,-0.176076748834291,1
