"Posterior_Mean","Posterior_SD","Posterior_LB","Posterior_UB","prob"
-0.269458575049631,0.0524165506209445,-0.374675965935802,-0.167792580017291,0.999999631277019
