"Posterior_Mean","Posterior_SD","Posterior_LB","Posterior_UB","prob"
-0.283495239254499,0.0804074600638362,-0.471518437972513,-0.109082791251672,0.999033727681356
