"Posterior_Mean","Posterior_SD","Posterior_LB","Posterior_UB","prob"
-0.155082728088649,0.0973562098619901,-0.354562948986192,0.049588258595719,0.92507068687551
