"Posterior_Mean","Posterior_SD","Posterior_LB","Posterior_UB","prob"
-0.305769574361789,0.0613458640049486,-0.424982054560794,-0.177061902245867,0.999885558545163
