"Posterior_Mean","Posterior_SD","Posterior_LB","Posterior_UB","prob"
-0.407183378458632,0.0522339697089408,-0.515126980432019,-0.301342701072588,0.999999999467305
