"Posterior_Mean","Posterior_SD","Posterior_LB","Posterior_UB","prob"
-0.199813340968831,0.0728403177294902,-0.347339986165697,0.0133199257541473,0.96851553296701
