"Posterior_Mean","Posterior_SD","Posterior_LB","Posterior_UB","prob"
-0.342701886478793,0.0521858193052027,-0.45129191733899,-0.219624926325251,0.999999626025173
