"Posterior_Mean","Posterior_SD","Posterior_LB","Posterior_UB","prob"
-0.21565660956649,0.0621911735729979,-0.348572008837796,-0.0580595376431834,0.995328232513084
