"Posterior_Mean","Posterior_SD","Posterior_LB","Posterior_UB","prob"
-0.234112262856748,0.0599263409467504,-0.355612678597441,-0.102836749053806,0.99912430659151
