"Posterior_Mean","Posterior_SD","Posterior_LB","Posterior_UB","prob"
-0.219094364205663,0.0606276602972454,-0.367330152718189,-0.0466020984655897,0.993138416976593
