"Posterior_Mean","Posterior_SD","Posterior_LB","Posterior_UB","prob"
-0.29019882235897,0.054000545825645,-0.398626088217087,-0.185667185041363,1
