"Posterior_Mean","Posterior_SD","Posterior_LB","Posterior_UB","prob"
-0.293942054420888,0.0746643421784417,-0.480160428753968,-0.146100310834664,0.999847578009892
