"Posterior_Mean","Posterior_SD","Posterior_LB","Posterior_UB","prob"
-0.259732290517169,0.0914239039294504,-0.457867852429264,-0.0452924613245386,0.992526901261882
