"Posterior_Mean","Posterior_SD","Posterior_LB","Posterior_UB","prob"
-0.202351122722205,0.0687939096489555,-0.350376733297711,0.0141289258955237,0.970105642663494
