"Posterior_Mean","Posterior_SD","Posterior_LB","Posterior_UB","prob"
-0.159247098351076,0.100558818686743,-0.354042971091028,0.0421184517178753,0.93811956326699
