"Posterior_Mean","Posterior_SD","Posterior_LB","Posterior_UB","prob"
-0.270308167273246,0.0596060432091721,-0.391874581493724,-0.150052548643916,0.999924697280634
