"Posterior_Mean","Posterior_SD","Posterior_LB","Posterior_UB","prob"
-0.157525496410178,0.0603490542096566,-0.291239908322541,-0.023781487023623,0.98915763920868
