"Posterior_Mean","Posterior_SD","Posterior_LB","Posterior_UB","prob"
-0.0945616305119575,0.0731798913454509,-0.237667719961316,0.0564799843521305,0.903707208018758
