"Posterior_Mean","Posterior_SD","Posterior_LB","Posterior_UB","prob"
-0.312398287153424,0.0560765736818013,-0.44428137998274,-0.1652056681538,0.999941925135047
