"Posterior_Mean","Posterior_SD","Posterior_LB","Posterior_UB","prob"
-0.234565395460219,0.0799797573173037,-0.43260429368602,-0.0746532876166836,0.998740850285625
