"Posterior_Mean","Posterior_SD","Posterior_LB","Posterior_UB","prob"
-0.229346926792824,0.0603294811921473,-0.350522854633053,-0.109471730739136,0.999915461307171
