"Posterior_Mean","Posterior_SD","Posterior_LB","Posterior_UB","prob"
-0.385760180662511,0.0520421291902757,-0.490659220040661,-0.279829768625416,0.999995565836195
