"Posterior_Mean","Posterior_SD","Posterior_LB","Posterior_UB","prob"
-0.435747372195516,0.0521364257663159,-0.54655070054027,-0.316570862038313,0.999999977771418
