"Posterior_Mean","Posterior_SD","Posterior_LB","Posterior_UB","prob"
-0.34177712485452,0.0486106554724764,-0.436506846601548,-0.245118346501212,0.999999999996681
