"Posterior_Mean","Posterior_SD","Posterior_LB","Posterior_UB","prob"
-0.345438792052067,0.0525579722377977,-0.473506071529587,-0.202870494861469,0.999947832526759
