"Posterior_Mean","Posterior_SD","Posterior_LB","Posterior_UB","prob"
-0.357127759445714,0.0515141657763475,-0.459786636935569,-0.251154210575212,0.999999949063436
