"Posterior_Mean","Posterior_SD","Posterior_LB","Posterior_UB","prob"
-0.240592469635538,0.0755056228022497,-0.388254855140985,-0.0921756943588325,0.99902838367403
