"Posterior_Mean","Posterior_SD","Posterior_LB","Posterior_UB","prob"
-0.331520498517797,0.0742980130542215,-0.481801148804581,-0.18694569839946,0.999985100410078
