"Posterior_Mean","Posterior_SD","Posterior_LB","Posterior_UB","prob"
-0.497925270766219,0.0763675466486379,-0.646528574837642,-0.336004813456945,1
