"Posterior_Mean","Posterior_SD","Posterior_LB","Posterior_UB","prob"
-0.330380190770723,0.0610781301862251,-0.473495167346589,-0.195369622344663,1
