"Posterior_Mean","Posterior_SD","Posterior_LB","Posterior_UB","prob"
-0.150646422209608,0.0889088019817697,-0.324439708757186,0.0617828697623894,0.931699001051866
