"Posterior_Mean","Posterior_SD","Posterior_LB","Posterior_UB","prob"
-0.318907797329232,0.0596030577059193,-0.432497584668034,-0.202924336719904,0.999999976123649
