"Posterior_Mean","Posterior_SD","Posterior_LB","Posterior_UB","prob"
-0.343653625565504,0.0552129306025365,-0.454325727480276,-0.213464830098133,0.999991932937232
