"Posterior_Mean","Posterior_SD","Posterior_LB","Posterior_UB","prob"
-0.324622971226304,0.0617393973650116,-0.465116509496505,-0.0595507504709057,0.992743007990049
