"Posterior_Mean","Posterior_SD","Posterior_LB","Posterior_UB","prob"
-0.366665073835947,0.0556724372574774,-0.48334963263448,-0.250927698916829,1
