"Posterior_Mean","Posterior_SD","Posterior_LB","Posterior_UB","prob"
-0.363433925012054,0.0510806082215439,-0.469536105192551,-0.256209893397334,0.999999998157586
