"Posterior_Mean","Posterior_SD","Posterior_LB","Posterior_UB","prob"
-0.189306292489167,0.0633991217264478,-0.328750957417553,-0.0328395939209875,0.988574697079962
