"Posterior_Mean","Posterior_SD","Posterior_LB","Posterior_UB","prob"
-0.247731631457673,0.0785202395124228,-0.440197646187182,0.0152708516713446,0.967148674809011
