"Posterior_Mean","Posterior_SD","Posterior_LB","Posterior_UB","prob"
-0.350187132832201,0.060794530250046,-0.47345731414077,-0.210498587500733,0.999843630490118
