"Posterior_Mean","Posterior_SD","Posterior_LB","Posterior_UB","prob"
-0.360066712854547,0.0508431215648529,-0.462941504622049,-0.254686830522503,0.999999798738535
