"Posterior_Mean","Posterior_SD","Posterior_LB","Posterior_UB","prob"
-0.303752730010402,0.0600394570095619,-0.438331522422398,-0.160296599718621,0.999852334839883
