"Posterior_Mean","Posterior_SD","Posterior_LB","Posterior_UB","prob"
-0.303640354874084,0.0596209154397677,-0.448269609191229,-0.129545952257632,0.999121326996912
