"Posterior_Mean","Posterior_SD","Posterior_LB","Posterior_UB","prob"
-0.206995953975868,0.0771891294251268,-0.362954725175797,-0.054450054044848,0.995467142443527
