"Posterior_Mean","Posterior_SD","Posterior_LB","Posterior_UB","prob"
-0.228595530369244,0.0746508294316679,-0.374445921700201,-0.0635218880182531,0.994236500447786
