"Posterior_Mean","Posterior_SD","Posterior_LB","Posterior_UB","prob"
-0.240306708787993,0.0756924053853013,-0.420086644232447,-0.0681419600670655,0.998175690153253
