"Posterior_Mean","Posterior_SD","Posterior_LB","Posterior_UB","prob"
-0.276268326606748,0.0605583791113214,-0.399677969850221,-0.150811487025923,0.999838527654964
