"Posterior_Mean","Posterior_SD","Posterior_LB","Posterior_UB","prob"
-0.121833625740195,0.0570552343011213,-0.250812574027684,-0.00972748940734156,0.981923473122274
