"Posterior_Mean","Posterior_SD","Posterior_LB","Posterior_UB","prob"
-0.282099778681739,0.0705943854617339,-0.444601403103204,-0.111112774796292,0.999542808326474
