"Posterior_Mean","Posterior_SD","Posterior_LB","Posterior_UB","prob"
0.0789163340407347,0.0978589499287221,-0.118259479210384,0.292954927244977,0.207600302681593
