"Posterior_Mean","Posterior_SD","Posterior_LB","Posterior_UB","prob"
-0.263655333914723,0.0591070363742707,-0.379178365909491,-0.14599828527144,0.999932163278855
