"Posterior_Mean","Posterior_SD","Posterior_LB","Posterior_UB","prob"
-0.35226353750762,0.0522631650454606,-0.457910471387031,-0.249613946441975,0.99999999752907
