"Posterior_Mean","Posterior_SD","Posterior_LB","Posterior_UB","prob"
-0.0262420238020654,0.0957968208929737,-0.216827366291172,0.155353895338707,0.603509100159158
