"Posterior_Mean","Posterior_SD","Posterior_LB","Posterior_UB","prob"
-0.0936973200158197,0.0786606023986854,-0.250196071074189,0.0641526758827168,0.886245906935677
