"Posterior_Mean","Posterior_SD","Posterior_LB","Posterior_UB","prob"
-0.296782696757461,0.0630859355523332,-0.432102632307048,-0.146195492228892,0.999751552700677
