"Posterior_Mean","Posterior_SD","Posterior_LB","Posterior_UB","prob"
0.0371797279059934,0.0722080684137646,-0.10199120207525,0.180269146129633,0.31118953068065
