"Posterior_Mean","Posterior_SD","Posterior_LB","Posterior_UB","prob"
-0.344650218646706,0.0513327205716262,-0.446354769929225,-0.237633857873113,0.999999815089082
