"Posterior_Mean","Posterior_SD","Posterior_LB","Posterior_UB","prob"
-0.178323570589693,0.0632251686720703,-0.323601753092465,-0.00757725742338988,0.977381913524634
