"Posterior_Mean","Posterior_SD","Posterior_LB","Posterior_UB","prob"
-0.325560878389344,0.0520703271320116,-0.427735526953027,-0.22234698046721,0.999999998210155
