"Posterior_Mean","Posterior_SD","Posterior_LB","Posterior_UB","prob"
-0.25938493869534,0.0612584542230581,-0.381560768458501,-0.137001320470111,0.999842045961469
