"Posterior_Mean","Posterior_SD","Posterior_LB","Posterior_UB","prob"
-0.28405275421282,0.0526031224024572,-0.390500509430447,-0.181091212449831,0.999922380361023
