"Posterior_Mean","Posterior_SD","Posterior_LB","Posterior_UB","prob"
-0.281660841431935,0.0738500993786416,-0.47170518098398,-0.125570796767374,0.999546755751199
