"Posterior_Mean","Posterior_SD","Posterior_LB","Posterior_UB","prob"
-0.230543631588305,0.0734681493099193,-0.376201808674789,-0.0808181950453019,0.996805156824838
