"Posterior_Mean","Posterior_SD","Posterior_LB","Posterior_UB","prob"
-0.0860380120752661,0.10288845295065,-0.290235003261026,0.112019693723619,0.799518031740424
