"Posterior_Mean","Posterior_SD","Posterior_LB","Posterior_UB","prob"
-0.304327354016511,0.067643647779727,-0.484599347583352,-0.118431827353222,0.999741286746796
