"Posterior_Mean","Posterior_SD","Posterior_LB","Posterior_UB","prob"
-0.270336303694579,0.0770729474198215,-0.423311469356731,-0.0859350776754199,0.995590511803808
