"Posterior_Mean","Posterior_SD","Posterior_LB","Posterior_UB","prob"
-0.472288232540016,0.0607765075272286,-0.599247288547066,-0.351637445325443,1
