"Posterior_Mean","Posterior_SD","Posterior_LB","Posterior_UB","prob"
-0.263099395028751,0.0748723953529805,-0.463448269192375,-0.0604170155115777,0.994528123379349
