"Posterior_Mean","Posterior_SD","Posterior_LB","Posterior_UB","prob"
-0.433884119300298,0.0585041431385552,-0.547644295994742,-0.316966415127378,1
