"Posterior_Mean","Posterior_SD","Posterior_LB","Posterior_UB","prob"
-0.263833357662823,0.0604877970039172,-0.383269524161464,-0.133256301779193,0.99973282993225
