"Posterior_Mean","Posterior_SD","Posterior_LB","Posterior_UB","prob"
-0.366572559119462,0.0573916795830309,-0.531152169407475,-0.178585728286295,0.999814999529562
