"Posterior_Mean","Posterior_SD","Posterior_LB","Posterior_UB","prob"
0.0964176603186636,0.102696997865607,-0.108785269352743,0.296063089324364,0.172666666666667
