"Posterior_Mean","Posterior_SD","Posterior_LB","Posterior_UB","prob"
-0.354506395871172,0.0624076815716589,-0.481550724104759,-0.212511803818927,0.999899084774059
