"Posterior_Mean","Posterior_SD","Posterior_LB","Posterior_UB","prob"
-0.127900603194704,0.0689334835633194,-0.332668463368034,0.0448609617088506,0.920054524429826
