"Posterior_Mean","Posterior_SD","Posterior_LB","Posterior_UB","prob"
-0.247511330805392,0.0602570849076697,-0.36778572355169,-0.127956725629771,0.999942871423652
