"Posterior_Mean","Posterior_SD","Posterior_LB","Posterior_UB","prob"
-0.180960505059113,0.0734539706587399,-0.325072988094125,-0.0368485940645591,0.992595321172482
