"Posterior_Mean","Posterior_SD","Posterior_LB","Posterior_UB","prob"
-0.2686150909918,0.0615597860220064,-0.459115570195124,-0.0668155835188813,0.995748676436586
