"Posterior_Mean","Posterior_SD","Posterior_LB","Posterior_UB","prob"
-0.28214277431544,0.0948872981634794,-0.475518215336879,-0.0917792547596458,0.997647784777027
