"Posterior_Mean","Posterior_SD","Posterior_LB","Posterior_UB","prob"
-0.340434570099678,0.0573195955784381,-0.47437560888176,-0.197980101844161,0.999889152035695
