"Posterior_Mean","Posterior_SD","Posterior_LB","Posterior_UB","prob"
-0.366937588357247,0.058476660010738,-0.487710650613152,-0.225787810158053,0.999936566008381
