"Posterior_Mean","Posterior_SD","Posterior_LB","Posterior_UB","prob"
-0.255406784984936,0.0622902678778765,-0.381264316773779,-0.12948877519242,0.999781931246789
