"Posterior_Mean","Posterior_SD","Posterior_LB","Posterior_UB","prob"
-0.238877842723908,0.055048160631176,-0.367009856448968,-0.1017412853014,0.999528122670581
