"Posterior_Mean","Posterior_SD","Posterior_LB","Posterior_UB","prob"
-0.386757184064786,0.053946463881193,-0.497272043992996,-0.269099767073487,0.999999758557887
