"Posterior_Mean","Posterior_SD","Posterior_LB","Posterior_UB","prob"
-0.0503047464185358,0.0724253478979277,-0.253552335071562,0.099911972318278,0.728524914096799
