"Posterior_Mean","Posterior_SD","Posterior_LB","Posterior_UB","prob"
-0.099674951456516,0.0970348148517672,-0.290027061483373,0.0914002928075389,0.844007488221351
