"Posterior_Mean","Posterior_SD","Posterior_LB","Posterior_UB","prob"
-0.246470676800976,0.0626865826357375,-0.389878350801103,-0.0768105692132105,0.996784331433109
