"Posterior_Mean","Posterior_SD","Posterior_LB","Posterior_UB","prob"
-0.296909411495865,0.0542235266053432,-0.413087580028605,-0.177049840463254,0.999970638647013
