"Posterior_Mean","Posterior_SD","Posterior_LB","Posterior_UB","prob"
-0.173320657684789,0.0738455866267442,-0.315416247202006,-0.0292090405813917,0.990015972494111
