"Posterior_Mean","Posterior_SD","Posterior_LB","Posterior_UB","prob"
-0.2128711715372,0.0613868838437856,-0.333449632192854,-0.0787422451155743,0.998447866780649
