"Posterior_Mean","Posterior_SD","Posterior_LB","Posterior_UB","prob"
-0.169740584019214,0.0776143707297416,-0.328489901765489,0.0156378162702269,0.964997435430301
