"Posterior_Mean","Posterior_SD","Posterior_LB","Posterior_UB","prob"
-0.232834737872732,0.0646643916979368,-0.376349875343827,-0.088367242237042,0.998489087069839
