"Posterior_Mean","Posterior_SD","Posterior_LB","Posterior_UB","prob"
-0.254649786429153,0.0642411914185325,-0.39645628478294,-0.0627384860110913,0.991618844332855
