"Posterior_Mean","Posterior_SD","Posterior_LB","Posterior_UB","prob"
-0.268650188128133,0.0622143277217562,-0.39787434217212,-0.109719283640074,0.999155266059479
