"Posterior_Mean","Posterior_SD","Posterior_LB","Posterior_UB","prob"
-0.232084098225669,0.0729692088506535,-0.373005228738384,-0.087384214368112,0.999152699097506
