"Posterior_Mean","Posterior_SD","Posterior_LB","Posterior_UB","prob"
-0.216732008203976,0.0560920732875679,-0.33772487746139,-0.101964282434002,0.999982904124856
