"Posterior_Mean","Posterior_SD","Posterior_LB","Posterior_UB","prob"
-0.191763458589231,0.0618746895399567,-0.318435462316357,-0.0625001466527623,0.996318110919897
