"Posterior_Mean","Posterior_SD","Posterior_LB","Posterior_UB","prob"
-0.387684278818831,0.0546316460131059,-0.498533636413686,-0.258164593520294,0.999988063473535
