"Posterior_Mean","Posterior_SD","Posterior_LB","Posterior_UB","prob"
-0.203751572819423,0.0605693094767621,-0.332361175725402,-0.028492901923274,0.986583957641081
