"Posterior_Mean","Posterior_SD","Posterior_LB","Posterior_UB","prob"
-0.296106364517852,0.0765510658902475,-0.458747424254978,-0.081587141451662,0.99521341164883
