"Posterior_Mean","Posterior_SD","Posterior_LB","Posterior_UB","prob"
-0.275495206834914,0.0519129487947373,-0.379062222782136,-0.153287996075226,0.999916548882031
