"Posterior_Mean","Posterior_SD","Posterior_LB","Posterior_UB","prob"
-0.192363557886941,0.0588628219262281,-0.308028751590095,-0.0707680378509071,0.997509363135271
