"Posterior_Mean","Posterior_SD","Posterior_LB","Posterior_UB","prob"
-0.16501129403039,0.0625021003222146,-0.294665702053764,-0.016955307889241,0.982997843221916
