"Posterior_Mean","Posterior_SD","Posterior_LB","Posterior_UB","prob"
-0.263065307785129,0.0590708623350636,-0.384368486997131,-0.145347263370981,0.999780362643799
