"Posterior_Mean","Posterior_SD","Posterior_LB","Posterior_UB","prob"
-0.343072760864843,0.0585568822646988,-0.464401153123898,-0.210094376327776,0.999966927672537
