"Posterior_Mean","Posterior_SD","Posterior_LB","Posterior_UB","prob"
-0.292957651014332,0.0752694272969801,-0.442606527102892,-0.140955294439995,0.999318745618073
