"Posterior_Mean","Posterior_SD","Posterior_LB","Posterior_UB","prob"
-0.280581688032742,0.0501681847046858,-0.387440386514359,-0.183388902569087,1
