"Posterior_Mean","Posterior_SD","Posterior_LB","Posterior_UB","prob"
-0.220909772794706,0.0608748303092467,-0.3420404974976,-0.101057275925132,0.999550979642516
