"Posterior_Mean","Posterior_SD","Posterior_LB","Posterior_UB","prob"
-0.0987869573469145,0.0733004709460609,-0.243614365061259,0.0429671198123242,0.912718283894348
