"Posterior_Mean","Posterior_SD","Posterior_LB","Posterior_UB","prob"
-0.286350826472902,0.0507567545602881,-0.391303531620108,-0.160459663267468,0.999932776058423
