"Posterior_Mean","Posterior_SD","Posterior_LB","Posterior_UB","prob"
-0.073944145687561,0.104246596471644,-0.274423941054514,0.13010911274403,0.759
