"Posterior_Mean","Posterior_SD","Posterior_LB","Posterior_UB","prob"
-0.268583384111251,0.0553992704474976,-0.415135074479347,-0.120563695787122,0.999985704282605
