"Posterior_Mean","Posterior_SD","Posterior_LB","Posterior_UB","prob"
-0.238233521954625,0.0602803737440119,-0.358073426645464,-0.110406822092636,0.997986840618823
