"Posterior_Mean","Posterior_SD","Posterior_LB","Posterior_UB","prob"
-0.253289140979539,0.0617947853674903,-0.380498944234132,-0.128554935215583,0.99990021530479
