"Posterior_Mean","Posterior_SD","Posterior_LB","Posterior_UB","prob"
-0.266181868252559,0.0726223766218771,-0.432013237017917,-0.109086606175995,0.998779168425285
