"Posterior_Mean","Posterior_SD","Posterior_LB","Posterior_UB","prob"
-0.206176583910444,0.0729803774519378,-0.454168032878414,-0.042605240866015,0.994004672962566
