"Posterior_Mean","Posterior_SD","Posterior_LB","Posterior_UB","prob"
-0.417973365626676,0.0519138038518119,-0.519322563240341,-0.311984960671905,0.999999972879216
