"Posterior_Mean","Posterior_SD","Posterior_LB","Posterior_UB","prob"
-0.330748127816736,0.0602962082649261,-0.460837557179614,-0.211264331458084,0.999999378700614
