"Posterior_Mean","Posterior_SD","Posterior_LB","Posterior_UB","prob"
-0.253794095914237,0.0606751882237045,-0.374321598719123,-0.133292594897129,0.99998737292883
