"Posterior_Mean","Posterior_SD","Posterior_LB","Posterior_UB","prob"
-0.206546820967815,0.0590627557035152,-0.323889299769196,-0.091680124020077,0.99993353109228
