"Posterior_Mean","Posterior_SD","Posterior_LB","Posterior_UB","prob"
-0.343865008860533,0.0751920553384043,-0.489069245109986,-0.184571252468301,0.999652305623082
