"Posterior_Mean","Posterior_SD","Posterior_LB","Posterior_UB","prob"
-0.291669675421074,0.0561577818916486,-0.404591288921367,-0.179075659608027,1
