"Posterior_Mean","Posterior_SD","Posterior_LB","Posterior_UB","prob"
-0.330264191467143,0.0579088985422957,-0.445346677555582,-0.209153604648416,0.999204546926159
