"Posterior_Mean","Posterior_SD","Posterior_LB","Posterior_UB","prob"
-0.339452629513795,0.0623224809923847,-0.472822171726626,-0.217401891948791,1
