"Posterior_Mean","Posterior_SD","Posterior_LB","Posterior_UB","prob"
-0.298666506166141,0.0615357504557723,-0.429292794540046,-0.176765283552594,0.999999405947245
