"Posterior_Mean","Posterior_SD","Posterior_LB","Posterior_UB","prob"
-0.213953997910141,0.0590934211088711,-0.331193789692052,-0.0952197102446011,0.999880367538287
