"Posterior_Mean","Posterior_SD","Posterior_LB","Posterior_UB","prob"
-0.267689087961529,0.0499007405497768,-0.366391075363385,-0.167565348968868,0.99999980824439
