"Posterior_Mean","Posterior_SD","Posterior_LB","Posterior_UB","prob"
-0.336160728908242,0.0704611476970097,-0.514131770342939,-0.143974476022557,0.999024895952162
