"Posterior_Mean","Posterior_SD","Posterior_LB","Posterior_UB","prob"
-0.190349900368998,0.0753461802182093,-0.340086120617975,-0.0207762022800579,0.982658786172715
