"Posterior_Mean","Posterior_SD","Posterior_LB","Posterior_UB","prob"
-0.152540664090426,0.0648385010644836,-0.346235790694039,0.0253110350095792,0.942681740184046
