"Posterior_Mean","Posterior_SD","Posterior_LB","Posterior_UB","prob"
-0.198044865473497,0.0579797870700631,-0.332254796913568,-0.0684587849123863,0.998428502967086
