"Posterior_Mean","Posterior_SD","Posterior_LB","Posterior_UB","prob"
-0.251605016362386,0.0533533585322317,-0.369949273275417,-0.115142077239149,0.999726302796541
