"Posterior_Mean","Posterior_SD","Posterior_LB","Posterior_UB","prob"
-0.311853833277574,0.0605128577985575,-0.436581295651474,-0.187285919580477,0.999997401327104
