"Posterior_Mean","Posterior_SD","Posterior_LB","Posterior_UB","prob"
-0.238231120572837,0.0579225924919579,-0.352583076361702,-0.120001674398919,0.999969990109269
