"Posterior_Mean","Posterior_SD","Posterior_LB","Posterior_UB","prob"
-0.187329004250343,0.071511026023329,-0.423470624413484,-0.0212702743153282,0.985174919152952
