"Posterior_Mean","Posterior_SD","Posterior_LB","Posterior_UB","prob"
-0.39025783988495,0.067794681572094,-0.593535025630839,-0.20062725995467,1
