"Posterior_Mean","Posterior_SD","Posterior_LB","Posterior_UB","prob"
-0.128979017717403,0.077178202789015,-0.281900993879574,0.0425352855619663,0.940571940124733
