"Posterior_Mean","Posterior_SD","Posterior_LB","Posterior_UB","prob"
-0.33165570872161,0.0588123780669098,-0.455157955317863,-0.218542228101918,1
