"Posterior_Mean","Posterior_SD","Posterior_LB","Posterior_UB","prob"
-0.291632706782072,0.0501670512785034,-0.400381807973821,-0.172024302586503,0.999914965820829
