"Posterior_Mean","Posterior_SD","Posterior_LB","Posterior_UB","prob"
-0.288737920628978,0.051451449197543,-0.396404954595494,-0.177983637448913,0.999939429253649
