"Posterior_Mean","Posterior_SD","Posterior_LB","Posterior_UB","prob"
-0.227853722680108,0.0646019732339299,-0.392225937830502,-0.0993751000426076,0.999839772107906
