"Posterior_Mean","Posterior_SD","Posterior_LB","Posterior_UB","prob"
-0.252536348022431,0.0721683989216048,-0.393215423096957,-0.109422101643921,0.999344814117805
