"Posterior_Mean","Posterior_SD","Posterior_LB","Posterior_UB","prob"
-0.419384014661437,0.0580737274063366,-0.549833446872213,-0.287340819620199,0.999998779914754
