"Posterior_Mean","Posterior_SD","Posterior_LB","Posterior_UB","prob"
-0.245454109910277,0.0604223892512941,-0.366910090626676,-0.12590943877783,0.999994830631684
