"Posterior_Mean","Posterior_SD","Posterior_LB","Posterior_UB","prob"
-0.280828206473163,0.0633800357430613,-0.410159331022541,-0.1406031966772,0.999675703178936
