"Posterior_Mean","Posterior_SD","Posterior_LB","Posterior_UB","prob"
-0.290080407015335,0.0540800203782434,-0.400990918170116,-0.172633456390248,0.999941895478966
