"Posterior_Mean","Posterior_SD","Posterior_LB","Posterior_UB","prob"
-0.136937214587483,0.0719749054536695,-0.28123169775803,0.00477452538921674,0.970844789430592
