"Posterior_Mean","Posterior_SD","Posterior_LB","Posterior_UB","prob"
-0.256781447647242,0.0675746327856282,-0.391484168260094,-0.100781750319876,0.999350696025964
