"Posterior_Mean","Posterior_SD","Posterior_LB","Posterior_UB","prob"
-0.250835626600977,0.0539746327430723,-0.355951470914153,-0.125878793131477,0.999994942890877
