"Posterior_Mean","Posterior_SD","Posterior_LB","Posterior_UB","prob"
-0.285750330533548,0.0531478572256733,-0.399870627191779,-0.1642390135879,0.999966036593719
