"Posterior_Mean","Posterior_SD","Posterior_LB","Posterior_UB","prob"
-0.165820324209989,0.0608812652978909,-0.297886234176846,-0.0169797225935412,0.98412771457168
