"Posterior_Mean","Posterior_SD","Posterior_LB","Posterior_UB","prob"
-0.281727118678167,0.0777202217096204,-0.434197361867258,-0.122969544663627,0.999352539242394
