"Posterior_Mean","Posterior_SD","Posterior_LB","Posterior_UB","prob"
-0.330165250610293,0.0745878028888706,-0.478979956226175,-0.162490510802237,0.999324036354573
