"Posterior_Mean","Posterior_SD","Posterior_LB","Posterior_UB","prob"
-0.211008620300174,0.0756404669825111,-0.35582529241728,-0.0653140098711086,0.997197493582331
