"Posterior_Mean","Posterior_SD","Posterior_LB","Posterior_UB","prob"
-0.251349936437055,0.0531957217174315,-0.357919403649137,-0.148943461365249,0.999973025230938
