"Posterior_Mean","Posterior_SD","Posterior_LB","Posterior_UB","prob"
-0.208544415567133,0.0631576655464142,-0.374984070308082,-0.0238845649046399,0.98717855017017
