"Posterior_Mean","Posterior_SD","Posterior_LB","Posterior_UB","prob"
-0.311095854578786,0.0570539149983517,-0.440159762943656,-0.158254537808433,0.9999579636797
