"Posterior_Mean","Posterior_SD","Posterior_LB","Posterior_UB","prob"
-0.212698366909518,0.0620754536262969,-0.343528493815816,-0.0815791208053784,0.998733198697162
