"Posterior_Mean","Posterior_SD","Posterior_LB","Posterior_UB","prob"
-0.241915696259866,0.057553789120044,-0.360649790538827,-0.125757257162211,0.99999093021468
