"Posterior_Mean","Posterior_SD","Posterior_LB","Posterior_UB","prob"
-0.216410899605234,0.0993243407484567,-0.420443618283454,-0.0109261544188491,0.981160319944383
