"Posterior_Mean","Posterior_SD","Posterior_LB","Posterior_UB","prob"
-0.271964610420262,0.0743809407087268,-0.419033995711683,-0.0846530039077085,0.992446052982608
