"Posterior_Mean","Posterior_SD","Posterior_LB","Posterior_UB","prob"
-0.327249945819685,0.108068894487571,-0.54249488762136,-0.0804356644338614,0.99518225266732
