"Posterior_Mean","Posterior_SD","Posterior_LB","Posterior_UB","prob"
-0.254412564063022,0.0905433311250685,-0.481073035620526,-0.0369359468350088,0.988087531184441
