"Posterior_Mean","Posterior_SD","Posterior_LB","Posterior_UB","prob"
-0.167616578566723,0.0793252198521364,-0.348024352758262,0.097258518222272,0.916003910069396
