"Posterior_Mean","Posterior_SD","Posterior_LB","Posterior_UB","prob"
-0.187453958726109,0.130929406686934,-0.438923931472944,0.0669760229750671,0.9225
