"Posterior_Mean","Posterior_SD","Posterior_LB","Posterior_UB","prob"
-0.113744459344047,0.0762175406937665,-0.284241001593301,0.0510956707491167,0.914904074338647
