"Posterior_Mean","Posterior_SD","Posterior_LB","Posterior_UB","prob"
-0.170614531591094,0.0839239350574378,-0.352717988148135,0.0444856310387376,0.953531127745679
