"Posterior_Mean","Posterior_SD","Posterior_LB","Posterior_UB","prob"
0.0364393620496039,0.138024799215653,-0.232813662150173,0.302798223895887,0.401768124730287
