"Posterior_Mean","Posterior_SD","Posterior_LB","Posterior_UB","prob"
-0.174384057543774,0.10026483333099,-0.396401812464099,0.0573854729636391,0.937315753039115
