"Posterior_Mean","Posterior_SD","Posterior_LB","Posterior_UB","prob"
-0.19408932754273,0.0841124084460476,-0.372683116548765,0.0554954484952779,0.951799118420213
