"Posterior_Mean","Posterior_SD","Posterior_LB","Posterior_UB","prob"
-0.287362464949463,0.0794396384901374,-0.455490611856219,-0.128813945656757,0.999847666306534
