"Posterior_Mean","Posterior_SD","Posterior_LB","Posterior_UB","prob"
0.0316805671235179,0.129420901831905,-0.225621936923421,0.284948119756118,0.394565697945244
