"Posterior_Mean","Posterior_SD","Posterior_LB","Posterior_UB","prob"
-0.372372869480786,0.069588616607179,-0.516123630848099,-0.228174281703739,0.999291939481316
