"Posterior_Mean","Posterior_SD","Posterior_LB","Posterior_UB","prob"
-0.143947695198382,0.0795863186320828,-0.347302477284741,0.0231879862928559,0.955509815444269
