"Posterior_Mean","Posterior_SD","Posterior_LB","Posterior_UB","prob"
-0.193432228610382,0.0907523927949331,-0.378016871849138,0.0225457088038736,0.964702386112739
