"Posterior_Mean","Posterior_SD","Posterior_LB","Posterior_UB","prob"
-0.198014010101154,0.115815704836776,-0.434259194398791,0.0500912762784596,0.940274611292611
