"Posterior_Mean","Posterior_SD","Posterior_LB","Posterior_UB","prob"
-0.470214036409882,0.0991703644459952,-0.66122545479522,-0.26924511009207,0.999939328077183
