"Posterior_Mean","Posterior_SD","Posterior_LB","Posterior_UB","prob"
-0.210963581727576,0.0776296673005963,-0.376822709098144,-0.05158766440334,0.99518783151876
