"Posterior_Mean","Posterior_SD","Posterior_LB","Posterior_UB","prob"
-0.194894643470877,0.0922591832421485,-0.436315891208785,0.055452655585917,0.934017755330226
