"Posterior_Mean","Posterior_SD","Posterior_LB","Posterior_UB","prob"
-0.298127218475095,0.0785830902025027,-0.465598033114062,-0.140907912817352,0.999678463892628
