"Posterior_Mean","Posterior_SD","Posterior_LB","Posterior_UB","prob"
-0.252618568277026,0.0732272440626555,-0.409166479962455,-0.110314466285935,0.999257580816121
