"Posterior_Mean","Posterior_SD","Posterior_LB","Posterior_UB","prob"
-0.303626189190924,0.0821060453459427,-0.467153238137644,-0.107198917808828,0.994419541376466
