"Posterior_Mean","Posterior_SD","Posterior_LB","Posterior_UB","prob"
-0.0995416529130798,0.0807512758820072,-0.269513118922898,0.0591190767605664,0.888585263553281
