"Posterior_Mean","Posterior_SD","Posterior_LB","Posterior_UB","prob"
-0.275796927374319,0.0783807884915484,-0.427517809579707,-0.112154116641437,0.998797335943779
