"Posterior_Mean","Posterior_SD","Posterior_LB","Posterior_UB","prob"
-0.335173733100345,0.103629244082812,-0.564694383319635,-0.133434585895633,0.9992474883436
