"Posterior_Mean","Posterior_SD","Posterior_LB","Posterior_UB","prob"
-0.231537151046619,0.0771957445098375,-0.387644513897233,-0.0831277858053684,0.998796657139579
