"Posterior_Mean","Posterior_SD","Posterior_LB","Posterior_UB","prob"
-0.415649029382951,0.085222870807172,-0.587648282359818,-0.221555259279711,0.999721402266416
