"Posterior_Mean","Posterior_SD","Posterior_LB","Posterior_UB","prob"
-0.219002259256191,0.105898226862302,-0.487733422643575,0.0902012306302181,0.909525950380413
