"Posterior_Mean","Posterior_SD","Posterior_LB","Posterior_UB","prob"
-0.346067014712463,0.0758328475847376,-0.494763198538589,-0.196239826990456,0.999845687680918
