"Posterior_Mean","Posterior_SD","Posterior_LB","Posterior_UB","prob"
-0.309199285558,0.0822166000099182,-0.49708162388131,-0.0925686684881012,0.995792135037329
