"Posterior_Mean","Posterior_SD","Posterior_LB","Posterior_UB","prob"
-0.413248989346695,0.0667991969686325,-0.552623434014039,-0.246409509190458,0.999995250830019
