"Posterior_Mean","Posterior_SD","Posterior_LB","Posterior_UB","prob"
-0.437973986368715,0.130817463903485,-0.700886237287632,-0.175288321846834,0.99999638347237
