"Posterior_Mean","Posterior_SD","Posterior_LB","Posterior_UB","prob"
-0.166972057667587,0.0802272215925076,-0.336427763683928,0.00272316668978542,0.972147086872826
