"Posterior_Mean","Posterior_SD","Posterior_LB","Posterior_UB","prob"
-0.101793911775704,0.128035793218516,-0.357939359820084,0.148130448366067,0.785333333333333
