"Posterior_Mean","Posterior_SD","Posterior_LB","Posterior_UB","prob"
-0.102670278557188,0.123959768405778,-0.346744948563868,0.138790260822424,0.79691232107247
