"Posterior_Mean","Posterior_SD","Posterior_LB","Posterior_UB","prob"
-0.349160480793598,0.0884767798439616,-0.548767009361197,-0.127596182040484,0.99760951781144
