"Posterior_Mean","Posterior_SD","Posterior_LB","Posterior_UB","prob"
-0.34925307898591,0.0861654181227132,-0.521854821313878,-0.154456847340726,0.998840758120172
