"Posterior_Mean","Posterior_SD","Posterior_LB","Posterior_UB","prob"
-0.101007315130147,0.131787931974427,-0.358130717027302,0.156251786606703,0.774666666666667
