"Posterior_Mean","Posterior_SD","Posterior_LB","Posterior_UB","prob"
-0.174092387024727,0.0800287000308992,-0.33101363833343,-0.00227536026058526,0.976025619668074
