"Posterior_Mean","Posterior_SD","Posterior_LB","Posterior_UB","prob"
-0.16204686289751,0.0992738258449514,-0.386789865443212,0.0347130596875085,0.95054235915033
