"Posterior_Mean","Posterior_SD","Posterior_LB","Posterior_UB","prob"
-0.447431721847032,0.0740774570893271,-0.610441883744028,-0.2807339479576,0.999999683265032
