"Posterior_Mean","Posterior_SD","Posterior_LB","Posterior_UB","prob"
-0.279123748468584,0.0839313918644153,-0.445685780504191,-0.0897280289599704,0.993931273842436
