"Posterior_Mean","Posterior_SD","Posterior_LB","Posterior_UB","prob"
-0.327414413187564,0.106289790145274,-0.565937146468051,-0.0542961760900839,0.989887515146719
