"Posterior_Mean","Posterior_SD","Posterior_LB","Posterior_UB","prob"
-0.237906777943407,0.0902899012575843,-0.429323371716915,-0.0305838669456889,0.986088948862413
