"Posterior_Mean","Posterior_SD","Posterior_LB","Posterior_UB","prob"
-0.0833983159664074,0.0945056482272335,-0.270272032085452,0.106576702579206,0.813164964560794
