"Posterior_Mean","Posterior_SD","Posterior_LB","Posterior_UB","prob"
-0.205767079219735,0.112040275261643,-0.437440003301954,0.069295654804671,0.930364367586394
