"Posterior_Mean","Posterior_SD","Posterior_LB","Posterior_UB","prob"
-0.458066093264327,0.0746382837822912,-0.633797640707916,-0.285287004065174,1
