"Posterior_Mean","Posterior_SD","Posterior_LB","Posterior_UB","prob"
-0.393478058481431,0.098031808018913,-0.680059942238836,-0.180866111728926,1
