"Posterior_Mean","Posterior_SD","Posterior_LB","Posterior_UB","prob"
-0.419075220519933,0.0952049728807959,-0.613294130713361,-0.157092510833455,0.999415903089974
