"Posterior_Mean","Posterior_SD","Posterior_LB","Posterior_UB","prob"
-0.215116398512029,0.0760039441083256,-0.370392989682386,-0.0621370819470669,0.995851315947156
