"Posterior_Mean","Posterior_SD","Posterior_LB","Posterior_UB","prob"
-0.187666703592715,0.0814869981899308,-0.361996756070692,0.046705301971866,0.957600618805217
