"Posterior_Mean","Posterior_SD","Posterior_LB","Posterior_UB","prob"
-0.228266563354,0.088293102320419,-0.409567649026183,-0.0429116847937654,0.990137178590095
