"Posterior_Mean","Posterior_SD","Posterior_LB","Posterior_UB","prob"
-0.29443717743371,0.111946121588266,-0.534663585075589,-0.062842659995226,0.994950378876351
