"Posterior_Mean","Posterior_SD","Posterior_LB","Posterior_UB","prob"
-0.281237894941186,0.0802708858600129,-0.447215669589853,-0.113175016914696,0.99898000488185
