"Posterior_Mean","Posterior_SD","Posterior_LB","Posterior_UB","prob"
-0.364317792996684,0.0918725558333576,-0.56778252729861,-0.181531547112924,0.999717823123169
