"Posterior_Mean","Posterior_SD","Posterior_LB","Posterior_UB","prob"
-0.241680771959196,0.065664190186177,-0.375170870576901,-0.107794170896236,0.999416987614296
