"Posterior_Mean","Posterior_SD","Posterior_LB","Posterior_UB","prob"
-0.208158415871389,0.0791574427380317,-0.366379619843126,-0.0342944811849956,0.988396070033846
