"Posterior_Mean","Posterior_SD","Posterior_LB","Posterior_UB","prob"
-0.204880159043251,0.13316777430886,-0.469024056142673,0.0543678963563351,0.938166666666667
