"Posterior_Mean","Posterior_SD","Posterior_LB","Posterior_UB","prob"
-0.152744127728558,0.076538282480667,-0.306021946572601,-0.00399675930318222,0.97720656246309
