"Posterior_Mean","Posterior_SD","Posterior_LB","Posterior_UB","prob"
-0.339972147248284,0.0852262444880415,-0.513269219455125,-0.166361897101614,0.999734466558934
