"Posterior_Mean","Posterior_SD","Posterior_LB","Posterior_UB","prob"
-0.406068428412331,0.0667731096472356,-0.5369852387672,-0.275739503163326,0.999999016578739
