"Posterior_Mean","Posterior_SD","Posterior_LB","Posterior_UB","prob"
-0.134736125282762,0.101834108967728,-0.333431435045433,0.092291839684631,0.899250375533845
