"Posterior_Mean","Posterior_SD","Posterior_LB","Posterior_UB","prob"
-0.151537620337326,0.10292706470684,-0.359884510415739,0.0633731353342533,0.920154730519515
