"Posterior_Mean","Posterior_SD","Posterior_LB","Posterior_UB","prob"
-0.281030694313569,0.082929737459351,-0.446854095980573,-0.0975920486549197,0.995901823526314
