"Posterior_Mean","Posterior_SD","Posterior_LB","Posterior_UB","prob"
-0.240485550715696,0.101716528112171,-0.442742435182106,-0.0149822902709133,0.981027481981531
