"Posterior_Mean","Posterior_SD","Posterior_LB","Posterior_UB","prob"
-0.163277746029783,0.132909048621633,-0.422657701458518,0.0994557984852939,0.887677207055993
