"Posterior_Mean","Posterior_SD","Posterior_LB","Posterior_UB","prob"
-0.383731206038903,0.0963973014879489,-0.578593744326678,-0.195611846286484,0.999931341950584
