"Posterior_Mean","Posterior_SD","Posterior_LB","Posterior_UB","prob"
-0.140198872383969,0.0973805851039587,-0.32730307732953,0.0656014910684959,0.921380954413072
