"Posterior_Mean","Posterior_SD","Posterior_LB","Posterior_UB","prob"
-0.311923989275483,0.07005406262936,-0.452182968869109,-0.17249494080486,0.999960966320439
