"Posterior_Mean","Posterior_SD","Posterior_LB","Posterior_UB","prob"
-0.369672808949986,0.0800116105332769,-0.525417225156098,-0.212025364847302,0.999859430229146
