"Posterior_Mean","Posterior_SD","Posterior_LB","Posterior_UB","prob"
-0.275177453993747,0.0913453305115987,-0.473145883531096,-0.054233387236886,0.991630616620954
