"Posterior_Mean","Posterior_SD","Posterior_LB","Posterior_UB","prob"
-0.122191135741868,0.0898686710442711,-0.328653530018957,0.0953376027850725,0.871255092652403
