"Posterior_Mean","Posterior_SD","Posterior_LB","Posterior_UB","prob"
-0.330008968052315,0.0736241480166471,-0.484436808964015,-0.129117734969799,0.9975631018452
