"Posterior_Mean","Posterior_SD","Posterior_LB","Posterior_UB","prob"
-0.279714899702151,0.131895823045021,-0.537365512087051,-0.0178294679925412,0.980764154100129
