"Posterior_Mean","Posterior_SD","Posterior_LB","Posterior_UB","prob"
0.094346571914263,0.132671063677068,-0.175511865778822,0.356715878889643,0.253344314596963
