"Posterior_Mean","Posterior_SD","Posterior_LB","Posterior_UB","prob"
-0.272097129338786,0.0846800737946092,-0.481136386895341,-0.0750306370327046,0.996891123568375
