"Posterior_Mean","Posterior_SD","Posterior_LB","Posterior_UB","prob"
-0.0983142535124716,0.107781121114578,-0.355976579193007,0.126635538717484,0.801125075351841
