"Posterior_Mean","Posterior_SD","Posterior_LB","Posterior_UB","prob"
-0.238949835827613,0.0872206190534769,-0.427803688757971,-0.0466380418870969,0.98931086435572
