"Posterior_Mean","Posterior_SD","Posterior_LB","Posterior_UB","prob"
-0.131599978834371,0.0866154176489507,-0.319450955975419,0.121882552413369,0.894088267491205
