"Posterior_Mean","Posterior_SD","Posterior_LB","Posterior_UB","prob"
-0.129073628923332,0.116435590724057,-0.370270146483862,0.120368333442912,0.861845679660366
