"Posterior_Mean","Posterior_SD","Posterior_LB","Posterior_UB","prob"
-0.296064223543907,0.06952630408043,-0.447467533391745,-0.155820271531571,0.999903195315081
