"Posterior_Mean","Posterior_SD","Posterior_LB","Posterior_UB","prob"
-0.130032498064748,0.130681617652345,-0.389286779442938,0.128722144492984,0.839698125627946
