"Posterior_Mean","Posterior_SD","Posterior_LB","Posterior_UB","prob"
-0.24017564761453,0.082200194605068,-0.404503065749871,-0.0677308929121571,0.993176231919617
