"Posterior_Mean","Posterior_SD","Posterior_LB","Posterior_UB","prob"
-0.421856915298649,0.13324702909504,-0.687265901127522,-0.160245349617597,0.999
