"Posterior_Mean","Posterior_SD","Posterior_LB","Posterior_UB","prob"
-0.29210840080828,0.13409475199924,-0.554296754503465,-0.0253998197141545,0.983666666666667
