"Posterior_Mean","Posterior_SD","Posterior_LB","Posterior_UB","prob"
-0.315074631800082,0.125978095266917,-0.566353378226188,-0.0572317772517475,0.991357783407624
