"Posterior_Mean","Posterior_SD","Posterior_LB","Posterior_UB","prob"
-0.280277953824123,0.0684048816926181,-0.415634991190553,-0.141906148065728,0.999753201501357
