"Posterior_Mean","Posterior_SD","Posterior_LB","Posterior_UB","prob"
-0.181244267003164,0.0928386774279638,-0.369880339301348,0.0667002617917147,0.941102937669151
