"Posterior_Mean","Posterior_SD","Posterior_LB","Posterior_UB","prob"
-0.325709028800593,0.0693162798725308,-0.466371218730938,-0.190153938104828,0.999997268253978
