"Posterior_Mean","Posterior_SD","Posterior_LB","Posterior_UB","prob"
-0.247939285146613,0.0628907443279605,-0.364823975677484,-0.124926990046702,0.998953307838061
