"Posterior_Mean","Posterior_SD","Posterior_LB","Posterior_UB","prob"
-0.300980844083167,0.0700595595718896,-0.459006461826714,-0.142501281540078,0.99998662078235
