"Posterior_Mean","Posterior_SD","Posterior_LB","Posterior_UB","prob"
-0.157145594362734,0.0720117417074017,-0.329910442970414,0.0192478805961364,0.963120224193003
