"Posterior_Mean","Posterior_SD","Posterior_LB","Posterior_UB","prob"
-0.39563234909664,0.0940026669776154,-0.601500288821403,-0.181337161299248,0.999736231466268
