"Posterior_Mean","Posterior_SD","Posterior_LB","Posterior_UB","prob"
-0.257743773308257,0.0740079506890589,-0.440310835124824,-0.0658129814982681,0.994167661210629
