"Posterior_Mean","Posterior_SD","Posterior_LB","Posterior_UB","prob"
-0.345842781380897,0.0799307091944652,-0.506853235276085,-0.180122564457215,0.999700781084995
