"Posterior_Mean","Posterior_SD","Posterior_LB","Posterior_UB","prob"
0.00970204252917224,0.128718276758581,-0.244831644755811,0.270708580759719,0.476871659188044
