"Posterior_Mean","Posterior_SD","Posterior_LB","Posterior_UB","prob"
-0.270393228183738,0.0681241591548676,-0.407253073728585,-0.125662239794817,0.997760812532463
