"Posterior_Mean","Posterior_SD","Posterior_LB","Posterior_UB","prob"
-0.248214516569611,0.0870050486819397,-0.444297170908305,0.0327982464409524,0.964725089251558
