"Posterior_Mean","Posterior_SD","Posterior_LB","Posterior_UB","prob"
-0.26086280509996,0.0700269116888677,-0.401988410681409,-0.0981121575285643,0.993483050892688
