"Posterior_Mean","Posterior_SD","Posterior_LB","Posterior_UB","prob"
-0.321242398054046,0.0758027575828153,-0.47192808598406,-0.173429029719259,0.999864596605325
