"Posterior_Mean","Posterior_SD","Posterior_LB","Posterior_UB","prob"
-0.18473910475682,0.113949626786576,-0.430975337319048,0.0509045147635469,0.940685455265464
