"Posterior_Mean","Posterior_SD","Posterior_LB","Posterior_UB","prob"
-0.326588233551229,0.0802158186026993,-0.493177752375223,-0.165900985049539,0.999894930388763
