"Posterior_Mean","Posterior_SD","Posterior_LB","Posterior_UB","prob"
-0.327359690476593,0.107862437650205,-0.625392925006097,-0.0968969787245761,0.998497810177194
