"Posterior_Mean","Posterior_SD","Posterior_LB","Posterior_UB","prob"
-0.376207444572538,0.100786578495255,-0.578284120339698,-0.160013187458103,0.99831545226885
