"Posterior_Mean","Posterior_SD","Posterior_LB","Posterior_UB","prob"
-0.160625384194425,0.0988938231144477,-0.377113336985187,0.101475768192,0.887832141572961
