"Posterior_Mean","Posterior_SD","Posterior_LB","Posterior_UB","prob"
-0.144754147806994,0.0968833013008736,-0.387364492250157,0.0734489072342499,0.90137336855819
