"Posterior_Mean","Posterior_SD","Posterior_LB","Posterior_UB","prob"
-0.249773782261548,0.0812798368693472,-0.418490770368059,-0.0684539137363002,0.994132292608582
