"Posterior_Mean","Posterior_SD","Posterior_LB","Posterior_UB","prob"
-0.179159950070022,0.0970656897751336,-0.390995785588492,0.0106480475234422,0.96600264139684
