"Posterior_Mean","Posterior_SD","Posterior_LB","Posterior_UB","prob"
-0.337231158108922,0.0751336328510654,-0.49215017384904,-0.153762649569941,0.996442319762708
