"Posterior_Mean","Posterior_SD","Posterior_LB","Posterior_UB","prob"
-0.367218628847125,0.104662148145949,-0.662988157772387,-0.139052545425234,0.999793015667117
