"Posterior_Mean","Posterior_SD","Posterior_LB","Posterior_UB","prob"
-0.271648907697314,0.072007851423303,-0.427700165646038,-0.099857099286043,0.998246290277389
