"Posterior_Mean","Posterior_SD","Posterior_LB","Posterior_UB","prob"
-0.224696552862438,0.0988162461215646,-0.417465726070653,-0.0243876673784847,0.983574573481406
