"Posterior_Mean","Posterior_SD","Posterior_LB","Posterior_UB","prob"
-0.0352394962337121,0.090098078524627,-0.214614119856631,0.143610221317892,0.653579538592437
