"Posterior_Mean","Posterior_SD","Posterior_LB","Posterior_UB","prob"
-0.355994302963203,0.0799656475969172,-0.521341837453534,-0.174662874115242,0.999334916758947
