"Posterior_Mean","Posterior_SD","Posterior_LB","Posterior_UB","prob"
-0.155609704923198,0.125424415675849,-0.402497652401224,0.0999146944337163,0.882914644585532
