"Posterior_Mean","Posterior_SD","Posterior_LB","Posterior_UB","prob"
-0.0220513760731558,0.098273640231242,-0.216696048459388,0.182849173902765,0.594584291122567
