"Posterior_Mean","Posterior_SD","Posterior_LB","Posterior_UB","prob"
-0.321103459835575,0.0901343504397056,-0.511830203609065,-0.136979930136285,0.999159386147156
