"Posterior_Mean","Posterior_SD","Posterior_LB","Posterior_UB","prob"
-0.205895181418192,0.130485886779152,-0.464478089057077,0.0477658603601296,0.941634673408761
