"Posterior_Mean","Posterior_SD","Posterior_LB","Posterior_UB","prob"
-0.42809295271808,0.0669293831309072,-0.558304862036817,-0.288320847277044,0.999996363259182
