"Posterior_Mean","Posterior_SD","Posterior_LB","Posterior_UB","prob"
-0.160956192724034,0.0779227977635721,-0.315272179310573,-0.0108138792950511,0.980221009872028
