"Posterior_Mean","Posterior_SD","Posterior_LB","Posterior_UB","prob"
-0.358490913496397,0.0981723260841581,-0.557000789471034,-0.166652910387775,0.999670333194575
