"Posterior_Mean","Posterior_SD","Posterior_LB","Posterior_UB","prob"
-0.18431003071939,0.0673240175549645,-0.320135087292491,-0.0509358087271973,0.995769379674127
