"Posterior_Mean","Posterior_SD","Posterior_LB","Posterior_UB","prob"
-0.200380317594848,0.099638368825401,-0.394849727871743,0.0344040634712671,0.95638464190887
