"Posterior_Mean","Posterior_SD","Posterior_LB","Posterior_UB","prob"
-0.325474724676241,0.0705382438128206,-0.46599790578751,-0.183854689938768,0.999943409400035
