"Posterior_Mean","Posterior_SD","Posterior_LB","Posterior_UB","prob"
-0.109378554534466,0.0847034153897979,-0.278476395695413,0.0534149708786485,0.901915301701937
