"Posterior_Mean","Posterior_SD","Posterior_LB","Posterior_UB","prob"
-0.0720766759839426,0.118997322742547,-0.311336136322904,0.185058625871491,0.715389631626549
