"Posterior_Mean","Posterior_SD","Posterior_LB","Posterior_UB","prob"
-0.306860737995917,0.0779924569322128,-0.459761000648477,-0.150557127005258,0.999645309421635
