"Posterior_Mean","Posterior_SD","Posterior_LB","Posterior_UB","prob"
-0.369200394492931,0.0941989394794683,-0.57950594109945,-0.130280744919641,0.997429389754925
