"Posterior_Mean","Posterior_SD","Posterior_LB","Posterior_UB","prob"
-0.227831647477598,0.0838160239411209,-0.40113605189538,0.0057769173053972,0.972141972601295
