"Posterior_Mean","Posterior_SD","Posterior_LB","Posterior_UB","prob"
-0.143967200347525,0.0784415572578354,-0.295865616122731,0.0323417292012112,0.953577414710546
