"Posterior_Mean","Posterior_SD","Posterior_LB","Posterior_UB","prob"
-0.339338758008265,0.0704263973615882,-0.485453140315601,-0.186558264487437,0.999974571503232
