"Posterior_Mean","Posterior_SD","Posterior_LB","Posterior_UB","prob"
-0.351740171843341,0.0842278982027907,-0.53755763760971,-0.12521286992513,0.998194583087311
