"Posterior_Mean","Posterior_SD","Posterior_LB","Posterior_UB","prob"
-0.0746861630824985,0.12799691461661,-0.324563142973691,0.173015710815603,0.715298480213834
