"Posterior_Mean","Posterior_SD","Posterior_LB","Posterior_UB","prob"
-0.426799923545447,0.0695127479325687,-0.571300017068483,-0.281634306181907,0.999996803461682
