"Posterior_Mean","Posterior_SD","Posterior_LB","Posterior_UB","prob"
-0.268702039269931,0.0835190500784299,-0.434077546191318,-0.0944266379172556,0.996414727453133
