"Posterior_Mean","Posterior_SD","Posterior_LB","Posterior_UB","prob"
-0.352550101333434,0.0698808647813387,-0.487556549450384,-0.206439708303355,0.99966685357437
