"Posterior_Mean","Posterior_SD","Posterior_LB","Posterior_UB","prob"
-0.252429071607589,0.0835235476497529,-0.441233431860703,0.0157859334398023,0.969079660577938
