"Posterior_Mean","Posterior_SD","Posterior_LB","Posterior_UB","prob"
-0.236331676030626,0.0894178560961648,-0.418770437920066,-0.0334200888813168,0.986652430600479
