"Posterior_Mean","Posterior_SD","Posterior_LB","Posterior_UB","prob"
-0.471696182610334,0.127702101375191,-0.748440325342007,-0.223541684777563,0.999606876145324
