"Posterior_Mean","Posterior_SD","Posterior_LB","Posterior_UB","prob"
0.272307323563352,0.133303854073344,0.0110114805717733,0.527617909415675,0.0203333333333333
