"Posterior_Mean","Posterior_SD","Posterior_LB","Posterior_UB","prob"
-0.367586646780173,0.0818112853215582,-0.529344933111319,-0.187728909322062,0.999196974792037
