"Posterior_Mean","Posterior_SD","Posterior_LB","Posterior_UB","prob"
-0.293213655002679,0.102565452480754,-0.538334243399261,-0.0112028469985799,0.980145957936163
