"Posterior_Mean","Posterior_SD","Posterior_LB","Posterior_UB","prob"
-0.321528587311158,0.068839683999377,-0.464383619083291,-0.182163526023336,0.999937444748631
