"Posterior_Mean","Posterior_SD","Posterior_LB","Posterior_UB","prob"
-0.157102903733539,0.0985041021906423,-0.359088957981382,0.0337275844248831,0.945110037577107
