"Posterior_Mean","Posterior_SD","Posterior_LB","Posterior_UB","prob"
-0.201356470821161,0.0750540100375062,-0.359319787106749,-0.0479830522757288,0.99320053062266
