"Posterior_Mean","Posterior_SD","Posterior_LB","Posterior_UB","prob"
-0.258117314889975,0.0914563720788358,-0.451040714157186,-0.0241684491874119,0.981647144584354
