"Posterior_Mean","Posterior_SD","Posterior_LB","Posterior_UB","prob"
-0.323346079283968,0.0681891676024103,-0.454137662594753,-0.186376852908792,0.999991769060219
