"Posterior_Mean","Posterior_SD","Posterior_LB","Posterior_UB","prob"
-0.25694698716373,0.0967983652691215,-0.467177980045678,-0.0677735793845355,0.995189702764232
