"Posterior_Mean","Posterior_SD","Posterior_LB","Posterior_UB","prob"
-0.287052887731676,0.0824077078077948,-0.472117138667067,-0.11952736121534,0.999476399678468
