"Posterior_Mean","Posterior_SD","Posterior_LB","Posterior_UB","prob"
-0.293723512331063,0.0857748328851523,-0.474524621573212,-0.0379868872121834,0.983845563579436
