"Posterior_Mean","Posterior_SD","Posterior_LB","Posterior_UB","prob"
-0.234013793945458,0.0839007371718324,-0.413135064584475,-0.069984893909132,0.996615863913562
