"Posterior_Mean","Posterior_SD","Posterior_LB","Posterior_UB","prob"
-0.33446324130669,0.10016925109708,-0.54297971472364,-0.109822034226891,0.996930146042285
