"Posterior_Mean","Posterior_SD","Posterior_LB","Posterior_UB","prob"
-0.0793894641343898,0.13628110939734,-0.353533787536779,0.188612309636903,0.712821985901589
