"Posterior_Mean","Posterior_SD","Posterior_LB","Posterior_UB","prob"
-0.182546038054152,0.0848726442903183,-0.355859838492057,0.0402747701053098,0.955650028202495
