"Posterior_Mean","Posterior_SD","Posterior_LB","Posterior_UB","prob"
-0.206707906941156,0.0950182057365701,-0.403870834811275,-0.0163805155632344,0.981922856833252
