"Posterior_Mean","Posterior_SD","Posterior_LB","Posterior_UB","prob"
-0.239124190430627,0.0874674556608438,-0.43067721334954,0.0253088951654062,0.963487115677338
