"Posterior_Mean","Posterior_SD","Posterior_LB","Posterior_UB","prob"
-0.161044310594798,0.0942091395089726,-0.344737982951119,0.0247758167491463,0.95547963670173
