"Posterior_Mean","Posterior_SD","Posterior_LB","Posterior_UB","prob"
-0.287333685053529,0.069653794607169,-0.425324502736703,-0.144698855507217,0.999618064526214
