"Posterior_Mean","Posterior_SD","Posterior_LB","Posterior_UB","prob"
-0.225925987029766,0.087162016601291,-0.411777873906152,-0.00298467358935085,0.976338727583001
