"Posterior_Mean","Posterior_SD","Posterior_LB","Posterior_UB","prob"
-0.339760317942481,0.0672840135904212,-0.474693211272591,-0.206600648540471,0.999993858454325
