"Posterior_Mean","Posterior_SD","Posterior_LB","Posterior_UB","prob"
-0.25711204827924,0.0893291060539379,-0.496719999327457,-0.0198887784549423,0.983271823563893
