"Posterior_Mean","Posterior_SD","Posterior_LB","Posterior_UB","prob"
-0.345981538593713,0.0772907375387942,-0.540709892714952,-0.191794832560581,0.999844231703073
