"Posterior_Mean","Posterior_SD","Posterior_LB","Posterior_UB","prob"
-0.277875419142307,0.0700324782589227,-0.42844292526139,-0.134524347440348,0.999800781493736
