"Posterior_Mean","Posterior_SD","Posterior_LB","Posterior_UB","prob"
-0.347153424928911,0.0695585003499433,-0.487710515198473,-0.185117932763857,0.999841691053386
