"Posterior_Mean","Posterior_SD","Posterior_LB","Posterior_UB","prob"
-0.197304257200735,0.0832425014088854,-0.360471088907198,0.00124520797296361,0.973881685628143
