"Posterior_Mean","Posterior_SD","Posterior_LB","Posterior_UB","prob"
-0.385408644925316,0.0809760023074961,-0.559168972139877,-0.221470384372119,1
