"Posterior_Mean","Posterior_SD","Posterior_LB","Posterior_UB","prob"
-0.198139899925634,0.0979642920744027,-0.401280496037698,0.0547307426202908,0.946333372375363
