"Posterior_Mean","Posterior_SD","Posterior_LB","Posterior_UB","prob"
-0.0541046430804597,0.119779257114452,-0.296625075722972,0.220047185302811,0.666970923905684
