"Posterior_Mean","Posterior_SD","Posterior_LB","Posterior_UB","prob"
-0.224316090655339,0.077463154249774,-0.388478358211004,-0.0469436722646072,0.993024926386487
