"Posterior_Mean","Posterior_SD","Posterior_LB","Posterior_UB","prob"
-0.240699412785942,0.100446071307607,-0.437244065284009,-0.00424030835119397,0.97880151397221
