"Posterior_Mean","Posterior_SD","Posterior_LB","Posterior_UB","prob"
-0.246697227007765,0.0784254149480814,-0.404687655359992,-0.0857430345371787,0.996592644870991
