"Posterior_Mean","Posterior_SD","Posterior_LB","Posterior_UB","prob"
0.0409386269554833,0.127853292807981,-0.215465950302449,0.287534878178253,0.372680277389782
