"Posterior_Mean","Posterior_SD","Posterior_LB","Posterior_UB","prob"
0.270188074403163,0.13157598177697,0.0154284490320591,0.529893586246709,0.0185221125306857
