"Posterior_Mean","Posterior_SD","Posterior_LB","Posterior_UB","prob"
-0.177616844162959,0.0752548075153774,-0.324601864482754,-0.0249422388792859,0.988577242444106
