"Posterior_Mean","Posterior_SD","Posterior_LB","Posterior_UB","prob"
-0.278044523316953,0.0742332859975,-0.433581749480448,-0.105835580980072,0.997777529311757
