"Posterior_Mean","Posterior_SD","Posterior_LB","Posterior_UB","prob"
-0.249011812075194,0.10329274350698,-0.45869836076958,-0.0211831524271364,0.984424395874509
