"Posterior_Mean","Posterior_SD","Posterior_LB","Posterior_UB","prob"
-0.348402878629362,0.0947581404024803,-0.532457500627509,-0.12806923911428,0.99685209889842
