"Posterior_Mean","Posterior_SD","Posterior_LB","Posterior_UB","prob"
-0.0532218726934225,0.10503400099329,-0.269012062020448,0.231384341392426,0.69899920039958
