"Posterior_Mean","Posterior_SD","Posterior_LB","Posterior_UB","prob"
-0.494770458405436,0.0712078315196005,-0.634485105619693,-0.352781057216638,1
