"Posterior_Mean","Posterior_SD","Posterior_LB","Posterior_UB","prob"
-0.175992563512337,0.0795030880425438,-0.346326348179189,-0.0206013116228854,0.985468958590678
