"Posterior_Mean","Posterior_SD","Posterior_LB","Posterior_UB","prob"
-0.222087697654555,0.100047600609972,-0.420861128946598,-0.0198600761720923,0.983578759131011
