"Posterior_Mean","Posterior_SD","Posterior_LB","Posterior_UB","prob"
-0.258325229030725,0.0765265167835252,-0.445793989239457,-0.0838013511000891,0.999514953535493
