"Posterior_Mean","Posterior_SD","Posterior_LB","Posterior_UB","prob"
-0.247740736362975,0.106572200300487,-0.464446663606336,-0.0137109330489175,0.981166328101006
