"Posterior_Mean","Posterior_SD","Posterior_LB","Posterior_UB","prob"
-0.383188621052988,0.114611756823105,-0.676400816753174,-0.14194274532663,0.99945859527719
