"Posterior_Mean","Posterior_SD","Posterior_LB","Posterior_UB","prob"
-0.170903534901798,0.0762276648908392,-0.329972023690043,-0.00587529135611365,0.979242331491978
