"Posterior_Mean","Posterior_SD","Posterior_LB","Posterior_UB","prob"
-0.233130432014956,0.0937383850806167,-0.435553619568023,0.0822024450381959,0.932579324773668
