"Posterior_Mean","Posterior_SD","Posterior_LB","Posterior_UB","prob"
-0.100459859166819,0.130890059936336,-0.365183399190026,0.158222407279163,0.783011678285077
