"Posterior_Mean","Posterior_SD","Posterior_LB","Posterior_UB","prob"
-0.135838757201168,0.0976375328934923,-0.340216166549464,0.0547295273198984,0.917643785321005
