"Posterior_Mean","Posterior_SD","Posterior_LB","Posterior_UB","prob"
-0.396103361516339,0.0963925303702172,-0.588555015497854,-0.205054144761763,0.999974459840451
