"Posterior_Mean","Posterior_SD","Posterior_LB","Posterior_UB","prob"
-0.256984681852504,0.129205442185716,-0.529479629654626,0.00559882642941872,0.971882761661204
