"Posterior_Mean","Posterior_SD","Posterior_LB","Posterior_UB","prob"
-0.221730456633525,0.0796522504884149,-0.408060692764452,-0.0578923148247319,0.995744015094947
