"Posterior_Mean","Posterior_SD","Posterior_LB","Posterior_UB","prob"
-0.28843066741096,0.0841785575400701,-0.470138646877037,-0.112231187879817,0.998432173040052
