"Posterior_Mean","Posterior_SD","Posterior_LB","Posterior_UB","prob"
-0.23218502169339,0.071467882492113,-0.38051158314609,-0.0785627778042677,0.996571575712925
