"Posterior_Mean","Posterior_SD","Posterior_LB","Posterior_UB","prob"
-0.203602565903888,0.0836691785664178,-0.403362747644398,0.110242463861428,0.916867868544525
