"Posterior_Mean","Posterior_SD","Posterior_LB","Posterior_UB","prob"
0.0576523819645352,0.118124072494444,-0.203468337264372,0.349812782680092,0.370983143081578
