"Posterior_Mean","Posterior_SD","Posterior_LB","Posterior_UB","prob"
-0.0793630297434831,0.0915200237814684,-0.298118296075004,0.152401254267926,0.751445463352645
