"Posterior_Mean","Posterior_SD","Posterior_LB","Posterior_UB","prob"
-0.0458188607193014,0.142589366437548,-0.324649517943089,0.228455234699875,0.619833333333333
