"Posterior_Mean","Posterior_SD","Posterior_LB","Posterior_UB","prob"
-0.200176380499198,0.0701325525211968,-0.341654150384041,-0.0630927149383392,0.997696329150639
