"Posterior_Mean","Posterior_SD","Posterior_LB","Posterior_UB","prob"
0.00853657825029203,0.118431560144471,-0.225704795549966,0.263286471101962,0.470484946677218
