"Posterior_Mean","Posterior_SD","Posterior_LB","Posterior_UB","prob"
-0.0280504185767334,0.123589818447236,-0.283800082718473,0.240648740787737,0.586139618340732
