"Posterior_Mean","Posterior_SD","Posterior_LB","Posterior_UB","prob"
-0.249825702774606,0.0868914165518738,-0.491448507256808,-0.0312683447954776,0.984929378789748
