"Posterior_Mean","Posterior_SD","Posterior_LB","Posterior_UB","prob"
-0.0992784687308962,0.0974973365024346,-0.290656738071226,0.105718513443075,0.847719624473607
