"Posterior_Mean","Posterior_SD","Posterior_LB","Posterior_UB","prob"
0.177753101787231,0.0956905158156758,-0.00963573240904086,0.376899880037112,0.0295750489024616
