"Posterior_Mean","Posterior_SD","Posterior_LB","Posterior_UB","prob"
0.0223455512005733,0.0816162323408201,-0.152641007128661,0.248372173576971,0.441084835914984
