"Posterior_Mean","Posterior_SD","Posterior_LB","Posterior_UB","prob"
-0.029218892394801,0.0891686728239593,-0.250584927980543,0.178989585461691,0.592722994684224
