"Posterior_Mean","Posterior_SD","Posterior_LB","Posterior_UB","prob"
0.0373786765323372,0.100839627589003,-0.172910774536239,0.262069668591428,0.373095930375208
