"Posterior_Mean","Posterior_SD","Posterior_LB","Posterior_UB","prob"
-0.0858209444243141,0.08043971105403,-0.242859615752631,0.0827816640809425,0.857498673790682
