"Posterior_Mean","Posterior_SD","Posterior_LB","Posterior_UB","prob"
-0.0207655919033139,0.136481493062816,-0.287270007170547,0.244821019932682,0.563166666666667
