"Posterior_Mean","Posterior_SD","Posterior_LB","Posterior_UB","prob"
-0.107324503719244,0.113493624680313,-0.393011860215795,0.195942589496719,0.724432062702592
