"Posterior_Mean","Posterior_SD","Posterior_LB","Posterior_UB","prob"
-0.145181195758975,0.101083822465091,-0.34713607647008,0.0694493364197582,0.923072780358456
