"Posterior_Mean","Posterior_SD","Posterior_LB","Posterior_UB","prob"
-0.174200442349667,0.0813248248517542,-0.362339912354871,0.0700632715541517,0.92837829600595
