"Posterior_Mean","Posterior_SD","Posterior_LB","Posterior_UB","prob"
-0.0327442606892268,0.104604661619224,-0.267590068258309,0.200251153290423,0.614417004410265
