"Posterior_Mean","Posterior_SD","Posterior_LB","Posterior_UB","prob"
0.11127309419349,0.106329502546383,-0.13129974594817,0.319520987564037,0.155576099014155
