"Posterior_Mean","Posterior_SD","Posterior_LB","Posterior_UB","prob"
-0.0729963842152875,0.0769775523675626,-0.234441188920145,0.152959842168947,0.821746504209404
