"Posterior_Mean","Posterior_SD","Posterior_LB","Posterior_UB","prob"
0.0431937561503068,0.103237311996765,-0.166524100701045,0.247647873688194,0.32975520938026
