"Posterior_Mean","Posterior_SD","Posterior_LB","Posterior_UB","prob"
-0.339496728174797,0.0781431265572867,-0.493496780874179,-0.180021128697813,0.999637153876854
