"Posterior_Mean","Posterior_SD","Posterior_LB","Posterior_UB","prob"
-0.0417059020217916,0.07530210413228,-0.198866150552304,0.159348766855294,0.7114557133875
