"Posterior_Mean","Posterior_SD","Posterior_LB","Posterior_UB","prob"
-0.0237766213301931,0.129523996712536,-0.277845239745262,0.225949233236662,0.574333333333333
