"Posterior_Mean","Posterior_SD","Posterior_LB","Posterior_UB","prob"
0.0504525260052765,0.0836544574365797,-0.126198243851571,0.262726887165043,0.307157446023458
