"Posterior_Mean","Posterior_SD","Posterior_LB","Posterior_UB","prob"
-0.0551902748612111,0.0819278872751156,-0.218999029983344,0.105768568643751,0.750636090431996
