"Posterior_Mean","Posterior_SD","Posterior_LB","Posterior_UB","prob"
0.0148299473937443,0.0974365116233165,-0.17865647596144,0.208196293293232,0.442475899530336
