"Posterior_Mean","Posterior_SD","Posterior_LB","Posterior_UB","prob"
-0.0706147998488362,0.110614940018827,-0.293140801147474,0.208013165832415,0.747356177095961
