"Posterior_Mean","Posterior_SD","Posterior_LB","Posterior_UB","prob"
0.131817204961348,0.0924702957917257,-0.0826288397755621,0.368987937149058,0.132239654550056
