"Posterior_Mean","Posterior_SD","Posterior_LB","Posterior_UB","prob"
-0.0552017608755909,0.138066104019209,-0.324419751581386,0.215223613567898,0.654833333333333
