"Posterior_Mean","Posterior_SD","Posterior_LB","Posterior_UB","prob"
-0.195051835400082,0.0686705591005616,-0.330760418977028,-0.0574871101516779,0.996171712564024
