"Posterior_Mean","Posterior_SD","Posterior_LB","Posterior_UB","prob"
-0.0485563817143503,0.107050592787524,-0.297674823681866,0.185679719279103,0.642054926253716
