"Posterior_Mean","Posterior_SD","Posterior_LB","Posterior_UB","prob"
-0.323495530718783,0.095428726847613,-0.515269062854492,-0.135174191116219,0.999186516831157
