"Posterior_Mean","Posterior_SD","Posterior_LB","Posterior_UB","prob"
-0.0764014973735744,0.0723822412732497,-0.224455496166287,0.0883131370898843,0.847675291779205
