"Posterior_Mean","Posterior_SD","Posterior_LB","Posterior_UB","prob"
0.0312951689572622,0.0956345585819563,-0.205996502287506,0.235510264112543,0.368292258815869
