"Posterior_Mean","Posterior_SD","Posterior_LB","Posterior_UB","prob"
0.00268456578820805,0.092476400196341,-0.182673654824509,0.220744427883568,0.512573892172491
