"Posterior_Mean","Posterior_SD","Posterior_LB","Posterior_UB","prob"
0.066669109893929,0.11933993942021,-0.17489271721407,0.343061486428211,0.336038725740337
