"Posterior_Mean","Posterior_SD","Posterior_LB","Posterior_UB","prob"
0.0804976616985257,0.136389308432678,-0.176666621911843,0.358101174850654,0.284984942166562
