"Posterior_Mean","Posterior_SD","Posterior_LB","Posterior_UB","prob"
-0.171419484026547,0.0972881556581383,-0.393429616647265,0.0354743758803063,0.95046189767911
