"Posterior_Mean","Posterior_SD","Posterior_LB","Posterior_UB","prob"
-0.0118182320236323,0.103984863712193,-0.234119305131927,0.298556340703272,0.594722251598553
