"Posterior_Mean","Posterior_SD","Posterior_LB","Posterior_UB","prob"
0.19192840350691,0.132217736190756,-0.0663970918676694,0.456979404268407,0.0705166485514097
