"Posterior_Mean","Posterior_SD","Posterior_LB","Posterior_UB","prob"
0.0619959657588739,0.0994171501456779,-0.151295119686106,0.260470591920683,0.260309590046965
