"Posterior_Mean","Posterior_SD","Posterior_LB","Posterior_UB","prob"
-0.138183798281875,0.0776265208303788,-0.307924604119622,0.0738326126320598,0.917109670484277
