"Posterior_Mean","Posterior_SD","Posterior_LB","Posterior_UB","prob"
0.0699206610125253,0.0789521975026252,-0.0842529676969566,0.235335454014293,0.194325626862721
