"Posterior_Mean","Posterior_SD","Posterior_LB","Posterior_UB","prob"
-0.0402457363523464,0.105642770790671,-0.264985865242419,0.165220870441806,0.640596587771487
