"Posterior_Mean","Posterior_SD","Posterior_LB","Posterior_UB","prob"
0.0114163428424127,0.134514057556888,-0.251348876287679,0.280796578530476,0.472942097771938
