"Posterior_Mean","Posterior_SD","Posterior_LB","Posterior_UB","prob"
-0.187972578142148,0.121120891218508,-0.437981418399596,0.086707154280896,0.915448157778112
