"Posterior_Mean","Posterior_SD","Posterior_LB","Posterior_UB","prob"
0.045978460177497,0.0838593689878461,-0.129266378494097,0.247050425542076,0.323839214297139
