"Posterior_Mean","Posterior_SD","Posterior_LB","Posterior_UB","prob"
-0.0154169306957998,0.105913109609845,-0.2584425672816,0.197088821858868,0.541909282874932
