"Posterior_Mean","Posterior_SD","Posterior_LB","Posterior_UB","prob"
-0.172183586327538,0.103798681349138,-0.432352227884228,0.0469233797468953,0.939602936696914
