"Posterior_Mean","Posterior_SD","Posterior_LB","Posterior_UB","prob"
0.00722442051456351,0.099664305908654,-0.193975210757425,0.265553610573747,0.504085577071242
