"Posterior_Mean","Posterior_SD","Posterior_LB","Posterior_UB","prob"
-0.0815102318911183,0.105460601619602,-0.30415817688523,0.120397181757176,0.773182894477043
