"Posterior_Mean","Posterior_SD","Posterior_LB","Posterior_UB","prob"
-0.0609728667793361,0.0821091739555257,-0.221309626456544,0.0991887091398394,0.773512286668393
