"Posterior_Mean","Posterior_SD","Posterior_LB","Posterior_UB","prob"
0.241561385598746,0.0949756629800901,0.0487479835008014,0.438155409220097,0.00837194553423504
