"Posterior_Mean","Posterior_SD","Posterior_LB","Posterior_UB","prob"
-0.11927941704886,0.131810690966538,-0.38500420087334,0.140516761565094,0.817247320393563
