"Posterior_Mean","Posterior_SD","Posterior_LB","Posterior_UB","prob"
0.0982448512005686,0.105570637461468,-0.109764604402524,0.313122983913472,0.169743479332923
