"Posterior_Mean","Posterior_SD","Posterior_LB","Posterior_UB","prob"
-0.156182900231167,0.0724288731607489,-0.313248637030918,0.0250884577400021,0.958224161085479
