"Posterior_Mean","Posterior_SD","Posterior_LB","Posterior_UB","prob"
-0.229673430598567,0.0781945136746981,-0.397184298232833,-0.00790437063291807,0.977810869714379
