"Posterior_Mean","Posterior_SD","Posterior_LB","Posterior_UB","prob"
-0.11075452847799,0.0793430436544303,-0.283721922794801,0.0980761603354946,0.882051608325784
