"Posterior_Mean","Posterior_SD","Posterior_LB","Posterior_UB","prob"
-0.0951821720033859,0.105999526991023,-0.372827600889036,0.191881004623942,0.725378932603674
