"Posterior_Mean","Posterior_SD","Posterior_LB","Posterior_UB","prob"
-0.167146380269257,0.0827553065281119,-0.334172530455479,0.0121665283517116,0.968230276847136
