"Posterior_Mean","Posterior_SD","Posterior_LB","Posterior_UB","prob"
-0.0525530264395672,0.130042110377987,-0.328819232474691,0.199387799102889,0.642193503968567
