"Posterior_Mean","Posterior_SD","Posterior_LB","Posterior_UB","prob"
-0.0310329007557742,0.0963108478362166,-0.223277467549409,0.162224642327748,0.627456022144681
