"Posterior_Mean","Posterior_SD","Posterior_LB","Posterior_UB","prob"
0.0945807420680335,0.103433624057488,-0.113223265541958,0.330165462739874,0.188453125702924
