"Posterior_Mean","Posterior_SD","Posterior_LB","Posterior_UB","prob"
-0.168659463474224,0.0670534951946905,-0.307222185449488,-0.0374740665601483,0.993019499071693
