"Posterior_Mean","Posterior_SD","Posterior_LB","Posterior_UB","prob"
-0.0019670169226696,0.0735497376312536,-0.193403087603552,0.167169534393476,0.494905950599922
