"Posterior_Mean","Posterior_SD","Posterior_LB","Posterior_UB","prob"
0.0432283364571111,0.133902068802539,-0.2148577950966,0.303172079905455,0.382651548750702
