"Posterior_Mean","Posterior_SD","Posterior_LB","Posterior_UB","prob"
-0.0744789239211185,0.0836443151472179,-0.256342973622446,0.145129374232907,0.780724002277519
