"Posterior_Mean","Posterior_SD","Posterior_LB","Posterior_UB","prob"
-0.165732890576032,0.100304293310127,-0.360496084692621,0.0469333591058698,0.941730572786832
