"Posterior_Mean","Posterior_SD","Posterior_LB","Posterior_UB","prob"
0.0869963902034169,0.105178311885697,-0.125869528961324,0.363628715797673,0.23754277189943
