"Posterior_Mean","Posterior_SD","Posterior_LB","Posterior_UB","prob"
-0.0948448653172703,0.070389271929335,-0.246434769960726,0.0616448914814904,0.895860399140371
