"Posterior_Mean","Posterior_SD","Posterior_LB","Posterior_UB","prob"
-0.150902307449759,0.13504149790553,-0.415052187638667,0.105935622452751,0.870940044918728
