"Posterior_Mean","Posterior_SD","Posterior_LB","Posterior_UB","prob"
-0.076577933225774,0.105090981593705,-0.353282786097983,0.152918181633742,0.708798702921058
