"Posterior_Mean","Posterior_SD","Posterior_LB","Posterior_UB","prob"
-0.0330915633448255,0.124398076156677,-0.280457220953222,0.250247791601451,0.624638659621412
