"Posterior_Mean","Posterior_SD","Posterior_LB","Posterior_UB","prob"
-0.110031877386846,0.0708495117043723,-0.248025988055408,0.0697655417078506,0.924292025811569
