"Posterior_Mean","Posterior_SD","Posterior_LB","Posterior_UB","prob"
-0.149798679888955,0.0676290030321147,-0.287164726813764,-0.0133431385632062,0.982580198455438
