"Posterior_Mean","Posterior_SD","Posterior_LB","Posterior_UB","prob"
-0.0707609089848616,0.125996939325533,-0.323972636159787,0.183174561108271,0.716821498209992
