"Posterior_Mean","Posterior_SD","Posterior_LB","Posterior_UB","prob"
-0.156385482854629,0.0726053364587646,-0.316555854758976,0.00174734596592161,0.973826004065765
