"Posterior_Mean","Posterior_SD","Posterior_LB","Posterior_UB","prob"
-0.0209425328358272,0.0875876460494318,-0.206082581096825,0.179411477812927,0.594892747293909
