"Posterior_Mean","Posterior_SD","Posterior_LB","Posterior_UB","prob"
-0.236963135215755,0.0773747229286612,-0.414925453120847,0.0278775245052878,0.965946498501017
