"Posterior_Mean","Posterior_SD","Posterior_LB","Posterior_UB","prob"
-0.225403328459944,0.131666734751401,-0.482858926274032,0.0340522012330139,0.957333333333333
