"Posterior_Mean","Posterior_SD","Posterior_LB","Posterior_UB","prob"
0.107108339434212,0.136096088372936,-0.149298190175408,0.373162918798811,0.212078526186928
