"Posterior_Mean","Posterior_SD","Posterior_LB","Posterior_UB","prob"
-0.054445696738355,0.132174446303111,-0.304793056503763,0.207872257707175,0.668745036777601
