"Posterior_Mean","Posterior_SD","Posterior_LB","Posterior_UB","prob"
-0.0949492930501128,0.0795544555632106,-0.250459768593588,0.0633846017693203,0.878989948602535
