"Posterior_Mean","Posterior_SD","Posterior_LB","Posterior_UB","prob"
0.141197669687079,0.0943539829928806,-0.0855359172448696,0.358589656608283,0.0955343202039351
