"Posterior_Mean","Posterior_SD","Posterior_LB","Posterior_UB","prob"
0.169595765306983,0.134886307820586,-0.0962118308489711,0.435682639644598,0.102166666666667
