"Posterior_Mean","Posterior_SD","Posterior_LB","Posterior_UB","prob"
-0.0734928874008297,0.0839977522289491,-0.278485311578414,0.147623048112473,0.758793562180852
