"Posterior_Mean","Posterior_SD","Posterior_LB","Posterior_UB","prob"
-0.296762738286402,0.137020055884988,-0.566608679186368,-0.0168907091277131,0.984427502517903
