"Posterior_Mean","Posterior_SD","Posterior_LB","Posterior_UB","prob"
0.0888084848445247,0.100065058965996,-0.11599350396701,0.284688232122292,0.186275980529987
