"Posterior_Mean","Posterior_SD","Posterior_LB","Posterior_UB","prob"
0.0495150562749288,0.0840311579535279,-0.115719986512608,0.264819915270368,0.30419897654862
