"Posterior_Mean","Posterior_SD","Posterior_LB","Posterior_UB","prob"
-0.0961526787718398,0.0667734705480252,-0.231026481713288,0.0410054044234064,0.920215664094019
