"Posterior_Mean","Posterior_SD","Posterior_LB","Posterior_UB","prob"
-0.06950033642268,0.140058178326956,-0.354367162110721,0.196694467206246,0.685660782566867
