"Posterior_Mean","Posterior_SD","Posterior_LB","Posterior_UB","prob"
-0.0944527962700966,0.0976471555273462,-0.298769395103347,0.108717537573618,0.829054116536365
