"Posterior_Mean","Posterior_SD","Posterior_LB","Posterior_UB","prob"
-0.123191437144746,0.0689593930848143,-0.279000832432098,0.0234876496973042,0.955208519763336
