"Posterior_Mean","Posterior_SD","Posterior_LB","Posterior_UB","prob"
-0.210182876530381,0.0837795253537272,-0.379692175018206,0.0577998348514912,0.958427251703073
