"Posterior_Mean","Posterior_SD","Posterior_LB","Posterior_UB","prob"
0.0800226883375296,0.100084249931273,-0.115346669796576,0.302809808188888,0.222765922090417
