"Posterior_Mean","Posterior_SD","Posterior_LB","Posterior_UB","prob"
0.264767921626329,0.136445317714501,-0.000710240512443075,0.538525078811565,0.0254967317515408
