"Posterior_Mean","Posterior_SD","Posterior_LB","Posterior_UB","prob"
0.267951071967306,0.134174676939305,0.00882409071044271,0.529877106991723,0.0210018070711507
