"Posterior_Mean","Posterior_SD","Posterior_LB","Posterior_UB","prob"
-0.10047938615097,0.0891636671660673,-0.304231139332425,0.108446782780198,0.837978811549221
