"Posterior_Mean","Posterior_SD","Posterior_LB","Posterior_UB","prob"
0.192372741765469,0.131224194322833,-0.10033809359154,0.462386994111929,0.105103772501613
