"Posterior_Mean","Posterior_SD","Posterior_LB","Posterior_UB","prob"
-0.0559075292500968,0.129434065381223,-0.3157185978614,0.196184127191883,0.680524175239881
