"Posterior_Mean","Posterior_SD","Posterior_LB","Posterior_UB","prob"
-0.202859200124928,0.0835601929103537,-0.377225067490112,0.0247783568978671,0.967500293909004
