"Posterior_Mean","Posterior_SD","Posterior_LB","Posterior_UB","prob"
-0.0812296551383943,0.075115462114118,-0.228851667739263,0.0681368667723027,0.853811041308229
