"Posterior_Mean","Posterior_SD","Posterior_LB","Posterior_UB","prob"
0.15304596636923,0.109082015050807,-0.0788507671342935,0.436825666501264,0.10615062717608
