"Posterior_Mean","Posterior_SD","Posterior_LB","Posterior_UB","prob"
0.241318421409832,0.0878867210410164,0.06539208574929,0.418025563467765,0.00510812913674154
