"Posterior_Mean","Posterior_SD","Posterior_LB","Posterior_UB","prob"
-0.155118147747297,0.0759598134708069,-0.329779561577899,0.0228284106762421,0.95802829724824
