"Posterior_Mean","Posterior_SD","Posterior_LB","Posterior_UB","prob"
-0.278566378209424,0.0977359590905613,-0.505960253520323,-0.00547036617400483,0.976316608586098
