"Posterior_Mean","Posterior_SD","Posterior_LB","Posterior_UB","prob"
-0.116556256906224,0.105483048396719,-0.325295454700033,0.101879335128557,0.865022219840248
