"Posterior_Mean","Posterior_SD","Posterior_LB","Posterior_UB","prob"
0.0711810691101447,0.0951469883513578,-0.128332668287612,0.258410648603525,0.220158908658812
