"Posterior_Mean","Posterior_SD","Posterior_LB","Posterior_UB","prob"
-0.0823807977332441,0.08598647023089,-0.275213290755561,0.0869300526538346,0.824376833121512
