"Posterior_Mean","Posterior_SD","Posterior_LB","Posterior_UB","prob"
0.0176020102866785,0.0981931932289846,-0.177118811022476,0.209582648093283,0.425537862608862
