"Posterior_Mean","Posterior_SD","Posterior_LB","Posterior_UB","prob"
0.0378834042156976,0.131924611451543,-0.226778163932109,0.296120491128174,0.387166666666667
