"Posterior_Mean","Posterior_SD","Posterior_LB","Posterior_UB","prob"
0.0951520011470877,0.114089991966995,-0.148386064770367,0.32916422141727,0.205011001620287
