"Posterior_Mean","Posterior_SD","Posterior_LB","Posterior_UB","prob"
-0.164019439242024,0.0721349639030598,-0.310588863726431,0.00297273537788309,0.973146164736991
