"Posterior_Mean","Posterior_SD","Posterior_LB","Posterior_UB","prob"
-0.0155795609197037,0.0790188696979789,-0.171065155437603,0.138907806386295,0.574987906712308
