"Posterior_Mean","Posterior_SD","Posterior_LB","Posterior_UB","prob"
-0.0345530777412853,0.0879682989595679,-0.215302557485248,0.157777017015541,0.661587688654631
