"Posterior_Mean","Posterior_SD","Posterior_LB","Posterior_UB","prob"
-0.132311989385966,0.100063447139334,-0.332039740816164,0.0674970903417858,0.907862265978043
