"Posterior_Mean","Posterior_SD","Posterior_LB","Posterior_UB","prob"
0.0488041230961699,0.0847847539330407,-0.123615431605529,0.262455681572392,0.293059024318917
