"Posterior_Mean","Posterior_SD","Posterior_LB","Posterior_UB","prob"
-0.198973597861956,0.0727409192102054,-0.392615969426827,-0.0246708747795772,0.986546209781619
