"Posterior_Mean","Posterior_SD","Posterior_LB","Posterior_UB","prob"
-0.035484272385705,0.129040596622126,-0.307724071392462,0.234272245874051,0.611043835872167
