"Posterior_Mean","Posterior_SD","Posterior_LB","Posterior_UB","prob"
0.0306266179017466,0.131446095633419,-0.237397387237193,0.300191415368859,0.412575600284684
