"Posterior_Mean","Posterior_SD","Posterior_LB","Posterior_UB","prob"
0.0925782277207759,0.101856816446326,-0.112947748047375,0.293974273566574,0.180664582411195
