"Posterior_Mean","Posterior_SD","Posterior_LB","Posterior_UB","prob"
0.0691927088704409,0.106420814082025,-0.148251507014744,0.352806111491939,0.302981529863148
