"Posterior_Mean","Posterior_SD","Posterior_LB","Posterior_UB","prob"
-0.153268399648453,0.0709006450034468,-0.299801656927736,0.0198179160334401,0.963187072115681
