"Posterior_Mean","Posterior_SD","Posterior_LB","Posterior_UB","prob"
0.0189170880678988,0.0998512445567926,-0.201587319091907,0.295161695135368,0.474378856388395
