"Posterior_Mean","Posterior_SD","Posterior_LB","Posterior_UB","prob"
-0.364695801155323,0.134446037031841,-0.625579191065282,-0.105966977587923,0.9965
