"Posterior_Mean","Posterior_SD","Posterior_LB","Posterior_UB","prob"
0.0287752452093163,0.138095226661618,-0.239841850783475,0.295135462371741,0.429459494934534
