"Posterior_Mean","Posterior_SD","Posterior_LB","Posterior_UB","prob"
0.0515573890663237,0.0758357223901798,-0.103976819631837,0.210918974637682,0.248688923362453
