"Posterior_Mean","Posterior_SD","Posterior_LB","Posterior_UB","prob"
-0.0769904830405117,0.0770629683128674,-0.239541507072368,0.0763029053504945,0.843829668934615
