"Posterior_Mean","Posterior_SD","Posterior_LB","Posterior_UB","prob"
0.0281915758063462,0.0890178072711903,-0.205433787941637,0.283092579979564,0.427094195760398
