"Posterior_Mean","Posterior_SD","Posterior_LB","Posterior_UB","prob"
-0.141820214892039,0.0731155093098775,-0.288367232521629,0.00970934787480692,0.967408243284946
