"Posterior_Mean","Posterior_SD","Posterior_LB","Posterior_UB","prob"
-0.0417259932255501,0.131756208536414,-0.298449206822812,0.213888118063291,0.6185
