"Posterior_Mean","Posterior_SD","Posterior_LB","Posterior_UB","prob"
-0.237687926588894,0.12652029016172,-0.495612520809182,0.0265717481801377,0.962175055220836
