"Posterior_Mean","Posterior_SD","Posterior_LB","Posterior_UB","prob"
-0.0191173906843003,0.0980687007182619,-0.207693632889216,0.179142126125039,0.584304776032698
