"Posterior_Mean","Posterior_SD","Posterior_LB","Posterior_UB","prob"
0.0859755773620886,0.097229954326398,-0.142074987672736,0.33337793939731,0.240522600063151
