"Posterior_Mean","Posterior_SD","Posterior_LB","Posterior_UB","prob"
-0.0594082083244104,0.0817418480969092,-0.224173980584011,0.102621521861296,0.765246823940232
