"Posterior_Mean","Posterior_SD","Posterior_LB","Posterior_UB","prob"
-0.146722886208116,0.0957478182122427,-0.335845710168937,0.0454932709135206,0.934158607963077
