"Posterior_Mean","Posterior_SD","Posterior_LB","Posterior_UB","prob"
-0.230288794821527,0.130934454134786,-0.48066189256756,0.0376637664440047,0.954782107527454
