"Posterior_Mean","Posterior_SD","Posterior_LB","Posterior_UB","prob"
-0.0853017745638237,0.0928536940783009,-0.298074229640303,0.179788156051678,0.778016561629836
