"Posterior_Mean","Posterior_SD","Posterior_LB","Posterior_UB","prob"
-0.0323760585881193,0.0989361895616394,-0.235763729148879,0.165164971007884,0.622227117263312
