"Posterior_Mean","Posterior_SD","Posterior_LB","Posterior_UB","prob"
-0.0715330377208492,0.0750999717406488,-0.240706266381438,0.122994183505369,0.773793537052958
