"Posterior_Mean","Posterior_SD","Posterior_LB","Posterior_UB","prob"
-0.219347461172236,0.0890280967225591,-0.428569150638583,0.0792537868473935,0.927288022905662
