"Posterior_Mean","Posterior_SD","Posterior_LB","Posterior_UB","prob"
-0.257782296919108,0.111521847454868,-0.476736015526039,0.00050996414856419,0.974241281217486
