"Posterior_Mean","Posterior_SD","Posterior_LB","Posterior_UB","prob"
0.105692311542656,0.13725068578065,-0.158902319960133,0.380131818201794,0.218333333333333
