"Posterior_Mean","Posterior_SD","Posterior_LB","Posterior_UB","prob"
-0.0779651089919275,0.0876139571357451,-0.251397286982805,0.116563357285791,0.80555967844616
