"Posterior_Mean","Posterior_SD","Posterior_LB","Posterior_UB","prob"
-0.134855853536806,0.080461779853591,-0.320281886765856,0.0287184313218409,0.953274409472819
