"Posterior_Mean","Posterior_SD","Posterior_LB","Posterior_UB","prob"
0.103374642079856,0.136114764203638,-0.178293785493479,0.376487749167281,0.232235140190191
