"Posterior_Mean","Posterior_SD","Posterior_LB","Posterior_UB","prob"
0.0405219165072874,0.0896880441360385,-0.137428494751985,0.272677100362346,0.35443817545978
