"Posterior_Mean","Posterior_SD","Posterior_LB","Posterior_UB","prob"
0.00169336612996381,0.0984427104291497,-0.193576581187146,0.192833215325534,0.483354322415644
