"Posterior_Mean","Posterior_SD","Posterior_LB","Posterior_UB","prob"
-0.128509587174134,0.0820236033004281,-0.335214877278229,0.0676386454416073,0.89652217886399
