"Posterior_Mean","Posterior_SD","Posterior_LB","Posterior_UB","prob"
-0.037519046315026,0.0847344429329964,-0.249110384463616,0.218053221840507,0.646547399105533
