"Posterior_Mean","Posterior_SD","Posterior_LB","Posterior_UB","prob"
-0.15088856575577,0.0698282798903853,-0.289970546129846,-0.0120816811249475,0.984057614057812
