"Posterior_Mean","Posterior_SD","Posterior_LB","Posterior_UB","prob"
0.00471086319584222,0.111282989019381,-0.256115158764487,0.234754920255683,0.468819743860319
