"Posterior_Mean","Posterior_SD","Posterior_LB","Posterior_UB","prob"
-0.173943344432504,0.0814997337827311,-0.373282739338638,-0.00266290229496866,0.977009887236831
