"Posterior_Mean","Posterior_SD","Posterior_LB","Posterior_UB","prob"
0.161051519083005,0.138442617097464,-0.103229428324483,0.435865770779791,0.122833333333333
