"Posterior_Mean","Posterior_SD","Posterior_LB","Posterior_UB","prob"
-0.00327429265094295,0.105301691563223,-0.21053871469845,0.2358662189017,0.529195652781179
