"Posterior_Mean","Posterior_SD","Posterior_LB","Posterior_UB","prob"
-0.209314257386745,0.070563301995763,-0.359696084106857,-0.0336480004715672,0.989144704081676
