"Posterior_Mean","Posterior_SD","Posterior_LB","Posterior_UB","prob"
0.147661827123067,0.134414402626082,-0.113689322469968,0.412561096721898,0.136666666666667
