"Posterior_Mean","Posterior_SD","Posterior_LB","Posterior_UB","prob"
-0.123724668272191,0.121543615248742,-0.389582949325096,0.135187592833852,0.822507982584424
