"Posterior_Mean","Posterior_SD","Posterior_LB","Posterior_UB","prob"
0.140267365714169,0.1373939727075,-0.130578511101217,0.410024631935189,0.154833333333333
