"Posterior_Mean","Posterior_SD","Posterior_LB","Posterior_UB","prob"
-0.187967567176624,0.106953654767559,-0.417576346118849,0.100032809283772,0.911588898335794
