"Posterior_Mean","Posterior_SD","Posterior_LB","Posterior_UB","prob"
-0.264390649059743,0.136136977988909,-0.528539222722538,0.0120291866346599,0.968426723686169
