"Posterior_Mean","Posterior_SD","Posterior_LB","Posterior_UB","prob"
-0.0546040816881516,0.102065742790682,-0.298368063948018,0.147422563541302,0.686948668025601
