"Posterior_Mean","Posterior_SD","Posterior_LB","Posterior_UB","prob"
0.234588351240335,0.135802672113123,-0.0365873852181915,0.521948873382773,0.0446780649257113
