"Posterior_Mean","Posterior_SD","Posterior_LB","Posterior_UB","prob"
-0.122303300605506,0.081848696843422,-0.312533179774436,0.135015148475523,0.848938382778447
