"Posterior_Mean","Posterior_SD","Posterior_LB","Posterior_UB","prob"
-0.113904520443079,0.0805491736293086,-0.288293105886716,0.0528972958429251,0.913889267742546
