"Posterior_Mean","Posterior_SD","Posterior_LB","Posterior_UB","prob"
0.0160571303584064,0.136856271300596,-0.250402920160394,0.284055527994838,0.457128397581865
