"Posterior_Mean","Posterior_SD","Posterior_LB","Posterior_UB","prob"
-0.0767816089023607,0.134836836101532,-0.369298549758423,0.193393809036546,0.717880749391732
