"Posterior_Mean","Posterior_SD","Posterior_LB","Posterior_UB","prob"
0.00407288236943935,0.0829255306730031,-0.178970206771277,0.208049662479432,0.495767987311545
