"Posterior_Mean","Posterior_SD","Posterior_LB","Posterior_UB","prob"
0.0919773877775273,0.103330851451652,-0.116297003318289,0.308605026510374,0.186444532085211
