"Posterior_Mean","Posterior_SD","Posterior_LB","Posterior_UB","prob"
0.161676249365551,0.135672282838984,-0.1056837138421,0.426861965189964,0.114666666666667
