"Posterior_Mean","Posterior_SD","Posterior_LB","Posterior_UB","prob"
0.0181510631031348,0.134024392165772,-0.239698318787063,0.28328083471841,0.446333333333333
