"Posterior_Mean","Posterior_SD","Posterior_LB","Posterior_UB","prob"
-0.0158797258288168,0.0778401531788997,-0.169210961482423,0.15125080283003,0.590156712560296
