"Posterior_Mean","Posterior_SD","Posterior_LB","Posterior_UB","prob"
0.0781793388986444,0.118365357815687,-0.194402789589208,0.391751657691536,0.331460214409461
