"Posterior_Mean","Posterior_SD","Posterior_LB","Posterior_UB","prob"
0.094143980111799,0.122215811961336,-0.159104812093378,0.352989609292715,0.228603913954148
