"Posterior_Mean","Posterior_SD","Posterior_LB","Posterior_UB","prob"
-0.0950801544865901,0.105162679552804,-0.306609298286137,0.11495037645182,0.818791228179245
