"Posterior_Mean","Posterior_SD","Posterior_LB","Posterior_UB","prob"
-0.0675439860433295,0.137470260180788,-0.338135441173963,0.20154676435695,0.690333333333333
