"Posterior_Mean","Posterior_SD","Posterior_LB","Posterior_UB","prob"
-0.236052226674913,0.141777148339009,-0.509333335665083,0.0436544799969445,0.950069892979555
