"Posterior_Mean","Posterior_SD","Posterior_LB","Posterior_UB","prob"
0.107575114893092,0.13340990682361,-0.166152372601181,0.364321057436469,0.21423253373405
