"Posterior_Mean","Posterior_SD","Posterior_LB","Posterior_UB","prob"
-0.0501028177150156,0.138700414078133,-0.329892462992037,0.219039174266117,0.649503864693846
