"Posterior_Mean","Posterior_SD","Posterior_LB","Posterior_UB","prob"
0.172094408886519,0.109867674335564,-0.0501227299982821,0.459382669384923,0.0693933592607656
