"Posterior_Mean","Posterior_SD","Posterior_LB","Posterior_UB","prob"
-0.0560273357778436,0.0792223539159716,-0.224539669946422,0.184996873640293,0.756521619359653
