"Posterior_Mean","Posterior_SD","Posterior_LB","Posterior_UB","prob"
-0.0391928138323857,0.0775058428088409,-0.20988167219127,0.155776968488642,0.694164097401894
