"Posterior_Mean","Posterior_SD","Posterior_LB","Posterior_UB","prob"
-0.215343975581404,0.069415666250135,-0.348884605898455,-0.0723297065695189,0.997696473163129
