"Posterior_Mean","Posterior_SD","Posterior_LB","Posterior_UB","prob"
-0.315473578457626,0.0707224693315427,-0.483594394186638,-0.159603888286292,0.999732166288311
