"Posterior_Mean","Posterior_SD","Posterior_LB","Posterior_UB","prob"
-0.190332344619413,0.0786603138737447,-0.350638385954965,-0.0152901883927366,0.981358931254044
