"Posterior_Mean","Posterior_SD","Posterior_LB","Posterior_UB","prob"
-0.169187828805825,0.0716120506103638,-0.320839923709598,-0.00320929167298363,0.976765093663632
