"Posterior_Mean","Posterior_SD","Posterior_LB","Posterior_UB","prob"
-0.228478400124452,0.0707046888704843,-0.37104397602937,-0.0594183379439494,0.992763792419566
