"Posterior_Mean","Posterior_SD","Posterior_LB","Posterior_UB","prob"
-0.271818251610671,0.118848844473261,-0.509380017177219,-0.00498245843409778,0.977749987835638
