"Posterior_Mean","Posterior_SD","Posterior_LB","Posterior_UB","prob"
-0.221948298013271,0.0699790432330452,-0.364516239475224,-0.0834197604816494,0.998635823598641
