"Posterior_Mean","Posterior_SD","Posterior_LB","Posterior_UB","prob"
-0.292242597948812,0.0815846468463628,-0.461585152197737,-0.134626897915353,0.999413685323646
