"Posterior_Mean","Posterior_SD","Posterior_LB","Posterior_UB","prob"
-0.279213761177281,0.0683975183625266,-0.419748884253727,-0.137532709795633,0.999260135746747
