"Posterior_Mean","Posterior_SD","Posterior_LB","Posterior_UB","prob"
-0.295648045967818,0.0673950239192591,-0.426896840269718,-0.153116510676581,0.999672357699443
