"Posterior_Mean","Posterior_SD","Posterior_LB","Posterior_UB","prob"
-0.12971534010494,0.0669117055199281,-0.265645155577006,0.00265320846039294,0.971473188453446
