"Posterior_Mean","Posterior_SD","Posterior_LB","Posterior_UB","prob"
-0.303493432709386,0.0671920487677011,-0.436581247815273,-0.168933140709845,0.999975038598635
