"Posterior_Mean","Posterior_SD","Posterior_LB","Posterior_UB","prob"
-0.247628087377238,0.0978506172924427,-0.454687569690483,-0.00812235120600181,0.975875545279819
