"Posterior_Mean","Posterior_SD","Posterior_LB","Posterior_UB","prob"
-0.0942697968082844,0.0733109763072799,-0.256157200998175,0.0641775784433806,0.89166104281517
