"Posterior_Mean","Posterior_SD","Posterior_LB","Posterior_UB","prob"
-0.180274290839467,0.0715918888921596,-0.327848374565262,-0.0335794877498502,0.992019658109054
