"Posterior_Mean","Posterior_SD","Posterior_LB","Posterior_UB","prob"
-0.186879928565027,0.0661695335966905,-0.319066486240285,-0.0561182136476664,0.997392128472843
