"Posterior_Mean","Posterior_SD","Posterior_LB","Posterior_UB","prob"
-0.161327190433895,0.0897646806631893,-0.34798404449581,0.0793499410602354,0.927376133056404
