"Posterior_Mean","Posterior_SD","Posterior_LB","Posterior_UB","prob"
-0.176866639800849,0.0652163603286567,-0.314436189454596,-0.0432222129722994,0.995395376734194
