"Posterior_Mean","Posterior_SD","Posterior_LB","Posterior_UB","prob"
-0.154985737846776,0.0763576580059249,-0.308429248411929,0.0126519014828069,0.968344069718263
