"Posterior_Mean","Posterior_SD","Posterior_LB","Posterior_UB","prob"
-0.218851253392779,0.0653981817136971,-0.343602870918275,-0.0898250969682641,0.999919079282387
