"Posterior_Mean","Posterior_SD","Posterior_LB","Posterior_UB","prob"
-0.275571828804746,0.0775146969344387,-0.449170800979091,-0.116072305493842,0.999620477208386
