"Posterior_Mean","Posterior_SD","Posterior_LB","Posterior_UB","prob"
-0.221773446709417,0.0728333515521595,-0.372996157095252,-0.0452147442942636,0.990396136906877
