"Posterior_Mean","Posterior_SD","Posterior_LB","Posterior_UB","prob"
-0.219513186756437,0.0660727590383939,-0.35155838831837,-0.0925901329070885,0.999756494602859
