"Posterior_Mean","Posterior_SD","Posterior_LB","Posterior_UB","prob"
-0.0480459885885585,0.106421348199694,-0.25490255725093,0.216093921720426,0.686514415960539
