"Posterior_Mean","Posterior_SD","Posterior_LB","Posterior_UB","prob"
-0.12623150089884,0.0659938372930157,-0.276184159219217,0.00680105623968466,0.969792199869553
