"Posterior_Mean","Posterior_SD","Posterior_LB","Posterior_UB","prob"
-0.359759227914281,0.0971667683184337,-0.592869732824953,-0.16021254764698,0.999926472176286
