"Posterior_Mean","Posterior_SD","Posterior_LB","Posterior_UB","prob"
-0.125222909728658,0.0708482032032641,-0.270109067423928,0.0175156996008044,0.955759331392941
