"Posterior_Mean","Posterior_SD","Posterior_LB","Posterior_UB","prob"
-0.172259641218964,0.0745526327276455,-0.323977036217572,-0.00455837194936726,0.978028419979726
