"Posterior_Mean","Posterior_SD","Posterior_LB","Posterior_UB","prob"
-0.244270119073394,0.0697307852437744,-0.386899211799971,-0.102227590245033,0.99944814796608
