"Posterior_Mean","Posterior_SD","Posterior_LB","Posterior_UB","prob"
-0.304940897151973,0.0676220218650772,-0.442341881294833,-0.164468993139683,0.999991342485377
