"Posterior_Mean","Posterior_SD","Posterior_LB","Posterior_UB","prob"
-0.0745878453964535,0.0949697589944942,-0.300431605947757,0.119895666516202,0.75912305224863
