"Posterior_Mean","Posterior_SD","Posterior_LB","Posterior_UB","prob"
-0.257161647232442,0.0939296085519742,-0.470895518419788,-0.0462001592335587,0.990174473504579
