"Posterior_Mean","Posterior_SD","Posterior_LB","Posterior_UB","prob"
-0.364130715472066,0.0933622956781064,-0.612065553435629,-0.139295390285958,0.999330208903929
