"Posterior_Mean","Posterior_SD","Posterior_LB","Posterior_UB","prob"
-0.232605323465846,0.0709982570150678,-0.376315602805395,-0.0911091053981623,0.998391800103185
