"Posterior_Mean","Posterior_SD","Posterior_LB","Posterior_UB","prob"
-0.177580411285059,0.0770285723234407,-0.333582091467712,-0.0226935946273441,0.986506750661222
