"Posterior_Mean","Posterior_SD","Posterior_LB","Posterior_UB","prob"
-0.231888419567703,0.0670098541473568,-0.369590534381598,-0.0941720047105511,0.99974868741335
