"Posterior_Mean","Posterior_SD","Posterior_LB","Posterior_UB","prob"
-0.182308075951649,0.083890782480628,-0.388854355387016,-0.00700148743197089,0.978663614662755
