"Posterior_Mean","Posterior_SD","Posterior_LB","Posterior_UB","prob"
-0.250824758324031,0.0687621533852543,-0.383831020266941,-0.118919928500806,0.99999585312163
