"Posterior_Mean","Posterior_SD","Posterior_LB","Posterior_UB","prob"
-0.184525412724731,0.0726234646130321,-0.33203978208295,-0.0256910454435144,0.986474692994502
