"Posterior_Mean","Posterior_SD","Posterior_LB","Posterior_UB","prob"
-0.214566885651192,0.0648269555950263,-0.340598355310606,-0.0851113840423503,0.999305112874659
