"Posterior_Mean","Posterior_SD","Posterior_LB","Posterior_UB","prob"
-0.113447819397964,0.118294238619124,-0.342259933098613,0.135030615890424,0.820980916407957
