"Posterior_Mean","Posterior_SD","Posterior_LB","Posterior_UB","prob"
-0.366577767608038,0.0938336187323327,-0.585215442060591,-0.18547561323081,1
