"Posterior_Mean","Posterior_SD","Posterior_LB","Posterior_UB","prob"
-0.135650983366224,0.0682385748977443,-0.267838238592294,-0.00147303145688678,0.975725210601386
