"Posterior_Mean","Posterior_SD","Posterior_LB","Posterior_UB","prob"
-0.240141757642485,0.0800507062067648,-0.439295745217907,-0.0700426087938133,0.997048003687318
