"Posterior_Mean","Posterior_SD","Posterior_LB","Posterior_UB","prob"
-0.347548535720001,0.0818487853752026,-0.513167774942816,-0.153502333351586,0.997753604259205
