"Posterior_Mean","Posterior_SD","Posterior_LB","Posterior_UB","prob"
-0.201132033688866,0.093836643225071,-0.411262320780231,-0.00566784931576733,0.97754532955257
