"Posterior_Mean","Posterior_SD","Posterior_LB","Posterior_UB","prob"
-0.303737591276101,0.0772053053940369,-0.460972793663234,-0.14824960703834,0.999403633137555
