"Posterior_Mean","Posterior_SD","Posterior_LB","Posterior_UB","prob"
-0.33809403423849,0.0707112920347066,-0.4904027479783,-0.185960311382002,0.999928387103731
