"Posterior_Mean","Posterior_SD","Posterior_LB","Posterior_UB","prob"
-0.0936605535132154,0.0738167092405046,-0.250119416626867,0.0694520704312647,0.88301844758532
