"Posterior_Mean","Posterior_SD","Posterior_LB","Posterior_UB","prob"
-0.246813389821632,0.066531162246232,-0.373947458918057,-0.111379307288115,0.999568378171895
