"Posterior_Mean","Posterior_SD","Posterior_LB","Posterior_UB","prob"
-0.292504119724143,0.0681624365657565,-0.437043957236494,-0.160679521901568,1
