"Posterior_Mean","Posterior_SD","Posterior_LB","Posterior_UB","prob"
-0.134947664977696,0.0647141768711152,-0.262902775320596,-0.00135946965508064,0.976351799300892
