"Posterior_Mean","Posterior_SD","Posterior_LB","Posterior_UB","prob"
-0.264083862506777,0.071306534445766,-0.405319272453567,-0.116157461952884,0.999693542154982
