"Posterior_Mean","Posterior_SD","Posterior_LB","Posterior_UB","prob"
-0.369205961225369,0.123042683212425,-0.612687532738681,-0.121372065416038,0.998520342908007
