"Posterior_Mean","Posterior_SD","Posterior_LB","Posterior_UB","prob"
-0.391805569941034,0.0746834672974839,-0.553597338501419,-0.240508756856685,0.999999078551538
