"Posterior_Mean","Posterior_SD","Posterior_LB","Posterior_UB","prob"
-0.339318157456568,0.0697813358296977,-0.477982024525034,-0.19521300447691,0.999904320115928
