"Posterior_Mean","Posterior_SD","Posterior_LB","Posterior_UB","prob"
-0.0461697050703674,0.127408501824325,-0.291524900639083,0.203709040892836,0.646225802928632
