"Posterior_Mean","Posterior_SD","Posterior_LB","Posterior_UB","prob"
-0.290088492978057,0.0669910216877505,-0.425408040717342,-0.159354002797406,0.999988877098538
