"Posterior_Mean","Posterior_SD","Posterior_LB","Posterior_UB","prob"
-0.47413380459767,0.134632117457362,-0.749186384904225,-0.197524250735675,0.999497834753386
