"Posterior_Mean","Posterior_SD","Posterior_LB","Posterior_UB","prob"
-0.302575697894508,0.0667805654249034,-0.433315563928599,-0.173928071947227,0.999999953244901
