"Posterior_Mean","Posterior_SD","Posterior_LB","Posterior_UB","prob"
-0.1135191352235,0.0685222451470638,-0.262017282869389,0.0324331768178492,0.935654087100526
