"Posterior_Mean","Posterior_SD","Posterior_LB","Posterior_UB","prob"
-0.122972456094512,0.109055458448799,-0.358294091149418,0.0863742204311381,0.870329623066945
