"Posterior_Mean","Posterior_SD","Posterior_LB","Posterior_UB","prob"
-0.20041542093191,0.0716115233864121,-0.345403983679162,-0.0577842922216294,0.996776099446874
