"Posterior_Mean","Posterior_SD","Posterior_LB","Posterior_UB","prob"
-0.249646387777784,0.0638538831256639,-0.376210722914847,-0.117649173983041,0.99996226210343
