"Posterior_Mean","Posterior_SD","Posterior_LB","Posterior_UB","prob"
0.0268115848183121,0.133702777686629,-0.233528129030802,0.305080791626991,0.424528247601134
