"Posterior_Mean","Posterior_SD","Posterior_LB","Posterior_UB","prob"
-0.180366629908844,0.0729316621205357,-0.329806313194207,-0.0307225151246143,0.988584756497194
