"Posterior_Mean","Posterior_SD","Posterior_LB","Posterior_UB","prob"
-0.290991850625453,0.07436666721015,-0.452241170964351,-0.146854300121622,0.999974692095866
