"Posterior_Mean","Posterior_SD","Posterior_LB","Posterior_UB","prob"
-0.214625931948219,0.0687773736397179,-0.350446556692968,-0.080842816358764,0.999672819973837
