"Posterior_Mean","Posterior_SD","Posterior_LB","Posterior_UB","prob"
-0.293351686602511,0.0730620397014234,-0.476894717586621,-0.134401007795967,0.999433334482967
