"Posterior_Mean","Posterior_SD","Posterior_LB","Posterior_UB","prob"
-0.305126074385772,0.068404644055769,-0.454949202972821,-0.165261049559609,0.999988321611508
