"Posterior_Mean","Posterior_SD","Posterior_LB","Posterior_UB","prob"
-0.211098607522764,0.0737543646727049,-0.379518985087853,-0.0589664450004592,0.996094902810703
