"Posterior_Mean","Posterior_SD","Posterior_LB","Posterior_UB","prob"
-0.21275190336574,0.0691267617345798,-0.35671191991497,-0.0780914441772054,0.998123203305759
