"Posterior_Mean","Posterior_SD","Posterior_LB","Posterior_UB","prob"
-0.334052310941663,0.0681846947257126,-0.46768092489861,-0.196482354576448,0.999995852546517
