"Posterior_Mean","Posterior_SD","Posterior_LB","Posterior_UB","prob"
-0.0746169077930363,0.0778738551108009,-0.230442041132177,0.0913469522384435,0.828478267139787
