"Posterior_Mean","Posterior_SD","Posterior_LB","Posterior_UB","prob"
-0.171256761337422,0.0736446479249481,-0.316731298395515,0.00302778570261886,0.97366215281616
