"Posterior_Mean","Posterior_SD","Posterior_LB","Posterior_UB","prob"
-0.139596271127027,0.0835656523344893,-0.343443055382481,0.0514855228335409,0.923907176697257
