"Posterior_Mean","Posterior_SD","Posterior_LB","Posterior_UB","prob"
-0.267368118755057,0.0802601314399644,-0.462885570918529,-0.0967570803909494,0.998573479410946
