"Posterior_Mean","Posterior_SD","Posterior_LB","Posterior_UB","prob"
-0.105796332930751,0.0696932890009033,-0.253210946907473,0.057173593426793,0.902180227948952
