"Posterior_Mean","Posterior_SD","Posterior_LB","Posterior_UB","prob"
-0.290641705612234,0.0662396297481127,-0.434707604667595,-0.16158403761074,0.999998447625289
