"Posterior_Mean","Posterior_SD","Posterior_LB","Posterior_UB","prob"
-0.303906697020092,0.0897143840135438,-0.546497546683235,-0.115355465500153,0.999447437312906
