"Posterior_Mean","Posterior_SD","Posterior_LB","Posterior_UB","prob"
-0.358454385789856,0.078077724258831,-0.524280706828676,-0.194612151246217,0.999886048611031
