"Posterior_Mean","Posterior_SD","Posterior_LB","Posterior_UB","prob"
0.0349793657022505,0.124965046891718,-0.209947349897037,0.286176830751535,0.387504418998067
