"Posterior_Mean","Posterior_SD","Posterior_LB","Posterior_UB","prob"
-0.20953457288733,0.0653186027778905,-0.343086162523221,-0.0774326147040933,0.998605346659452
