"Posterior_Mean","Posterior_SD","Posterior_LB","Posterior_UB","prob"
-0.199841790360587,0.0835965189351375,-0.39650492194026,-0.0123064634736311,0.981940924105123
