"Posterior_Mean","Posterior_SD","Posterior_LB","Posterior_UB","prob"
-0.259178502146695,0.116911233777762,-0.492452819755328,-0.0122930794011534,0.981009552283849
