"Posterior_Mean","Posterior_SD","Posterior_LB","Posterior_UB","prob"
-0.265962470859597,0.101774898865656,-0.540165338936193,-0.0503130516371117,0.993910795411534
