"Posterior_Mean","Posterior_SD","Posterior_LB","Posterior_UB","prob"
-0.125882894392639,0.0650810612290951,-0.250456907538799,0.0101033377488026,0.965108930858715
