"Posterior_Mean","Posterior_SD","Posterior_LB","Posterior_UB","prob"
-0.14647841975329,0.109503432479407,-0.358816734866323,0.105326081317088,0.886085621344227
