"Posterior_Mean","Posterior_SD","Posterior_LB","Posterior_UB","prob"
-0.137070244045299,0.0678265165973543,-0.272537983080065,0.013071828695978,0.965648116127055
