"Posterior_Mean","Posterior_SD","Posterior_LB","Posterior_UB","prob"
-0.219929477429423,0.0698646231614345,-0.358045826322942,-0.0782765050917405,0.996725663294593
