"Posterior_Mean","Posterior_SD","Posterior_LB","Posterior_UB","prob"
-0.229273516598484,0.0817241671980771,-0.393449495983179,-0.0665325311670112,0.995216022256491
