"Posterior_Mean","Posterior_SD","Posterior_LB","Posterior_UB","prob"
-0.199709553389447,0.0753095127641458,-0.350373991866504,-0.0187601928918855,0.982520642348194
