"Posterior_Mean","Posterior_SD","Posterior_LB","Posterior_UB","prob"
-0.246771084104087,0.0698314798230043,-0.392190122093932,-0.0997807396545711,0.998878124857782
