"Posterior_Mean","Posterior_SD","Posterior_LB","Posterior_UB","prob"
-0.138877276278186,0.0687591166675827,-0.287864538952845,-0.00469920724740642,0.979417840712782
