"Posterior_Mean","Posterior_SD","Posterior_LB","Posterior_UB","prob"
-0.138838762604596,0.0843959611085699,-0.318996380462147,0.0805260583600962,0.914483077739939
