"Posterior_Mean","Posterior_SD","Posterior_LB","Posterior_UB","prob"
-0.248628289594288,0.087062490908281,-0.447736501912157,-0.0364337918081738,0.991652915215538
