"Posterior_Mean","Posterior_SD","Posterior_LB","Posterior_UB","prob"
-0.312508674098834,0.0682130945799314,-0.445966709424558,-0.176433505492548,0.999999744170826
