"Posterior_Mean","Posterior_SD","Posterior_LB","Posterior_UB","prob"
-0.315945944810743,0.072310628081768,-0.478487346752472,-0.167140790306857,0.999950185871906
