"Posterior_Mean","Posterior_SD","Posterior_LB","Posterior_UB","prob"
-0.0459861415952757,0.0752525927059067,-0.201971211594462,0.107198879175883,0.730377603814951
