"Posterior_Mean","Posterior_SD","Posterior_LB","Posterior_UB","prob"
-0.180896005183828,0.0937974565138558,-0.367889782934265,0.0502274700602094,0.950228366942002
