"Posterior_Mean","Posterior_SD","Posterior_LB","Posterior_UB","prob"
-0.222500827518149,0.0678525390352095,-0.363282471266111,-0.070496834798024,0.997374543467558
