"Posterior_Mean","Posterior_SD","Posterior_LB","Posterior_UB","prob"
-0.30563140741382,0.0708051559659511,-0.491115908060359,-0.117662423287727,0.99865118711161
