"Posterior_Mean","Posterior_SD","Posterior_LB","Posterior_UB","prob"
-0.248695025226296,0.0779237066047088,-0.40538749300158,-0.0786384914063122,0.994859038168066
