"Posterior_Mean","Posterior_SD","Posterior_LB","Posterior_UB","prob"
-0.287738199515731,0.0932025296249404,-0.486144635314608,-0.0997366262527795,0.998536737520399
