"Posterior_Mean","Posterior_SD","Posterior_LB","Posterior_UB","prob"
-0.129207469777329,0.0781970087234414,-0.30306627863972,0.0596435441702253,0.923451720516447
