"Posterior_Mean","Posterior_SD","Posterior_LB","Posterior_UB","prob"
-0.190091574776846,0.0728235166190408,-0.346984278516361,-0.0370098569183252,0.991714646166804
