"Posterior_Mean","Posterior_SD","Posterior_LB","Posterior_UB","prob"
-0.185879811391203,0.0694249729459051,-0.321497271008197,-0.0410281760213617,0.993887860695794
