"Posterior_Mean","Posterior_SD","Posterior_LB","Posterior_UB","prob"
-0.328288700596388,0.0457202065743266,-0.430945836946359,-0.216499018943429,0.999991393997001
