"Posterior_Mean","Posterior_SD","Posterior_LB","Posterior_UB","prob"
-0.313090002392231,0.048338878232582,-0.435151199642734,-0.195769239501626,0.999944929942509
