"Posterior_Mean","Posterior_SD","Posterior_LB","Posterior_UB","prob"
-0.195287592325945,0.0502890904205091,-0.320316723973998,-0.0925608929928216,0.999997269923494
