"Posterior_Mean","Posterior_SD","Posterior_LB","Posterior_UB","prob"
-0.214595452594093,0.0526472603336869,-0.328270724656223,-0.070692581167202,0.997222383860228
