"Posterior_Mean","Posterior_SD","Posterior_LB","Posterior_UB","prob"
-0.223984576582182,0.051821981679591,-0.335359732294435,-0.0927442091073563,0.999356619893495
