"Posterior_Mean","Posterior_SD","Posterior_LB","Posterior_UB","prob"
-0.323292119132978,0.0436910951541934,-0.410565941449619,-0.227495021392459,0.999999998614786
