"Posterior_Mean","Posterior_SD","Posterior_LB","Posterior_UB","prob"
-0.289938963881792,0.0429977484357215,-0.37403223762354,-0.206320252515381,0.999999657307208
