"Posterior_Mean","Posterior_SD","Posterior_LB","Posterior_UB","prob"
-0.30954781876109,0.049980534545821,-0.406811181546125,-0.21145287076248,0.9999999279358
