"Posterior_Mean","Posterior_SD","Posterior_LB","Posterior_UB","prob"
-0.214592951258226,0.0538507330696632,-0.333536562505417,-0.0696363728983503,0.997303461902219
