"Posterior_Mean","Posterior_SD","Posterior_LB","Posterior_UB","prob"
-0.222146006209641,0.0476864437723893,-0.339758314444209,-0.0979065305188138,0.999149916945724
