"Posterior_Mean","Posterior_SD","Posterior_LB","Posterior_UB","prob"
-0.314159531647926,0.0507876191106233,-0.414804514514975,-0.212305853122731,1
