"Posterior_Mean","Posterior_SD","Posterior_LB","Posterior_UB","prob"
-0.376109888289647,0.0429933996848,-0.459308631178824,-0.287902246890098,1
