"Posterior_Mean","Posterior_SD","Posterior_LB","Posterior_UB","prob"
-0.387119959814893,0.0475901082794877,-0.491033726892004,-0.255168360293547,0.999999448950798
