"Posterior_Mean","Posterior_SD","Posterior_LB","Posterior_UB","prob"
-0.301621121749961,0.0453314028474552,-0.397247596082308,-0.192679419319912,0.999999726565926
