"Posterior_Mean","Posterior_SD","Posterior_LB","Posterior_UB","prob"
-0.157889022612359,0.0584220193294896,-0.317286437975293,-0.000599577473692769,0.976262584962638
