"Posterior_Mean","Posterior_SD","Posterior_LB","Posterior_UB","prob"
-0.214785085232957,0.087080451540401,-0.396239769272543,-0.0285257924360498,0.989796448681334
