"Posterior_Mean","Posterior_SD","Posterior_LB","Posterior_UB","prob"
-0.396581740286001,0.0461886134900953,-0.490094754473456,-0.286293947504652,0.999999874560304
