"Posterior_Mean","Posterior_SD","Posterior_LB","Posterior_UB","prob"
-0.313017429843695,0.0497149688196634,-0.412793267649501,-0.216411796687738,0.999999906914808
