"Posterior_Mean","Posterior_SD","Posterior_LB","Posterior_UB","prob"
-0.201382556480059,0.0504056342356668,-0.30254374866939,-0.101399203292786,0.999983651226146
