"Posterior_Mean","Posterior_SD","Posterior_LB","Posterior_UB","prob"
-0.239782915255752,0.0504911185160495,-0.344918422559131,-0.115760634175633,0.999681505247861
