"Posterior_Mean","Posterior_SD","Posterior_LB","Posterior_UB","prob"
-0.267856619794175,0.0496275528036805,-0.366301039212753,-0.168085316176543,0.99999985952667
