"Posterior_Mean","Posterior_SD","Posterior_LB","Posterior_UB","prob"
-0.293450208859641,0.0459139400290434,-0.418920908130692,-0.180202029230401,1
