"Posterior_Mean","Posterior_SD","Posterior_LB","Posterior_UB","prob"
-0.0671002102067405,0.0611992846843259,-0.185120902167819,0.0531325564117182,0.862149130276476
