"Posterior_Mean","Posterior_SD","Posterior_LB","Posterior_UB","prob"
-0.288775592406644,0.0528085245705998,-0.399931036818796,-0.150569561649236,0.999954369462523
