"Posterior_Mean","Posterior_SD","Posterior_LB","Posterior_UB","prob"
-0.281602533056774,0.0491411325534551,-0.385253809245834,-0.172176035624238,0.999915298845006
