"Posterior_Mean","Posterior_SD","Posterior_LB","Posterior_UB","prob"
-0.238082077052924,0.061444594985433,-0.362149010209411,-0.112981328384342,0.999932310509899
