"Posterior_Mean","Posterior_SD","Posterior_LB","Posterior_UB","prob"
-0.26467761777524,0.0451910174612045,-0.354769315494025,-0.161892015319674,0.999999765227497
