"Posterior_Mean","Posterior_SD","Posterior_LB","Posterior_UB","prob"
-0.204132367113022,0.049623173180604,-0.302357499459096,-0.105404481069293,0.999938778936624
