"Posterior_Mean","Posterior_SD","Posterior_LB","Posterior_UB","prob"
-0.3560826579189,0.0483711769874579,-0.490323832296561,-0.205959912875897,1
