"Posterior_Mean","Posterior_SD","Posterior_LB","Posterior_UB","prob"
-0.281352032013256,0.0488134508314678,-0.37826586827824,-0.185439818500072,0.999999495802673
