"Posterior_Mean","Posterior_SD","Posterior_LB","Posterior_UB","prob"
-0.289402021743886,0.0569507269199453,-0.40713990345814,-0.171247408514395,0.999979364683059
