"Posterior_Mean","Posterior_SD","Posterior_LB","Posterior_UB","prob"
-0.301141241102484,0.044389987495076,-0.409702318816778,-0.173827175129761,0.999967377258238
