"Posterior_Mean","Posterior_SD","Posterior_LB","Posterior_UB","prob"
-0.398382333156848,0.0433315759680202,-0.485384046147814,-0.313854667639448,1
