"Posterior_Mean","Posterior_SD","Posterior_LB","Posterior_UB","prob"
-0.286945286234933,0.0713022676363323,-0.428821267909992,-0.134078664770008,0.998897731129826
