"Posterior_Mean","Posterior_SD","Posterior_LB","Posterior_UB","prob"
-0.407309842344041,0.0429950316499943,-0.50252894760598,-0.313967363154149,1
