"Posterior_Mean","Posterior_SD","Posterior_LB","Posterior_UB","prob"
-0.276600698249946,0.0524186259071844,-0.379773686102556,-0.165501454732753,0.999996377421415
