"Posterior_Mean","Posterior_SD","Posterior_LB","Posterior_UB","prob"
-0.247360259900192,0.0610105995126633,-0.370411783407482,-0.129377522067937,0.999998461347492
