"Posterior_Mean","Posterior_SD","Posterior_LB","Posterior_UB","prob"
-0.309522981220708,0.051117706382322,-0.415421725664856,-0.1927262207624,0.999999831674441
