"Posterior_Mean","Posterior_SD","Posterior_LB","Posterior_UB","prob"
-0.312613676746214,0.0411658679805609,-0.391085907372149,-0.225497704793454,0.999999999999912
