"Posterior_Mean","Posterior_SD","Posterior_LB","Posterior_UB","prob"
-0.226029891832702,0.0468218934634178,-0.342584783607602,-0.107259509148983,0.999999765615564
