"Posterior_Mean","Posterior_SD","Posterior_LB","Posterior_UB","prob"
-0.263721583258618,0.0613808351411379,-0.390605459760229,-0.140480145779252,0.999913474293503
