"Posterior_Mean","Posterior_SD","Posterior_LB","Posterior_UB","prob"
-0.220526803057495,0.0595533185512638,-0.336317916571965,-0.103565217563359,0.999979797618919
