"Posterior_Mean","Posterior_SD","Posterior_LB","Posterior_UB","prob"
-0.278319531213315,0.0466557942190648,-0.39931128602589,-0.161873755265452,0.999999989964926
