"Posterior_Mean","Posterior_SD","Posterior_LB","Posterior_UB","prob"
-0.316186349959834,0.05162381006881,-0.419988306561463,-0.201311739925127,0.999991249372019
