"Posterior_Mean","Posterior_SD","Posterior_LB","Posterior_UB","prob"
-0.3520284622537,0.0645948980095542,-0.503261399220546,-0.210596909988298,1
