"Posterior_Mean","Posterior_SD","Posterior_LB","Posterior_UB","prob"
-0.243770775481591,0.0430354939375296,-0.337521752836795,-0.151539857415546,0.999966958637976
