"Posterior_Mean","Posterior_SD","Posterior_LB","Posterior_UB","prob"
-0.312430379102209,0.0462895306192843,-0.415839245539862,-0.214473277612218,0.999999867478079
