"Posterior_Mean","Posterior_SD","Posterior_LB","Posterior_UB","prob"
-0.18281508990411,0.0473512382760612,-0.276404463415448,-0.0879525240954214,0.999965389920715
