"Posterior_Mean","Posterior_SD","Posterior_LB","Posterior_UB","prob"
-0.352477375222901,0.0489221364864774,-0.452527109297029,-0.254161702901437,1
