"Posterior_Mean","Posterior_SD","Posterior_LB","Posterior_UB","prob"
-0.129765867780235,0.0645054560463192,-0.302238817558898,0.00245667129825621,0.97442845438677
