"Posterior_Mean","Posterior_SD","Posterior_LB","Posterior_UB","prob"
-0.326122839177693,0.0438828192082463,-0.418383677943368,-0.213301979437309,0.999999969993722
