"Posterior_Mean","Posterior_SD","Posterior_LB","Posterior_UB","prob"
-0.283074624898777,0.0437672868038081,-0.398331175018244,-0.185358417676598,0.999982349471888
