"Posterior_Mean","Posterior_SD","Posterior_LB","Posterior_UB","prob"
-0.0125213221765217,0.0888608296717234,-0.184641038507798,0.156535301614315,0.546706290156229
