"Posterior_Mean","Posterior_SD","Posterior_LB","Posterior_UB","prob"
-0.351986430425438,0.0474152138838876,-0.456935509164648,-0.211155255743444,0.999992409196078
