"Posterior_Mean","Posterior_SD","Posterior_LB","Posterior_UB","prob"
-0.293003117593135,0.0509394204483895,-0.395685613617321,-0.190788396482459,0.999993114570576
