"Posterior_Mean","Posterior_SD","Posterior_LB","Posterior_UB","prob"
-0.327204500542988,0.0437458540718455,-0.417877596249205,-0.246950868510059,0.999999999999763
