"Posterior_Mean","Posterior_SD","Posterior_LB","Posterior_UB","prob"
-0.228462944645484,0.0515565686882473,-0.331493116431989,-0.12706132379416,0.999994873796632
