"Posterior_Mean","Posterior_SD","Posterior_LB","Posterior_UB","prob"
-0.228665887719781,0.0561607598743532,-0.342769825888507,-0.0775552380403157,0.993690542704582
