"Posterior_Mean","Posterior_SD","Posterior_LB","Posterior_UB","prob"
-0.331456253306566,0.0431951518929382,-0.416554344007704,-0.24421413159939,0.999987459493724
