"Posterior_Mean","Posterior_SD","Posterior_LB","Posterior_UB","prob"
-0.236051662513843,0.0524649133745597,-0.366291532016932,-0.0826944201057845,0.99923900185711
