"Posterior_Mean","Posterior_SD","Posterior_LB","Posterior_UB","prob"
-0.110598902066307,0.060165176145613,-0.227492801347148,0.00993281559987918,0.964173924820655
