"Posterior_Mean","Posterior_SD","Posterior_LB","Posterior_UB","prob"
-0.184186473378481,0.050829657925591,-0.283793662858145,-0.0851409206189181,0.999930064148034
