"Posterior_Mean","Posterior_SD","Posterior_LB","Posterior_UB","prob"
-0.240173722940497,0.0709877024489244,-0.385326724990778,-0.0805175661206096,0.997580674278336
