"Posterior_Mean","Posterior_SD","Posterior_LB","Posterior_UB","prob"
-0.160090590426674,0.0618098257095682,-0.348666552591369,-0.0068255199425474,0.980557190362316
