"Posterior_Mean","Posterior_SD","Posterior_LB","Posterior_UB","prob"
-0.204298584693829,0.0544251095845837,-0.315421028297025,-0.089025610517817,0.99757239651261
