"Posterior_Mean","Posterior_SD","Posterior_LB","Posterior_UB","prob"
-0.15667186684429,0.0606506686322131,-0.275725757979758,-0.0365000523452066,0.995353381654355
