"Posterior_Mean","Posterior_SD","Posterior_LB","Posterior_UB","prob"
-0.229532172749927,0.0602819872311491,-0.347390782998807,-0.110859594352292,0.999943200460582
