"Posterior_Mean","Posterior_SD","Posterior_LB","Posterior_UB","prob"
-0.0931358885575995,0.0620604748475349,-0.214887626763287,0.0290129707350865,0.936281692422527
