"Posterior_Mean","Posterior_SD","Posterior_LB","Posterior_UB","prob"
-0.244683731731766,0.0449154136357109,-0.346570806387774,-0.0971865763083062,0.998217941879505
