"Posterior_Mean","Posterior_SD","Posterior_LB","Posterior_UB","prob"
-0.212532474329981,0.0578948321383438,-0.374225242201762,-0.0665041559181173,0.997142634462948
