"Posterior_Mean","Posterior_SD","Posterior_LB","Posterior_UB","prob"
-0.342519182006129,0.0428799625451918,-0.427860752033501,-0.24668763006736,0.999999879874089
