"Posterior_Mean","Posterior_SD","Posterior_LB","Posterior_UB","prob"
-0.374002580607018,0.0468005254576731,-0.473511981246767,-0.26741767550318,1
