"Posterior_Mean","Posterior_SD","Posterior_LB","Posterior_UB","prob"
-0.357258622493879,0.043038676573158,-0.441807902881616,-0.268510469347014,0.999999967305695
