"Posterior_Mean","Posterior_SD","Posterior_LB","Posterior_UB","prob"
-0.278742987737007,0.044970944644984,-0.37457482825256,-0.154650602510617,0.997987085849616
