"Posterior_Mean","Posterior_SD","Posterior_LB","Posterior_UB","prob"
-0.18503155401474,0.0627028178605975,-0.333988886998112,-0.0583918725636988,0.999347176469733
