"Posterior_Mean","Posterior_SD","Posterior_LB","Posterior_UB","prob"
-0.0979925090793578,0.072433982838111,-0.242936743344111,0.0575457487022645,0.905209778279365
