"Posterior_Mean","Posterior_SD","Posterior_LB","Posterior_UB","prob"
-0.224416479290527,0.052249609291149,-0.330927843628132,-0.104098656866663,0.999479801179503
