"Posterior_Mean","Posterior_SD","Posterior_LB","Posterior_UB","prob"
-0.194072940073344,0.0506657383339664,-0.297568179883586,-0.0863658378299633,0.999450262737589
