"Posterior_Mean","Posterior_SD","Posterior_LB","Posterior_UB","prob"
-0.285250280784605,0.0447280650132891,-0.380159716513792,-0.140919826569586,0.999465414753717
