"Posterior_Mean","Posterior_SD","Posterior_LB","Posterior_UB","prob"
-0.335914010479867,0.0448251102907271,-0.42818748406898,-0.245125312833258,1
