"Posterior_Mean","Posterior_SD","Posterior_LB","Posterior_UB","prob"
-0.317986267051711,0.054319304041936,-0.47388753274141,-0.158128197340485,0.99991468974078
