"Posterior_Mean","Posterior_SD","Posterior_LB","Posterior_UB","prob"
-0.210439510451746,0.0556421280561222,-0.337815496879595,-0.0679511781304593,0.997858652010099
