"Posterior_Mean","Posterior_SD","Posterior_LB","Posterior_UB","prob"
-0.0221124710439605,0.0624527760999967,-0.145812176013485,0.107173040579101,0.640988654060507
