"Posterior_Mean","Posterior_SD","Posterior_LB","Posterior_UB","prob"
-0.300839542255143,0.0503857718767504,-0.401633166180113,-0.203393185370159,0.999999987415264
