"Posterior_Mean","Posterior_SD","Posterior_LB","Posterior_UB","prob"
-0.251082181487732,0.0463400960776559,-0.343300149781206,-0.145307925757241,0.999964759673672
