"Posterior_Mean","Posterior_SD","Posterior_LB","Posterior_UB","prob"
-0.285643137298086,0.0514295612412533,-0.409733360115928,-0.175843745947768,0.999999563249095
