"Posterior_Mean","Posterior_SD","Posterior_LB","Posterior_UB","prob"
-0.195402219567947,0.0544272220044993,-0.329065124092176,-0.0317504245665097,0.98976246823013
