"Posterior_Mean","Posterior_SD","Posterior_LB","Posterior_UB","prob"
-0.228499933755357,0.0572524693848757,-0.370490015868273,-0.00287637169603129,0.976321430795465
