"Posterior_Mean","Posterior_SD","Posterior_LB","Posterior_UB","prob"
-0.349424028299215,0.052488399319722,-0.457251747714789,-0.220929782610551,0.999987850818377
