"Posterior_Mean","Posterior_SD","Posterior_LB","Posterior_UB","prob"
-0.205133025896736,0.0429353072753474,-0.302039779317493,-0.0878279885767683,0.999881754933992
