"Posterior_Mean","Posterior_SD","Posterior_LB","Posterior_UB","prob"
-0.264482417021623,0.0509614885411805,-0.498681424584303,-0.104633403445618,0.999726598651781
