"Posterior_Mean","Posterior_SD","Posterior_LB","Posterior_UB","prob"
-0.175630744241225,0.0652321860391877,-0.309753448754115,-0.0120307272905079,0.980146941275241
