"Posterior_Mean","Posterior_SD","Posterior_LB","Posterior_UB","prob"
-0.272086838145928,0.0472911687790322,-0.38975000770674,-0.106557746318964,0.99930190109451
