"Posterior_Mean","Posterior_SD","Posterior_LB","Posterior_UB","prob"
-0.286621773548853,0.0440894639114557,-0.373111349092377,-0.197201696237098,0.999999923738155
