"Posterior_Mean","Posterior_SD","Posterior_LB","Posterior_UB","prob"
-0.305947892221023,0.0470892187718565,-0.400079955004034,-0.205503616978041,0.999999829128509
