"Posterior_Mean","Posterior_SD","Posterior_LB","Posterior_UB","prob"
-0.186213694842745,0.0596857745743318,-0.329979054587985,-0.0583822363524636,0.998168104270428
