"Posterior_Mean","Posterior_SD","Posterior_LB","Posterior_UB","prob"
-0.228629497200804,0.0503231289853363,-0.334361391334526,-0.131693556605857,0.999971236134637
