"Posterior_Mean","Posterior_SD","Posterior_LB","Posterior_UB","prob"
-0.170552974802186,0.0562106639717198,-0.292360135341433,-0.0406057690772774,0.993119986492434
