"Posterior_Mean","Posterior_SD","Posterior_LB","Posterior_UB","prob"
-0.405702952818963,0.0468696305568058,-0.520625959630259,-0.296144468837347,1
