"Posterior_Mean","Posterior_SD","Posterior_LB","Posterior_UB","prob"
-0.27845556418671,0.0452064312125452,-0.36851826729543,-0.179246337307748,0.999998880790065
