"Posterior_Mean","Posterior_SD","Posterior_LB","Posterior_UB","prob"
-0.20674071269291,0.0493341478535875,-0.305471371348868,-0.110466149629148,0.999999000338936
