"Posterior_Mean","Posterior_SD","Posterior_LB","Posterior_UB","prob"
-0.151241561128027,0.0507751946059539,-0.277488471099982,-0.0425500543908549,0.996679309035191
