"Posterior_Mean","Posterior_SD","Posterior_LB","Posterior_UB","prob"
-0.259458027125976,0.0558749242597254,-0.382977299598113,-0.118098758174637,0.999709499679864
