"Posterior_Mean","Posterior_SD","Posterior_LB","Posterior_UB","prob"
-0.298577359103096,0.0518996204200764,-0.402497183316884,-0.192705858668906,0.999976216182662
