"Posterior_Mean","Posterior_SD","Posterior_LB","Posterior_UB","prob"
-0.299584951847594,0.0509868426189658,-0.402128486300942,-0.191732686966081,0.999987824435307
