"Posterior_Mean","Posterior_SD","Posterior_LB","Posterior_UB","prob"
-0.194681212747463,0.0583438624108619,-0.34678208400662,-0.0471249812692775,0.996038355299716
