"Posterior_Mean","Posterior_SD","Posterior_LB","Posterior_UB","prob"
-0.121736041175582,0.0844954111269666,-0.291034775711563,0.0464130310959845,0.920334935483217
