"Posterior_Mean","Posterior_SD","Posterior_LB","Posterior_UB","prob"
-0.276210131351775,0.0482303779035944,-0.367461829397002,-0.176648153160467,0.999998608204178
