"Posterior_Mean","Posterior_SD","Posterior_LB","Posterior_UB","prob"
-0.297477368747217,0.0456004225179657,-0.397687904125238,-0.191820364044002,0.99995344580449
