"Posterior_Mean","Posterior_SD","Posterior_LB","Posterior_UB","prob"
-0.235980744770781,0.0541027476994449,-0.348580533485663,-0.0970904924875654,0.998709748583507
