"Posterior_Mean","Posterior_SD","Posterior_LB","Posterior_UB","prob"
-0.292353268734086,0.0424164557565974,-0.377608297237467,-0.189819699038033,0.999999627371809
