"Posterior_Mean","Posterior_SD","Posterior_LB","Posterior_UB","prob"
-0.094545292957877,0.0612481569997998,-0.212882124573964,0.0276929124182721,0.935850535465046
