"Posterior_Mean","Posterior_SD","Posterior_LB","Posterior_UB","prob"
-0.2266828602419,0.0486795998444422,-0.321760168586901,-0.130563520253598,0.999993649096812
