"Posterior_Mean","Posterior_SD","Posterior_LB","Posterior_UB","prob"
-0.212106630893649,0.0499094482628109,-0.314514940492407,-0.108955197313074,0.999936942574041
