"Posterior_Mean","Posterior_SD","Posterior_LB","Posterior_UB","prob"
-0.225165428836021,0.050363508311373,-0.327117928705311,-0.125775575998433,0.999962407138384
