"Posterior_Mean","Posterior_SD","Posterior_LB","Posterior_UB","prob"
-0.286909106771959,0.0503697851686958,-0.384660361690925,-0.188551609535043,1
