"Posterior_Mean","Posterior_SD","Posterior_LB","Posterior_UB","prob"
-0.240944634763826,0.0535104389709474,-0.370134969301948,-0.100607075236722,0.999559966389695
