"Posterior_Mean","Posterior_SD","Posterior_LB","Posterior_UB","prob"
-0.273341433437189,0.0438307721085534,-0.364313932575283,-0.182008498206631,0.999990477144452
