"Posterior_Mean","Posterior_SD","Posterior_LB","Posterior_UB","prob"
-0.240632475936917,0.048625573230567,-0.362794579454084,-0.129123440430833,0.999997742868604
