"Posterior_Mean","Posterior_SD","Posterior_LB","Posterior_UB","prob"
-0.222112861899757,0.0518046279932072,-0.328094495855797,-0.105148571792706,0.996788520304717
