"Posterior_Mean","Posterior_SD","Posterior_LB","Posterior_UB","prob"
-0.20378898712755,0.0455240651675648,-0.313939954807421,-0.0732185547888893,0.998714314285515
