"Posterior_Mean","Posterior_SD","Posterior_LB","Posterior_UB","prob"
-0.250993709978324,0.0505163366742118,-0.352605022801483,-0.146309137502995,0.999993765144265
