"Posterior_Mean","Posterior_SD","Posterior_LB","Posterior_UB","prob"
-0.379937498683012,0.0439210963204722,-0.472712898526197,-0.294159084456798,1
