"Posterior_Mean","Posterior_SD","Posterior_LB","Posterior_UB","prob"
-0.255261409249772,0.0490678565536981,-0.352567306077859,-0.153142706233086,0.999941396385383
