"Posterior_Mean","Posterior_SD","Posterior_LB","Posterior_UB","prob"
-0.254602168767828,0.062038198727858,-0.382221762468411,-0.1009297619541,0.998238720273057
