"Posterior_Mean","Posterior_SD","Posterior_LB","Posterior_UB","prob"
-0.350799556474192,0.0440114084549798,-0.442535875677733,-0.228781741672771,0.999997402183443
