"Posterior_Mean","Posterior_SD","Posterior_LB","Posterior_UB","prob"
-0.420247689865723,0.0538236042991451,-0.544520905085036,-0.283257422223741,1
