"Posterior_Mean","Posterior_SD","Posterior_LB","Posterior_UB","prob"
-0.235075689125465,0.0513205511870552,-0.341508653020064,-0.1305776203839,0.999897176407031
