"Posterior_Mean","Posterior_SD","Posterior_LB","Posterior_UB","prob"
-0.229352544856871,0.0499767394482002,-0.338553142113775,-0.122343101020485,0.999837417494431
