"Posterior_Mean","Posterior_SD","Posterior_LB","Posterior_UB","prob"
-0.367019001445164,0.0437681240694222,-0.454310179815691,-0.273977724157204,0.999999643794973
