"Posterior_Mean","Posterior_SD","Posterior_LB","Posterior_UB","prob"
-0.324056942615042,0.0482362232653449,-0.434963634017518,-0.218959765285403,0.999999999667893
