"Posterior_Mean","Posterior_SD","Posterior_LB","Posterior_UB","prob"
-0.260734654070006,0.0484384097549085,-0.375921689349482,-0.156801371647066,0.999998603765243
