"Posterior_Mean","Posterior_SD","Posterior_LB","Posterior_UB","prob"
-0.255329690620583,0.0491759760937861,-0.351882230936597,-0.158523889583876,0.999984306548203
