"Posterior_Mean","Posterior_SD","Posterior_LB","Posterior_UB","prob"
-0.24656754681174,0.0527408920640127,-0.364943971804538,-0.107300374613192,0.999409824220605
