"Posterior_Mean","Posterior_SD","Posterior_LB","Posterior_UB","prob"
-0.305433151247434,0.0459692744694361,-0.400338399535056,-0.139764064702662,0.997102773667069
