"Posterior_Mean","Posterior_SD","Posterior_LB","Posterior_UB","prob"
-0.244285822822927,0.0565164913330444,-0.425508751941609,-0.0834700058819249,0.999177362735531
