"Posterior_Mean","Posterior_SD","Posterior_LB","Posterior_UB","prob"
-0.22335606591638,0.048324077704665,-0.331755405528178,-0.114364229725455,0.998858401202315
