"Posterior_Mean","Posterior_SD","Posterior_LB","Posterior_UB","prob"
-0.236519066464211,0.049774660255905,-0.337260531803828,-0.133078068668666,0.999997376276226
