"Posterior_Mean","Posterior_SD","Posterior_LB","Posterior_UB","prob"
-0.1653066770423,0.0617777929450265,-0.307819715820865,-0.00583872412623317,0.978518626470371
