"Posterior_Mean","Posterior_SD","Posterior_LB","Posterior_UB","prob"
-0.327807672845985,0.0426787252043067,-0.416075308519573,-0.249376972462255,1
