"Posterior_Mean","Posterior_SD","Posterior_LB","Posterior_UB","prob"
-0.251817353027785,0.0507477849384829,-0.352929557117977,-0.137557517654004,0.999927977200914
