"Posterior_Mean","Posterior_SD","Posterior_LB","Posterior_UB","prob"
-0.387646313267484,0.0471099833672262,-0.482216632766384,-0.278174103963437,1
