"Posterior_Mean","Posterior_SD","Posterior_LB","Posterior_UB","prob"
-0.206006505865151,0.0496069737041717,-0.302374015333853,-0.110264788032197,0.999964446985939
