"Posterior_Mean","Posterior_SD","Posterior_LB","Posterior_UB","prob"
-0.289201885635487,0.0556980970873158,-0.400499358158657,-0.162665678977035,1
