"Posterior_Mean","Posterior_SD","Posterior_LB","Posterior_UB","prob"
-0.285709010479423,0.0440165467550181,-0.379449907787064,-0.174790951673586,0.999984813305575
