"Posterior_Mean","Posterior_SD","Posterior_LB","Posterior_UB","prob"
-0.0792618011344897,0.0855351374736943,-0.246029575136464,0.0895989562623574,0.825333333333333
