"Posterior_Mean","Posterior_SD","Posterior_LB","Posterior_UB","prob"
-0.249884979839652,0.0554957998919074,-0.372437134860409,-0.128931298436761,0.999960308617181
