"Posterior_Mean","Posterior_SD","Posterior_LB","Posterior_UB","prob"
-0.270866345781479,0.0575097677866204,-0.417434911134692,-0.0744505685310279,0.995385561647878
