"Posterior_Mean","Posterior_SD","Posterior_LB","Posterior_UB","prob"
-0.262316576658519,0.0508466230926439,-0.363957120521244,-0.164738188983833,0.999999220849628
