"Posterior_Mean","Posterior_SD","Posterior_LB","Posterior_UB","prob"
-0.276565172096577,0.0527348175647138,-0.380565090403538,-0.161679571742212,0.99995445816654
