"Posterior_Mean","Posterior_SD","Posterior_LB","Posterior_UB","prob"
-0.246098971989566,0.0489882454250645,-0.341711828428187,-0.148892497124699,0.999999988957791
