"Posterior_Mean","Posterior_SD","Posterior_LB","Posterior_UB","prob"
-0.166621137001957,0.0747658323475312,-0.321263457245123,-0.0106355290731511,0.984112619573202
