"Posterior_Mean","Posterior_SD","Posterior_LB","Posterior_UB","prob"
-0.271967448185141,0.0500699345714895,-0.370454198232783,-0.173910830679844,0.999997479607646
