"Posterior_Mean","Posterior_SD","Posterior_LB","Posterior_UB","prob"
-0.173722556726374,0.0538085083557733,-0.285063719818744,-0.0610907665136002,0.997927181943307
