"Posterior_Mean","Posterior_SD","Posterior_LB","Posterior_UB","prob"
-0.337185745048076,0.0420612909729916,-0.426093664327327,-0.255883736733336,0.999999996836748
