"Posterior_Mean","Posterior_SD","Posterior_LB","Posterior_UB","prob"
-0.244759548794205,0.0514904429179337,-0.354087990458808,-0.127255404860551,0.999888719681119
