"Posterior_Mean","Posterior_SD","Posterior_LB","Posterior_UB","prob"
-0.275917849823345,0.0501501205588771,-0.372997179548083,-0.180041495612473,0.999999370901522
