"Posterior_Mean","Posterior_SD","Posterior_LB","Posterior_UB","prob"
-0.338501380788411,0.0439100122595689,-0.434554934620597,-0.246807353129875,1
