"Posterior_Mean","Posterior_SD","Posterior_LB","Posterior_UB","prob"
-0.286378705595133,0.0509629115544855,-0.411536667056493,-0.179732888732279,0.99999763395833
