"Posterior_Mean","Posterior_SD","Posterior_LB","Posterior_UB","prob"
-0.290874056502912,0.0430393858562357,-0.373542189447747,-0.206645288967913,0.999999986353876
