"Posterior_Mean","Posterior_SD","Posterior_LB","Posterior_UB","prob"
-0.301896893483379,0.0518654014904148,-0.409198186654854,-0.185117634121083,0.999998721772733
