"Posterior_Mean","Posterior_SD","Posterior_LB","Posterior_UB","prob"
-0.193934902717052,0.0510494897240429,-0.298519572491178,-0.0756675929958651,0.99811142885882
