"Posterior_Mean","Posterior_SD","Posterior_LB","Posterior_UB","prob"
-0.243946954273128,0.044238360843544,-0.341763008356453,-0.125382133083549,0.999995679150019
