"Posterior_Mean","Posterior_SD","Posterior_LB","Posterior_UB","prob"
-0.253287615326151,0.0608230357431373,-0.37788706739521,-0.126308677339954,0.999978652887323
