"Posterior_Mean","Posterior_SD","Posterior_LB","Posterior_UB","prob"
-0.263973014771747,0.0427751887065242,-0.349947764689892,-0.180812802234597,0.999997294829414
