"Posterior_Mean","Posterior_SD","Posterior_LB","Posterior_UB","prob"
-0.184977073121628,0.0413849096791883,-0.264789024323105,-0.101148614105475,0.999923779963882
