"Posterior_Mean","Posterior_SD","Posterior_LB","Posterior_UB","prob"
-0.214786861880178,0.0439033907030417,-0.300642193333524,-0.128625550785435,0.999999632394834
