"Posterior_Mean","Posterior_SD","Posterior_LB","Posterior_UB","prob"
-0.227819826181104,0.0538262233093069,-0.334170058695592,-0.116479485114081,0.99980812228617
