"Posterior_Mean","Posterior_SD","Posterior_LB","Posterior_UB","prob"
-0.286161481995598,0.0442968236146181,-0.374679400154867,-0.193432328558803,0.999999551932993
