"Posterior_Mean","Posterior_SD","Posterior_LB","Posterior_UB","prob"
-0.174431743489936,0.0487063494392505,-0.26876847176042,-0.0729845260363825,0.999487487265015
