"","Posterior_Mean","Posterior_SD","Posterior_LB","Posterior_UB"
"1",0.0192382286764388,0.0445646558238638,-0.0664689965170198,0.108001804396767
