"Posterior_Mean","Posterior_SD","Posterior_LB","Posterior_UB","prob"
-0.171817664450598,0.0469971999449891,-0.279382176120511,-0.0567935690259206,0.99816566733743
