"","Posterior_Mean","Posterior_SD","Posterior_LB","Posterior_UB"
"1",-0.00360635136736751,0.0447811218790012,-0.0925304783858708,0.0867018817113548
