"Posterior_Mean","Posterior_SD","Posterior_LB","Posterior_UB","prob"
-0.235042610069916,0.0415365259206396,-0.31824655196817,-0.154879881697778,0.999999534863673
