"Posterior_Mean","Posterior_SD","Posterior_LB","Posterior_UB","prob"
-0.20833170874288,0.0473928526048181,-0.300918198274038,-0.114785535789063,0.999997842377037
