"Posterior_Mean","Posterior_SD","Posterior_LB","Posterior_UB","prob"
-0.232532745055562,0.0459217974809,-0.325712459596275,-0.139554268746973,0.999998492285047
