"Posterior_Mean","Posterior_SD","Posterior_LB","Posterior_UB","prob"
-0.253297940531541,0.0431018177140543,-0.341846092889467,-0.166251204515058,1
