"Posterior_Mean","Posterior_SD","Posterior_LB","Posterior_UB","prob"
-0.245096878556836,0.0456823089248729,-0.340649790909484,-0.139053633149298,0.999997553248988
