"Posterior_Mean","Posterior_SD","Posterior_LB","Posterior_UB","prob"
-0.269293265544441,0.0444927688477717,-0.35649929405936,-0.183818270762437,0.999999999158744
