"Posterior_Mean","Posterior_SD","Posterior_LB","Posterior_UB","prob"
-0.203153082311559,0.0447047162405902,-0.299323312726314,-0.114805312056959,0.99995404219032
