"Posterior_Mean","Posterior_SD","Posterior_LB","Posterior_UB","prob"
-0.178613817667958,0.0430010162610888,-0.267014254739013,-0.095608428231336,0.999999546913571
