"Posterior_Mean","Posterior_SD","Posterior_LB","Posterior_UB","prob"
-0.176444795331036,0.0442181782927375,-0.261299572362649,-0.082689248927888,0.999704911106579
