"Posterior_Mean","Posterior_SD","Posterior_LB","Posterior_UB","prob"
-0.233116515907869,0.0423499202585342,-0.318524857092303,-0.14497992334517,0.999999990912882
