"Posterior_Mean","Posterior_SD","Posterior_LB","Posterior_UB","prob"
-0.24625632920862,0.0457547067176773,-0.33668437696036,-0.155834368949169,0.999998425492049
