"Posterior_Mean","Posterior_SD","Posterior_LB","Posterior_UB","prob"
-0.262796016997789,0.0430987011446883,-0.344215370306769,-0.180787227330295,0.999999995438169
