"Posterior_Mean","Posterior_SD","Posterior_LB","Posterior_UB","prob"
-0.260728427810719,0.0640133291390222,-0.468521376898014,-0.111448134087353,1
