"Posterior_Mean","Posterior_SD","Posterior_LB","Posterior_UB","prob"
-0.305152360336674,0.0419230582465475,-0.390435591463366,-0.220071440905467,0.999999993205612
