"Posterior_Mean","Posterior_SD","Posterior_LB","Posterior_UB","prob"
-0.226431381014362,0.0440453455331825,-0.31482849536779,-0.141249516595183,0.999999977618083
