"Posterior_Mean","Posterior_SD","Posterior_LB","Posterior_UB","prob"
-0.193478262628014,0.0433811885053011,-0.28063316868417,-0.108360721743117,0.999999059108997
