"Posterior_Mean","Posterior_SD","Posterior_LB","Posterior_UB","prob"
-0.238909246145374,0.050699914234364,-0.345563135392183,-0.136650891185156,0.999983808731114
