"Posterior_Mean","Posterior_SD","Posterior_LB","Posterior_UB","prob"
-0.228170732286711,0.0450531282836057,-0.319062116242776,-0.135019816682843,0.999994992899359
