"Posterior_Mean","Posterior_SD","Posterior_LB","Posterior_UB","prob"
-0.234133095195144,0.0463274613945885,-0.339431733833724,-0.141810599687288,1
