"Posterior_Mean","Posterior_SD","Posterior_LB","Posterior_UB","prob"
-0.231758166940634,0.0447460599520858,-0.323785387660779,-0.138584491946914,0.999910999575506
