"Posterior_Mean","Posterior_SD","Posterior_LB","Posterior_UB","prob"
-0.141625437091172,0.0417938709837299,-0.228651884907222,-0.0604763156584805,0.999941131841064
