"Posterior_Mean","Posterior_SD","Posterior_LB","Posterior_UB","prob"
-0.14304143701002,0.0474579480503476,-0.253078656936187,-0.0388559954082886,0.996282221549711
