"Posterior_Mean","Posterior_SD","Posterior_LB","Posterior_UB","prob"
-0.227536699931084,0.0430306175661281,-0.315542128807571,-0.138064234108508,0.999999059534824
