"Posterior_Mean","Posterior_SD","Posterior_LB","Posterior_UB","prob"
-0.2288246699104,0.0441810896758506,-0.315874280746122,-0.139697310991504,0.999999613314984
