"Posterior_Mean","Posterior_SD","Posterior_LB","Posterior_UB","prob"
-0.0367352544227929,0.0809083137971556,-0.215893803142381,0.156722748055997,0.65534857129844
