"Posterior_Mean","Posterior_SD","Posterior_LB","Posterior_UB","prob"
0.0239886536922873,0.0678167110613505,-0.109653893633348,0.187030177230601,0.382459714694053
