"Posterior_Mean","Posterior_SD","Posterior_LB","Posterior_UB","prob"
-0.109572255077902,0.067015291684092,-0.263349955778229,0.103428228475221,0.878061840109297
