"Posterior_Mean","Posterior_SD","Posterior_LB","Posterior_UB","prob"
0.0759607227439941,0.0921516649725388,-0.114003202884923,0.254953429487024,0.201311937109587
