"Posterior_Mean","Posterior_SD","Posterior_LB","Posterior_UB","prob"
-0.0527602847314009,0.0644301299482434,-0.177850841103132,0.0756277637112711,0.79139029862716
