"Posterior_Mean","Posterior_SD","Posterior_LB","Posterior_UB","prob"
0.0473189275295264,0.0769488259388708,-0.112888346553747,0.227598867079481,0.306586407629177
