"Posterior_Mean","Posterior_SD","Posterior_LB","Posterior_UB","prob"
-0.0458114966728395,0.0889530593260965,-0.236852282313117,0.136249880865568,0.685606150244605
