"Posterior_Mean","Posterior_SD","Posterior_LB","Posterior_UB","prob"
-0.0889299074784528,0.0702455690494409,-0.257112110121859,0.14184438745667,0.809129885874618
