"Posterior_Mean","Posterior_SD","Posterior_LB","Posterior_UB","prob"
-0.121111614390247,0.0793074765721247,-0.280996720464527,0.0553880895224209,0.912513184746947
