"Posterior_Mean","Posterior_SD","Posterior_LB","Posterior_UB","prob"
-0.111000091773506,0.0633245128786892,-0.287941164076016,0.111568191934717,0.845939070096207
