"Posterior_Mean","Posterior_SD","Posterior_LB","Posterior_UB","prob"
-0.0551258782968726,0.0876342981188838,-0.233854417547165,0.12629262230046,0.711596865505178
