"Posterior_Mean","Posterior_SD","Posterior_LB","Posterior_UB","prob"
-0.137599839910687,0.064809403182837,-0.269880280444174,0.00422414882857891,0.971349577577265
