"Posterior_Mean","Posterior_SD","Posterior_LB","Posterior_UB","prob"
-0.0861813495517295,0.063323402602784,-0.21231905284039,0.0753305346340093,0.893157528342877
