"Posterior_Mean","Posterior_SD","Posterior_LB","Posterior_UB","prob"
-0.0684567061297755,0.0737448554371818,-0.239079351919196,0.141940124351146,0.742714856774656
