"Posterior_Mean","Posterior_SD","Posterior_LB","Posterior_UB","prob"
0.0675943382308831,0.0884613957571597,-0.13454008845815,0.24670656807591,0.22863522305684
