"Posterior_Mean","Posterior_SD","Posterior_LB","Posterior_UB","prob"
-0.147188248599657,0.0626173573422518,-0.296203178986681,0.0970706003582658,0.887534790874979
