"Posterior_Mean","Posterior_SD","Posterior_LB","Posterior_UB","prob"
-0.107273397666723,0.0561488700950141,-0.218126213307016,0.0161049086643777,0.956399700490255
