"Posterior_Mean","Posterior_SD","Posterior_LB","Posterior_UB","prob"
0.140421344824297,0.184933661161507,-0.241230837263472,0.518106475129437,0.224794919788541
