"Posterior_Mean","Posterior_SD","Posterior_LB","Posterior_UB","prob"
0.206056427672349,0.225927382855538,-0.232264866176974,0.648067122437393,0.193533957403707
