"Posterior_Mean","Posterior_SD","Posterior_LB","Posterior_UB","prob"
0.767659334746765,0.246373862622531,0.281434185214327,1.27612297932037,0.000646518621417168
