"Posterior_Mean","Posterior_SD","Posterior_LB","Posterior_UB","prob"
-0.0915331930577785,0.199810618369287,-0.493506266897787,0.325330385928706,0.680813697506683
