"Posterior_Mean","Posterior_SD","Posterior_LB","Posterior_UB","prob"
-0.272383233665398,0.209576972720931,-0.671662686589976,0.150780755207876,0.897372728205908
