"Posterior_Mean","Posterior_SD","Posterior_LB","Posterior_UB","prob"
0.160728996480653,0.235678761053548,-0.327095612479154,0.642376273934244,0.260571240321195
