"Posterior_Mean","Posterior_SD","Posterior_LB","Posterior_UB","prob"
-0.0989045229620969,0.248778918225103,-0.581427605721344,0.393950645173225,0.656122106631461
