"Posterior_Mean","Posterior_SD","Posterior_LB","Posterior_UB","prob"
-0.110964582948723,0.196336711274118,-0.505665175525347,0.317883237080099,0.708488616117417
