"Posterior_Mean","Posterior_SD","Posterior_LB","Posterior_UB","prob"
-0.328682360110119,0.216873425516673,-0.765194027555916,0.125004839517264,0.91963924415938
