"Posterior_Mean","Posterior_SD","Posterior_LB","Posterior_UB","prob"
0.200446311759744,0.231098757246423,-0.24352577535878,0.671158617071146,0.19072079150898
