"Posterior_Mean","Posterior_SD","Posterior_LB","Posterior_UB","prob"
-0.323354507581913,0.20009528292928,-0.716466457710867,0.102802760239598,0.934079419716645
