"Posterior_Mean","Posterior_SD","Posterior_LB","Posterior_UB","prob"
0.122992717216722,0.209615168506351,-0.327824611022193,0.547388287640048,0.278433879418324
