"Posterior_Mean","Posterior_SD","Posterior_LB","Posterior_UB","prob"
0.085859961278864,0.242426820479005,-0.38162991777543,0.559707364255353,0.369543029967077
