"Posterior_Mean","Posterior_SD","Posterior_LB","Posterior_UB","prob"
0.0314948248759832,0.226710644587243,-0.414266870099056,0.470351984800526,0.447825868057419
