"Posterior_Mean","Posterior_SD","Posterior_LB","Posterior_UB","prob"
0.0932541933198414,0.214134057810506,-0.383686146105124,0.592350703638965,0.356161377195064
