"Posterior_Mean","Posterior_SD","Posterior_LB","Posterior_UB","prob"
0.310757080045553,0.231367736331622,-0.166517543532827,0.77829973175558,0.112895807701945
