"Posterior_Mean","Posterior_SD","Posterior_LB","Posterior_UB","prob"
0.236463674305346,0.218657817000481,-0.220337464338542,0.715457938665713,0.166367744975933
