"Posterior_Mean","Posterior_SD","Posterior_LB","Posterior_UB","prob"
-0.183891800714575,0.0429916439079093,-0.269024374132412,-0.0994787745032279,0.999999848520249
