"Posterior_Mean","Posterior_SD","Posterior_LB","Posterior_UB","prob"
-0.209704467414211,0.043589161740173,-0.292104782127801,-0.126078449795829,0.99999983871902
