"Posterior_Mean","Posterior_SD","Posterior_LB","Posterior_UB","prob"
-0.252996068668114,0.0457791871762812,-0.346399706115104,-0.163242645405002,1
