"Posterior_Mean","Posterior_SD","Posterior_LB","Posterior_UB","prob"
-0.191092606211622,0.0411940902815551,-0.26984295293635,-0.109440615761139,0.999999999949263
