"Posterior_Mean","Posterior_SD","Posterior_LB","Posterior_UB","prob"
-0.25612569910933,0.0482643297651075,-0.386822815603088,-0.151221591435487,0.999994283954275
