"Posterior_Mean","Posterior_SD","Posterior_LB","Posterior_UB","prob"
-0.233288941006512,0.0441683590624134,-0.317842121618041,-0.147412627846752,1
