"Posterior_Mean","Posterior_SD","Posterior_LB","Posterior_UB","prob"
-0.221655697263943,0.0424950657423371,-0.304974886468687,-0.136598813725331,0.999999995863727
