"Posterior_Mean","Posterior_SD","Posterior_LB","Posterior_UB","prob"
-0.25539931193141,0.0434662813585336,-0.340506488403898,-0.168193838907925,0.999999891505491
