"Posterior_Mean","Posterior_SD","Posterior_LB","Posterior_UB","prob"
-0.181111698489259,0.0416119567920853,-0.263146433225754,-0.0985283275257036,0.999999999658781
