"Posterior_Mean","Posterior_SD","Posterior_LB","Posterior_UB","prob"
-0.259549197780592,0.0454640438862969,-0.358000375717877,-0.169252746002592,1
