"Posterior_Mean","Posterior_SD","Posterior_LB","Posterior_UB","prob"
-0.222553170350329,0.0580694832097017,-0.345290133353605,-0.102024935268248,0.999760238020531
