"Posterior_Mean","Posterior_SD","Posterior_LB","Posterior_UB","prob"
-0.242426542129288,0.042481866041171,-0.324836350911836,-0.156299964774814,0.999999792639678
