"Posterior_Mean","Posterior_SD","Posterior_LB","Posterior_UB","prob"
-0.247532251970168,0.043868787132752,-0.334752225140297,-0.161333056728084,1
