"Posterior_Mean","Posterior_SD","Posterior_LB","Posterior_UB","prob"
-0.177852469466249,0.0414459365243863,-0.259250344333852,-0.0974901776496642,0.999925471800434
