"Posterior_Mean","Posterior_SD","Posterior_LB","Posterior_UB","prob"
-0.165635693609071,0.0437455805102794,-0.253189448835751,-0.0785744102818081,0.999422275676275
