"Posterior_Mean","Posterior_SD","Posterior_LB","Posterior_UB","prob"
-0.26163549269049,0.0428479405413456,-0.345551600724168,-0.178675057706271,1
