"Posterior_Mean","Posterior_SD","Posterior_LB","Posterior_UB","prob"
-0.249801926947862,0.0430828613941816,-0.335111340914758,-0.163376919405171,0.999999871890216
