"Posterior_Mean","Posterior_SD","Posterior_LB","Posterior_UB","prob"
-0.29407510376693,0.0410416652651549,-0.371647790973049,-0.213216894445659,1
