"Posterior_Mean","Posterior_SD","Posterior_LB","Posterior_UB","prob"
-0.229765144693741,0.0450644007884693,-0.316661500773889,-0.140668389185624,0.999999461491299
