"Posterior_Mean","Posterior_SD","Posterior_LB","Posterior_UB","prob"
-0.171805197786197,0.0428960965272654,-0.256566261908651,-0.0897115978972093,0.999999110809022
