"Posterior_Mean","Posterior_SD","Posterior_LB","Posterior_UB","prob"
-0.288061297254505,0.0451206384336642,-0.379017477283941,-0.201612174895398,1
