"Posterior_Mean","Posterior_SD","Posterior_LB","Posterior_UB","prob"
-0.11348081269026,0.0500250157831858,-0.246990365692476,0.07583503569002,0.882349897227892
