"Posterior_Mean","Posterior_SD","Posterior_LB","Posterior_UB","prob"
-0.237318560513058,0.0444400230084768,-0.328312498533342,-0.146651636093309,0.999985002177124
