"Posterior_Mean","Posterior_SD","Posterior_LB","Posterior_UB","prob"
-0.186424502860257,0.0429812723348293,-0.271977305016143,-0.101255877652638,0.999999998612747
