"Posterior_Mean","Posterior_SD","Posterior_LB","Posterior_UB","prob"
-0.231004244317474,0.0410919743145592,-0.314425906833963,-0.149572926255158,0.99999955330191
