"Posterior_Mean","Posterior_SD","Posterior_LB","Posterior_UB","prob"
-0.124176362868516,0.043059256028664,-0.213182644220176,-0.0432414160572558,0.996998767116745
