"Posterior_Mean","Posterior_SD","Posterior_LB","Posterior_UB","prob"
-0.16366939214895,0.0414068679927823,-0.241150514570269,-0.0766494125553547,0.999487317207882
