"Posterior_Mean","Posterior_SD","Posterior_LB","Posterior_UB","prob"
-0.206462053567287,0.0421594895924078,-0.29123897972778,-0.12544673403,0.999999999758269
