"Posterior_Mean","Posterior_SD","Posterior_LB","Posterior_UB","prob"
-0.151348673404721,0.044577385601398,-0.247695429430689,-0.0597591469738515,0.999488071409937
