"Posterior_Mean","Posterior_SD","Posterior_LB","Posterior_UB","prob"
-0.204220959287749,0.0421075874539896,-0.28626959178571,-0.120629197122372,0.999999999955356
