"Posterior_Mean","Posterior_SD","Posterior_LB","Posterior_UB","prob"
-0.181259981460114,0.044937503740187,-0.268300413544778,-0.0871667680697407,0.999525899734726
