"Posterior_Mean","Posterior_SD","Posterior_LB","Posterior_UB","prob"
-0.230946544901987,0.0418348630082134,-0.313354442159377,-0.147959360526364,0.999999998714365
