"Posterior_Mean","Posterior_SD","Posterior_LB","Posterior_UB","prob"
-0.288776470339836,0.0430126224065535,-0.371707657771693,-0.200397966618779,1
