"Posterior_Mean","Posterior_SD","Posterior_LB","Posterior_UB","prob"
-0.238365286569361,0.0445576381786987,-0.323365772068662,-0.154707550333485,1
