"Posterior_Mean","Posterior_SD","Posterior_LB","Posterior_UB","prob"
-0.216604178484893,0.0430626806098266,-0.298792795610859,-0.133574386407071,0.999999999990782
