"Posterior_Mean","Posterior_SD","Posterior_LB","Posterior_UB","prob"
-0.260087948242858,0.0443557327024727,-0.346693493166296,-0.172023012472077,0.999999502775307
