"Posterior_Mean","Posterior_SD","Posterior_LB","Posterior_UB","prob"
-0.20999308600057,0.0442929395216807,-0.293784371218071,-0.121985036462406,0.999999997119058
