"Posterior_Mean","Posterior_SD","Posterior_LB","Posterior_UB","prob"
-0.202303619749889,0.0424520922650155,-0.283704254090455,-0.117639386185737,0.9999999996275
