"Posterior_Mean","Posterior_SD","Posterior_LB","Posterior_UB","prob"
-0.188517445982475,0.0431655604391846,-0.277284169141721,-0.103396964463947,0.999931841292523
