"Posterior_Mean","Posterior_SD","Posterior_LB","Posterior_UB","prob"
-0.220705135779796,0.0424292532063112,-0.306160789892194,-0.137178192807313,0.999998918737923
