"Posterior_Mean","Posterior_SD","Posterior_LB","Posterior_UB","prob"
-0.164592217989532,0.0449422958764473,-0.252619262961862,-0.0722119770069027,0.999642078587427
