"Posterior_Mean","Posterior_SD","Posterior_LB","Posterior_UB","prob"
-0.267896488019217,0.0495939775715571,-0.384519616766918,-0.171813859246488,1
