"Posterior_Mean","Posterior_SD","Posterior_LB","Posterior_UB","prob"
-0.180661390369284,0.0445283326505815,-0.270906784183369,-0.0932687515916951,0.999991341692357
