"Posterior_Mean","Posterior_SD","Posterior_LB","Posterior_UB","prob"
-0.225415915875708,0.0421660089804367,-0.305121119761051,-0.140231176970132,0.999999993867694
