"Posterior_Mean","Posterior_SD","Posterior_LB","Posterior_UB","prob"
-0.135796155209917,0.0420930601868257,-0.221769268866168,-0.0536369915296384,0.999480139052951
