"Posterior_Mean","Posterior_SD","Posterior_LB","Posterior_UB","prob"
-0.258372153801073,0.0582712620972121,-0.376416791037363,-0.117713867629175,0.998694454853008
