"Posterior_Mean","Posterior_SD","Posterior_LB","Posterior_UB","prob"
-0.0980893053067079,0.0423368513968568,-0.183326533368823,-0.0159260351503114,0.99316613078819
