"Posterior_Mean","Posterior_SD","Posterior_LB","Posterior_UB","prob"
-0.237810380149686,0.0422693177795368,-0.322834568383202,-0.154218498158678,0.999999999984616
