"Posterior_Mean","Posterior_SD","Posterior_LB","Posterior_UB","prob"
-0.216486797527738,0.0433109932102279,-0.297346588906544,-0.131209952263055,0.999999820129404
