"Posterior_Mean","Posterior_SD","Posterior_LB","Posterior_UB","prob"
-0.287657946970211,0.043130650393217,-0.373785863702925,-0.202529000780139,0.999999999993367
