"Posterior_Mean","Posterior_SD","Posterior_LB","Posterior_UB","prob"
-0.178428606312163,0.0445119921360425,-0.283460877735856,-0.086116937548876,0.999970640594625
