"Posterior_Mean","Posterior_SD","Posterior_LB","Posterior_UB","prob"
-0.204048800628103,0.0441228057035975,-0.290924903261591,-0.116562678694206,0.999999999801375
