"Posterior_Mean","Posterior_SD","Posterior_LB","Posterior_UB","prob"
-0.196856583248087,0.0438501667959814,-0.279359512472174,-0.111213208907426,0.999999450335335
