"Posterior_Mean","Posterior_SD","Posterior_LB","Posterior_UB","prob"
-0.205244776052969,0.042708011291801,-0.285550805867041,-0.123289680182192,0.999977047630446
