"Posterior_Mean","Posterior_SD","Posterior_LB","Posterior_UB","prob"
-0.324638699062466,0.0420286199611454,-0.406235514699311,-0.240718491900716,0.999999999961845
