"Posterior_Mean","Posterior_SD","Posterior_LB","Posterior_UB","prob"
-0.254763325059762,0.0438129719323664,-0.338546883391213,-0.168226801003498,0.999999999994447
