"Posterior_Mean","Posterior_SD","Posterior_LB","Posterior_UB","prob"
-0.167083358477268,0.0415306903284928,-0.247811349920078,-0.0853476619186145,0.999998588963563
