"Posterior_Mean","Posterior_SD","Posterior_LB","Posterior_UB","prob"
-0.175494229283801,0.0422378374404933,-0.257149490216282,-0.0917447335008341,0.999500273853341
