"Posterior_Mean","Posterior_SD","Posterior_LB","Posterior_UB","prob"
-0.180074226287078,0.0436319038787237,-0.26515770633057,-0.0926790514361054,0.999989800274425
