"Posterior_Mean","Posterior_SD","Posterior_LB","Posterior_UB","prob"
-0.289888993490338,0.043192826157735,-0.377301140447409,-0.204028049022674,1
