"Posterior_Mean","Posterior_SD","Posterior_LB","Posterior_UB","prob"
-0.284680670781184,0.0427287913722453,-0.370760952655837,-0.202121707400668,0.999999999983487
