"Posterior_Mean","Posterior_SD","Posterior_LB","Posterior_UB","prob"
-0.16992963784019,0.0438209858519601,-0.256754927624014,-0.07735331242488,0.999274212440701
