"Posterior_Mean","Posterior_SD","Posterior_LB","Posterior_UB","prob"
-0.222843336113664,0.0430749974500082,-0.306527805097403,-0.137694895752858,0.999999992195014
