"Posterior_Mean","Posterior_SD","Posterior_LB","Posterior_UB","prob"
-0.217794792332772,0.0462330280845734,-0.314623605389781,-0.104549125437178,0.99908650495851
