"Posterior_Mean","Posterior_SD","Posterior_LB","Posterior_UB","prob"
-0.184156630982727,0.0405416577668964,-0.263098950285023,-0.107372879466962,0.999999734706537
