"Posterior_Mean","Posterior_SD","Posterior_LB","Posterior_UB","prob"
-0.25075193912819,0.0441013182353698,-0.339150146321614,-0.163920764427154,0.999999992764769
