"Posterior_Mean","Posterior_SD","Posterior_LB","Posterior_UB","prob"
-0.175840969477554,0.0439919185980749,-0.264949648407797,-0.0880414934774922,0.999993364900409
