"Posterior_Mean","Posterior_SD","Posterior_LB","Posterior_UB","prob"
-0.251740463663279,0.0432944617282983,-0.337154969911415,-0.162398611339662,0.999999999999907
