"Posterior_Mean","Posterior_SD","Posterior_LB","Posterior_UB","prob"
-0.168327448620801,0.0457378085319921,-0.26418092554195,-0.076954014756405,0.999978609297145
