"Posterior_Mean","Posterior_SD","Posterior_LB","Posterior_UB","prob"
-0.205487174541997,0.0436093963831123,-0.293212334114444,-0.120884762493482,0.999999919074972
