"Posterior_Mean","Posterior_SD","Posterior_LB","Posterior_UB","prob"
-0.20630430388901,0.0437059028683447,-0.293204899164461,-0.120854404294317,0.99999973347131
