"Posterior_Mean","Posterior_SD","Posterior_LB","Posterior_UB","prob"
-0.16413273497502,0.0424455052902801,-0.249005050196132,-0.0811337604036833,0.999499144154208
