"Posterior_Mean","Posterior_SD","Posterior_LB","Posterior_UB","prob"
-0.254391304931496,0.04353038561581,-0.343946790062549,-0.169750013238037,1
