"Posterior_Mean","Posterior_SD","Posterior_LB","Posterior_UB","prob"
-0.257745981739964,0.0400835293984011,-0.349181003629352,-0.170022280910054,0.999999234609636
