"Posterior_Mean","Posterior_SD","Posterior_LB","Posterior_UB","prob"
-0.239466206222816,0.0462194584584961,-0.444150066683333,-0.0745643522516683,0.999994907164722
