"Posterior_Mean","Posterior_SD","Posterior_LB","Posterior_UB","prob"
-0.328110880450482,0.0528220808874403,-0.437070409963489,-0.17577543141489,0.999924328393589
