"Posterior_Mean","Posterior_SD","Posterior_LB","Posterior_UB","prob"
-0.0696637353450152,0.0696079814090735,-0.208833675119755,0.0695135233110957,0.842525026714362
