"Posterior_Mean","Posterior_SD","Posterior_LB","Posterior_UB","prob"
-0.264222525415191,0.0519671387617998,-0.36780948813014,-0.164871854389231,1
