"Posterior_Mean","Posterior_SD","Posterior_LB","Posterior_UB","prob"
-0.318290738070146,0.0431851218707062,-0.404417330158605,-0.214539643815721,0.999976800644835
