"Posterior_Mean","Posterior_SD","Posterior_LB","Posterior_UB","prob"
-0.223568422287711,0.0418664901234799,-0.307129129597932,-0.142611375064511,1
