"Posterior_Mean","Posterior_SD","Posterior_LB","Posterior_UB","prob"
-0.135304707003219,0.0516771784801563,-0.329134284982611,-0.0180123389646513,0.986606324130577
