"Posterior_Mean","Posterior_SD","Posterior_LB","Posterior_UB","prob"
-0.259215841072873,0.0395339543484883,-0.361047719623855,-0.167894273721538,1
