"Posterior_Mean","Posterior_SD","Posterior_LB","Posterior_UB","prob"
-0.243701246151142,0.0424571801719872,-0.334349609522385,-0.12978013108036,0.999990629263384
