"Posterior_Mean","Posterior_SD","Posterior_LB","Posterior_UB","prob"
-0.305998752215395,0.040841223241198,-0.384756696731277,-0.223127304808827,0.99999977521529
