"Posterior_Mean","Posterior_SD","Posterior_LB","Posterior_UB","prob"
-0.281068881901967,0.0456595750154609,-0.382238632218184,-0.158463823865752,0.999920840665855
