"Posterior_Mean","Posterior_SD","Posterior_LB","Posterior_UB","prob"
-0.128568035109751,0.0631341658381179,-0.258291862494218,0.0113066263321096,0.965604615186486
