"Posterior_Mean","Posterior_SD","Posterior_LB","Posterior_UB","prob"
-0.21709260830146,0.0519023451434354,-0.322628772996014,-0.117226966435638,0.999831380780064
