"Posterior_Mean","Posterior_SD","Posterior_LB","Posterior_UB","prob"
-0.322861115592432,0.0434264497187601,-0.427499518945467,-0.2240885141455,1
