"Posterior_Mean","Posterior_SD","Posterior_LB","Posterior_UB","prob"
-0.295283365836598,0.044029041396908,-0.386120733505326,-0.19784076922372,1
