"Posterior_Mean","Posterior_SD","Posterior_LB","Posterior_UB","prob"
-0.286938415171998,0.0457196285278036,-0.378431831736819,-0.192767528809217,1
