"Posterior_Mean","Posterior_SD","Posterior_LB","Posterior_UB","prob"
-0.32159311200584,0.0410804867206401,-0.403944640430747,-0.240939579577323,0.999999944908895
