"Posterior_Mean","Posterior_SD","Posterior_LB","Posterior_UB","prob"
-0.240217757387923,0.0430169587569536,-0.32998803766278,-0.144263843836331,0.999938563679861
