"Posterior_Mean","Posterior_SD","Posterior_LB","Posterior_UB","prob"
-0.239145004074266,0.0412433027110217,-0.323372281435443,-0.139327201426218,0.99992286704241
