"Posterior_Mean","Posterior_SD","Posterior_LB","Posterior_UB","prob"
-0.243845024756416,0.0513874152849443,-0.349755398179531,-0.13584835025135,0.99991871417334
