"Posterior_Mean","Posterior_SD","Posterior_LB","Posterior_UB","prob"
-0.264695670590062,0.0430023766312712,-0.348376825527618,-0.176164670704023,0.999999420905685
