"Posterior_Mean","Posterior_SD","Posterior_LB","Posterior_UB","prob"
-0.229522685201872,0.0446572435953712,-0.349778065554713,-0.120721695985843,0.999932902749835
