"Posterior_Mean","Posterior_SD","Posterior_LB","Posterior_UB","prob"
-0.15266146536927,0.0500400209547515,-0.25048040077719,-0.0557116771497409,0.998639646885265
