"Posterior_Mean","Posterior_SD","Posterior_LB","Posterior_UB","prob"
-0.251365243938734,0.0418974727098262,-0.335681174243125,-0.172402524100841,0.99999999760903
