"Posterior_Mean","Posterior_SD","Posterior_LB","Posterior_UB","prob"
-0.183632688850126,0.0519563718957371,-0.284173371388402,-0.0829882654087577,0.999982746364194
