"Posterior_Mean","Posterior_SD","Posterior_LB","Posterior_UB","prob"
-0.244830616949814,0.0564184013977951,-0.356070823306517,-0.128711717975126,1
