"Posterior_Mean","Posterior_SD","Posterior_LB","Posterior_UB","prob"
-0.295064553706871,0.0438926585724915,-0.381850462573907,-0.20213461405746,0.999947855646709
