"Posterior_Mean","Posterior_SD","Posterior_LB","Posterior_UB","prob"
-0.243804947346388,0.0539553050589166,-0.369682791265752,-0.105241820987573,0.998531388153311
