"Posterior_Mean","Posterior_SD","Posterior_LB","Posterior_UB","prob"
-0.184442764017892,0.0560588634602315,-0.295421491591124,-0.0438460155935886,0.993530129087103
