"Posterior_Mean","Posterior_SD","Posterior_LB","Posterior_UB","prob"
-0.132589451636831,0.0517968963876038,-0.233503148937208,-0.0291004046586108,0.9921818011324
