"Posterior_Mean","Posterior_SD","Posterior_LB","Posterior_UB","prob"
-0.25544291221082,0.0463729596265404,-0.366471644239845,-0.134912900049852,0.999976211499106
