"Posterior_Mean","Posterior_SD","Posterior_LB","Posterior_UB","prob"
-0.332858935394088,0.0512870750097813,-0.432564497521996,-0.232406128458424,1
