"Posterior_Mean","Posterior_SD","Posterior_LB","Posterior_UB","prob"
-0.192648644246286,0.045162304933294,-0.321207105505561,-0.0636276165030822,0.998610990773669
