"Posterior_Mean","Posterior_SD","Posterior_LB","Posterior_UB","prob"
-0.239960749178558,0.0513569038168525,-0.337841077899056,-0.13978608744145,0.999997178213838
