"Posterior_Mean","Posterior_SD","Posterior_LB","Posterior_UB","prob"
-0.229183174501017,0.0419264022010503,-0.314935737965431,-0.142420736981832,0.999995438295
