"Posterior_Mean","Posterior_SD","Posterior_LB","Posterior_UB","prob"
-0.34595450308728,0.0413971313296672,-0.425289615857819,-0.264915102053388,0.999999997748244
