"Posterior_Mean","Posterior_SD","Posterior_LB","Posterior_UB","prob"
-0.249901633907171,0.0426785128918116,-0.336857029842851,-0.161675607866462,0.999999863389984
