"Posterior_Mean","Posterior_SD","Posterior_LB","Posterior_UB","prob"
-0.161568919850778,0.0520006709933525,-0.260781487976453,-0.0611038824449282,0.999653845060764
