"Posterior_Mean","Posterior_SD","Posterior_LB","Posterior_UB","prob"
-0.358249989016121,0.0407766421150421,-0.439401026121484,-0.277356637603311,0.999999990789749
