"Posterior_Mean","Posterior_SD","Posterior_LB","Posterior_UB","prob"
-0.265292607060603,0.0375741544686388,-0.337280237253769,-0.192027139695049,0.999999993215944
