"Posterior_Mean","Posterior_SD","Posterior_LB","Posterior_UB","prob"
-0.305743445713659,0.0361532182827789,-0.378416990082761,-0.231653547505724,1
