"Posterior_Mean","Posterior_SD","Posterior_LB","Posterior_UB","prob"
-0.300417608087349,0.0402044071290501,-0.386737065484679,-0.202139289474641,0.99999750807764
