"Posterior_Mean","Posterior_SD","Posterior_LB","Posterior_UB","prob"
-0.376985921863999,0.043130577356855,-0.470790677759776,-0.255086768042243,1
