"Posterior_Mean","Posterior_SD","Posterior_LB","Posterior_UB","prob"
-0.176252731772324,0.0518977445508567,-0.280920489118836,-0.0729455368045841,0.99837775354628
