"Posterior_Mean","Posterior_SD","Posterior_LB","Posterior_UB","prob"
-0.179935717567487,0.0509641118961168,-0.278539311303863,-0.077470916558909,0.998766883950545
