"Posterior_Mean","Posterior_SD","Posterior_LB","Posterior_UB","prob"
-0.290281617526951,0.0421172722507271,-0.372909079210611,-0.20751011394661,0.999999999572157
