"Posterior_Mean","Posterior_SD","Posterior_LB","Posterior_UB","prob"
-0.251438414692256,0.0417102106207143,-0.334330895225371,-0.169084085005653,0.999999952136501
