"Posterior_Mean","Posterior_SD","Posterior_LB","Posterior_UB","prob"
-0.289209447746132,0.0402587489615654,-0.383977134455392,-0.203612824205571,1
