"Posterior_Mean","Posterior_SD","Posterior_LB","Posterior_UB","prob"
-0.342302219451026,0.0383746683943949,-0.43008683263616,-0.236079934074058,0.999999999997181
