"Posterior_Mean","Posterior_SD","Posterior_LB","Posterior_UB","prob"
-0.212192216277628,0.0429272901220753,-0.297757580131838,-0.115154152611251,0.999989104033034
