"Posterior_Mean","Posterior_SD","Posterior_LB","Posterior_UB","prob"
-0.320792437761746,0.0421208187088049,-0.402174261947047,-0.238047853307143,1
