"Posterior_Mean","Posterior_SD","Posterior_LB","Posterior_UB","prob"
-0.223392544721944,0.0459862051861075,-0.315489400487971,-0.124473953948659,0.999977721118089
