"Posterior_Mean","Posterior_SD","Posterior_LB","Posterior_UB","prob"
-0.30792037815116,0.0389013732301554,-0.39175679173162,-0.223147674802863,1
