"Posterior_Mean","Posterior_SD","Posterior_LB","Posterior_UB","prob"
-0.307102591571152,0.0409319277935468,-0.38793358668471,-0.225495312230561,1
