"Posterior_Mean","Posterior_SD","Posterior_LB","Posterior_UB","prob"
-0.315910559771167,0.0503340443590196,-0.419773453649891,-0.209089202203389,1
