"Posterior_Mean","Posterior_SD","Posterior_LB","Posterior_UB","prob"
-0.235059976720605,0.0479331253132096,-0.346500050779955,-0.133882031906081,1
