"Posterior_Mean","Posterior_SD","Posterior_LB","Posterior_UB","prob"
-0.168560615214042,0.0462919826584694,-0.279015451883608,-0.0307958088187791,0.986693964798977
