"Posterior_Mean","Posterior_SD","Posterior_LB","Posterior_UB","prob"
-0.289354006705159,0.0418913628934505,-0.372107023887969,-0.202076914922136,1
