"Posterior_Mean","Posterior_SD","Posterior_LB","Posterior_UB","prob"
-0.340401432222585,0.0383355670224658,-0.416824122600893,-0.258763366478043,1
