"Posterior_Mean","Posterior_SD","Posterior_LB","Posterior_UB","prob"
-0.318690466984754,0.0374947879536487,-0.394255504203312,-0.237335816973094,1
