"Posterior_Mean","Posterior_SD","Posterior_LB","Posterior_UB","prob"
-0.253444923168766,0.039118991747989,-0.333910276112424,-0.171127235637,0.999999999920357
