"Posterior_Mean","Posterior_SD","Posterior_LB","Posterior_UB","prob"
-0.281704233649105,0.0416129438985442,-0.382204179162039,-0.192605190000753,1
