"Posterior_Mean","Posterior_SD","Posterior_LB","Posterior_UB","prob"
-0.302582416370756,0.0433493254074924,-0.412099441648607,-0.16472518582601,0.999942211439728
