"Posterior_Mean","Posterior_SD","Posterior_LB","Posterior_UB","prob"
-0.317375290791172,0.0420089321791094,-0.403371389773089,-0.230409599280681,1
