"Posterior_Mean","Posterior_SD","Posterior_LB","Posterior_UB","prob"
-0.335306833693279,0.0343503685276145,-0.403210983085758,-0.270623663813105,1
