"Posterior_Mean","Posterior_SD","Posterior_LB","Posterior_UB","prob"
-0.325264610687443,0.0405725319578966,-0.406479174064162,-0.24260391049262,1
