"Posterior_Mean","Posterior_SD","Posterior_LB","Posterior_UB","prob"
-0.215927605641591,0.0434258055272795,-0.31906005429226,-0.119864321585658,0.999952331909025
