"Posterior_Mean","Posterior_SD","Posterior_LB","Posterior_UB","prob"
-0.267997797037579,0.0448341195623928,-0.393049538757658,-0.127645539067254,0.99998568796136
