"Posterior_Mean","Posterior_SD","Posterior_LB","Posterior_UB","prob"
-0.374519140919989,0.0369576786278856,-0.453075306563985,-0.295897291773154,1
