"Posterior_Mean","Posterior_SD","Posterior_LB","Posterior_UB","prob"
-0.329726532605552,0.0422188741879822,-0.412787167889995,-0.243789251808362,1
