"Posterior_Mean","Posterior_SD","Posterior_LB","Posterior_UB","prob"
-0.184953905717615,0.0502555574273599,-0.285757642451939,-0.0879066720180109,0.999479925788502
