"Posterior_Mean","Posterior_SD","Posterior_LB","Posterior_UB","prob"
-0.270286755197564,0.0519612456269263,-0.374233862344174,-0.169922701066051,0.999997832274262
