"Posterior_Mean","Posterior_SD","Posterior_LB","Posterior_UB","prob"
-0.307601933267057,0.0361153844810623,-0.380483322226265,-0.23464560024765,1
