"Posterior_Mean","Posterior_SD","Posterior_LB","Posterior_UB","prob"
-0.3813652455978,0.0405324428972025,-0.467007807292287,-0.274934917193265,1
