"Posterior_Mean","Posterior_SD","Posterior_LB","Posterior_UB","prob"
-0.355800895885293,0.0349051121581042,-0.426468344439999,-0.287211565062588,0.999999999999937
