"Posterior_Mean","Posterior_SD","Posterior_LB","Posterior_UB","prob"
-0.206926972352194,0.0407067943851997,-0.28788309362858,-0.124799829787226,0.999999995569241
