"Posterior_Mean","Posterior_SD","Posterior_LB","Posterior_UB","prob"
-0.241194292778943,0.0406708996600499,-0.321087980373936,-0.16226161224078,1
