"Posterior_Mean","Posterior_SD","Posterior_LB","Posterior_UB","prob"
-0.289216697110525,0.0432842720671549,-0.377458426252193,-0.1955364562567,0.999999513626889
