"Posterior_Mean","Posterior_SD","Posterior_LB","Posterior_UB","prob"
-0.326165389585052,0.0380309700222205,-0.406632523739708,-0.241203325517073,1
