"Posterior_Mean","Posterior_SD","Posterior_LB","Posterior_UB","prob"
-0.309584558233919,0.0355613009707825,-0.380869872347969,-0.24150657179084,0.999999999996845
