"Posterior_Mean","Posterior_SD","Posterior_LB","Posterior_UB","prob"
-0.273030535447913,0.0428646339970618,-0.357061678762999,-0.189204077952181,0.99999915708607
