"Posterior_Mean","Posterior_SD","Posterior_LB","Posterior_UB","prob"
-0.1360241864694,0.0507309189919005,-0.243335754342463,0.0136190897717609,0.96669682401763
