"Posterior_Mean","Posterior_SD","Posterior_LB","Posterior_UB","prob"
-0.300537775383823,0.0439242383028486,-0.388643860461168,-0.214576333572339,0.999999999925387
