"Posterior_Mean","Posterior_SD","Posterior_LB","Posterior_UB","prob"
-0.277647737044422,0.060582195566036,-0.436611594015946,-0.129364881768616,1
