"Posterior_Mean","Posterior_SD","Posterior_LB","Posterior_UB","prob"
-0.315320574824319,0.0418426457417273,-0.39819809517711,-0.235249236145952,1
