"Posterior_Mean","Posterior_SD","Posterior_LB","Posterior_UB","prob"
-0.273963263653388,0.0357468698315473,-0.352232666588392,-0.192072886250596,0.999999996842147
