"Posterior_Mean","Posterior_SD","Posterior_LB","Posterior_UB","prob"
-0.379342554214566,0.037603313852183,-0.455361101960271,-0.295394027236312,1
