"Posterior_Mean","Posterior_SD","Posterior_LB","Posterior_UB","prob"
-0.360368240017214,0.0431874537275644,-0.455637532120611,-0.179026014190616,0.999885393223128
