"Posterior_Mean","Posterior_SD","Posterior_LB","Posterior_UB","prob"
-0.207852760896595,0.0466336785376554,-0.315833850332221,-0.096684989682482,0.999735758157308
