"Posterior_Mean","Posterior_SD","Posterior_LB","Posterior_UB","prob"
-0.314907062820633,0.0403462220061907,-0.395676944494066,-0.23490908562203,1
