"Posterior_Mean","Posterior_SD","Posterior_LB","Posterior_UB","prob"
-0.259667095615981,0.0464815080841345,-0.358074349361163,-0.149527500442104,0.999826308481275
