"Posterior_Mean","Posterior_SD","Posterior_LB","Posterior_UB","prob"
-0.259940042275191,0.0425948072866181,-0.343751833638398,-0.171460178181031,1
