"Posterior_Mean","Posterior_SD","Posterior_LB","Posterior_UB","prob"
-0.170450757502206,0.0411969342754387,-0.254469967185171,-0.0766204285355562,0.998767087050562
