"Posterior_Mean","Posterior_SD","Posterior_LB","Posterior_UB","prob"
-0.203335861770022,0.0508066689609291,-0.329747731240445,-0.087754110134263,0.999872512875902
