"Posterior_Mean","Posterior_SD","Posterior_LB","Posterior_UB","prob"
-0.269903287125627,0.0385893761627989,-0.351186951351444,-0.191021068761747,1
