"Posterior_Mean","Posterior_SD","Posterior_LB","Posterior_UB","prob"
-0.206707866909863,0.0402277505293534,-0.290311622753904,-0.127082166099227,0.999999999999704
