"Posterior_Mean","Posterior_SD","Posterior_LB","Posterior_UB","prob"
-0.2833378200296,0.0431987540176357,-0.371348692095156,-0.188428036993546,0.99999945188564
