"Posterior_Mean","Posterior_SD","Posterior_LB","Posterior_UB","prob"
-0.238348617187434,0.0478950426250314,-0.435697054356153,-0.0780292290429973,0.999993395218315
