"Posterior_Mean","Posterior_SD","Posterior_LB","Posterior_UB","prob"
-0.239863831039742,0.0525439076177397,-0.345365025461889,-0.119962852278926,0.999258079284926
