"Posterior_Mean","Posterior_SD","Posterior_LB","Posterior_UB","prob"
-0.247866752827539,0.0419411434121029,-0.335496841106569,-0.16646393729236,0.999999763422465
