"Posterior_Mean","Posterior_SD","Posterior_LB","Posterior_UB","prob"
-0.360166163276511,0.0391831398970924,-0.439661105573022,-0.276123873523009,1
