"Posterior_Mean","Posterior_SD","Posterior_LB","Posterior_UB","prob"
-0.234978824231502,0.042169712038945,-0.317951154348231,-0.151862326872056,0.999998893230946
