"Posterior_Mean","Posterior_SD","Posterior_LB","Posterior_UB","prob"
-0.248427554315702,0.0423133650928318,-0.333900237283069,-0.167177425809121,1
