"Posterior_Mean","Posterior_SD","Posterior_LB","Posterior_UB","prob"
-0.220768194035809,0.041212277893697,-0.302671911564206,-0.133745204919118,0.999937128437922
