"Posterior_Mean","Posterior_SD","Posterior_LB","Posterior_UB","prob"
-0.217013246627172,0.0551327695422514,-0.351074094797385,-0.10668719896898,0.999976836497432
