"Posterior_Mean","Posterior_SD","Posterior_LB","Posterior_UB","prob"
-0.260259712748375,0.0429075726276534,-0.347893009139596,-0.178330856662723,0.999996110697203
