"Posterior_Mean","Posterior_SD","Posterior_LB","Posterior_UB","prob"
-0.142977484615689,0.0476676700281794,-0.248181179522195,0.00688923003697874,0.970998679310257
