"Posterior_Mean","Posterior_SD","Posterior_LB","Posterior_UB","prob"
-0.268733489277201,0.0421069620341027,-0.350628020658356,-0.184265044540081,1
