"Posterior_Mean","Posterior_SD","Posterior_LB","Posterior_UB","prob"
-0.242915390666066,0.041360463364713,-0.324443188287705,-0.160059365815489,0.999999876918842
