"Posterior_Mean","Posterior_SD","Posterior_LB","Posterior_UB","prob"
-0.208788856206429,0.0509327753693243,-0.333959527567922,-0.105589687265873,0.999989420668736
