"Posterior_Mean","Posterior_SD","Posterior_LB","Posterior_UB","prob"
-0.338787970744842,0.0423124595818999,-0.440022353367476,-0.135615372257795,0.999807832003639
