"Posterior_Mean","Posterior_SD","Posterior_LB","Posterior_UB","prob"
-0.26264994045832,0.0408615941009369,-0.344880447562645,-0.179621423291881,0.99999996813594
