"Posterior_Mean","Posterior_SD","Posterior_LB","Posterior_UB","prob"
-0.350320172340485,0.0401670883744481,-0.439270300038266,-0.25073058401115,1
