"Posterior_Mean","Posterior_SD","Posterior_LB","Posterior_UB","prob"
-0.298277379169348,0.0416610609388774,-0.447854591275431,-0.19057164144835,1
