"Posterior_Mean","Posterior_SD","Posterior_LB","Posterior_UB","prob"
-0.218224742150127,0.0417373697317203,-0.302645739773448,-0.132426343393816,0.99999947116407
