"Posterior_Mean","Posterior_SD","Posterior_LB","Posterior_UB","prob"
-0.178418861934989,0.0512474291902968,-0.279511182856246,-0.0768521795175898,0.999995883245655
