"Posterior_Mean","Posterior_SD","Posterior_LB","Posterior_UB","prob"
-0.230218135304485,0.051730575886837,-0.332992214151426,-0.128399632131016,0.999996195002745
