"Posterior_Mean","Posterior_SD","Posterior_LB","Posterior_UB","prob"
-0.26891068725006,0.0422950035303434,-0.352793006930383,-0.185128538702028,0.999999911526082
