"Posterior_Mean","Posterior_SD","Posterior_LB","Posterior_UB","prob"
-0.21829790985986,0.0425908890462083,-0.315647464300002,-0.13489031544444,0.999997114575936
