"Posterior_Mean","Posterior_SD","Posterior_LB","Posterior_UB","prob"
-0.296824391855566,0.0406233533465021,-0.376941339314253,-0.216862632744189,1
