"Posterior_Mean","Posterior_SD","Posterior_LB","Posterior_UB","prob"
-0.323706273802455,0.0488006065209785,-0.45815961551993,-0.171561028647466,0.999871588667816
