"Posterior_Mean","Posterior_SD","Posterior_LB","Posterior_UB","prob"
-0.0903845740360996,0.0502696781035406,-0.1909229805289,0.00839556181478815,0.963735181383528
