"Posterior_Mean","Posterior_SD","Posterior_LB","Posterior_UB","prob"
-0.217742918785748,0.0526651533852061,-0.320970555017198,-0.116744617594915,0.99994179015802
