"Posterior_Mean","Posterior_SD","Posterior_LB","Posterior_UB","prob"
-0.32092994557106,0.0416231026506177,-0.403545410075685,-0.23808058877067,1
