"Posterior_Mean","Posterior_SD","Posterior_LB","Posterior_UB","prob"
-0.326391514656077,0.0428633143487287,-0.440627721089731,-0.192937005483393,1
