"Posterior_Mean","Posterior_SD","Posterior_LB","Posterior_UB","prob"
-0.297425901462109,0.0401462227467229,-0.404046426302434,-0.173572552868395,1
