"Posterior_Mean","Posterior_SD","Posterior_LB","Posterior_UB","prob"
-0.238098879001818,0.0427621590932455,-0.320227292172919,-0.153201834125694,0.999996672874402
