"Posterior_Mean","Posterior_SD","Posterior_LB","Posterior_UB","prob"
-0.138807579807565,0.0531031495598708,-0.24527045237891,-0.0341982299181114,0.99355806096411
