"Posterior_Mean","Posterior_SD","Posterior_LB","Posterior_UB","prob"
-0.208364482362792,0.0513166176979348,-0.30665541647005,-0.109561603962872,0.999925988895391
