"Posterior_Mean","Posterior_SD","Posterior_LB","Posterior_UB","prob"
-0.272494376191879,0.0540593296051991,-0.434939042652491,-0.14544678104084,1
