"Posterior_Mean","Posterior_SD","Posterior_LB","Posterior_UB","prob"
-0.28889586748182,0.0399089699088222,-0.368917691436282,-0.206780840616424,0.999990694055334
