"Posterior_Mean","Posterior_SD","Posterior_LB","Posterior_UB","prob"
-0.160279273060926,0.0422853640496576,-0.243304193116759,-0.0785030123986932,0.99986125696133
