"Posterior_Mean","Posterior_SD","Posterior_LB","Posterior_UB","prob"
-0.24945038475987,0.0415577525725392,-0.334683239574433,-0.164283018644876,1
