"Posterior_Mean","Posterior_SD","Posterior_LB","Posterior_UB","prob"
-0.278995115739519,0.0439820828087499,-0.405864922369162,-0.170964795369639,1
