"Posterior_Mean","Posterior_SD","Posterior_LB","Posterior_UB","prob"
-0.24069524278517,0.0397635759418372,-0.321132460521687,-0.163085250965568,1
