"Posterior_Mean","Posterior_SD","Posterior_LB","Posterior_UB","prob"
-0.193188546818003,0.0451727127865689,-0.321089297927314,-0.0630147598492692,0.998864650339018
