"Posterior_Mean","Posterior_SD","Posterior_LB","Posterior_UB","prob"
-0.311088373139532,0.0414812633767607,-0.392495811192477,-0.228941951234942,1
