"Posterior_Mean","Posterior_SD","Posterior_LB","Posterior_UB","prob"
-0.313411531789165,0.0389526680287883,-0.407119876389224,-0.217957247759469,1
