"Posterior_Mean","Posterior_SD","Posterior_LB","Posterior_UB","prob"
-0.28442333114772,0.0413224621908886,-0.364413173327047,-0.203552348929542,0.999999971329995
