"Posterior_Mean","Posterior_SD","Posterior_LB","Posterior_UB","prob"
-0.223905611392037,0.0442817289266954,-0.323921003048338,-0.0992273930941339,0.999883282331156
