"Posterior_Mean","Posterior_SD","Posterior_LB","Posterior_UB","prob"
-0.312566210277438,0.0433600596365315,-0.404606516292192,-0.223532195415694,1
