"Posterior_Mean","Posterior_SD","Posterior_LB","Posterior_UB","prob"
-0.209584131077007,0.0411581609658955,-0.324823366253674,-0.11489931264551,0.999999917853965
