"Posterior_Mean","Posterior_SD","Posterior_LB","Posterior_UB","prob"
-0.284238372673538,0.0405380329124883,-0.390295957699165,-0.181322792667232,0.999999361593465
