"Posterior_Mean","Posterior_SD","Posterior_LB","Posterior_UB","prob"
-0.342941559732575,0.0349134943215987,-0.412445083183607,-0.273393452887043,1
