"Posterior_Mean","Posterior_SD","Posterior_LB","Posterior_UB","prob"
-0.367214638516383,0.043998167698349,-0.474152319770641,-0.231719645274353,1
