"Posterior_Mean","Posterior_SD","Posterior_LB","Posterior_UB","prob"
-0.236696721047291,0.0405207351378383,-0.31659984991871,-0.157643979486311,0.999995061376931
