"Posterior_Mean","Posterior_SD","Posterior_LB","Posterior_UB","prob"
-0.309882549902859,0.0379250600358703,-0.396009280308196,-0.213513440401043,1
