"Posterior_Mean","Posterior_SD","Posterior_LB","Posterior_UB","prob"
-0.245532722036713,0.058926681697799,-0.378848359562744,-0.127724919451925,1
