"Posterior_Mean","Posterior_SD","Posterior_LB","Posterior_UB","prob"
-0.270752108574454,0.0408512855857826,-0.3876757374352,-0.164236739347073,0.999922255529996
