"Posterior_Mean","Posterior_SD","Posterior_LB","Posterior_UB","prob"
-0.231856267673689,0.0475058242138726,-0.334337497276227,-0.0810941937203197,0.997385960569244
