"Posterior_Mean","Posterior_SD","Posterior_LB","Posterior_UB","prob"
-0.237511940343052,0.0424892508126118,-0.329660016887187,-0.155269690054461,0.999999800065189
