"Posterior_Mean","Posterior_SD","Posterior_LB","Posterior_UB","prob"
-0.282145798915163,0.0454819274710347,-0.416378982144581,-0.153252866946477,0.999980612700691
