"Posterior_Mean","Posterior_SD","Posterior_LB","Posterior_UB","prob"
-0.205973195459527,0.0406623145515516,-0.285287226598534,-0.122906770840671,0.999999995847826
