"Posterior_Mean","Posterior_SD","Posterior_LB","Posterior_UB","prob"
-0.224693047877141,0.0394792329393726,-0.309447268966385,-0.144739232945071,0.999999132482688
