"Posterior_Mean","Posterior_SD","Posterior_LB","Posterior_UB","prob"
-0.28589161126912,0.0403823480568163,-0.36685470620755,-0.206607523896958,0.999999984336532
