"Posterior_Mean","Posterior_SD","Posterior_LB","Posterior_UB","prob"
-0.225585735060105,0.0422245282875248,-0.306757058339118,-0.141209746153562,0.999999996322779
