"Posterior_Mean","Posterior_SD","Posterior_LB","Posterior_UB","prob"
-0.246041750717179,0.0421643892797154,-0.327426084045593,-0.16173121309796,0.99999744356444
