"Posterior_Mean","Posterior_SD","Posterior_LB","Posterior_UB","prob"
-0.188884893859334,0.0493639295524442,-0.328506547287554,-0.0765225419171985,0.999576478845196
