"Posterior_Mean","Posterior_SD","Posterior_LB","Posterior_UB","prob"
-0.239679650239002,0.0431023187869925,-0.325225229492637,-0.143855366951539,0.999997611436672
