"Posterior_Mean","Posterior_SD","Posterior_LB","Posterior_UB","prob"
-0.229527760958961,0.042240205036538,-0.317574585737779,-0.139008120141812,0.99994466512366
