"Posterior_Mean","Posterior_SD","Posterior_LB","Posterior_UB","prob"
-0.198357475569959,0.0412881404515853,-0.280297042651772,-0.111578719875667,0.999875987490496
