"Posterior_Mean","Posterior_SD","Posterior_LB","Posterior_UB","prob"
-0.311797282204457,0.0409453328910939,-0.391802653865654,-0.22146493523233,0.999993875501729
