"Posterior_Mean","Posterior_SD","Posterior_LB","Posterior_UB","prob"
-0.145313012633045,0.050558014214589,-0.25389257671313,-0.0388373127187658,0.995804589153708
