"Posterior_Mean","Posterior_SD","Posterior_LB","Posterior_UB","prob"
-0.226041610127816,0.0535720447183331,-0.341896812491151,-0.0774749745517651,0.997596715722308
