"Posterior_Mean","Posterior_SD","Posterior_LB","Posterior_UB","prob"
-0.296850638372407,0.0422595302158683,-0.381291354580749,-0.210346319732392,0.999998572896878
