"Posterior_Mean","Posterior_SD","Posterior_LB","Posterior_UB","prob"
-0.236462469274143,0.0407439141854161,-0.343129356904133,-0.148618949323256,0.9999890541649
