"Posterior_Mean","Posterior_SD","Posterior_LB","Posterior_UB","prob"
-0.280063144995091,0.0426122315310555,-0.364895363288217,-0.188433339929526,0.99994385550894
