"Posterior_Mean","Posterior_SD","Posterior_LB","Posterior_UB","prob"
-0.293266412884488,0.0407260593490209,-0.381328071821292,-0.208578392861855,1
