"Posterior_Mean","Posterior_SD","Posterior_LB","Posterior_UB","prob"
-0.34058779136572,0.0380468754400421,-0.419194468312111,-0.251753773791684,0.999999775578149
