"Posterior_Mean","Posterior_SD","Posterior_LB","Posterior_UB","prob"
-0.248076314574102,0.0417656046004619,-0.330831564822865,-0.159119750731032,0.999973160039863
