"Posterior_Mean","Posterior_SD","Posterior_LB","Posterior_UB","prob"
-0.257509471222535,0.0427193545974031,-0.341968780463245,-0.156126855123511,0.999984875476756
