"Posterior_Mean","Posterior_SD","Posterior_LB","Posterior_UB","prob"
-0.275766320287912,0.039323109802119,-0.374000757889057,-0.178497715805426,1
