"Posterior_Mean","Posterior_SD","Posterior_LB","Posterior_UB","prob"
-0.319398326675043,0.0365212483984079,-0.398837225826187,-0.226429780161303,1
