"Posterior_Mean","Posterior_SD","Posterior_LB","Posterior_UB","prob"
-0.26864473254969,0.041206763998093,-0.349922868643572,-0.18773780593002,0.999999999953759
