"Posterior_Mean","Posterior_SD","Posterior_LB","Posterior_UB","prob"
-0.248530170360548,0.0414673839797544,-0.328757501778024,-0.166637569519546,0.999999505651143
