"Posterior_Mean","Posterior_SD","Posterior_LB","Posterior_UB","prob"
-0.207398033860752,0.0570020280862668,-0.337403543397946,-0.0977760518286031,0.999864227454616
