"Posterior_Mean","Posterior_SD","Posterior_LB","Posterior_UB","prob"
-0.306162812285153,0.087815815236252,-0.48641683448213,-0.119990794553678,0.998149057456771
