"Posterior_Mean","Posterior_SD","Posterior_LB","Posterior_UB","prob"
-0.393671619519809,0.0557101542672555,-0.506146932946256,-0.261179838098085,0.999989741813916
