"Posterior_Mean","Posterior_SD","Posterior_LB","Posterior_UB","prob"
-0.124870052832096,0.0693487325090261,-0.259424489475267,0.0121986290675392,0.962176152312312
