"Posterior_Mean","Posterior_SD","Posterior_LB","Posterior_UB","prob"
-0.298439644185939,0.0737752969469277,-0.451097702250023,-0.132721436047717,0.999649621085671
