"Posterior_Mean","Posterior_SD","Posterior_LB","Posterior_UB","prob"
-0.178989583627764,0.0638501084390968,-0.302774590220304,-0.0499906945194526,0.995268584617654
