"Posterior_Mean","Posterior_SD","Posterior_LB","Posterior_UB","prob"
-0.195624310616574,0.076004579378404,-0.420056188152478,0.056837594596733,0.922459996791383
