"Posterior_Mean","Posterior_SD","Posterior_LB","Posterior_UB","prob"
-0.382053177136081,0.0727701861964828,-0.574860614669881,-0.159659416900058,0.99983161498001
