"Posterior_Mean","Posterior_SD","Posterior_LB","Posterior_UB","prob"
-0.289904513286825,0.0748954431691279,-0.454321130814223,-0.0635521294691923,0.99545213674071
