"Posterior_Mean","Posterior_SD","Posterior_LB","Posterior_UB","prob"
-0.296603572630228,0.0834342613442466,-0.465249376699607,-0.102441245188699,0.998032849587429
