"Posterior_Mean","Posterior_SD","Posterior_LB","Posterior_UB","prob"
-0.393852189222526,0.0558454437896606,-0.510620190809174,-0.258737550314097,0.999961987050783
