"Posterior_Mean","Posterior_SD","Posterior_LB","Posterior_UB","prob"
-0.366161107731288,0.0558340495493581,-0.491615528322154,-0.250785329076786,1
