"Posterior_Mean","Posterior_SD","Posterior_LB","Posterior_UB","prob"
-0.280380367772933,0.0719748187983759,-0.433053285623547,-0.0692359278537385,0.995348490124387
