"Posterior_Mean","Posterior_SD","Posterior_LB","Posterior_UB","prob"
-0.28223495596315,0.0636792257680509,-0.44426418861601,0.0131385012696585,0.969270627124677
