"Posterior_Mean","Posterior_SD","Posterior_LB","Posterior_UB","prob"
-0.316492342137276,0.0644550201127004,-0.449957523389586,-0.104550815899712,0.996397141993718
