"Posterior_Mean","Posterior_SD","Posterior_LB","Posterior_UB","prob"
-0.127002736164239,0.066396416125389,-0.257872620835661,0.00745650133643058,0.968262644338984
