"Posterior_Mean","Posterior_SD","Posterior_LB","Posterior_UB","prob"
-0.273932408400385,0.0643146866610143,-0.416514986717251,-0.109552975277023,0.998368287140924
