"Posterior_Mean","Posterior_SD","Posterior_LB","Posterior_UB","prob"
-0.287763811039709,0.0549921364937862,-0.397465992566313,-0.164977599682459,0.999489746072903
