"Posterior_Mean","Posterior_SD","Posterior_LB","Posterior_UB","prob"
-0.36908229812502,0.0533570463804525,-0.476330386782334,-0.255523588508918,0.999970515285278
