"Posterior_Mean","Posterior_SD","Posterior_LB","Posterior_UB","prob"
-0.247159807355509,0.0613938221034099,-0.396544919444582,-0.0156834404257552,0.980401304049779
