"Posterior_Mean","Posterior_SD","Posterior_LB","Posterior_UB","prob"
-0.278883519085916,0.0656351006137068,-0.410549951902854,-0.147478124128704,0.999935280220545
