"Posterior_Mean","Posterior_SD","Posterior_LB","Posterior_UB","prob"
-0.182367229587464,0.0951690818906662,-0.370651116663189,0.000483562834168519,0.974534925951369
