"Posterior_Mean","Posterior_SD","Posterior_LB","Posterior_UB","prob"
-0.31151523820042,0.0715423465027313,-0.451931282908816,-0.158688467747238,1
