"Posterior_Mean","Posterior_SD","Posterior_LB","Posterior_UB","prob"
-0.208538357717963,0.0664202770343729,-0.342321385415067,-0.0782502849167941,0.999591212258114
