"Posterior_Mean","Posterior_SD","Posterior_LB","Posterior_UB","prob"
-0.373770073664534,0.0531597688041929,-0.489348167589567,-0.264871445234644,1
