"Posterior_Mean","Posterior_SD","Posterior_LB","Posterior_UB","prob"
-0.436426327562317,0.0484506275601041,-0.539026196959948,-0.292133007143147,0.999941540789489
