"Posterior_Mean","Posterior_SD","Posterior_LB","Posterior_UB","prob"
-0.127086677844019,0.0749474122274725,-0.287815387038632,0.07858213939851,0.90927355639374
