"Posterior_Mean","Posterior_SD","Posterior_LB","Posterior_UB","prob"
-0.237659332437146,0.0791191475231636,-0.410506836585089,-0.0597105506795972,0.994097161746973
