"Posterior_Mean","Posterior_SD","Posterior_LB","Posterior_UB","prob"
-0.30771605648553,0.0666465056290715,-0.468596780105833,-0.0908584336868639,0.995439083180787
