"Posterior_Mean","Posterior_SD","Posterior_LB","Posterior_UB","prob"
-0.337614147529373,0.0528354667907969,-0.436452740921718,-0.233197013812843,0.999996377268052
