"Posterior_Mean","Posterior_SD","Posterior_LB","Posterior_UB","prob"
-0.259687988270272,0.0634176353712853,-0.39182086009121,-0.0557176381654753,0.992498850765664
