"Posterior_Mean","Posterior_SD","Posterior_LB","Posterior_UB","prob"
-0.126896931436013,0.0760619893668689,-0.380032794622894,0.12119989896429,0.775397276914106
