"Posterior_Mean","Posterior_SD","Posterior_LB","Posterior_UB","prob"
-0.183619248686054,0.0884726832193146,-0.426838861395646,0.00667795133965807,0.971816272568502
