"Posterior_Mean","Posterior_SD","Posterior_LB","Posterior_UB","prob"
-0.328609007508372,0.0686768234902823,-0.485278487710573,-0.118789027667796,0.998620702907144
