"Posterior_Mean","Posterior_SD","Posterior_LB","Posterior_UB","prob"
-0.436174430319627,0.0503680153982652,-0.54960483897365,-0.318676273321356,1
