"Posterior_Mean","Posterior_SD","Posterior_LB","Posterior_UB","prob"
-0.279343358661321,0.0593696887271239,-0.400436375207398,-0.142876255828955,0.999844960808943
