"Posterior_Mean","Posterior_SD","Posterior_LB","Posterior_UB","prob"
-0.378895815534191,0.0586368704749639,-0.500230469252838,-0.226144585909979,0.999903470092216
