"Posterior_Mean","Posterior_SD","Posterior_LB","Posterior_UB","prob"
0.0497424639779677,0.0906866150277099,-0.129006875480507,0.232334994910982,0.297875542966
