"Posterior_Mean","Posterior_SD","Posterior_LB","Posterior_UB","prob"
-0.288864386354981,0.0927894761801586,-0.467198970540742,-0.100313249173541,0.999101475597516
