"Posterior_Mean","Posterior_SD","Posterior_LB","Posterior_UB","prob"
-0.278165209716309,0.0653850359804348,-0.416224743828752,-0.0883149077119424,0.994751532179906
