"Posterior_Mean","Posterior_SD","Posterior_LB","Posterior_UB","prob"
-0.161037566226088,0.0858629801041734,-0.372521591819006,0.0495249811353092,0.925776804811558
