"Posterior_Mean","Posterior_SD","Posterior_LB","Posterior_UB","prob"
-0.383894588217709,0.066995977282535,-0.523010252954643,-0.246630058850435,1
