"Posterior_Mean","Posterior_SD","Posterior_LB","Posterior_UB","prob"
-0.189133164608585,0.0895369083800833,-0.409435497931587,0.00814612766894747,0.971665853413965
