"Posterior_Mean","Posterior_SD","Posterior_LB","Posterior_UB","prob"
-0.286719855054991,0.0716837020028132,-0.44052728408734,-0.104808288857114,0.998884171259247
