"Posterior_Mean","Posterior_SD","Posterior_LB","Posterior_UB","prob"
-0.311640629175159,0.0579689149064668,-0.432240742134443,-0.121369819098383,0.997223415890347
