"Posterior_Mean","Posterior_SD","Posterior_LB","Posterior_UB","prob"
-0.345891550916997,0.054159039912031,-0.4547585320662,-0.236870651954004,0.999999350598038
