"Posterior_Mean","Posterior_SD","Posterior_LB","Posterior_UB","prob"
-0.318071634888468,0.0670057645771188,-0.459467736141491,-0.16126718402807,0.999834187416426
