"Posterior_Mean","Posterior_SD","Posterior_LB","Posterior_UB","prob"
-0.403476820334376,0.0525303706225309,-0.503774921469029,-0.298514861330514,0.999997022675088
