"Posterior_Mean","Posterior_SD","Posterior_LB","Posterior_UB","prob"
-0.360273093665446,0.0547982995917292,-0.473992645933024,-0.231115902626124,0.999877087481945
