"Posterior_Mean","Posterior_SD","Posterior_LB","Posterior_UB","prob"
-0.391390959064077,0.0709501237650203,-0.538768239235008,-0.247818085644384,1
