"Posterior_Mean","Posterior_SD","Posterior_LB","Posterior_UB","prob"
-0.321878115347674,0.0662802031844166,-0.465094778616934,-0.135574146501606,0.9990852261489
