"Posterior_Mean","Posterior_SD","Posterior_LB","Posterior_UB","prob"
-0.307590763522977,0.0906857606485085,-0.489623451863279,-0.119625182580293,0.999541375031955
