"Posterior_Mean","Posterior_SD","Posterior_LB","Posterior_UB","prob"
-0.33663601041795,0.0557699761453236,-0.446937634162797,-0.219824261348619,0.999966556067886
