"Posterior_Mean","Posterior_SD","Posterior_LB","Posterior_UB","prob"
-0.216973730500904,0.0867271419475351,-0.439629350605657,-0.00379464178533395,0.978527953665427
