"Posterior_Mean","Posterior_SD","Posterior_LB","Posterior_UB","prob"
-0.31329686691914,0.0747307899792943,-0.482874802702709,-0.0901450439348847,0.996359528581476
