"Posterior_Mean","Posterior_SD","Posterior_LB","Posterior_UB","prob"
-0.179994137853921,0.0727129633092121,-0.361357771111771,0.062941275770078,0.929924743191842
