"Posterior_Mean","Posterior_SD","Posterior_LB","Posterior_UB","prob"
-0.325110113431249,0.0618666296780943,-0.530431951061499,-0.159626282424644,1
