"Posterior_Mean","Posterior_SD","Posterior_LB","Posterior_UB","prob"
-0.0837487034261837,0.0912768195967542,-0.273274657398608,0.0948185647809639,0.812588720862195
