"Posterior_Mean","Posterior_SD","Posterior_LB","Posterior_UB","prob"
-0.380653258928947,0.0549430594702503,-0.510503782810849,-0.226070954457365,0.999991782628339
