"Posterior_Mean","Posterior_SD","Posterior_LB","Posterior_UB","prob"
-0.200783462748326,0.0638327647384346,-0.338882157084918,-0.070122688118099,0.998586336651824
