"Posterior_Mean","Posterior_SD","Posterior_LB","Posterior_UB","prob"
-0.169513384941628,0.0675708262494572,-0.308331637013436,-0.0365931849958886,0.991405871596084
