"Posterior_Mean","Posterior_SD","Posterior_LB","Posterior_UB","prob"
-0.0910583470084205,0.0883581293528857,-0.274736088807722,0.0923671896784257,0.845058382610447
