"Posterior_Mean","Posterior_SD","Posterior_LB","Posterior_UB","prob"
-0.443999440570632,0.0514045148814177,-0.549433603252866,-0.335442129358424,1
