"Posterior_Mean","Posterior_SD","Posterior_LB","Posterior_UB","prob"
-0.390637834870866,0.066476112955317,-0.534184164669376,-0.249107443068225,0.99997446304192
