"Posterior_Mean","Posterior_SD","Posterior_LB","Posterior_UB","prob"
-0.309128311351775,0.0683341119512237,-0.471026932673079,-0.147609915654554,0.999113330354611
