"Posterior_Mean","Posterior_SD","Posterior_LB","Posterior_UB","prob"
-0.354121813729939,0.0614853769195471,-0.504293527698158,-0.0613998778298581,0.993610514255333
