"Posterior_Mean","Posterior_SD","Posterior_LB","Posterior_UB","prob"
-0.286546630802329,0.060689420118296,-0.446437347460655,-0.127488228186727,0.998982069888312
