"Posterior_Mean","Posterior_SD","Posterior_LB","Posterior_UB","prob"
-0.276201740386215,0.0572609563989563,-0.398799982533348,-0.130313502534572,0.999720546168321
