"Posterior_Mean","Posterior_SD","Posterior_LB","Posterior_UB","prob"
-0.266715399982347,0.0841171475531052,-0.472544598228434,-0.0538657091036058,0.995290701730826
