"Posterior_Mean","Posterior_SD","Posterior_LB","Posterior_UB","prob"
-0.183896145009599,0.0651747174939676,-0.310210207570267,-0.0525939361127229,0.995541992052371
