"Posterior_Mean","Posterior_SD","Posterior_LB","Posterior_UB","prob"
0.0463472556056885,0.0389249203526046,-0.0278603282678886,0.12038450947558,0.116034050256759
