"Posterior_Mean","Posterior_SD","Posterior_LB","Posterior_UB","prob"
-0.0239182493454036,0.0376215971562178,-0.102553839940257,0.0512563969873675,0.723435509894212
