"Posterior_Mean","Posterior_SD","Posterior_LB","Posterior_UB","prob"
-0.0154493449965778,0.0390144341255098,-0.0912790009816205,0.0597004887427247,0.641222665677574
