"Posterior_Mean","Posterior_SD","Posterior_LB","Posterior_UB","prob"
-0.0691220853639869,0.0421051951645279,-0.153814808396699,0.0106227326150908,0.952772589924687
