"Posterior_Mean","Posterior_SD","Posterior_LB","Posterior_UB","prob"
-0.0175342632421225,0.0392202663477955,-0.0968079128798132,0.0584781623793908,0.672534751055458
