"Posterior_Mean","Posterior_SD","Posterior_LB","Posterior_UB","prob"
0.0242807925842409,0.0397585538199444,-0.0569894122024811,0.104550707818126,0.261126696251745
