"Posterior_Mean","Posterior_SD","Posterior_LB","Posterior_UB","prob"
0.0351658313855679,0.0396075548100437,-0.0685778672711446,0.12073734750094,0.219572448088681
