"Posterior_Mean","Posterior_SD","Posterior_LB","Posterior_UB","prob"
0.10811959066376,0.0416365587777131,0.020796753246925,0.190330385115187,0.00915686548482381
