"Posterior_Mean","Posterior_SD","Posterior_LB","Posterior_UB","prob"
0.00262421102368563,0.0399048673496477,-0.0781124083238022,0.0872164908506173,0.488047112489922
