"Posterior_Mean","Posterior_SD","Posterior_LB","Posterior_UB","prob"
-0.0096658031881747,0.0381378758002468,-0.086835721446214,0.0635011494920341,0.601946810402445
