"Posterior_Mean","Posterior_SD","Posterior_LB","Posterior_UB","prob"
-0.00677110925892515,0.0393789440416729,-0.085810308832729,0.0673270034800276,0.568046372976487
