"Posterior_Mean","Posterior_SD","Posterior_LB","Posterior_UB","prob"
-0.0874011447370058,0.0415699414586751,-0.219879088100759,0.00261035127562614,0.971803263176575
