"Posterior_Mean","Posterior_SD","Posterior_LB","Posterior_UB","prob"
0.000318485503967886,0.0392212961044892,-0.074122536638319,0.076564260772258,0.499633058439
