"","Posterior_Mean","Posterior_SD","Posterior_LB","Posterior_UB"
"1",0.035579075060065,0.0612132773768183,-0.0818271413356412,0.155381791516322
