"","Posterior_Mean","Posterior_SD","Posterior_LB","Posterior_UB"
"1",0.00389784609999276,0.0540793962618409,-0.100968582808519,0.107684911560205
