"","Posterior_Mean","Posterior_SD","Posterior_LB","Posterior_UB"
"1",-0.0313011231043403,0.0667696559554746,-0.164922872777929,0.0958176362759081
