"","Posterior_Mean","Posterior_SD","Posterior_LB","Posterior_UB"
"1",0.016859758912537,0.0539584537465004,-0.0871575408250925,0.123684388076617
