"Posterior_Mean","Posterior_SD","Posterior_LB","Posterior_UB","prob"
-0.13104528324407,0.0478771503685516,-0.230490752544431,-0.0271576241827818,0.992614717056713
