"Posterior_Mean","Posterior_SD","Posterior_LB","Posterior_UB","prob"
0.0432080688466922,0.0854482964774753,-0.123632579368162,0.228776654541474,0.316389976878889
