"Posterior_Mean","Posterior_SD","Posterior_LB","Posterior_UB","prob"
-0.00629977105358178,0.0677530936635978,-0.146300388199149,0.131196614302358,0.541550718285966
