"Posterior_Mean","Posterior_SD","Posterior_LB","Posterior_UB","prob"
-0.0601252979807904,0.0545027448844176,-0.217643884474471,0.0729908996933428,0.808855397740178
