"Posterior_Mean","Posterior_SD","Posterior_LB","Posterior_UB","prob"
0.0632319825351417,0.0646471543414677,-0.0928496796969909,0.189009202503682,0.162574749913056
