"Posterior_Mean","Posterior_SD","Posterior_LB","Posterior_UB","prob"
-0.0842562665029338,0.0605949222439732,-0.231343043822322,0.102236076448011,0.863165147990709
