"Posterior_Mean","Posterior_SD","Posterior_LB","Posterior_UB","prob"
-0.00257862572536326,0.0602045533028051,-0.199033938161074,0.164124597086164,0.470360912253148
