"Posterior_Mean","Posterior_SD","Posterior_LB","Posterior_UB","prob"
-0.010105013557408,0.0686265340043453,-0.149475401062987,0.15279450180828,0.580273403555384
