"Posterior_Mean","Posterior_SD","Posterior_LB","Posterior_UB","prob"
-0.014773924319284,0.0514281779824759,-0.117522273336371,0.0897882609618622,0.612081781268448
