"Posterior_Mean","Posterior_SD","Posterior_LB","Posterior_UB","prob"
0.0354699428186806,0.0667094410472206,-0.106862342645886,0.162459082684123,0.286138663460962
