"Posterior_Mean","Posterior_SD","Posterior_LB","Posterior_UB","prob"
-0.021084839217263,0.065482347211196,-0.15666895826862,0.111674693728897,0.61248776836089
