"Posterior_Mean","Posterior_SD","Posterior_LB","Posterior_UB","prob"
0.0555185514582927,0.076468155038518,-0.100182556792618,0.2306120487268,0.247885862196562
