"Posterior_Mean","Posterior_SD","Posterior_LB","Posterior_UB","prob"
-0.0677042159911283,0.0583460585458513,-0.265769856438316,0.115972463109014,0.687754403397205
