"Posterior_Mean","Posterior_SD","Posterior_LB","Posterior_UB","prob"
-0.150198730014709,0.056677170125084,-0.285120452213971,-0.00169106313840834,0.975905449775657
