"Posterior_Mean","Posterior_SD","Posterior_LB","Posterior_UB","prob"
0.0825879478172662,0.0751392104953177,-0.0788569284392334,0.256492068446943,0.156609924863006
