"Posterior_Mean","Posterior_SD","Posterior_LB","Posterior_UB","prob"
0.0610750974749054,0.0867835710332526,-0.113757276668098,0.238879881025196,0.251359129641459
