"Posterior_Mean","Posterior_SD","Posterior_LB","Posterior_UB","prob"
-0.142505075772392,0.0563408230290562,-0.287551815619533,0.070147879299184,0.904470327422317
