"Posterior_Mean","Posterior_SD","Posterior_LB","Posterior_UB","prob"
0.0123520695024153,0.0558922913222962,-0.108446014493273,0.1477160232952,0.440254078650654
