"Posterior_Mean","Posterior_SD","Posterior_LB","Posterior_UB","prob"
-0.125843221557297,0.0633530993933487,-0.278464578879708,0.0729991116568728,0.901167161673089
