"Posterior_Mean","Posterior_SD","Posterior_LB","Posterior_UB","prob"
0.0106753597155766,0.0611472752075072,-0.115038473656744,0.139934181573764,0.435887261934094
