"Posterior_Mean","Posterior_SD","Posterior_LB","Posterior_UB","prob"
0.0201208334701074,0.0754122493312281,-0.153517761841301,0.21584688450441,0.449595126864297
