"Posterior_Mean","Posterior_SD","Posterior_LB","Posterior_UB","prob"
0.0639518717543734,0.0686836798949167,-0.0720399441367358,0.196630067387231,0.1725563070104
