"Posterior_Mean","Posterior_SD","Posterior_LB","Posterior_UB","prob"
-0.0810842807142468,0.0582500194690618,-0.19843294863522,0.0552436986992014,0.889088350695009
