"Posterior_Mean","Posterior_SD","Posterior_LB","Posterior_UB","prob"
0.0130260413699705,0.0918672154198922,-0.167854379560292,0.199887336524551,0.447620929104144
