"Posterior_Mean","Posterior_SD","Posterior_LB","Posterior_UB","prob"
0.115334971513442,0.0874135466409873,-0.0548624155945234,0.28775774416587,0.104298108972879
