"Posterior_Mean","Posterior_SD","Posterior_LB","Posterior_UB","prob"
-0.149130249656705,0.0612887307249632,-0.304159164299208,0.0195090601643145,0.952097158039068
