"Posterior_Mean","Posterior_SD","Posterior_LB","Posterior_UB","prob"
-0.0187043378598117,0.0696409829319101,-0.195228743037202,0.121298643719026,0.571922578379533
