"Posterior_Mean","Posterior_SD","Posterior_LB","Posterior_UB","prob"
-0.239730735050608,0.0472043929012145,-0.358803780492836,-0.10003168415925,0.996481001755856
