"Posterior_Mean","Posterior_SD","Posterior_LB","Posterior_UB","prob"
0.0256281976262943,0.0738787074463985,-0.196778853874919,0.183696948025601,0.348362270553884
