"Posterior_Mean","Posterior_SD","Posterior_LB","Posterior_UB","prob"
-0.0509848954174797,0.0468235038715678,-0.16479800476128,0.0734720704171634,0.793557723801559
