"Posterior_Mean","Posterior_SD","Posterior_LB","Posterior_UB","prob"
-0.103481395882993,0.0538880907584596,-0.232190559262789,0.0449610919200624,0.914081226566163
