"Posterior_Mean","Posterior_SD","Posterior_LB","Posterior_UB","prob"
-0.219567391606552,0.0572394176951275,-0.356590048717366,-0.00239980932340656,0.975777911212904
