"Posterior_Mean","Posterior_SD","Posterior_LB","Posterior_UB","prob"
-0.0217858315945837,0.0591335008789029,-0.173598218099862,0.119586304017186,0.607039986236993
