"Posterior_Mean","Posterior_SD","Posterior_LB","Posterior_UB","prob"
-0.0135049080760043,0.0606260225296574,-0.185246422242498,0.140419598060781,0.561089482272851
