"Posterior_Mean","Posterior_SD","Posterior_LB","Posterior_UB","prob"
0.0205952731329819,0.0588520056492291,-0.107511157940359,0.1551298172874,0.390294320538458
