"Posterior_Mean","Posterior_SD","Posterior_LB","Posterior_UB","prob"
0.00649776688475641,0.0578523057694658,-0.144867303981816,0.160208321967478,0.465498201175882
