"Posterior_Mean","Posterior_SD","Posterior_LB","Posterior_UB","prob"
0.0392570087061691,0.0621455986350886,-0.113620616206229,0.172987996962878,0.27670249446979
