"Posterior_Mean","Posterior_SD","Posterior_LB","Posterior_UB","prob"
-0.159436818293166,0.0551725515385579,-0.304257127434693,-0.0110168625066541,0.981175445995749
