"Posterior_Mean","Posterior_SD","Posterior_LB","Posterior_UB","prob"
-0.0144867951177468,0.0816897862825625,-0.185703715801088,0.147034816739331,0.54539977034673
