"Posterior_Mean","Posterior_SD","Posterior_LB","Posterior_UB","prob"
-0.0450719318132367,0.0642931745404385,-0.262734229659616,0.0988256071195392,0.684349374830951
