"Posterior_Mean","Posterior_SD","Posterior_LB","Posterior_UB","prob"
-0.0275267711321634,0.0631000990232134,-0.156779706646028,0.104042638214717,0.65421513642213
