"Posterior_Mean","Posterior_SD","Posterior_LB","Posterior_UB","prob"
-0.00058280143128943,0.0650248092582865,-0.166222565144495,0.141784802546737,0.487214083357959
