"Posterior_Mean","Posterior_SD","Posterior_LB","Posterior_UB","prob"
-0.0465039255981397,0.073075539737752,-0.203492757005418,0.0970027778792801,0.728500337326123
