"Posterior_Mean","Posterior_SD","Posterior_LB","Posterior_UB","prob"
0.0943804055272681,0.0693177275307887,-0.0516692337972785,0.228935709068348,0.0884960700089344
