"Posterior_Mean","Posterior_SD","Posterior_LB","Posterior_UB","prob"
-0.083744900696595,0.0481249121250543,-0.19943399977902,0.0239297882452854,0.922096874832519
