"Posterior_Mean","Posterior_SD","Posterior_LB","Posterior_UB","prob"
0.0352827852396216,0.0654539503695334,-0.0954618801412219,0.17230686014663,0.30065581440529
