"Posterior_Mean","Posterior_SD","Posterior_LB","Posterior_UB","prob"
0.0585255366665167,0.0713544652903496,-0.0972202851555286,0.244446460215708,0.269771968163366
