"Posterior_Mean","Posterior_SD","Posterior_LB","Posterior_UB","prob"
-0.111832657698015,0.0471626077064919,-0.220800220094048,-0.00308645534600052,0.977637543547864
