"Posterior_Mean","Posterior_SD","Posterior_LB","Posterior_UB","prob"
-0.0336566691856203,0.0607188181926426,-0.185247232739391,0.166121509446824,0.680089842784416
