"Posterior_Mean","Posterior_SD","Posterior_LB","Posterior_UB","prob"
-0.025443757402938,0.0670426385308273,-0.158157595530561,0.111476410543463,0.6528349369896
