"Posterior_Mean","Posterior_SD","Posterior_LB","Posterior_UB","prob"
-0.0475240563346022,0.06779921319794,-0.210120138194652,0.0913446122015468,0.734803766095139
