"Posterior_Mean","Posterior_SD","Posterior_LB","Posterior_UB","prob"
0.0521735841249131,0.0587855855041155,-0.0694720687116665,0.183200941247902,0.201111411374302
