"Posterior_Mean","Posterior_SD","Posterior_LB","Posterior_UB","prob"
0.040209801521481,0.0605147441185284,-0.0858668793834205,0.185826671613807,0.294202473056108
