"Posterior_Mean","Posterior_SD","Posterior_LB","Posterior_UB","prob"
0.086958299429176,0.084938019972333,-0.0866452722255933,0.272676928355155,0.179204444760701
