"Posterior_Mean","Posterior_SD","Posterior_LB","Posterior_UB","prob"
0.0898226446580154,0.0844693737000419,-0.0857489349943805,0.256063699119539,0.141961726194351
