"Posterior_Mean","Posterior_SD","Posterior_LB","Posterior_UB","prob"
-0.0100758911720019,0.0517535286002473,-0.140965657500393,0.131797946270189,0.567150386188125
