"Posterior_Mean","Posterior_SD","Posterior_LB","Posterior_UB","prob"
-0.116634818260445,0.0537158299705732,-0.292904889528541,0.0648740207450734,0.90020076612307
