"Posterior_Mean","Posterior_SD","Posterior_LB","Posterior_UB","prob"
0.0796653782501632,0.0716701753447999,-0.0614011531708495,0.244348384322528,0.138077408212461
