"Posterior_Mean","Posterior_SD","Posterior_LB","Posterior_UB","prob"
0.157684496382997,0.0896634177033039,-0.0158221933194322,0.33547252997028,0.0404870244979555
