"Posterior_Mean","Posterior_SD","Posterior_LB","Posterior_UB","prob"
-0.0838430162852739,0.0600218805935967,-0.240891339529581,0.0522293351370581,0.870036384481746
