"Posterior_Mean","Posterior_SD","Posterior_LB","Posterior_UB","prob"
0.0999305436429792,0.0668566768172051,-0.0404348754896744,0.234039666091881,0.0704205838596702
