"Posterior_Mean","Posterior_SD","Posterior_LB","Posterior_UB","prob"
0.0637488923832351,0.0610942242850725,-0.0547410683476208,0.181055709999873,0.152863611447691
