"Posterior_Mean","Posterior_SD","Posterior_LB","Posterior_UB","prob"
0.067378560133242,0.0871390689508056,-0.120683616270645,0.26725149293727,0.261502279974586
