"Posterior_Mean","Posterior_SD","Posterior_LB","Posterior_UB","prob"
-0.18850591583486,0.0509721900549548,-0.303697333856966,-0.0317962921633942,0.991339424014524
