"Posterior_Mean","Posterior_SD","Posterior_LB","Posterior_UB","prob"
-0.0702150854681537,0.0507540712561555,-0.17479734590281,0.0307943296775881,0.913159408853295
