"Posterior_Mean","Posterior_SD","Posterior_LB","Posterior_UB","prob"
-0.120873924191877,0.0552532667913094,-0.229648987475545,-0.00348901908171809,0.977371131906673
