"Posterior_Mean","Posterior_SD","Posterior_LB","Posterior_UB","prob"
0.1174468017601,0.0839868698455837,-0.0600532760713748,0.296503409756684,0.098406404345264
