"Posterior_Mean","Posterior_SD","Posterior_LB","Posterior_UB","prob"
0.0750372047948613,0.0688501804276813,-0.0710350546276977,0.253597986150938,0.157953161250983
