"Posterior_Mean","Posterior_SD","Posterior_LB","Posterior_UB","prob"
-0.164490722813821,0.0535463234881593,-0.270839039795934,-0.0496399756651061,0.996937442032174
