"Posterior_Mean","Posterior_SD","Posterior_LB","Posterior_UB","prob"
-0.0233920288357344,0.0629294255597638,-0.155891819869059,0.100735477335658,0.645271693450582
