"Posterior_Mean","Posterior_SD","Posterior_LB","Posterior_UB","prob"
-0.0567319601280489,0.0508182933289368,-0.187886507849743,0.0549644927622753,0.838391616337717
