"Posterior_Mean","Posterior_SD","Posterior_LB","Posterior_UB","prob"
-0.119982478876898,0.0668845748096535,-0.265128967385707,0.0253636299243596,0.941792733660576
