"Posterior_Mean","Posterior_SD","Posterior_LB","Posterior_UB","prob"
-0.105647075829724,0.064639284038631,-0.241989951963063,0.0552697523154687,0.909713086923432
