"Posterior_Mean","Posterior_SD","Posterior_LB","Posterior_UB","prob"
-0.151920455777746,0.0563301221238401,-0.317429037887181,0.116050893156998,0.826498622705593
