"Posterior_Mean","Posterior_SD","Posterior_LB","Posterior_UB","prob"
-0.0192745308356542,0.0481330457272682,-0.138434315301597,0.101560097181181,0.611196730515395
