"Posterior_Mean","Posterior_SD","Posterior_LB","Posterior_UB","prob"
-0.137815872440777,0.0498812577657377,-0.238764227177684,-0.0212435456653342,0.987187995136049
