"Posterior_Mean","Posterior_SD","Posterior_LB","Posterior_UB","prob"
-0.160244009766932,0.0496009035911492,-0.323783997468925,0.033761719102877,0.956130364514242
