"Posterior_Mean","Posterior_SD","Posterior_LB","Posterior_UB","prob"
-0.130627895336537,0.0460610191254556,-0.232802236437795,-0.0128749274867537,0.983879266191873
