"Posterior_Mean","Posterior_SD","Posterior_LB","Posterior_UB","prob"
0.0677524130677501,0.0872898774526309,-0.101170851503124,0.241539075658081,0.218404066834554
