"Posterior_Mean","Posterior_SD","Posterior_LB","Posterior_UB","prob"
-0.0227573127848794,0.0619601038030418,-0.153388512736543,0.110842960948265,0.633879513152151
