"Posterior_Mean","Posterior_SD","Posterior_LB","Posterior_UB","prob"
0.0217138445489397,0.0512256938787782,-0.0779784676144492,0.124407610451245,0.340155645515145
