"Posterior_Mean","Posterior_SD","Posterior_LB","Posterior_UB","prob"
0.102627508375164,0.0623125535020785,-0.0931744959306555,0.242425572818701,0.102306333709134
