"Posterior_Mean","Posterior_SD","Posterior_LB","Posterior_UB","prob"
0.265618176378965,0.0884565640163506,0.0949921708993318,0.438156968896416,0.000500753270004112
