"Posterior_Mean","Posterior_SD","Posterior_LB","Posterior_UB","prob"
0.302839375076139,0.0889835404172972,0.135537515811048,0.481455870384288,0.000500316865765066
