"Posterior_Mean","Posterior_SD","Posterior_LB","Posterior_UB","prob"
-0.0442686041828869,0.0583969824551173,-0.198353207592742,0.0992897918602519,0.730257035568188
