"Posterior_Mean","Posterior_SD","Posterior_LB","Posterior_UB","prob"
-0.0937163451770345,0.0576012520120611,-0.23613840518066,0.0882991008078786,0.868510081553615
