"Posterior_Mean","Posterior_SD","Posterior_LB","Posterior_UB","prob"
0.00116366878550202,0.0646419199013063,-0.232652873996662,0.151409864254654,0.423144903913844
