"Posterior_Mean","Posterior_SD","Posterior_LB","Posterior_UB","prob"
-0.085198001000586,0.0543272323650202,-0.198499993135898,0.0354489602896543,0.921644505624426
