"Posterior_Mean","Posterior_SD","Posterior_LB","Posterior_UB","prob"
0.0391907292414072,0.0900965706482292,-0.133242560553534,0.214977515083486,0.33888803649761
