"Posterior_Mean","Posterior_SD","Posterior_LB","Posterior_UB","prob"
-0.0469400787725906,0.0831385573453396,-0.241794219428072,0.136845308415631,0.689010372067893
