"Posterior_Mean","Posterior_SD","Posterior_LB","Posterior_UB","prob"
0.0483908530626397,0.0773994608629399,-0.112463206269125,0.245905479236521,0.310248343974026
