"Posterior_Mean","Posterior_SD","Posterior_LB","Posterior_UB","prob"
-0.000711285505185604,0.0856126642098391,-0.1714679459583,0.169128256879835,0.501204666013753
