"Posterior_Mean","Posterior_SD","Posterior_LB","Posterior_UB","prob"
-0.219452967197748,0.0452727430416686,-0.310364066795734,-0.130800191860718,0.999904874150455
