"Posterior_Mean","Posterior_SD","Posterior_LB","Posterior_UB","prob"
-0.0349808401284538,0.051168678327701,-0.163104329059843,0.0840192555842963,0.702947152631279
