"Posterior_Mean","Posterior_SD","Posterior_LB","Posterior_UB","prob"
0.128467232297419,0.0837973769889313,-0.117964485449107,0.333548511863961,0.156253616247312
