"Posterior_Mean","Posterior_SD","Posterior_LB","Posterior_UB","prob"
0.0090961965616742,0.0589938663579647,-0.140315214143609,0.134843778196952,0.422979747444331
