"Posterior_Mean","Posterior_SD","Posterior_LB","Posterior_UB","prob"
-0.0501106781264821,0.0639889314694278,-0.179717173563571,0.079536333767142,0.784990283259872
