"Posterior_Mean","Posterior_SD","Posterior_LB","Posterior_UB","prob"
-0.0281202662509331,0.0540313135652583,-0.145349439440047,0.121989653196677,0.702584527834735
