"Posterior_Mean","Posterior_SD","Posterior_LB","Posterior_UB","prob"
0.0180715108217473,0.0711459614117879,-0.131926704127651,0.156814826170572,0.403747256435026
