"Posterior_Mean","Posterior_SD","Posterior_LB","Posterior_UB","prob"
-0.0974857129426221,0.0677124987409468,-0.249948737172805,0.0531301626095042,0.89611675464126
