"Posterior_Mean","Posterior_SD","Posterior_LB","Posterior_UB","prob"
-0.0205896392258398,0.0704922777348998,-0.193924750038178,0.140803503611381,0.573672598874545
