"Posterior_Mean","Posterior_SD","Posterior_LB","Posterior_UB","prob"
-0.0718303592269914,0.0736339631652916,-0.214577491626541,0.0718972857951673,0.836
