"Posterior_Mean","Posterior_SD","Posterior_LB","Posterior_UB","prob"
-0.17155303004833,0.046643392415291,-0.283622757304271,0.0807663472336327,0.925396161515038
