"Posterior_Mean","Posterior_SD","Posterior_LB","Posterior_UB","prob"
0.016804197266342,0.0753951495389076,-0.133509874531247,0.166665556006279,0.416960299016836
