"Posterior_Mean","Posterior_SD","Posterior_LB","Posterior_UB","prob"
-0.171207952436813,0.0492867888508449,-0.271505174480829,-0.0684164582024485,0.998052754213038
