"Posterior_Mean","Posterior_SD","Posterior_LB","Posterior_UB","prob"
0.0234300847493146,0.0731628805452796,-0.118096778646081,0.165749113011867,0.372333333333333
