"Posterior_Mean","Posterior_SD","Posterior_LB","Posterior_UB","prob"
0.0332659209520829,0.073716272897936,-0.112109774743831,0.179682378272065,0.319166666666667
