"Posterior_Mean","Posterior_SD","Posterior_LB","Posterior_UB","prob"
-0.0127902871702015,0.0558975486000239,-0.120991711729096,0.105687462515694,0.610059615535358
