"Posterior_Mean","Posterior_SD","Posterior_LB","Posterior_UB","prob"
0.0543007987142747,0.0717464053555053,-0.106053005951664,0.207602244282066,0.243112824229012
