"Posterior_Mean","Posterior_SD","Posterior_LB","Posterior_UB","prob"
-0.243232082008736,0.0380387835200315,-0.334857219467296,-0.0988332006564876,0.999521718059986
