"Posterior_Mean","Posterior_SD","Posterior_LB","Posterior_UB","prob"
-0.0107506214786525,0.0717990800324905,-0.148573323031559,0.127617579387423,0.558565195643508
