"Posterior_Mean","Posterior_SD","Posterior_LB","Posterior_UB","prob"
0.127851623180449,0.0746583715238121,-0.0370146444668792,0.275855720561785,0.0498393855567235
