"Posterior_Mean","Posterior_SD","Posterior_LB","Posterior_UB","prob"
0.106850472202234,0.0705429190810774,-0.0569327777415046,0.254199218816674,0.0905487206210029
