"Posterior_Mean","Posterior_SD","Posterior_LB","Posterior_UB","prob"
0.038821410017733,0.0733990194914813,-0.0946524387509953,0.1852485298544,0.294002035562632
