"Posterior_Mean","Posterior_SD","Posterior_LB","Posterior_UB","prob"
0.0270480274282947,0.0726864308578702,-0.112245950232977,0.171436256974494,0.359333333333333
