"Posterior_Mean","Posterior_SD","Posterior_LB","Posterior_UB","prob"
-0.0605688108127568,0.0515021939545349,-0.159993472601707,0.0449221725346038,0.881662063985744
