"Posterior_Mean","Posterior_SD","Posterior_LB","Posterior_UB","prob"
-0.00851642659558999,0.0531911197130984,-0.113246282096419,0.100181197881871,0.573198335048383
