"Posterior_Mean","Posterior_SD","Posterior_LB","Posterior_UB","prob"
0.00754377237539207,0.0732934891626668,-0.138495252561475,0.150311976739935,0.459993211725282
