"Posterior_Mean","Posterior_SD","Posterior_LB","Posterior_UB","prob"
0.0756153139517959,0.0726415654225108,-0.0679779724259264,0.218959390668156,0.149333333333333
