"Posterior_Mean","Posterior_SD","Posterior_LB","Posterior_UB","prob"
0.0627481650373065,0.0578725801537085,-0.0655584242437676,0.259535928253332,0.226552029991885
