"Posterior_Mean","Posterior_SD","Posterior_LB","Posterior_UB","prob"
-0.231093411155164,0.0443024126149545,-0.322457686884753,-0.0789263359054289,0.993468445803912
