"Posterior_Mean","Posterior_SD","Posterior_LB","Posterior_UB","prob"
-0.110595129041466,0.0511364934409283,-0.210976199637201,-0.00605280306268777,0.980864870521097
