"Posterior_Mean","Posterior_SD","Posterior_LB","Posterior_UB","prob"
-0.0812318607072162,0.0473230082866206,-0.195464617393747,0.168780782725371,0.849391595640931
