"Posterior_Mean","Posterior_SD","Posterior_LB","Posterior_UB","prob"
-0.0286605250760268,0.0516331196480311,-0.130613811110119,0.091343746504163,0.720761711695124
