"Posterior_Mean","Posterior_SD","Posterior_LB","Posterior_UB","prob"
0.106212409437585,0.0771887680618894,-0.0403605596400972,0.25993917346971,0.082000113303838
