"Posterior_Mean","Posterior_SD","Posterior_LB","Posterior_UB","prob"
-0.170437441588787,0.0405938141032553,-0.269760574125006,-0.0818334784162725,0.99952869566663
