"Posterior_Mean","Posterior_SD","Posterior_LB","Posterior_UB","prob"
0.099697148710713,0.0739402164283914,-0.0441641823996177,0.241854574463027,0.0840000148307689
