"Posterior_Mean","Posterior_SD","Posterior_LB","Posterior_UB","prob"
0.117607472567007,0.0700457573113938,-0.0270993967299466,0.25003875535896,0.0510607864903526
