"Posterior_Mean","Posterior_SD","Posterior_LB","Posterior_UB","prob"
-0.0832440846778321,0.073255333131104,-0.224253206856933,0.0614745184374643,0.87
