"Posterior_Mean","Posterior_SD","Posterior_LB","Posterior_UB","prob"
-0.183796921317209,0.0544755114389575,-0.291385317455181,-0.0729584605289434,0.998420357020775
