"Posterior_Mean","Posterior_SD","Posterior_LB","Posterior_UB","prob"
-0.0389571523789025,0.0738556388462068,-0.184726442955734,0.104208579899908,0.702833333333333
