"Posterior_Mean","Posterior_SD","Posterior_LB","Posterior_UB","prob"
-0.0230152258898223,0.0733194275046721,-0.172891972342524,0.121541679515467,0.615514564842201
