"Posterior_Mean","Posterior_SD","Posterior_LB","Posterior_UB","prob"
0.0327645433856789,0.0731878829655822,-0.113746458493905,0.176824907295471,0.325521927898235
