"Posterior_Mean","Posterior_SD","Posterior_LB","Posterior_UB","prob"
-0.0227992692041371,0.0722087196774873,-0.165755422717648,0.121390193232969,0.6245
