"Posterior_Mean","Posterior_SD","Posterior_LB","Posterior_UB","prob"
0.0232778087609238,0.0689163235347238,-0.129963899634694,0.186269664367896,0.396054659507892
