"Posterior_Mean","Posterior_SD","Posterior_LB","Posterior_UB","prob"
-0.156082758484596,0.0516796462948066,-0.261756120530472,-0.0363381192108417,0.989656251810982
