"Posterior_Mean","Posterior_SD","Posterior_LB","Posterior_UB","prob"
-0.258671686630354,0.0549648110409054,-0.377271190273181,-0.131073387505804,1
