"Posterior_Mean","Posterior_SD","Posterior_LB","Posterior_UB","prob"
-0.157532450676678,0.0460442824315054,-0.270091643205099,-0.028190849824646,0.991849910747605
