"Posterior_Mean","Posterior_SD","Posterior_LB","Posterior_UB","prob"
0.0156443653196396,0.0753722774764232,-0.128427478150384,0.163204070227601,0.417666666666667
