"Posterior_Mean","Posterior_SD","Posterior_LB","Posterior_UB","prob"
-0.00425135943896466,0.0733044322296755,-0.148292239255282,0.139387122419549,0.526333333333333
