"Posterior_Mean","Posterior_SD","Posterior_LB","Posterior_UB","prob"
0.0904941479253096,0.0739904668503619,-0.0551580564344463,0.234000011298242,0.111166666666667
