"Posterior_Mean","Posterior_SD","Posterior_LB","Posterior_UB","prob"
-0.0559418580103974,0.0523866747764983,-0.161892166231731,0.100271880596409,0.84245940340119
