"Posterior_Mean","Posterior_SD","Posterior_LB","Posterior_UB","prob"
0.143632738457835,0.0759315597737134,-0.0017249007399162,0.295791714860994,0.0250269247227881
