"Posterior_Mean","Posterior_SD","Posterior_LB","Posterior_UB","prob"
-0.0674490456680474,0.0517986432922507,-0.169347447374044,0.0353029832467258,0.910117522712681
