"Posterior_Mean","Posterior_SD","Posterior_LB","Posterior_UB","prob"
-0.147387610012777,0.0529361113320823,-0.254030680699953,-0.0304890545067761,0.991414801635574
