"Posterior_Mean","Posterior_SD","Posterior_LB","Posterior_UB","prob"
-0.0718030616075288,0.0553809223905485,-0.181328352052574,0.0623397163467282,0.885474317783439
