"Posterior_Mean","Posterior_SD","Posterior_LB","Posterior_UB","prob"
-0.127131110550544,0.0515520207847181,-0.252431295845482,-0.0127456446676759,0.986917089335646
