"Posterior_Mean","Posterior_SD","Posterior_LB","Posterior_UB","prob"
0.0933461202114387,0.0703086757983327,-0.127728079303026,0.252988902044492,0.149408160162425
