"Posterior_Mean","Posterior_SD","Posterior_LB","Posterior_UB","prob"
-0.0738801156576418,0.0755100642567071,-0.222312109348472,0.0752354056284274,0.837666666666667
