"Posterior_Mean","Posterior_SD","Posterior_LB","Posterior_UB","prob"
-0.0277767198265023,0.07096449513868,-0.189677264387151,0.116325129364678,0.636202646743892
