"Posterior_Mean","Posterior_SD","Posterior_LB","Posterior_UB","prob"
0.0707810497227113,0.070564055581253,-0.0800458405264308,0.213554372082644,0.174419319160428
