"Posterior_Mean","Posterior_SD","Posterior_LB","Posterior_UB","prob"
-0.0214482130310005,0.0734605512560795,-0.163662457451654,0.120822187716849,0.615720998325671
