"Posterior_Mean","Posterior_SD","Posterior_LB","Posterior_UB","prob"
0.0616377426822998,0.0748138334382691,-0.087243744678033,0.211493004322883,0.213500247665482
