"Posterior_Mean","Posterior_SD","Posterior_LB","Posterior_UB","prob"
-0.0715727565777225,0.0550163194716695,-0.224726843349399,0.162624119783427,0.747570674180486
