"Posterior_Mean","Posterior_SD","Posterior_LB","Posterior_UB","prob"
-0.131062635912223,0.057183291869864,-0.248089401925683,0.013853332486495,0.965269491890922
