"Posterior_Mean","Posterior_SD","Posterior_LB","Posterior_UB","prob"
-0.0462455246527499,0.0609649965953296,-0.191725638034614,0.142580185213488,0.720447603783703
