"Posterior_Mean","Posterior_SD","Posterior_LB","Posterior_UB","prob"
-0.0347183050647251,0.0659472328304697,-0.17443544602509,0.121060379450873,0.683434806502548
