"Posterior_Mean","Posterior_SD","Posterior_LB","Posterior_UB","prob"
0.00841283789247431,0.0503880414611263,-0.096644414997743,0.108262691758676,0.426960448928117
