"Posterior_Mean","Posterior_SD","Posterior_LB","Posterior_UB","prob"
0.014089267804759,0.0741778771223749,-0.13593523965686,0.156975500780867,0.421166666666667
