"Posterior_Mean","Posterior_SD","Posterior_LB","Posterior_UB","prob"
-0.00758753667864595,0.0722270879040032,-0.147107974213465,0.135771664793646,0.545166666666667
