"Posterior_Mean","Posterior_SD","Posterior_LB","Posterior_UB","prob"
-0.0551601854728382,0.0749542890142037,-0.212742984793705,0.0933661603950083,0.763892989001077
