"Posterior_Mean","Posterior_SD","Posterior_LB","Posterior_UB","prob"
-0.166182495626728,0.0515497197119936,-0.27805843966455,-0.0264421917062402,0.986524705884371
