"Posterior_Mean","Posterior_SD","Posterior_LB","Posterior_UB","prob"
-0.00152965743095799,0.0587076106062992,-0.132258538272038,0.184276351518895,0.577864778511549
