"Posterior_Mean","Posterior_SD","Posterior_LB","Posterior_UB","prob"
-0.0186133432550006,0.0512167471974304,-0.122551414806876,0.084853833883891,0.64256644229222
