"Posterior_Mean","Posterior_SD","Posterior_LB","Posterior_UB","prob"
0.107547447923276,0.0755678128850759,-0.0394936995242566,0.252016634743593,0.0780008799564971
