"Posterior_Mean","Posterior_SD","Posterior_LB","Posterior_UB","prob"
0.00669767410330997,0.0702984429907338,-0.158107555501474,0.170083177138659,0.467717043782005
