"Posterior_Mean","Posterior_SD","Posterior_LB","Posterior_UB","prob"
-0.100198608976105,0.0642312817825985,-0.273674973456432,0.0768562498003888,0.845981948681358
