"Posterior_Mean","Posterior_SD","Posterior_LB","Posterior_UB","prob"
-0.0775547515431673,0.0578256629300536,-0.189543533388085,0.0625116431284025,0.888906567786995
