"Posterior_Mean","Posterior_SD","Posterior_LB","Posterior_UB","prob"
0.133558938311897,0.072983366657043,-0.0232239935046172,0.278975214797332,0.0397369102716894
