"Posterior_Mean","Posterior_SD","Posterior_LB","Posterior_UB","prob"
0.0586179692903399,0.0753561609971383,-0.0862712345108692,0.20527444181429,0.228
