"Posterior_Mean","Posterior_SD","Posterior_LB","Posterior_UB","prob"
-0.0427833158527886,0.0714496042018949,-0.179972159356438,0.114406504090061,0.705888768973331
