"Posterior_Mean","Posterior_SD","Posterior_LB","Posterior_UB","prob"
-0.0186110764430818,0.0533066947490347,-0.123955542783955,0.109028433554656,0.650060091587083
