"Posterior_Mean","Posterior_SD","Posterior_LB","Posterior_UB","prob"
-0.0274563807756376,0.0737056813389896,-0.170868548167787,0.117125338775917,0.651
