"Posterior_Mean","Posterior_SD","Posterior_LB","Posterior_UB","prob"
0.000530388220555888,0.0737839804323737,-0.140734675252188,0.141566705846236,0.499
