"Posterior_Mean","Posterior_SD","Posterior_LB","Posterior_UB","prob"
-0.224546959162688,0.041609156459243,-0.31119480554522,-0.133900392353148,0.999785334241318
