"Posterior_Mean","Posterior_SD","Posterior_LB","Posterior_UB","prob"
-0.0168409522167293,0.0731352946191776,-0.159353696831868,0.129853734509429,0.580995172659752
