"Posterior_Mean","Posterior_SD","Posterior_LB","Posterior_UB","prob"
-0.0453593059126013,0.065187241511981,-0.185234149461916,0.119964462331735,0.725030857605944
