"Posterior_Mean","Posterior_SD","Posterior_LB","Posterior_UB","prob"
-0.0757876606569114,0.0739384194594424,-0.218297749510607,0.0747780723527022,0.847
