"Posterior_Mean","Posterior_SD","Posterior_LB","Posterior_UB","prob"
0.0708407698611683,0.0759627780421827,-0.0838927718823958,0.229742696664387,0.168001413637146
