"Posterior_Mean","Posterior_SD","Posterior_LB","Posterior_UB","prob"
0.0223805290065545,0.0713023981813517,-0.116466519360911,0.169405095552703,0.365501247532951
