"Posterior_Mean","Posterior_SD","Posterior_LB","Posterior_UB","prob"
-0.178120029140583,0.0605272149158986,-0.298759952912386,-0.034581529431915,0.989945206618447
