"Posterior_Mean","Posterior_SD","Posterior_LB","Posterior_UB","prob"
-0.127230014198925,0.0581881089993954,-0.245730823436144,0.0221060494558108,0.958556763666313
