"Posterior_Mean","Posterior_SD","Posterior_LB","Posterior_UB","prob"
0.0639976303857407,0.0754983390180354,-0.0932217093869995,0.204309216833328,0.195715594973179
