"Posterior_Mean","Posterior_SD","Posterior_LB","Posterior_UB","prob"
0.119679367298056,0.0746464672939081,-0.0247043211793057,0.26821522483199,0.0541666666666667
