"Posterior_Mean","Posterior_SD","Posterior_LB","Posterior_UB","prob"
0.0911941545709563,0.0728610589599381,-0.051231860878413,0.234995560179998,0.112296691626253
