"Posterior_Mean","Posterior_SD","Posterior_LB","Posterior_UB","prob"
-0.121006530732222,0.0623907771921792,-0.24313191935885,0.0243620215529522,0.95552524423821
