"Posterior_Mean","Posterior_SD","Posterior_LB","Posterior_UB","prob"
-0.0148511552731723,0.0721183704893905,-0.158555004811707,0.121915186205042,0.579537102100143
