"Posterior_Mean","Posterior_SD","Posterior_LB","Posterior_UB","prob"
-0.219868191819402,0.0495368564697414,-0.344070010851572,-0.0356306162674641,0.987852786677518
