"Posterior_Mean","Posterior_SD","Posterior_LB","Posterior_UB","prob"
-0.180591895050782,0.048517865709586,-0.281624822923714,-0.0424351243658214,0.990272158835854
