"Posterior_Mean","Posterior_SD","Posterior_LB","Posterior_UB","prob"
-0.013219660086426,0.0740542079904243,-0.153474160983882,0.135237105260855,0.573355237986935
