"Posterior_Mean","Posterior_SD","Posterior_LB","Posterior_UB","prob"
-0.141582804516442,0.054274146517392,-0.255423671565929,-0.0091258427399095,0.979754406038883
