"Posterior_Mean","Posterior_SD","Posterior_LB","Posterior_UB","prob"
-0.154360068467365,0.066763700195434,-0.286637425121166,-0.00600027125751784,0.979232772033736
