"Posterior_Mean","Posterior_SD","Posterior_LB","Posterior_UB","prob"
-0.176623560926724,0.0534691777677844,-0.282867808187208,-0.0619839223669037,0.995776361773005
