"Posterior_Mean","Posterior_SD","Posterior_LB","Posterior_UB","prob"
-0.101564843210975,0.0671327809106353,-0.236672127388018,0.0444034215061646,0.90341324113094
