"Posterior_Mean","Posterior_SD","Posterior_LB","Posterior_UB","prob"
0.0695565420665543,0.0749231205405651,-0.0902927785300583,0.221097762834111,0.182904238364012
