"Posterior_Mean","Posterior_SD","Posterior_LB","Posterior_UB","prob"
-0.0593080570097029,0.0605773399681933,-0.204508029882905,0.126339793527688,0.747254611153596
