"Posterior_Mean","Posterior_SD","Posterior_LB","Posterior_UB","prob"
-0.0939820397793198,0.0534685708499704,-0.201712721429313,0.0249713808560226,0.953627638760661
