"Posterior_Mean","Posterior_SD","Posterior_LB","Posterior_UB","prob"
-0.0195109751225741,0.0716397553154693,-0.167183448148778,0.134386405600501,0.604030576442227
