"Posterior_Mean","Posterior_SD","Posterior_LB","Posterior_UB","prob"
-0.106698543874852,0.0499951310898376,-0.205351264883527,-0.00979971438750162,0.982774233151779
