"Posterior_Mean","Posterior_SD","Posterior_LB","Posterior_UB","prob"
0.0369700526532513,0.0742125492183204,-0.110321193516947,0.182082076693901,0.312
