"Posterior_Mean","Posterior_SD","Posterior_LB","Posterior_UB","prob"
-0.181097652650998,0.0563222836085455,-0.292683442981339,-0.0655764893943244,0.99673068511417
