"Posterior_Mean","Posterior_SD","Posterior_LB","Posterior_UB","prob"
-0.045841780027864,0.0712887636353171,-0.189262764601397,0.0988766059359626,0.737763302995882
