"Posterior_Mean","Posterior_SD","Posterior_LB","Posterior_UB","prob"
-0.0173103163413448,0.0512470007964955,-0.116002197123926,0.0859041358523314,0.636832093581796
