"Posterior_Mean","Posterior_SD","Posterior_LB","Posterior_UB","prob"
0.000962015673450242,0.0731392504381021,-0.148498207481273,0.146333628439124,0.492926841913586
