"Posterior_Mean","Posterior_SD","Posterior_LB","Posterior_UB","prob"
-0.0132819913170683,0.0740516740559307,-0.156851502933484,0.132738727429119,0.570166666666667
