"Posterior_Mean","Posterior_SD","Posterior_LB","Posterior_UB","prob"
-0.033942570227825,0.0749331510697223,-0.186117029452643,0.112597217983013,0.677501934087307
