"Posterior_Mean","Posterior_SD","Posterior_LB","Posterior_UB","prob"
0.0565817481472884,0.0744680399901876,-0.0972885519419502,0.209667627393345,0.221380269180215
