"Posterior_Mean","Posterior_SD","Posterior_LB","Posterior_UB","prob"
-0.0807400316343765,0.0542091590978464,-0.248427727437954,0.177431138531282,0.699673778226533
