"Posterior_Mean","Posterior_SD","Posterior_LB","Posterior_UB","prob"
-0.132468492346008,0.048200789269929,-0.229313452120901,0.0173069387697775,0.965587757960898
