"Posterior_Mean","Posterior_SD","Posterior_LB","Posterior_UB","prob"
-0.115143114034911,0.0542153636430909,-0.226464306125764,0.0463102224692721,0.940059802961551
