"Posterior_Mean","Posterior_SD","Posterior_LB","Posterior_UB","prob"
0.0183227514540142,0.0685757132791125,-0.181479391560485,0.165881359958163,0.370384466544359
