"Posterior_Mean","Posterior_SD","Posterior_LB","Posterior_UB","prob"
-0.00668561847405995,0.0754990299070207,-0.156269499201285,0.139099083400648,0.5325
