"Posterior_Mean","Posterior_SD","Posterior_LB","Posterior_UB","prob"
0.018466594101888,0.0738689092765508,-0.127391895513073,0.163837653468862,0.400833333333333
