"Posterior_Mean","Posterior_SD","Posterior_LB","Posterior_UB","prob"
-0.106639062796839,0.0723620475493019,-0.248833768615642,0.0342695751244237,0.9295
