"Posterior_Mean","Posterior_SD","Posterior_LB","Posterior_UB","prob"
-0.124228832269999,0.0547902846744421,-0.231765166204237,0.00208904067000207,0.974807562227815
