"Posterior_Mean","Posterior_SD","Posterior_LB","Posterior_UB","prob"
-0.0191616249781031,0.0703261017639338,-0.16730222746538,0.121778699498321,0.606558150309037
