"Posterior_Mean","Posterior_SD","Posterior_LB","Posterior_UB","prob"
-0.182948669750578,0.0741895687026645,-0.327169187087729,-0.0365371091996711,0.9935
