"Posterior_Mean","Posterior_SD","Posterior_LB","Posterior_UB","prob"
-0.0365630631130941,0.0743485220758322,-0.186675684214539,0.112283930222765,0.689000029247115
