"Posterior_Mean","Posterior_SD","Posterior_LB","Posterior_UB","prob"
-0.129613060752059,0.0524768611362432,-0.237456777961319,-0.022552145937576,0.992335898661766
