"Posterior_Mean","Posterior_SD","Posterior_LB","Posterior_UB","prob"
0.0193833759766023,0.0745233208006193,-0.122589469504478,0.164562442956904,0.401080251913873
