"Posterior_Mean","Posterior_SD","Posterior_LB","Posterior_UB","prob"
0.0159232573554316,0.0720257231808441,-0.122886847635206,0.162238283876669,0.414463033962665
