"Posterior_Mean","Posterior_SD","Posterior_LB","Posterior_UB","prob"
-0.131624501828649,0.0610250383847752,-0.269816060229869,0.0746670750868745,0.89210736680531
