"Posterior_Mean","Posterior_SD","Posterior_LB","Posterior_UB","prob"
0.0709516491857238,0.0742117931213827,-0.0720714685061948,0.219144879652895,0.17
