"Posterior_Mean","Posterior_SD","Posterior_LB","Posterior_UB","prob"
0.0895145656181914,0.0734713852070279,-0.0556858099470248,0.234097253466417,0.112833333333333
