"Posterior_Mean","Posterior_SD","Posterior_LB","Posterior_UB","prob"
-0.111712862715061,0.0606725584620357,-0.235553703236923,0.0576852958467854,0.915055673113124
