"Posterior_Mean","Posterior_SD","Posterior_LB","Posterior_UB","prob"
0.0507580786000696,0.0735246226736363,-0.0952805820848152,0.194699152297526,0.246333333333333
