"Posterior_Mean","Posterior_SD","Posterior_LB","Posterior_UB","prob"
0.0261737302421667,0.0722870701655522,-0.115216065868672,0.170141299178611,0.352166666666667
