"Posterior_Mean","Posterior_SD","Posterior_LB","Posterior_UB","prob"
0.0411337044956034,0.0636679613386867,-0.120665059073704,0.241195868056295,0.392668445992925
