"Posterior_Mean","Posterior_SD","Posterior_LB","Posterior_UB","prob"
-0.197444032160934,0.0470461143468224,-0.291346845819238,-0.0608989450535677,0.99281158251458
