"Posterior_Mean","Posterior_SD","Posterior_LB","Posterior_UB","prob"
-0.205417634114958,0.0445606168677654,-0.293908049999072,-0.106892108564953,0.998123575631161
