"Posterior_Mean","Posterior_SD","Posterior_LB","Posterior_UB","prob"
-0.0287802568398754,0.0767295237270287,-0.178282976682211,0.115926308050958,0.634505999777382
