"Posterior_Mean","Posterior_SD","Posterior_LB","Posterior_UB","prob"
-0.0475688377502649,0.0517192844763886,-0.147489081736107,0.0566363489979826,0.818752147517203
