"Posterior_Mean","Posterior_SD","Posterior_LB","Posterior_UB","prob"
0.0872925483803275,0.0747944130314608,-0.0528695704796588,0.231541634044409,0.126500104755938
