"Posterior_Mean","Posterior_SD","Posterior_LB","Posterior_UB","prob"
-0.07105419067947,0.0567142477257301,-0.187460938112272,0.0834392744946229,0.851136826110567
