"Posterior_Mean","Posterior_SD","Posterior_LB","Posterior_UB","prob"
0.0636246976350805,0.0735606035753144,-0.0814917080393689,0.210188080173312,0.189000560959895
