"Posterior_Mean","Posterior_SD","Posterior_LB","Posterior_UB","prob"
-0.0739185248965026,0.0566299955436415,-0.190939998587102,0.0901113479856666,0.865139781804397
