"Posterior_Mean","Posterior_SD","Posterior_LB","Posterior_UB","prob"
-0.139087685383961,0.0568043987087529,-0.265491727693606,0.0608179647416491,0.918737064631655
