"Posterior_Mean","Posterior_SD","Posterior_LB","Posterior_UB","prob"
-0.0165904317593808,0.0744358100576476,-0.161299502591353,0.124601540883382,0.59258510936671
