"Posterior_Mean","Posterior_SD","Posterior_LB","Posterior_UB","prob"
-0.074503412498345,0.0656609887740289,-0.241619863613154,0.0929585307405718,0.77422473610968
