"Posterior_Mean","Posterior_SD","Posterior_LB","Posterior_UB","prob"
0.0671415381389589,0.0756884534972501,-0.0780159444679807,0.216121327307144,0.189833333333333
