"Posterior_Mean","Posterior_SD","Posterior_LB","Posterior_UB","prob"
-0.109058834944956,0.0627990625591887,-0.23606232000587,0.0370311621267386,0.929817698170032
