"Posterior_Mean","Posterior_SD","Posterior_LB","Posterior_UB","prob"
-0.192461542063505,0.042309868921563,-0.276405198429279,-0.108663102249535,0.999720978133131
