"Posterior_Mean","Posterior_SD","Posterior_LB","Posterior_UB","prob"
0.0714806695779668,0.0743207135004623,-0.0744701391407513,0.212193079730364,0.162899071199977
