"Posterior_Mean","Posterior_SD","Posterior_LB","Posterior_UB","prob"
0.0774708033575445,0.0743603478908626,-0.0690070393934087,0.221496076725692,0.150333333333333
