"Posterior_Mean","Posterior_SD","Posterior_LB","Posterior_UB","prob"
-0.269676699163064,0.0471075421150071,-0.36732931025037,-0.135826922664688,0.999664406175096
