"Posterior_Mean","Posterior_SD","Posterior_LB","Posterior_UB","prob"
-0.0725059101556421,0.0734157106844869,-0.214361317727812,0.0715531401908788,0.839666666666667
