"Posterior_Mean","Posterior_SD","Posterior_LB","Posterior_UB","prob"
-0.113373997773022,0.0531389880805967,-0.218400698351273,0.00696295659003727,0.969050868605539
