"Posterior_Mean","Posterior_SD","Posterior_LB","Posterior_UB","prob"
0.050540552291852,0.0723351129733855,-0.0921404955431228,0.189726023382687,0.246333333333333
