"Posterior_Mean","Posterior_SD","Posterior_LB","Posterior_UB","prob"
-0.136096004384498,0.0478438114680454,-0.261193901717413,-0.0197677500561627,0.988435740068124
