"Posterior_Mean","Posterior_SD","Posterior_LB","Posterior_UB","prob"
-0.0985608500277296,0.0573572636095463,-0.216252778770387,0.0655832044022021,0.90788882215044
