"Posterior_Mean","Posterior_SD","Posterior_LB","Posterior_UB","prob"
-0.0257116824887079,0.0736361993869974,-0.172282397767432,0.120798361726103,0.634666666666667
