"Posterior_Mean","Posterior_SD","Posterior_LB","Posterior_UB","prob"
-0.0304938151352023,0.0653931842031275,-0.197779400828653,0.159952323470846,0.616626617547889
