"Posterior_Mean","Posterior_SD","Posterior_LB","Posterior_UB","prob"
0.0287532974614246,0.0735575535480808,-0.113251089847747,0.171204975547024,0.350833333333333
