"Posterior_Mean","Posterior_SD","Posterior_LB","Posterior_UB","prob"
-0.152314895658282,0.0548304035107254,-0.266200063198572,-0.017256815934639,0.98277496800094
