"Posterior_Mean","Posterior_SD","Posterior_LB","Posterior_UB","prob"
-0.22827120170741,0.0473531212232936,-0.343700296526589,0.0289713510546229,0.95842616060313
