"Posterior_Mean","Posterior_SD","Posterior_LB","Posterior_UB","prob"
0.0238511793685051,0.0734534003323708,-0.127880597830328,0.1739101624832,0.36911963803534
