"Posterior_Mean","Posterior_SD","Posterior_LB","Posterior_UB","prob"
-0.0129179873930583,0.0538628641191438,-0.120052674198505,0.109304774305333,0.606397273276143
