"Posterior_Mean","Posterior_SD","Posterior_LB","Posterior_UB","prob"
-0.100024219801813,0.0585941450273958,-0.257061359776936,0.0709345539119624,0.86491039842272
