"Posterior_Mean","Posterior_SD","Posterior_LB","Posterior_UB","prob"
-0.0856050313804226,0.0749711639524252,-0.244508724069659,0.0702696356080065,0.847210177180074
