"Posterior_Mean","Posterior_SD","Posterior_LB","Posterior_UB","prob"
-0.0954861144994166,0.0531511690942247,-0.199650588318679,0.020917754846737,0.951860326001808
