"Posterior_Mean","Posterior_SD","Posterior_LB","Posterior_UB","prob"
-0.021352771373997,0.0714132080775286,-0.167279446070565,0.122559822612825,0.611559182096782
