"Posterior_Mean","Posterior_SD","Posterior_LB","Posterior_UB","prob"
-0.175424081496922,0.0552306922294158,-0.286176215085147,-0.0492636308508547,0.992876684648012
