"Posterior_Mean","Posterior_SD","Posterior_LB","Posterior_UB","prob"
-0.105950191260342,0.0561366331115196,-0.218964036476229,0.0361877898209568,0.943665842282696
