"Posterior_Mean","Posterior_SD","Posterior_LB","Posterior_UB","prob"
0.0482112786788026,0.0736264065873629,-0.103076912164811,0.198723233096589,0.248266953228227
