"Posterior_Mean","Posterior_SD","Posterior_LB","Posterior_UB","prob"
-0.0270620337285963,0.0722098625240413,-0.165942392241041,0.109932489143668,0.643072332685705
