"Posterior_Mean","Posterior_SD","Posterior_LB","Posterior_UB","prob"
-0.206118885678564,0.041479216113072,-0.286622541616931,-0.118692478115864,0.999961288582065
