"Posterior_Mean","Posterior_SD","Posterior_LB","Posterior_UB","prob"
-0.0352769639080388,0.0743899102659165,-0.182890271259152,0.109267590574356,0.684277581751204
