"Posterior_Mean","Posterior_SD","Posterior_LB","Posterior_UB","prob"
0.00899044944663491,0.0741450775525041,-0.131727962767953,0.154919240478965,0.4545
