"Posterior_Mean","Posterior_SD","Posterior_LB","Posterior_UB","prob"
-0.159679146695564,0.0523944468772482,-0.262575682021545,-0.0418492851366874,0.992710666283689
