"Posterior_Mean","Posterior_SD","Posterior_LB","Posterior_UB","prob"
0.0930634435123116,0.0718825022506304,-0.0510123282381527,0.23425534038824,0.1005
