"Posterior_Mean","Posterior_SD","Posterior_LB","Posterior_UB","prob"
-0.128424151497922,0.0491107000799525,-0.233201171139063,-0.0149708249508015,0.987944110787645
