"Posterior_Mean","Posterior_SD","Posterior_LB","Posterior_UB","prob"
0.0759360021932507,0.0731663280145546,-0.0712992555894895,0.2151175823424,0.1505
