"Posterior_Mean","Posterior_SD","Posterior_LB","Posterior_UB","prob"
0.0212709696676951,0.0714090916788672,-0.132282724406761,0.167143201386259,0.381366550089903
