"Posterior_Mean","Posterior_SD","Posterior_LB","Posterior_UB","prob"
-0.191442247350363,0.0426772576309989,-0.277196866115828,-0.0920181784654734,0.999185235495116
