"Posterior_Mean","Posterior_SD","Posterior_LB","Posterior_UB","prob"
-0.0210898295006801,0.0753743774880635,-0.169395524743388,0.124134299490327,0.599
