"Posterior_Mean","Posterior_SD","Posterior_LB","Posterior_UB","prob"
-0.0148911105597241,0.0766861769820503,-0.16423185460833,0.137659443008153,0.578034702144662
