"Posterior_Mean","Posterior_SD","Posterior_LB","Posterior_UB","prob"
0.0445449388899597,0.0714603100706669,-0.110860440019232,0.199721688563443,0.289104215200823
