"Posterior_Mean","Posterior_SD","Posterior_LB","Posterior_UB","prob"
0.0519453195616135,0.0752055219104234,-0.0925960231725277,0.20126590897578,0.245559245765887
