"Posterior_Mean","Posterior_SD","Posterior_LB","Posterior_UB","prob"
0.0678276675247266,0.0733266098050018,-0.0769912435902322,0.21032672218003,0.1745
