"Posterior_Mean","Posterior_SD","Posterior_LB","Posterior_UB","prob"
-0.124083219978083,0.071179819919562,-0.262611174046518,0.0165386047670824,0.9615
