"Posterior_Mean","Posterior_SD","Posterior_LB","Posterior_UB","prob"
-0.17673224833442,0.0450324480817293,-0.274059788775827,-0.0737792962903479,0.998684543477512
