"Posterior_Mean","Posterior_SD","Posterior_LB","Posterior_UB","prob"
0.00603728402920507,0.0733841041233861,-0.135892767752943,0.148153463978543,0.4665
