"Posterior_Mean","Posterior_SD","Posterior_LB","Posterior_UB","prob"
0.0413553085339117,0.0752042529980986,-0.104235940980446,0.195033425309182,0.291293784234883
