"Posterior_Mean","Posterior_SD","Posterior_LB","Posterior_UB","prob"
0.0666664013901931,0.073775492277606,-0.0802937630756576,0.209019475846003,0.183333333333333
