"Posterior_Mean","Posterior_SD","Posterior_LB","Posterior_UB","prob"
-0.0559237073999273,0.0609538811024854,-0.203144161484784,0.136683815472943,0.727771382712085
