"Posterior_Mean","Posterior_SD","Posterior_LB","Posterior_UB","prob"
-0.0795544749661461,0.0582386655824724,-0.198595797139828,0.083581499970559,0.871597731858824
