"Posterior_Mean","Posterior_SD","Posterior_LB","Posterior_UB","prob"
-0.203380480636451,0.045552796737364,-0.289837632433084,-0.109574757658124,0.999487301215648
