"Posterior_Mean","Posterior_SD","Posterior_LB","Posterior_UB","prob"
-0.0387164618689227,0.0733046571638057,-0.182876978597491,0.106875828284643,0.704587414157183
