"Posterior_Mean","Posterior_SD","Posterior_LB","Posterior_UB","prob"
0.028394341041933,0.0756766766296707,-0.120692664295887,0.173728426436748,0.346543764345693
