"Posterior_Mean","Posterior_SD","Posterior_LB","Posterior_UB","prob"
0.0160720893398798,0.0740507123167643,-0.130050396628737,0.162687826053674,0.422635958778843
