"Posterior_Mean","Posterior_SD","Posterior_LB","Posterior_UB","prob"
-0.0959201340507487,0.0549253057318313,-0.210544906470825,0.076114107195434,0.900538932459728
