"Posterior_Mean","Posterior_SD","Posterior_LB","Posterior_UB","prob"
0.133235589983843,0.0754246768905968,-0.0218840793339786,0.278716666756099,0.0454155110703419
