"Posterior_Mean","Posterior_SD","Posterior_LB","Posterior_UB","prob"
0.0841050769173845,0.0731736368279634,-0.0579328560331015,0.226529555044896,0.124500018905467
