"Posterior_Mean","Posterior_SD","Posterior_LB","Posterior_UB","prob"
-0.033060630355278,0.0722143879264869,-0.171901781528478,0.107693224277191,0.68
