"Posterior_Mean","Posterior_SD","Posterior_LB","Posterior_UB","prob"
-0.175522536327875,0.10059503587815,-0.379064332051936,0.0464235292955015,0.944857388474393
