"Posterior_Mean","Posterior_SD","Posterior_LB","Posterior_UB","prob"
-0.340934216663752,0.0723575452925422,-0.498123432455868,-0.131548100038285,0.997616652736321
