"Posterior_Mean","Posterior_SD","Posterior_LB","Posterior_UB","prob"
-0.287952161121008,0.0873181503184506,-0.525473376202947,-0.0612434047178519,0.994940591015871
