"Posterior_Mean","Posterior_SD","Posterior_LB","Posterior_UB","prob"
-0.328557430477184,0.102648341387567,-0.562416102580181,-0.0609479002765449,0.993351546213026
