"Posterior_Mean","Posterior_SD","Posterior_LB","Posterior_UB","prob"
-0.403070352645321,0.0764141351810347,-0.580419945016947,-0.221177884027107,0.999932664361862
