"Posterior_Mean","Posterior_SD","Posterior_LB","Posterior_UB","prob"
-0.162306648519377,0.0893255688477957,-0.395183031438676,0.0409712523659459,0.93904587491312
