"Posterior_Mean","Posterior_SD","Posterior_LB","Posterior_UB","prob"
-0.217449331600693,0.0909514199176701,-0.402378561139068,0.0227871091865243,0.963366243164518
