"Posterior_Mean","Posterior_SD","Posterior_LB","Posterior_UB","prob"
-0.24634809134535,0.0943614386196492,-0.431930593580471,-0.0057984929776293,0.978463102980865
