"Posterior_Mean","Posterior_SD","Posterior_LB","Posterior_UB","prob"
-0.230135051546114,0.0825543314915571,-0.393115633622297,-0.0600381307045308,0.994182776951557
