"Posterior_Mean","Posterior_SD","Posterior_LB","Posterior_UB","prob"
-0.337818303917196,0.0873627856561563,-0.519750317620768,-0.11085351607212,0.995968544760291
