"Posterior_Mean","Posterior_SD","Posterior_LB","Posterior_UB","prob"
-0.233193826157246,0.0883350697461647,-0.442074911107906,-0.0437773270209126,0.991161593637348
