"Posterior_Mean","Posterior_SD","Posterior_LB","Posterior_UB","prob"
-0.319328890983124,0.0929676272339059,-0.557477157506551,-0.137239941551518,0.999247570384007
