"Posterior_Mean","Posterior_SD","Posterior_LB","Posterior_UB","prob"
-0.172236628620559,0.0769726065638497,-0.321471647812759,-0.0212801954313156,0.984886016548363
