"Posterior_Mean","Posterior_SD","Posterior_LB","Posterior_UB","prob"
-0.229480428132503,0.085126138480779,-0.440682685247249,0.0166464560483306,0.966520084565648
