"Posterior_Mean","Posterior_SD","Posterior_LB","Posterior_UB","prob"
-0.260980838284715,0.0762600127058239,-0.426995232586778,-0.0917373714392304,0.996209309809349
