"Posterior_Mean","Posterior_SD","Posterior_LB","Posterior_UB","prob"
-0.41156771835438,0.0989717324018977,-0.619425079132509,-0.197757266859399,0.999169125241539
