"Posterior_Mean","Posterior_SD","Posterior_LB","Posterior_UB","prob"
0.00589968990915714,0.034975924434894,-0.0610903458107623,0.0723427700651965,0.437188298021355
