"Posterior_Mean","Posterior_SD","Posterior_LB","Posterior_UB","prob"
-0.0503872354343043,0.0373697310774742,-0.125167888207623,0.0235867652070006,0.916495377194521
