"Posterior_Mean","Posterior_SD","Posterior_LB","Posterior_UB","prob"
0.0172603236967553,0.0359262004384437,-0.0532836367291469,0.0889105036299264,0.307918568904938
