"Posterior_Mean","Posterior_SD","Posterior_LB","Posterior_UB","prob"
-0.0346140278849663,0.0361861765357737,-0.105797076412135,0.0394562883765063,0.838920087478656
