"Posterior_Mean","Posterior_SD","Posterior_LB","Posterior_UB","prob"
0.00819647510778088,0.0357815752523992,-0.0601251268654847,0.0789749909317661,0.408893257362233
