"Posterior_Mean","Posterior_SD","Posterior_LB","Posterior_UB","prob"
0.0140776092226702,0.0357783608540887,-0.0536535794314192,0.0846731070697573,0.355501149376304
