"Posterior_Mean","Posterior_SD","Posterior_LB","Posterior_UB","prob"
-0.0143270358285795,0.0370145120012829,-0.0887369762964345,0.0561428195735795,0.65164571314555
