"Posterior_Mean","Posterior_SD","Posterior_LB","Posterior_UB","prob"
0.01661352906004,0.0368575277124429,-0.0540090134302978,0.0881728275827133,0.336056086201701
