"Posterior_Mean","Posterior_SD","Posterior_LB","Posterior_UB","prob"
0.0269179654458214,0.0353777322782228,-0.0439701592116814,0.095620388833628,0.212022948179116
