"Posterior_Mean","Posterior_SD","Posterior_LB","Posterior_UB","prob"
0.00782103860416781,0.0372115979264026,-0.0658203762587061,0.0830143091898387,0.42201400570324
