"Posterior_Mean","Posterior_SD","Posterior_LB","Posterior_UB","prob"
0.0737495102046226,0.0358552396089811,0.00145134117556328,0.144615971260772,0.0217338263240117
