"Posterior_Mean","Posterior_SD","Posterior_LB","Posterior_UB","prob"
-0.0105335168734094,0.0390550456828477,-0.12124215622562,0.0933451787058048,0.557197751410997
