"Posterior_Mean","Posterior_SD","Posterior_LB","Posterior_UB","prob"
-0.0508109283562067,0.0366155422853883,-0.121625093997462,0.0187523033620169,0.922183320428585
