"Posterior_Mean","Posterior_SD","Posterior_LB","Posterior_UB","prob"
0.0385788592101173,0.0381946481631748,-0.0410002741690929,0.122571818699244,0.165190288985326
