"Posterior_Mean","Posterior_SD","Posterior_LB","Posterior_UB","prob"
0.01108558435547,0.036326701115131,-0.0579360593188457,0.0813562585448829,0.384837322418181
