"Posterior_Mean","Posterior_SD","Posterior_LB","Posterior_UB","prob"
-0.0251626830377494,0.034386004855061,-0.0907699174823638,0.0432453489300483,0.76425959216698
