"Posterior_Mean","Posterior_SD","Posterior_LB","Posterior_UB","prob"
-0.0151857230732854,0.0379094323535116,-0.0949483865590759,0.0602732583515053,0.64411818815253
