"Posterior_Mean","Posterior_SD","Posterior_LB","Posterior_UB","prob"
-0.0255441472934214,0.0375755827592468,-0.0964676008981729,0.0489168571810544,0.750538704990746
