"Posterior_Mean","Posterior_SD","Posterior_LB","Posterior_UB","prob"
0.0618937276402142,0.0401577881443145,-0.043720469817649,0.205904710701879,0.15840813607713
