"Posterior_Mean","Posterior_SD","Posterior_LB","Posterior_UB","prob"
-0.00341231661607137,0.0356264357969322,-0.0723778626390756,0.0621425399368263,0.528517230331051
