"Posterior_Mean","Posterior_SD","Posterior_LB","Posterior_UB","prob"
-0.0102041018740985,0.036575552143271,-0.0827684535271338,0.0611062522172153,0.62060589527041
