"Posterior_Mean","Posterior_SD","Posterior_LB","Posterior_UB","prob"
-0.0219461733171566,0.0360049608140063,-0.09251192973673,0.0480742696636306,0.724070078624167
