"Posterior_Mean","Posterior_SD","Posterior_LB","Posterior_UB","prob"
-0.0257303755366958,0.0378509014281887,-0.111023984700516,0.0514115423602937,0.731693728955497
