"Posterior_Mean","Posterior_SD","Posterior_LB","Posterior_UB","prob"
0.0123770265263374,0.0355088685687795,-0.0558946266268042,0.0810712136344571,0.360116797580877
