"Posterior_Mean","Posterior_SD","Posterior_LB","Posterior_UB","prob"
0.081129079363161,0.0379884842761124,0.00457464076863431,0.15155993051604,0.0200584920955312
