"Posterior_Mean","Posterior_SD","Posterior_LB","Posterior_UB","prob"
-0.0406533521065187,0.0363367789118346,-0.113999796357559,0.0300111276390274,0.865542575111264
