"Posterior_Mean","Posterior_SD","Posterior_LB","Posterior_UB","prob"
-0.057349925871292,0.0387686156494836,-0.13358978459959,0.0198671874522709,0.931283236252139
