"Posterior_Mean","Posterior_SD","Posterior_LB","Posterior_UB","prob"
0.0112264753692637,0.0348179586753541,-0.0540774245008452,0.0830673974176194,0.371338656127982
