"Posterior_Mean","Posterior_SD","Posterior_LB","Posterior_UB","prob"
-0.00512333077912608,0.0365394274124587,-0.0774915772950173,0.0650068142923784,0.552622035091829
