"Posterior_Mean","Posterior_SD","Posterior_LB","Posterior_UB","prob"
-0.00987389098528276,0.0367211527524927,-0.0805570963792138,0.0628542528991673,0.606981299759131
