"Posterior_Mean","Posterior_SD","Posterior_LB","Posterior_UB","prob"
0.0714988018492609,0.0442349622491423,-0.0213666158327682,0.159069880723826,0.0624759686978321
