"Posterior_Mean","Posterior_SD","Posterior_LB","Posterior_UB","prob"
0.00695550458532768,0.0357916512811167,-0.0608819585099469,0.0809361615169521,0.4270162775753
