"Posterior_Mean","Posterior_SD","Posterior_LB","Posterior_UB","prob"
-0.0070533861053118,0.0372090464575429,-0.0801861235352496,0.0675695249966509,0.581058325836362
