"Posterior_Mean","Posterior_SD","Posterior_LB","Posterior_UB","prob"
0.00801478949244619,0.0378714464908785,-0.0675504621593734,0.0811323676080973,0.407661136889716
