"Posterior_Mean","Posterior_SD","Posterior_LB","Posterior_UB","prob"
-0.0228148577079498,0.0365543645581057,-0.0980309829384699,0.0471876165893834,0.721860104232128
