"Posterior_Mean","Posterior_SD","Posterior_LB","Posterior_UB","prob"
0.0232243935882919,0.0358402060088334,-0.0461742886760309,0.094744199980327,0.25287933723706
