"Posterior_Mean","Posterior_SD","Posterior_LB","Posterior_UB","prob"
-0.0284634931680767,0.0375848543154022,-0.102147630531353,0.0470521409041979,0.784702075375094
