"Posterior_Mean","Posterior_SD","Posterior_LB","Posterior_UB","prob"
0.0314434550722178,0.0364416770527485,-0.0408023131335702,0.101698928299757,0.194498098104041
