"Posterior_Mean","Posterior_SD","Posterior_LB","Posterior_UB","prob"
-0.0247088820483618,0.0371124647624076,-0.0991772333393532,0.0470356301011128,0.740636831716616
