"Posterior_Mean","Posterior_SD","Posterior_LB","Posterior_UB","prob"
0.010250062283957,0.037434724509667,-0.0641558568475331,0.0827627421317914,0.37912140212236
