"Posterior_Mean","Posterior_SD","Posterior_LB","Posterior_UB","prob"
-0.0560092249471828,0.0354303133359551,-0.123596158345696,0.0159450065152917,0.942480373104585
