"Posterior_Mean","Posterior_SD","Posterior_LB","Posterior_UB","prob"
0.018275266706383,0.0349848627080742,-0.0482233728824949,0.0880737361447034,0.302339257338
