"Posterior_Mean","Posterior_SD","Posterior_LB","Posterior_UB","prob"
0.0463469383318947,0.0366615692742065,-0.024611800064317,0.118088363576603,0.0945310590117262
