"Posterior_Mean","Posterior_SD","Posterior_LB","Posterior_UB","prob"
0.104968930872984,0.0368769654489167,0.036289907493338,0.177964172960894,0.0015016086715021
