"Posterior_Mean","Posterior_SD","Posterior_LB","Posterior_UB","prob"
0.0109871223666077,0.0380971365690073,-0.06601931944264,0.0904994448972149,0.387637184850751
