"Posterior_Mean","Posterior_SD","Posterior_LB","Posterior_UB","prob"
-0.0113465158752356,0.0373538208971681,-0.0835282554695202,0.0637627880880037,0.621682117792851
