"Posterior_Mean","Posterior_SD","Posterior_LB","Posterior_UB","prob"
0.0117894371635647,0.040052967445403,-0.0736717420081327,0.0992741628786812,0.393229967086466
