"Posterior_Mean","Posterior_SD","Posterior_LB","Posterior_UB","prob"
0.0230789983645769,0.0369679807329723,-0.0484177532766356,0.0949104066011865,0.270486808017253
