"Posterior_Mean","Posterior_SD","Posterior_LB","Posterior_UB","prob"
-0.0079577378998407,0.0387493400072236,-0.0840479628564941,0.0674927024803205,0.58874566921854
