"Posterior_Mean","Posterior_SD","Posterior_LB","Posterior_UB","prob"
-0.0120181561664676,0.0349094972630549,-0.0839025747876951,0.0575350939441306,0.624262125534339
