"Posterior_Mean","Posterior_SD","Posterior_LB","Posterior_UB","prob"
0.0361022142976888,0.0376406044293436,-0.0401499766139669,0.112238557823089,0.1735134983344
