"Posterior_Mean","Posterior_SD","Posterior_LB","Posterior_UB","prob"
-0.045099250196716,0.0363419896497154,-0.117537547948423,0.0213089237853527,0.889827963193473
