"Posterior_Mean","Posterior_SD","Posterior_LB","Posterior_UB","prob"
-0.0110965094458024,0.0356710041351598,-0.0794689520810829,0.060314913575686,0.624732789418559
