"Posterior_Mean","Posterior_SD","Posterior_LB","Posterior_UB","prob"
0.00746121413293966,0.0364529622164566,-0.0631345854531564,0.0819711472061517,0.410933660905235
