"Posterior_Mean","Posterior_SD","Posterior_LB","Posterior_UB","prob"
-0.00440545267693991,0.037145542263003,-0.0767347457193041,0.0694830884274958,0.542114578897932
