"Posterior_Mean","Posterior_SD","Posterior_LB","Posterior_UB","prob"
-0.0529288463803802,0.0362319843729572,-0.123626637212215,0.0213573389167255,0.927996319720944
