"Posterior_Mean","Posterior_SD","Posterior_LB","Posterior_UB","prob"
-0.0133083753919804,0.0373301520379356,-0.0871587697873144,0.0601002875100164,0.634497276674804
