"Posterior_Mean","Posterior_SD","Posterior_LB","Posterior_UB","prob"
0.0506285401816311,0.0369714202532875,-0.0222624150775355,0.122300007199032,0.086440522269429
