"Posterior_Mean","Posterior_SD","Posterior_LB","Posterior_UB","prob"
-0.0115937272495082,0.0383489562542175,-0.0865062611210514,0.0616917131381238,0.614519057250246
