"Posterior_Mean","Posterior_SD","Posterior_LB","Posterior_UB","prob"
-0.0146543737500859,0.0364908517141787,-0.0866729005667157,0.0584518827069489,0.650053981781718
