"Posterior_Mean","Posterior_SD","Posterior_LB","Posterior_UB","prob"
-0.0190816310168386,0.0362546584897688,-0.0900716033980759,0.0523460629376892,0.696012943175383
