"Posterior_Mean","Posterior_SD","Posterior_LB","Posterior_UB","prob"
0.0392086052535179,0.0362676190875589,-0.0318143225427772,0.10909353614901,0.144775571439806
