"Posterior_Mean","Posterior_SD","Posterior_LB","Posterior_UB","prob"
-0.0177564153626914,0.0366786517031415,-0.0849520992712811,0.0585590078972448,0.694566214284237
