"Posterior_Mean","Posterior_SD","Posterior_LB","Posterior_UB","prob"
-0.00942510846551659,0.0349738823444197,-0.0786357322777615,0.0576445803098154,0.599990190980264
