"Posterior_Mean","Posterior_SD","Posterior_LB","Posterior_UB","prob"
-0.00099377696977474,0.0375061222486735,-0.0789716460898203,0.0736132521939647,0.50412768402285
