"Posterior_Mean","Posterior_SD","Posterior_LB","Posterior_UB","prob"
0.0840818093444699,0.0371758627845718,0.0121000606579527,0.157001813407704,0.00954351377650364
