"Posterior_Mean","Posterior_SD","Posterior_LB","Posterior_UB","prob"
0.018235408198255,0.0372689163553968,-0.0543535495488994,0.0925758215670554,0.31363900891481
