"Posterior_Mean","Posterior_SD","Posterior_LB","Posterior_UB","prob"
-0.0497774746099707,0.0393852156439106,-0.12570991456817,0.0284594480897175,0.889624857661088
