"Posterior_Mean","Posterior_SD","Posterior_LB","Posterior_UB","prob"
-0.0100926635185678,0.0367955478775789,-0.0867856954384365,0.0652699793423024,0.603561927515138
