"Posterior_Mean","Posterior_SD","Posterior_LB","Posterior_UB","prob"
0.0405007504931622,0.0357718993122376,-0.0279730407250665,0.113013623982146,0.134586506461777
