"Posterior_Mean","Posterior_SD","Posterior_LB","Posterior_UB","prob"
-0.00648636762391504,0.0373872249215998,-0.0774731484041611,0.070422085802322,0.566902772777946
