"Posterior_Mean","Posterior_SD","Posterior_LB","Posterior_UB","prob"
0.00570028493350676,0.0377476569485538,-0.0686647789475518,0.0778854341813995,0.433493339792445
