"Posterior_Mean","Posterior_SD","Posterior_LB","Posterior_UB","prob"
0.025288005383566,0.0363120337455885,-0.046955907673707,0.09807490325645,0.233162736467715
