"Posterior_Mean","Posterior_SD","Posterior_LB","Posterior_UB","prob"
-0.0271410151273213,0.0365909143256335,-0.100624368132714,0.0473815135256039,0.77589283232717
