"Posterior_Mean","Posterior_SD","Posterior_LB","Posterior_UB","prob"
0.0568807118952648,0.037133022710165,-0.016380521328631,0.129308941808776,0.0634946037334511
