"Posterior_Mean","Posterior_SD","Posterior_LB","Posterior_UB","prob"
0.0269411104365786,0.0386712996117724,-0.0503723602870901,0.105372491189659,0.240976139283474
