"Posterior_Mean","Posterior_SD","Posterior_LB","Posterior_UB","prob"
0.0435176171502916,0.0380000111515881,-0.030224741836429,0.118439519304406,0.134222949346858
