"Posterior_Mean","Posterior_SD","Posterior_LB","Posterior_UB","prob"
-0.0105191967431516,0.0370048268135286,-0.0831397622561963,0.0612824345121636,0.595737582126512
