"Posterior_Mean","Posterior_SD","Posterior_LB","Posterior_UB","prob"
0.00981112288424978,0.0372742907218223,-0.0618855955344224,0.0814850209852832,0.399748507710025
