"Posterior_Mean","Posterior_SD","Posterior_LB","Posterior_UB","prob"
0.037130674823382,0.038493149174639,-0.0428961230459664,0.128186001000674,0.192981688014261
