"Posterior_Mean","Posterior_SD","Posterior_LB","Posterior_UB","prob"
0.0523199323909212,0.0410832758685087,-0.0281728460565127,0.129696608654844,0.116747406512211
