"Posterior_Mean","Posterior_SD","Posterior_LB","Posterior_UB","prob"
-0.0285118637758842,0.0394091141807161,-0.122979785494822,0.0578741713194579,0.718366437250244
