"Posterior_Mean","Posterior_SD","Posterior_LB","Posterior_UB","prob"
0.0164861993170716,0.0383275900139755,-0.0573160121691824,0.0937518167875053,0.351986285109453
