"Posterior_Mean","Posterior_SD","Posterior_LB","Posterior_UB","prob"
0.00115046005224498,0.0370144360682243,-0.0754712152334993,0.0741939871293685,0.498636386421103
