"Posterior_Mean","Posterior_SD","Posterior_LB","Posterior_UB","prob"
-0.0481785242798441,0.0387386621379833,-0.127067408819977,0.0284540548853666,0.899382101593887
