"Posterior_Mean","Posterior_SD","Posterior_LB","Posterior_UB","prob"
0.00593522074137728,0.0352142175046859,-0.0629576679824666,0.0758020339056634,0.439272320033342
