"Posterior_Mean","Posterior_SD","Posterior_LB","Posterior_UB","prob"
-0.021016071991023,0.0388932541712117,-0.0978462276774968,0.0559649876380958,0.693756725522957
