"Posterior_Mean","Posterior_SD","Posterior_LB","Posterior_UB","prob"
0.0180848370785265,0.0354461147869166,-0.052902067919018,0.0895173455113473,0.293996323697588
