"Posterior_Mean","Posterior_SD","Posterior_LB","Posterior_UB","prob"
-0.0171506889085275,0.0368719375548913,-0.0907692226743607,0.0583648238855437,0.687050048960754
