"Posterior_Mean","Posterior_SD","Posterior_LB","Posterior_UB","prob"
-0.0277862868533056,0.036464722334398,-0.0992469188787121,0.0445770178408596,0.788798973111598
