"Posterior_Mean","Posterior_SD","Posterior_LB","Posterior_UB","prob"
-0.0371983859204996,0.0366946692081604,-0.108824629456127,0.0316291906056801,0.84049816739253
