"Posterior_Mean","Posterior_SD","Posterior_LB","Posterior_UB","prob"
0.0127983002479086,0.0376796578616305,-0.062715824000776,0.0864976460833803,0.367133379092577
