"Posterior_Mean","Posterior_SD","Posterior_LB","Posterior_UB","prob"
0.0479316553703159,0.0355737382516343,-0.0221140816144253,0.116516414558858,0.0908200972203886
