"Posterior_Mean","Posterior_SD","Posterior_LB","Posterior_UB","prob"
-0.00721855167565668,0.0375231320646042,-0.0828071649528137,0.0661695575712989,0.5777399891404
