"Posterior_Mean","Posterior_SD","Posterior_LB","Posterior_UB","prob"
0.0645157909946216,0.03796109740315,-0.0111029879826402,0.13705700029539,0.0505141000237754
