"Posterior_Mean","Posterior_SD","Posterior_LB","Posterior_UB","prob"
-0.00707565258590734,0.0363936367395519,-0.0839437885646141,0.0609545101308217,0.576093130199589
