"Posterior_Mean","Posterior_SD","Posterior_LB","Posterior_UB","prob"
-0.0218610319992519,0.0374490534988211,-0.0956699687217492,0.0554719683782036,0.720075502156128
