"Posterior_Mean","Posterior_SD","Posterior_LB","Posterior_UB","prob"
0.00532667620893584,0.0362077151994866,-0.0659878948725159,0.0769035060438244,0.450512803038785
