"Posterior_Mean","Posterior_SD","Posterior_LB","Posterior_UB","prob"
-0.0177496859844018,0.0476809894635903,-0.140571818966986,0.0775877939030997,0.614358701208982
