"Posterior_Mean","Posterior_SD","Posterior_LB","Posterior_UB","prob"
-0.0475637511733901,0.0374941276415753,-0.121580737144357,0.0282731915624608,0.903220605861056
