"Posterior_Mean","Posterior_SD","Posterior_LB","Posterior_UB","prob"
-0.00509428514557433,0.0386785949000677,-0.0839083018461163,0.074046390442932,0.561088116080103
