"Posterior_Mean","Posterior_SD","Posterior_LB","Posterior_UB","prob"
0.0937723562535669,0.0564511944584402,-0.0298188241607259,0.244982901658643,0.0678382035129994
