"Posterior_Mean","Posterior_SD","Posterior_LB","Posterior_UB","prob"
0.0202269574525405,0.036335295162329,-0.0520051414503205,0.0907426236706836,0.282755928323094
