"Posterior_Mean","Posterior_SD","Posterior_LB","Posterior_UB","prob"
0.00607826503704088,0.0377428640472781,-0.0657223994850468,0.080173269720677,0.441561253098
