"Posterior_Mean","Posterior_SD","Posterior_LB","Posterior_UB","prob"
-0.0187648690168059,0.0366139206218789,-0.0885973588746259,0.0546507240951414,0.697093080039191
