"Posterior_Mean","Posterior_SD","Posterior_LB","Posterior_UB","prob"
0.0176490663456913,0.0361112276259965,-0.0515232810074501,0.0877650053500209,0.317016234861536
