"Posterior_Mean","Posterior_SD","Posterior_LB","Posterior_UB","prob"
0.0376805874885515,0.0380635083516755,-0.0367825008698421,0.119604405040233,0.163694421300698
