"Posterior_Mean","Posterior_SD","Posterior_LB","Posterior_UB","prob"
-0.0258813634356579,0.0378568317799238,-0.105249159950853,0.0503124277193506,0.745266516899143
