"Posterior_Mean","Posterior_SD","Posterior_LB","Posterior_UB","prob"
0.027803585005807,0.0370453252664647,-0.0440345715139525,0.0971160200634893,0.232089009432333
