"Posterior_Mean","Posterior_SD","Posterior_LB","Posterior_UB","prob"
-0.0268136899327477,0.0371175788534165,-0.0971309992155788,0.0470237387305934,0.771992352618291
