"Posterior_Mean","Posterior_SD","Posterior_LB","Posterior_UB","prob"
-0.0191620571615536,0.0374742274468285,-0.0985930729707769,0.0600280304509915,0.686925162850845
