"Posterior_Mean","Posterior_SD","Posterior_LB","Posterior_UB","prob"
-0.0295850326169072,0.036561475849875,-0.10202308115127,0.0433381698719987,0.786239501171632
