"Posterior_Mean","Posterior_SD","Posterior_LB","Posterior_UB","prob"
-0.0532266490230961,0.0355357917882423,-0.123767137711087,0.0180524486573325,0.937193280346982
