"Posterior_Mean","Posterior_SD","Posterior_LB","Posterior_UB","prob"
0.0049581510256594,0.0357999055376217,-0.0660155204014678,0.0772100853257081,0.442183037160667
