"Posterior_Mean","Posterior_SD","Posterior_LB","Posterior_UB","prob"
-0.0412102030317951,0.0343614673910516,-0.111385708535623,0.0280249045910587,0.887953101718239
