"Posterior_Mean","Posterior_SD","Posterior_LB","Posterior_UB","prob"
-0.0210769834813491,0.0370807392939433,-0.0943206075189363,0.0526058916894214,0.712083463357581
