"Posterior_Mean","Posterior_SD","Posterior_LB","Posterior_UB","prob"
0.0428735077893869,0.0349087443482656,-0.0287427886626738,0.112162035986349,0.109576464862577
