"Posterior_Mean","Posterior_SD","Posterior_LB","Posterior_UB","prob"
0.0298388302102025,0.0357726373830753,-0.0403539103807303,0.100519365564506,0.21599331836018
