"Posterior_Mean","Posterior_SD","Posterior_LB","Posterior_UB","prob"
-0.00817284111677842,0.0508309406414966,-0.114050963301906,0.0946335874477078,0.563364717740257
