"Posterior_Mean","Posterior_SD","Posterior_LB","Posterior_UB","prob"
0.0292271886384334,0.055772915174333,-0.0924747308701363,0.138721785376088,0.296749172440347
