"Posterior_Mean","Posterior_SD","Posterior_LB","Posterior_UB","prob"
-0.0608925633432971,0.0532602901268298,-0.166701132323232,0.0510612467090014,0.867062279926983
