"Posterior_Mean","Posterior_SD","Posterior_LB","Posterior_UB","prob"
0.013053200358973,0.0594654648754718,-0.112612512793261,0.143475038135123,0.420991787771788
