"Posterior_Mean","Posterior_SD","Posterior_LB","Posterior_UB","prob"
0.0138236792526036,0.0550419623439329,-0.0963265510843414,0.121279979763175,0.399060332869241
