"Posterior_Mean","Posterior_SD","Posterior_LB","Posterior_UB","prob"
-0.0358539721593912,0.0617101140683623,-0.174806174615934,0.10005074706268,0.696288185182871
