"Posterior_Mean","Posterior_SD","Posterior_LB","Posterior_UB","prob"
-0.040677355816404,0.061084393983303,-0.182594781839613,0.100414052400403,0.711588265019227
