"Posterior_Mean","Posterior_SD","Posterior_LB","Posterior_UB","prob"
0.0169415199925338,0.0543324200857516,-0.0887294552274542,0.126588369234779,0.382061674763158
