"Posterior_Mean","Posterior_SD","Posterior_LB","Posterior_UB","prob"
-0.0024070986150039,0.0556903601736434,-0.109450526214404,0.110070269351155,0.52797880851973
