"Posterior_Mean","Posterior_SD","Posterior_LB","Posterior_UB","prob"
0.00933264061082078,0.0526148543316653,-0.0945082116391752,0.117677392106199,0.434374862662791
