"Posterior_Mean","Posterior_SD","Posterior_LB","Posterior_UB","prob"
-0.053005296947928,0.0980693329941001,-0.249763814780511,0.169700987730273,0.711350704978639
