"Posterior_Mean","Posterior_SD","Posterior_LB","Posterior_UB","prob"
0.0827918583154987,0.137825762883548,-0.197604967906708,0.365031600095192,0.276211660081424
