"Posterior_Mean","Posterior_SD","Posterior_LB","Posterior_UB","prob"
0.0599688600758494,0.107088475717738,-0.178206392797402,0.281376694471533,0.278795980109758
