"Posterior_Mean","Posterior_SD","Posterior_LB","Posterior_UB","prob"
-0.055597993083676,0.114897849938207,-0.348016328974108,0.256525813546098,0.646304625965893
