"Posterior_Mean","Posterior_SD","Posterior_LB","Posterior_UB","prob"
0.00764435693425713,0.115418643515129,-0.243560112340369,0.261701350578323,0.47961604001847
