"Posterior_Mean","Posterior_SD","Posterior_LB","Posterior_UB","prob"
0.107204962019506,0.115904728427403,-0.197902224534794,0.412852702795038,0.282965213216896
