"Posterior_Mean","Posterior_SD","Posterior_LB","Posterior_UB","prob"
-0.0997410205715966,0.0967844534597822,-0.323064783337339,0.239479574971053,0.778223454179212
