"Posterior_Mean","Posterior_SD","Posterior_LB","Posterior_UB","prob"
-0.146258052422728,0.0966116816543555,-0.344411085748774,0.0948697460353579,0.902866513628948
