"Posterior_Mean","Posterior_SD","Posterior_LB","Posterior_UB","prob"
-0.199974123094269,0.0870770452852949,-0.435029499726188,0.0397479637145337,0.94580918809714
