"Posterior_Mean","Posterior_SD","Posterior_LB","Posterior_UB","prob"
-0.111133582738048,0.139428447285847,-0.384410329517191,0.152400049186855,0.783389378705175
