"Posterior_Mean","Posterior_SD","Posterior_LB","Posterior_UB","prob"
-0.134945816855552,0.120371272125869,-0.435082126137062,0.183312855487393,0.781268646156706
