"Posterior_Mean","Posterior_SD","Posterior_LB","Posterior_UB","prob"
-0.00778316389325761,0.110087081609633,-0.244367543380719,0.272678760345342,0.544610941220623
