"Posterior_Mean","Posterior_SD","Posterior_LB","Posterior_UB","prob"
0.0767463627861567,0.120286225758982,-0.199297576953403,0.394551490132174,0.339594693427017
