"Posterior_Mean","Posterior_SD","Posterior_LB","Posterior_UB","prob"
-0.0758929149597331,0.104707694510342,-0.340458473077551,0.266444549661565,0.690560401582427
