"Posterior_Mean","Posterior_SD","Posterior_LB","Posterior_UB","prob"
0.00124246732800454,0.111483653873252,-0.303429466881288,0.260945484403992,0.462990185884385
