"Posterior_Mean","Posterior_SD","Posterior_LB","Posterior_UB","prob"
-0.173187938979425,0.0738566469372235,-0.332473394642249,0.0461429225445156,0.952899082098299
