"Posterior_Mean","Posterior_SD","Posterior_LB","Posterior_UB","prob"
-0.170791921782806,0.1008183686807,-0.368696882292444,0.0768435915775014,0.931952199252271
