"Posterior_Mean","Posterior_SD","Posterior_LB","Posterior_UB","prob"
-0.0822165835254607,0.116294365452452,-0.316510709317693,0.167477834595219,0.756858206725401
