"Posterior_Mean","Posterior_SD","Posterior_LB","Posterior_UB","prob"
0.111158437567123,0.129574459777154,-0.183030768348565,0.385050361962569,0.214213582022761
