"Posterior_Mean","Posterior_SD","Posterior_LB","Posterior_UB","prob"
-0.195229920980233,0.0459760740496514,-0.285823343729329,-0.0964129155674903,0.999822456195102
