"Posterior_Mean","Posterior_SD","Posterior_LB","Posterior_UB","prob"
-0.175816105537527,0.050346732400754,-0.287921033403782,-0.0454531179258585,0.995705114704483
