"Posterior_Mean","Posterior_SD","Posterior_LB","Posterior_UB","prob"
-0.272348405648794,0.0463353253862897,-0.382885171881643,-0.13119914470399,0.999983704282353
