"Posterior_Mean","Posterior_SD","Posterior_LB","Posterior_UB","prob"
-0.22937837543451,0.0462027067921754,-0.323952514163557,-0.120784926850488,0.999814153347794
