"Posterior_Mean","Posterior_SD","Posterior_LB","Posterior_UB","prob"
-0.254816949404305,0.0458388604315396,-0.345653180570187,-0.164503200911032,0.999999916500969
