"Posterior_Mean","Posterior_SD","Posterior_LB","Posterior_UB","prob"
-0.254006764539879,0.0472137211074823,-0.345003899621581,-0.159432958186889,0.999990129054833
