"Posterior_Mean","Posterior_SD","Posterior_LB","Posterior_UB","prob"
-0.303617711541505,0.0413190220646667,-0.386854999273295,-0.223283137306337,0.999999999774164
