"Posterior_Mean","Posterior_SD","Posterior_LB","Posterior_UB","prob"
-0.197714043577208,0.0712948697913948,-0.365935386094017,-0.0264490943941597,0.991212173367114
