"Posterior_Mean","Posterior_SD","Posterior_LB","Posterior_UB","prob"
-0.28670524541386,0.0476332398250758,-0.385605760399131,-0.191362035385296,0.999999583056179
