"Posterior_Mean","Posterior_SD","Posterior_LB","Posterior_UB","prob"
-0.378384006564932,0.0474870928530936,-0.517950743645683,-0.262463887507629,1
