"Posterior_Mean","Posterior_SD","Posterior_LB","Posterior_UB","prob"
-0.2635779855233,0.0442258368429318,-0.371955774447445,-0.153536027247461,0.999999511728719
