"Posterior_Mean","Posterior_SD","Posterior_LB","Posterior_UB","prob"
-0.37077577053903,0.0466269376227627,-0.510751353901547,-0.216021950913678,1
