"Posterior_Mean","Posterior_SD","Posterior_LB","Posterior_UB","prob"
-0.222590563226104,0.0478346948144128,-0.327586914133883,-0.120978920662199,0.999936578194553
