"Posterior_Mean","Posterior_SD","Posterior_LB","Posterior_UB","prob"
-0.205743988906423,0.0490327816794173,-0.301708813259323,-0.0973195168500097,0.999338220950302
