"Posterior_Mean","Posterior_SD","Posterior_LB","Posterior_UB","prob"
-0.21425526009859,0.0555319143437767,-0.333860257851075,-0.0950651908075633,0.9993734227481
