"Posterior_Mean","Posterior_SD","Posterior_LB","Posterior_UB","prob"
-0.116012670770548,0.0751951119203043,-0.274860571631875,0.0490031890341828,0.914440493808014
