"Posterior_Mean","Posterior_SD","Posterior_LB","Posterior_UB","prob"
-0.303876545036112,0.046187617028107,-0.404935919222619,-0.203932475257182,0.999999960784467
