"Posterior_Mean","Posterior_SD","Posterior_LB","Posterior_UB","prob"
-0.146770030713064,0.0634502791120444,-0.273844178208419,-0.0206296236691605,0.985670679336864
