"Posterior_Mean","Posterior_SD","Posterior_LB","Posterior_UB","prob"
-0.374278523369626,0.0400629017477673,-0.452636026148635,-0.286129005936575,1
