"Posterior_Mean","Posterior_SD","Posterior_LB","Posterior_UB","prob"
-0.295272309406695,0.0467180236619384,-0.385723772070849,-0.204534663415459,0.999999931217013
