"Posterior_Mean","Posterior_SD","Posterior_LB","Posterior_UB","prob"
-0.230248962094477,0.0480493215221189,-0.32348663452248,-0.131473762172713,0.999949716602009
