"Posterior_Mean","Posterior_SD","Posterior_LB","Posterior_UB","prob"
-0.279786074256123,0.049752184384321,-0.429202892978977,-0.148576846473048,0.999966940024388
