"Posterior_Mean","Posterior_SD","Posterior_LB","Posterior_UB","prob"
-0.235243310174064,0.0495108503209719,-0.336566324644048,-0.131127492046525,0.999838551594795
