"Posterior_Mean","Posterior_SD","Posterior_LB","Posterior_UB","prob"
-0.373930515585512,0.0400460942748575,-0.459834582895866,-0.29440557668788,1
