"Posterior_Mean","Posterior_SD","Posterior_LB","Posterior_UB","prob"
-0.20239425752896,0.076849340383873,-0.375205931095017,-0.0402275378793957,0.993057954374605
