"Posterior_Mean","Posterior_SD","Posterior_LB","Posterior_UB","prob"
-0.21136798885886,0.045329726582673,-0.29847699875866,-0.121896850639892,0.999965069872184
