"Posterior_Mean","Posterior_SD","Posterior_LB","Posterior_UB","prob"
-0.318501729513562,0.0480357946958475,-0.426894501963311,-0.149134523554098,0.999874197591863
