"Posterior_Mean","Posterior_SD","Posterior_LB","Posterior_UB","prob"
-0.394610130982868,0.0477137401870821,-0.48847730202021,-0.300611566333478,1
