"Posterior_Mean","Posterior_SD","Posterior_LB","Posterior_UB","prob"
-0.210543739896722,0.0484780080284161,-0.307050889452149,-0.108652205706868,0.999766335606203
