"Posterior_Mean","Posterior_SD","Posterior_LB","Posterior_UB","prob"
-0.218758845872374,0.0638306469877311,-0.362396074149972,-0.0942094717262879,0.999664673190441
