"Posterior_Mean","Posterior_SD","Posterior_LB","Posterior_UB","prob"
-0.235933577745257,0.0460142069631527,-0.337896320990168,-0.147524302985243,0.999998452769974
