"Posterior_Mean","Posterior_SD","Posterior_LB","Posterior_UB","prob"
-0.164241401832368,0.0461413026170789,-0.258003324417878,-0.0746686925338971,0.999727682041588
