"Posterior_Mean","Posterior_SD","Posterior_LB","Posterior_UB","prob"
-0.350735846788577,0.0451726029975185,-0.44826991684648,-0.236499981712697,1
