"Posterior_Mean","Posterior_SD","Posterior_LB","Posterior_UB","prob"
-0.184038679991045,0.0464074520261568,-0.273697399239227,-0.0949250934049246,0.999764872484666
