"Posterior_Mean","Posterior_SD","Posterior_LB","Posterior_UB","prob"
-0.191898568949512,0.0790340930970349,-0.350308315403521,-0.0365020787865083,0.990343557753807
