"Posterior_Mean","Posterior_SD","Posterior_LB","Posterior_UB","prob"
-0.310888841928914,0.0403257338600737,-0.388391525398433,-0.22956984821756,0.999999999991228
