"Posterior_Mean","Posterior_SD","Posterior_LB","Posterior_UB","prob"
-0.414427218750028,0.0405980217664202,-0.494448273102756,-0.329729301335668,1
