"Posterior_Mean","Posterior_SD","Posterior_LB","Posterior_UB","prob"
-0.287132983636487,0.04571205292728,-0.396283433863842,-0.181827393486788,0.999999847590205
