"Posterior_Mean","Posterior_SD","Posterior_LB","Posterior_UB","prob"
-0.207455444087065,0.0570737569998255,-0.319176571117789,-0.0931958914581413,0.99978781125938
