"Posterior_Mean","Posterior_SD","Posterior_LB","Posterior_UB","prob"
-0.236854012979077,0.0463152816211363,-0.327044980986287,-0.147601426082599,0.999996035093358
