"Posterior_Mean","Posterior_SD","Posterior_LB","Posterior_UB","prob"
-0.284907100883683,0.0464335625762018,-0.384764906848553,-0.189176558039599,0.999999169312583
