"Posterior_Mean","Posterior_SD","Posterior_LB","Posterior_UB","prob"
-0.356346817203758,0.0398631372012752,-0.440846141287439,-0.265329142180504,1
