"Posterior_Mean","Posterior_SD","Posterior_LB","Posterior_UB","prob"
-0.240637979094615,0.0596382460548959,-0.361061606205634,-0.10875181571978,0.999377672482909
