"Posterior_Mean","Posterior_SD","Posterior_LB","Posterior_UB","prob"
-0.245086481468073,0.047790926930683,-0.34733403421102,-0.146361318317655,0.999999948569822
