"Posterior_Mean","Posterior_SD","Posterior_LB","Posterior_UB","prob"
-0.310038448444896,0.0463460285488125,-0.399783547619809,-0.219153730171738,0.999998951932014
