"Posterior_Mean","Posterior_SD","Posterior_LB","Posterior_UB","prob"
-0.195840487087689,0.0465853605293173,-0.286389289509372,-0.10097110741545,0.999999989929424
