"Posterior_Mean","Posterior_SD","Posterior_LB","Posterior_UB","prob"
-0.346335032711028,0.0462061423579042,-0.437730876466302,-0.253161586890114,1
