"Posterior_Mean","Posterior_SD","Posterior_LB","Posterior_UB","prob"
-0.189811893935135,0.0472800851395016,-0.279431077056448,-0.0923628690414019,0.999170220764037
