"Posterior_Mean","Posterior_SD","Posterior_LB","Posterior_UB","prob"
-0.355515988909457,0.0410131340127227,-0.452169843695724,-0.269909183101486,1
