"Posterior_Mean","Posterior_SD","Posterior_LB","Posterior_UB","prob"
-0.310679104581189,0.0457603769772256,-0.400539356579107,-0.218802787444472,0.999999985990297
