"Posterior_Mean","Posterior_SD","Posterior_LB","Posterior_UB","prob"
-0.246749787135275,0.0469532610923933,-0.336881440248764,-0.153764180879462,0.999997277362697
