"Posterior_Mean","Posterior_SD","Posterior_LB","Posterior_UB","prob"
-0.296891968200572,0.0413508368082293,-0.38714836265231,-0.193882652187531,0.999998757866325
