"Posterior_Mean","Posterior_SD","Posterior_LB","Posterior_UB","prob"
-0.115355299627885,0.0811520146080695,-0.277783862129325,0.0466129776446706,0.923959575153789
