"Posterior_Mean","Posterior_SD","Posterior_LB","Posterior_UB","prob"
-0.264652807516969,0.0815098008073293,-0.424380793878675,-0.105377805424899,0.999833333333333
