"Posterior_Mean","Posterior_SD","Posterior_LB","Posterior_UB","prob"
-0.249205118805373,0.0526015827247197,-0.368140940721318,-0.0967650110922712,0.997739514436376
