"Posterior_Mean","Posterior_SD","Posterior_LB","Posterior_UB","prob"
-0.368088902761733,0.0420027624490492,-0.457733551307331,-0.262912616521965,1
