"Posterior_Mean","Posterior_SD","Posterior_LB","Posterior_UB","prob"
-0.270012520620192,0.0453801369594909,-0.361897728416822,-0.178417520147352,0.999999870382642
