"Posterior_Mean","Posterior_SD","Posterior_LB","Posterior_UB","prob"
-0.333542354411944,0.0484486650831783,-0.429624778205129,-0.230718918881155,0.999996539478033
