"Posterior_Mean","Posterior_SD","Posterior_LB","Posterior_UB","prob"
-0.260404407224429,0.058184692911194,-0.375576522266867,-0.145406385549704,1
