"Posterior_Mean","Posterior_SD","Posterior_LB","Posterior_UB","prob"
-0.30849616378479,0.045578019332305,-0.407272846823392,-0.215301581385697,1
