"Posterior_Mean","Posterior_SD","Posterior_LB","Posterior_UB","prob"
-0.248800453751721,0.057551440317989,-0.361730169828536,-0.134629765768627,1
