"Posterior_Mean","Posterior_SD","Posterior_LB","Posterior_UB","prob"
-0.274847928631425,0.050700151238455,-0.374962210146765,-0.169543313782541,0.999828326962824
