"Posterior_Mean","Posterior_SD","Posterior_LB","Posterior_UB","prob"
-0.205329001695327,0.0474559972083932,-0.297906345826276,-0.116326531731301,0.999995059095003
