"Posterior_Mean","Posterior_SD","Posterior_LB","Posterior_UB","prob"
-0.223724608012986,0.0475423775976231,-0.317095418270482,-0.127105492734427,0.999976152546736
