"Posterior_Mean","Posterior_SD","Posterior_LB","Posterior_UB","prob"
-0.0837542707141506,0.0567392328341288,-0.265854294905414,0.037601358774547,0.901884031261591
