"Posterior_Mean","Posterior_SD","Posterior_LB","Posterior_UB","prob"
-0.173542829275746,0.0463778363996265,-0.27639109783307,-0.0796860379071844,0.999857489571289
