"Posterior_Mean","Posterior_SD","Posterior_LB","Posterior_UB","prob"
-0.351272012314421,0.0432431594184549,-0.444127701481194,-0.253306335288626,1
