"Posterior_Mean","Posterior_SD","Posterior_LB","Posterior_UB","prob"
-0.197129257305049,0.0456972955257714,-0.286572173969388,-0.109949321943411,0.999999341914585
