"Posterior_Mean","Posterior_SD","Posterior_LB","Posterior_UB","prob"
-0.270686249494185,0.0458127922079171,-0.360864381951269,-0.180666739652815,0.99999697071073
