"Posterior_Mean","Posterior_SD","Posterior_LB","Posterior_UB","prob"
-0.327083488946003,0.0495610424886749,-0.428836044530454,-0.212075552239728,0.9999687942592
