"Posterior_Mean","Posterior_SD","Posterior_LB","Posterior_UB","prob"
-0.16714088558571,0.0469901959642126,-0.259699975789723,-0.0742718373991189,0.999827574825742
