"Posterior_Mean","Posterior_SD","Posterior_LB","Posterior_UB","prob"
-0.356230620967392,0.0465036795223029,-0.448222805164554,-0.261157425714011,1
