"Posterior_Mean","Posterior_SD","Posterior_LB","Posterior_UB","prob"
-0.256533198201723,0.0476437788184625,-0.349143449114691,-0.164460969772848,0.9999968883606
