"Posterior_Mean","Posterior_SD","Posterior_LB","Posterior_UB","prob"
-0.261535152258042,0.0578805461491219,-0.397018668929375,-0.145306734923243,1
