"Posterior_Mean","Posterior_SD","Posterior_LB","Posterior_UB","prob"
-0.355337471933672,0.0407204391453534,-0.43943017764472,-0.260771438030459,1
