"Posterior_Mean","Posterior_SD","Posterior_LB","Posterior_UB","prob"
-0.326954103693286,0.0443580298612565,-0.420903312223453,-0.234336983402381,1
