"Posterior_Mean","Posterior_SD","Posterior_LB","Posterior_UB","prob"
-0.315137817656639,0.0400183840596737,-0.397642909789483,-0.217613143078447,0.999999999996493
