"Posterior_Mean","Posterior_SD","Posterior_LB","Posterior_UB","prob"
-0.415738529715492,0.051344183892894,-0.523269909966879,-0.269281555614682,1
