"Posterior_Mean","Posterior_SD","Posterior_LB","Posterior_UB","prob"
-0.296499249227015,0.0460665251149855,-0.424232393822764,-0.190575609780322,0.999986398907495
