"Posterior_Mean","Posterior_SD","Posterior_LB","Posterior_UB","prob"
-0.162177923151711,0.0586855686352842,-0.276020477193296,-0.0479751554471047,0.997260180414699
