"Posterior_Mean","Posterior_SD","Posterior_LB","Posterior_UB","prob"
-0.285261271380443,0.0485551806423607,-0.383201339505362,-0.183755088972914,0.999999851315635
