"Posterior_Mean","Posterior_SD","Posterior_LB","Posterior_UB","prob"
-0.179958416549538,0.0459786196027416,-0.272409579316156,-0.0889850741992311,0.999989166011571
