"Posterior_Mean","Posterior_SD","Posterior_LB","Posterior_UB","prob"
-0.340117502825476,0.0454092839374566,-0.43111936413334,-0.251469358935448,0.999999988334879
