"Posterior_Mean","Posterior_SD","Posterior_LB","Posterior_UB","prob"
-0.319790833406841,0.0397889689565504,-0.396638277994475,-0.233621863621789,0.999950407586544
