"Posterior_Mean","Posterior_SD","Posterior_LB","Posterior_UB","prob"
-0.268833729236866,0.0586590741771486,-0.404637850146568,-0.144698696754363,0.999900865562946
