"Posterior_Mean","Posterior_SD","Posterior_LB","Posterior_UB","prob"
-0.302271593064835,0.0468363830234553,-0.394685609591871,-0.211456466427539,1
