"Posterior_Mean","Posterior_SD","Posterior_LB","Posterior_UB","prob"
-0.265891331190073,0.0556547528430144,-0.383524048658848,-0.147611937991949,0.999925273772813
