"Posterior_Mean","Posterior_SD","Posterior_LB","Posterior_UB","prob"
-0.242763745559553,0.0497725138570316,-0.359256703426695,-0.138636317662056,0.999977192129536
