"Posterior_Mean","Posterior_SD","Posterior_LB","Posterior_UB","prob"
-0.150106914282104,0.0576771059426805,-0.264008309976724,-0.0367390629323895,0.994862391119008
