"Posterior_Mean","Posterior_SD","Posterior_LB","Posterior_UB","prob"
-0.162631339504908,0.0764115035075977,-0.34392119515452,-0.00617655413263404,0.979754229719907
