"Posterior_Mean","Posterior_SD","Posterior_LB","Posterior_UB","prob"
-0.155226077636071,0.0606805995114727,-0.304347218809537,-0.00636590083439573,0.979245066574791
