"Posterior_Mean","Posterior_SD","Posterior_LB","Posterior_UB","prob"
-0.364713526434776,0.0409704372582472,-0.446214380196625,-0.28293075011185,1
