"Posterior_Mean","Posterior_SD","Posterior_LB","Posterior_UB","prob"
-0.246901162019199,0.0502751072129937,-0.360138419735709,-0.144861155949799,0.999992767632841
