"Posterior_Mean","Posterior_SD","Posterior_LB","Posterior_UB","prob"
-0.18911412299033,0.0486160803648257,-0.2813071322688,-0.0900861523279457,0.999844002272948
