"Posterior_Mean","Posterior_SD","Posterior_LB","Posterior_UB","prob"
-0.356152313671818,0.0430338149369562,-0.453460016896705,-0.243163121941499,0.99999954323475
