"Posterior_Mean","Posterior_SD","Posterior_LB","Posterior_UB","prob"
-0.318015074809581,0.0494042436654376,-0.428309613340674,-0.208812784015878,1
