"Posterior_Mean","Posterior_SD","Posterior_LB","Posterior_UB","prob"
-0.242290880827717,0.0430825090024566,-0.35048726061458,-0.133431021501212,0.999997525071897
