"Posterior_Mean","Posterior_SD","Posterior_LB","Posterior_UB","prob"
-0.0670883749861297,0.0555647862867386,-0.184571566078248,0.0448416620803044,0.883223975583653
