"Posterior_Mean","Posterior_SD","Posterior_LB","Posterior_UB","prob"
-0.334271216441201,0.0438787120988195,-0.43598675477917,-0.191863003675796,0.999998068201285
