"Posterior_Mean","Posterior_SD","Posterior_LB","Posterior_UB","prob"
-0.394555030302049,0.040306601982427,-0.47300383719238,-0.314074722969619,1
