"Posterior_Mean","Posterior_SD","Posterior_LB","Posterior_UB","prob"
-0.237296131627186,0.0464153630357227,-0.348799937232505,-0.11067568015113,0.999671891893154
