"Posterior_Mean","Posterior_SD","Posterior_LB","Posterior_UB","prob"
-0.28076033274225,0.0462662268960633,-0.374843474783733,-0.174283831553278,0.999966346601479
