"Posterior_Mean","Posterior_SD","Posterior_LB","Posterior_UB","prob"
-0.375265071738913,0.0475224171008453,-0.468890764347976,-0.281801255491021,1
