"Posterior_Mean","Posterior_SD","Posterior_LB","Posterior_UB","prob"
-0.317126946490924,0.0470187027920394,-0.418330066007781,-0.22322622585622,0.999999993673989
