"Posterior_Mean","Posterior_SD","Posterior_LB","Posterior_UB","prob"
-0.252204298288819,0.0593318607777897,-0.367073886159525,-0.12901354099912,0.999654722810389
