"Posterior_Mean","Posterior_SD","Posterior_LB","Posterior_UB","prob"
-0.2463452989499,0.0484808983288887,-0.341513526980478,-0.149423195796527,0.999959303769186
