"Posterior_Mean","Posterior_SD","Posterior_LB","Posterior_UB","prob"
-0.272492978864125,0.0751628555255682,-0.427315891385788,-0.121586046197257,1
