"Posterior_Mean","Posterior_SD","Posterior_LB","Posterior_UB","prob"
-0.199326474273305,0.0537199282342138,-0.309874313193388,-0.0888371108176745,0.999972604880387
