"Posterior_Mean","Posterior_SD","Posterior_LB","Posterior_UB","prob"
-0.314603052478698,0.0399977799518789,-0.391724488232732,-0.23575273554126,0.999999935784766
