"Posterior_Mean","Posterior_SD","Posterior_LB","Posterior_UB","prob"
-0.215538709460774,0.0555583864290886,-0.409556270422568,-0.0791674401733134,0.999973731860655
