"Posterior_Mean","Posterior_SD","Posterior_LB","Posterior_UB","prob"
-0.259755802772976,0.0458949244660643,-0.348092375142057,-0.171269419750788,0.999999968703096
