"Posterior_Mean","Posterior_SD","Posterior_LB","Posterior_UB","prob"
-0.277557896701709,0.0490727660112893,-0.375487606429971,-0.171910687005632,0.999940904516835
