"Posterior_Mean","Posterior_SD","Posterior_LB","Posterior_UB","prob"
-0.128270001926545,0.0613771635002278,-0.268516038272432,-0.00514435792151768,0.980111702837668
