"Posterior_Mean","Posterior_SD","Posterior_LB","Posterior_UB","prob"
-0.26277381277514,0.0573823268898459,-0.37530196871587,-0.147286516704741,0.999882584965008
