"Posterior_Mean","Posterior_SD","Posterior_LB","Posterior_UB","prob"
-0.351822971307346,0.0500209757094568,-0.456535235986447,-0.236877701722351,1
