"Posterior_Mean","Posterior_SD","Posterior_LB","Posterior_UB","prob"
-0.245717688373367,0.0508756949810644,-0.36884032989675,-0.100501936017626,0.999273840714258
