"Posterior_Mean","Posterior_SD","Posterior_LB","Posterior_UB","prob"
-0.289043518182305,0.0466434289834266,-0.382718199418186,-0.19113010554581,0.999375083927571
