"Posterior_Mean","Posterior_SD","Posterior_LB","Posterior_UB","prob"
-0.458537425193485,0.0483118583226071,-0.560219584149127,-0.317249590181984,0.999993766714722
