"Posterior_Mean","Posterior_SD","Posterior_LB","Posterior_UB","prob"
-0.261528386117388,0.0419240243429809,-0.34646241178838,-0.166395938850356,0.999999999616907
