"Posterior_Mean","Posterior_SD","Posterior_LB","Posterior_UB","prob"
-0.228727915424933,0.0467090482972911,-0.320227976845387,-0.137122936617708,0.99997681097557
