"Posterior_Mean","Posterior_SD","Posterior_LB","Posterior_UB","prob"
-0.321469876897799,0.0428743918520732,-0.412219724451865,-0.216594856863053,0.99999997248069
