"Posterior_Mean","Posterior_SD","Posterior_LB","Posterior_UB","prob"
-0.267128958602033,0.0468574353439335,-0.35719370506203,-0.174342171552148,0.999999769614577
