"Posterior_Mean","Posterior_SD","Posterior_LB","Posterior_UB","prob"
-0.247302690926784,0.0541078519117254,-0.357409569055153,-0.134348648476608,0.999978911112803
