"Posterior_Mean","Posterior_SD","Posterior_LB","Posterior_UB","prob"
-0.305995477561068,0.0455490204789198,-0.408269659323614,-0.181252131720707,0.999993569032495
