"Posterior_Mean","Posterior_SD","Posterior_LB","Posterior_UB","prob"
-0.291113076506849,0.0409553037188239,-0.38229183538829,-0.177209914926647,0.999999999100409
