"Posterior_Mean","Posterior_SD","Posterior_LB","Posterior_UB","prob"
-0.178807226165277,0.0584536609989382,-0.325284338594082,-0.0258944988486701,0.987484223065861
