"Posterior_Mean","Posterior_SD","Posterior_LB","Posterior_UB","prob"
-0.283222629339148,0.0391724588742623,-0.360514401740324,-0.202808418027718,0.999999787112866
