"Posterior_Mean","Posterior_SD","Posterior_LB","Posterior_UB","prob"
-0.29603763487955,0.0465673990886162,-0.384739630401896,-0.202673569349702,0.999999987463218
