"Posterior_Mean","Posterior_SD","Posterior_LB","Posterior_UB","prob"
-0.343707806061993,0.0410538592151363,-0.428237977510859,-0.259533177292772,0.999999997719186
