"Posterior_Mean","Posterior_SD","Posterior_LB","Posterior_UB","prob"
-0.3709848721398,0.0435835111756816,-0.500909566952481,-0.23481017366358,1
