"Posterior_Mean","Posterior_SD","Posterior_LB","Posterior_UB","prob"
-0.293192205655587,0.0508874014049103,-0.406376747128004,-0.172143243660811,0.999992073573088
