"Posterior_Mean","Posterior_SD","Posterior_LB","Posterior_UB","prob"
-0.249119749313676,0.0461984855626344,-0.34690132642249,-0.152098139406329,0.99997887626039
