"Posterior_Mean","Posterior_SD","Posterior_LB","Posterior_UB","prob"
-0.16649585203446,0.0455465614707264,-0.254719596654056,-0.077433544519517,0.999847748613937
