"Posterior_Mean","Posterior_SD","Posterior_LB","Posterior_UB","prob"
-0.232031294683428,0.0552088923880108,-0.359064265688823,-0.0445764489316295,0.990449367169881
