"Posterior_Mean","Posterior_SD","Posterior_LB","Posterior_UB","prob"
-0.252577799230189,0.0482015841826688,-0.349957822867615,-0.157267317248578,0.999978952113185
