"Posterior_Mean","Posterior_SD","Posterior_LB","Posterior_UB","prob"
-0.24021487032113,0.0486566236187553,-0.338086310529804,-0.145952769472444,0.999998069559993
