"Posterior_Mean","Posterior_SD","Posterior_LB","Posterior_UB","prob"
-0.240318547857591,0.0464784254321004,-0.331297227073815,-0.147650216101439,1
