"Posterior_Mean","Posterior_SD","Posterior_LB","Posterior_UB","prob"
-0.373009385673983,0.0406656692534769,-0.457426699260923,-0.272108356417863,1
