"Posterior_Mean","Posterior_SD","Posterior_LB","Posterior_UB","prob"
-0.27875490123747,0.0446723769414771,-0.400610443828913,-0.166583421885554,1
