"Posterior_Mean","Posterior_SD","Posterior_LB","Posterior_UB","prob"
-0.233287753243917,0.0479558964857558,-0.331416396132309,-0.124957436016331,0.999835039110631
