"Posterior_Mean","Posterior_SD","Posterior_LB","Posterior_UB","prob"
-0.279675166515931,0.0476220576303401,-0.390534034048751,-0.170582726000714,0.999983641495238
