"Posterior_Mean","Posterior_SD","Posterior_LB","Posterior_UB","prob"
-0.295064754693559,0.0465068356384831,-0.395972962715016,-0.181177372683902,0.999975934129091
