"Posterior_Mean","Posterior_SD","Posterior_LB","Posterior_UB","prob"
-0.215701718806174,0.0595551895743066,-0.334812141229786,-0.0980307028093352,0.99964323489244
