"Posterior_Mean","Posterior_SD","Posterior_LB","Posterior_UB","prob"
-0.318540529455631,0.0405753521920526,-0.407574047245272,-0.228872509946057,1
