"Posterior_Mean","Posterior_SD","Posterior_LB","Posterior_UB","prob"
-0.349005774739774,0.0413761298655866,-0.440400611050355,-0.253583628177869,0.999997548409795
