"Posterior_Mean","Posterior_SD","Posterior_LB","Posterior_UB","prob"
-0.262211257998519,0.0432732124857777,-0.365540855415203,-0.149730633815503,0.99999887576997
