"Posterior_Mean","Posterior_SD","Posterior_LB","Posterior_UB","prob"
-0.289989293168136,0.045984633753091,-0.379356061633569,-0.199242496359542,0.999999988461993
