"Posterior_Mean","Posterior_SD","Posterior_LB","Posterior_UB","prob"
-0.291786503577581,0.0470450596143942,-0.386897099494165,-0.192825283553405,0.999999489829089
