"Posterior_Mean","Posterior_SD","Posterior_LB","Posterior_UB","prob"
-0.242503204692771,0.0464070008706225,-0.338674537950454,-0.143618872413572,0.999948702263664
