"Posterior_Mean","Posterior_SD","Posterior_LB","Posterior_UB","prob"
-0.326817960256554,0.040714117903427,-0.410584822181766,-0.23947637663819,1
