"Posterior_Mean","Posterior_SD","Posterior_LB","Posterior_UB","prob"
-0.324419228008805,0.0388418472259,-0.400098726806327,-0.245302016795999,1
