"Posterior_Mean","Posterior_SD","Posterior_LB","Posterior_UB","prob"
-0.177613923398974,0.0560742634873011,-0.319972175199432,-0.0592038514734348,0.999111175615099
