"Posterior_Mean","Posterior_SD","Posterior_LB","Posterior_UB","prob"
-0.336633698234024,0.0426627234334532,-0.438487809247183,-0.227103491014147,1
