"Posterior_Mean","Posterior_SD","Posterior_LB","Posterior_UB","prob"
-0.306192227813146,0.0390476763635422,-0.395845604732909,-0.221789519158932,1
