"Posterior_Mean","Posterior_SD","Posterior_LB","Posterior_UB","prob"
-0.259115051016526,0.0466869215883876,-0.353224180665015,-0.16973156448948,0.999999757462552
