"Posterior_Mean","Posterior_SD","Posterior_LB","Posterior_UB","prob"
-0.367454455387883,0.0422421763817135,-0.450346769408233,-0.286170508534217,1
