"Posterior_Mean","Posterior_SD","Posterior_LB","Posterior_UB","prob"
-0.273340939673733,0.0492248271710008,-0.37364854926795,-0.162757948165389,0.999931800860663
