"Posterior_Mean","Posterior_SD","Posterior_LB","Posterior_UB","prob"
-0.289113036593782,0.0461970203173202,-0.392356669543654,-0.177841535919421,1
