"Posterior_Mean","Posterior_SD","Posterior_LB","Posterior_UB","prob"
-0.235612573718926,0.0510532931638091,-0.33540058147583,-0.129260631545722,0.999872312960564
