"Posterior_Mean","Posterior_SD","Posterior_LB","Posterior_UB","prob"
-0.330165430772739,0.04948885595666,-0.426241212061943,-0.203207279224649,0.999895878812129
