"Posterior_Mean","Posterior_SD","Posterior_LB","Posterior_UB","prob"
-0.347608479694993,0.0407803323202537,-0.429602583932572,-0.263380990444793,0.999999600138735
