"Posterior_Mean","Posterior_SD","Posterior_LB","Posterior_UB","prob"
-0.248483669074736,0.0506311857503045,-0.356290398557571,-0.134001081635037,0.999500419589153
