"Posterior_Mean","Posterior_SD","Posterior_LB","Posterior_UB","prob"
-0.253602950249848,0.0481470974734956,-0.346513820366561,-0.149611816540203,0.999977820226015
