"Posterior_Mean","Posterior_SD","Posterior_LB","Posterior_UB","prob"
-0.239282981739096,0.0471380394216271,-0.335742862648975,-0.122803573889413,0.999437153388799
