"Posterior_Mean","Posterior_SD","Posterior_LB","Posterior_UB","prob"
-0.319368079604003,0.0658367169381091,-0.450943172017267,-0.184586839438625,0.999830249601885
