"Posterior_Mean","Posterior_SD","Posterior_LB","Posterior_UB","prob"
-0.231116290841753,0.0446118982088434,-0.341756228601388,-0.132669660036699,0.999994604784296
