"Posterior_Mean","Posterior_SD","Posterior_LB","Posterior_UB","prob"
-0.351715628061323,0.0417031575366441,-0.443375408340611,-0.245060784276822,0.999999999952776
