"Posterior_Mean","Posterior_SD","Posterior_LB","Posterior_UB","prob"
-0.236679781466096,0.0491998004156843,-0.339120905569409,-0.114851009473493,0.999840603143704
