"Posterior_Mean","Posterior_SD","Posterior_LB","Posterior_UB","prob"
-0.113176840919343,0.0490837838617957,-0.215537961991382,0.00648407940395419,0.969757933569798
