"Posterior_Mean","Posterior_SD","Posterior_LB","Posterior_UB","prob"
-0.327238020057809,0.0407965902583369,-0.408132330296559,-0.238653022581353,0.999999999860861
