"Posterior_Mean","Posterior_SD","Posterior_LB","Posterior_UB","prob"
-0.261825762344073,0.0468273253878717,-0.354046152062368,-0.168421986198558,1
