"Posterior_Mean","Posterior_SD","Posterior_LB","Posterior_UB","prob"
-0.324903596656917,0.041378062901607,-0.415356445853856,-0.215182503217899,1
