"Posterior_Mean","Posterior_SD","Posterior_LB","Posterior_UB","prob"
-0.313907134134375,0.0412287980081083,-0.396523872806836,-0.235395411588496,1
