"Posterior_Mean","Posterior_SD","Posterior_LB","Posterior_UB","prob"
-0.290766753462599,0.0456701934723632,-0.383059681979811,-0.195650171054188,0.999998754697104
