"Posterior_Mean","Posterior_SD","Posterior_LB","Posterior_UB","prob"
-0.0973709608035929,0.0569800908925448,-0.208914593102431,0.0143782389359654,0.952709054923265
