"Posterior_Mean","Posterior_SD","Posterior_LB","Posterior_UB","prob"
-0.192597984581435,0.0523243430283558,-0.30897833236184,-0.063957047096142,0.998159266026927
