"Posterior_Mean","Posterior_SD","Posterior_LB","Posterior_UB","prob"
-0.278391265041587,0.0428802827765575,-0.369326080873183,-0.179895180732273,0.999998782561733
