"Posterior_Mean","Posterior_SD","Posterior_LB","Posterior_UB","prob"
-0.229959289959775,0.0479831722981046,-0.345710536671163,-0.130230289728461,0.999957170913865
