"Posterior_Mean","Posterior_SD","Posterior_LB","Posterior_UB","prob"
-0.280798999142801,0.0479464302228891,-0.3854828563955,-0.184521069183914,0.99999989441095
