"Posterior_Mean","Posterior_SD","Posterior_LB","Posterior_UB","prob"
-0.170548144674365,0.0462073934184521,-0.259997036630732,-0.0786695279391761,0.999959644196554
