"Posterior_Mean","Posterior_SD","Posterior_LB","Posterior_UB","prob"
-0.316938254503397,0.0418112715640592,-0.410625046796005,-0.201872946850881,0.999999345347911
