"Posterior_Mean","Posterior_SD","Posterior_LB","Posterior_UB","prob"
0.0935743669493612,0.0885065564800874,-0.091193355151033,0.273877908861252,0.159983830119874
