"Posterior_Mean","Posterior_SD","Posterior_LB","Posterior_UB","prob"
0.0569270519513764,0.0717716063472292,-0.0916379860539064,0.20769647025313,0.22043177043217
