"Posterior_Mean","Posterior_SD","Posterior_LB","Posterior_UB","prob"
-0.210159595050613,0.125661542304416,-0.495329402901134,0.0544260764913584,0.930758931609849
