"Posterior_Mean","Posterior_SD","Posterior_LB","Posterior_UB","prob"
0.0158090623624695,0.0945490443431631,-0.182010694678227,0.211850992287586,0.429230277232187
