"Posterior_Mean","Posterior_SD","Posterior_LB","Posterior_UB","prob"
-0.0478173909797092,0.0772243477730847,-0.242301876126192,0.134354068791963,0.705298470558373
