"Posterior_Mean","Posterior_SD","Posterior_LB","Posterior_UB","prob"
-0.0493934383343992,0.145146866581943,-0.342832579876338,0.228550208423512,0.634893151950565
