"Posterior_Mean","Posterior_SD","Posterior_LB","Posterior_UB","prob"
0.0501226892228518,0.0800208637141026,-0.127971567900427,0.243573086956944,0.29730809168962
