"Posterior_Mean","Posterior_SD","Posterior_LB","Posterior_UB","prob"
-0.00904994833199023,0.0694629185968407,-0.154043782265743,0.128113122612975,0.555661945575036
