"Posterior_Mean","Posterior_SD","Posterior_LB","Posterior_UB","prob"
0.0591894068586116,0.0699350250392967,-0.0765714257112613,0.207589906223049,0.20284385162014
