"Posterior_Mean","Posterior_SD","Posterior_LB","Posterior_UB","prob"
0.0819654277083356,0.114829742321658,-0.161173016959437,0.314333344045225,0.23099370136034
