"Posterior_Mean","Posterior_SD","Posterior_LB","Posterior_UB","prob"
-0.0771609870201408,0.0845910339947899,-0.245855654665139,0.103013752747847,0.810293973168727
