"Posterior_Mean","Posterior_SD","Posterior_LB","Posterior_UB","prob"
-0.204671869324365,0.0929115229403086,-0.492263189194528,0.00598828074969013,0.971467286401673
