"Posterior_Mean","Posterior_SD","Posterior_LB","Posterior_UB","prob"
0.0408782786639202,0.0782633766871089,-0.139754303750461,0.21640301508381,0.326793295275488
