"Posterior_Mean","Posterior_SD","Posterior_LB","Posterior_UB","prob"
-0.053959369884654,0.0829379036746142,-0.239506898809042,0.113293568382912,0.731760187319233
