"Posterior_Mean","Posterior_SD","Posterior_LB","Posterior_UB","prob"
0.0445988925941861,0.0918930923871617,-0.195387598203905,0.263807167302141,0.32899885477712
