"Posterior_Mean","Posterior_SD","Posterior_LB","Posterior_UB","prob"
-0.0151371820684782,0.0915789854011742,-0.229199737292283,0.216439297836418,0.561748931444117
