"Posterior_Mean","Posterior_SD","Posterior_LB","Posterior_UB","prob"
-0.0485159462666558,0.0867859076645063,-0.218201646492899,0.124684493636471,0.718930987987665
