"Posterior_Mean","Posterior_SD","Posterior_LB","Posterior_UB","prob"
-0.0105603069761561,0.0701592662919048,-0.153314190186762,0.131238461552168,0.552021425482791
