"Posterior_Mean","Posterior_SD","Posterior_LB","Posterior_UB","prob"
-0.0487732114761419,0.0929762094079253,-0.232886905764118,0.138400074670938,0.704556218119797
