"Posterior_Mean","Posterior_SD","Posterior_LB","Posterior_UB","prob"
0.0358606843906805,0.115431657240127,-0.207902611012222,0.276938752135007,0.375060021879661
