"Posterior_Mean","Posterior_SD","Posterior_LB","Posterior_UB","prob"
-0.145749463763269,0.12831790743798,-0.419531479778151,0.112725237836321,0.847468923564032
