"Posterior_Mean","Posterior_SD","Posterior_LB","Posterior_UB","prob"
0.0532845405024489,0.0809988911324857,-0.108081310858114,0.279359874874363,0.295566604502731
