"Posterior_Mean","Posterior_SD","Posterior_LB","Posterior_UB","prob"
-0.0146274276547835,0.0745006075744123,-0.163145117310889,0.147342211239234,0.582130514950174
