"Posterior_Mean","Posterior_SD","Posterior_LB","Posterior_UB","prob"
-0.212043867555712,0.136503846291863,-0.489318308659673,0.0554811726965757,0.937179954054143
