"Posterior_Mean","Posterior_SD","Posterior_LB","Posterior_UB","prob"
-0.151536037948614,0.0947061153453938,-0.403065855883,0.0762625016272975,0.905621768367427
