"Posterior_Mean","Posterior_SD","Posterior_LB","Posterior_UB","prob"
0.0247139850508229,0.0736070748530257,-0.15497244027382,0.174618724223147,0.350578552322139
