"Posterior_Mean","Posterior_SD","Posterior_LB","Posterior_UB","prob"
-0.106358112558802,0.0805903528884883,-0.289008863553415,0.0719267219450584,0.869601553266342
