"Posterior_Mean","Posterior_SD","Posterior_LB","Posterior_UB","prob"
-0.0320622432879642,0.0663985105615029,-0.1684981465165,0.105252672639234,0.701699410337995
