"Posterior_Mean","Posterior_SD","Posterior_LB","Posterior_UB","prob"
0.138482113022594,0.11592379370869,-0.0958756951087092,0.399629790069436,0.139118939772936
