"Posterior_Mean","Posterior_SD","Posterior_LB","Posterior_UB","prob"
-0.023147843456333,0.0686424164876435,-0.158974451023,0.115620932553875,0.640971629173796
