"Posterior_Mean","Posterior_SD","Posterior_LB","Posterior_UB","prob"
-0.0263106327512425,0.0733826948746805,-0.174862534346927,0.117659647147041,0.637744586928091
