"Posterior_Mean","Posterior_SD","Posterior_LB","Posterior_UB","prob"
0.097793997983602,0.0748456318300746,-0.0578768639157997,0.290405613216022,0.111276985404693
