"Posterior_Mean","Posterior_SD","Posterior_LB","Posterior_UB","prob"
0.00446301882350952,0.0925977865782174,-0.206534392096671,0.240763380882135,0.496646817611008
