"Posterior_Mean","Posterior_SD","Posterior_LB","Posterior_UB","prob"
0.116074647070175,0.132646042375948,-0.14782614818069,0.386590839525651,0.189609208042424
