"Posterior_Mean","Posterior_SD","Posterior_LB","Posterior_UB","prob"
0.451061089737115,0.136114174921513,0.17905972142827,0.715106232458268,3.59596542629535e-05
