"Posterior_Mean","Posterior_SD","Posterior_LB","Posterior_UB","prob"
-0.0116508886096131,0.0895360377323083,-0.192186439872348,0.188726491891885,0.558656468216855
