"Posterior_Mean","Posterior_SD","Posterior_LB","Posterior_UB","prob"
-0.0266110002708818,0.0743947074678259,-0.176179773110859,0.123426343538708,0.638275228647087
