"Posterior_Mean","Posterior_SD","Posterior_LB","Posterior_UB","prob"
0.0293805627099727,0.0742473528914585,-0.155587889951237,0.211667858693328,0.360510847646064
