"Posterior_Mean","Posterior_SD","Posterior_LB","Posterior_UB","prob"
-0.100892851796285,0.121172354436993,-0.353756502780463,0.138473791228061,0.795290887191352
