"Posterior_Mean","Posterior_SD","Posterior_LB","Posterior_UB","prob"
-0.0500556472455874,0.0890612169063581,-0.228607350046287,0.150484190311477,0.709961361233433
