"Posterior_Mean","Posterior_SD","Posterior_LB","Posterior_UB","prob"
0.13162349361242,0.0823626035361912,-0.031234413385225,0.324010239757871,0.057145488144621
