"Posterior_Mean","Posterior_SD","Posterior_LB","Posterior_UB","prob"
0.0763895554428411,0.0738122289785595,-0.0757969993302684,0.231820101850069,0.154259079372101
