"Posterior_Mean","Posterior_SD","Posterior_LB","Posterior_UB","prob"
0.0040113871210001,0.109874990688202,-0.213677592055583,0.266964020853738,0.508216626144604
