"Posterior_Mean","Posterior_SD","Posterior_LB","Posterior_UB","prob"
0.012640866084367,0.142192853181237,-0.25825278105867,0.297507318021588,0.465313621317162
