"Posterior_Mean","Posterior_SD","Posterior_LB","Posterior_UB","prob"
0.0664633725057346,0.0852543355118655,-0.113821924868225,0.25363106288418,0.227873665064101
