"Posterior_Mean","Posterior_SD","Posterior_LB","Posterior_UB","prob"
0.0436068613110279,0.0832406872285561,-0.159562255588349,0.244382383549598,0.322042749869992
