"Posterior_Mean","Posterior_SD","Posterior_LB","Posterior_UB","prob"
0.0749954668879077,0.0768361931836181,-0.0831285744398611,0.23499705711192,0.167856800697347
