"Posterior_Mean","Posterior_SD","Posterior_LB","Posterior_UB","prob"
-0.109409940878182,0.0834079415557432,-0.283476891185722,0.0514429692893495,0.905557829146237
