"Posterior_Mean","Posterior_SD","Posterior_LB","Posterior_UB","prob"
-0.238310860178666,0.136597121181823,-0.516115150199489,0.0409142828083031,0.952060207128175
