"Posterior_Mean","Posterior_SD","Posterior_LB","Posterior_UB","prob"
-0.0411647827525669,0.0701672746897444,-0.192849918333954,0.0990693835407145,0.711015777112768
