"Posterior_Mean","Posterior_SD","Posterior_LB","Posterior_UB","prob"
-0.00879579975068959,0.0691663936965579,-0.170332842217002,0.138112968967401,0.523271328983848
