"Posterior_Mean","Posterior_SD","Posterior_LB","Posterior_UB","prob"
0.0188009316664768,0.0679847946947325,-0.118243086312981,0.151159906601343,0.391871882669197
