"Posterior_Mean","Posterior_SD","Posterior_LB","Posterior_UB","prob"
-0.0243891800144163,0.0774041454263484,-0.210051767564089,0.146950316928096,0.595477528611336
