"Posterior_Mean","Posterior_SD","Posterior_LB","Posterior_UB","prob"
-0.0892516209881763,0.0752005460145797,-0.250968331273367,0.0663787316126253,0.866730453047645
