"Posterior_Mean","Posterior_SD","Posterior_LB","Posterior_UB","prob"
0.0420024760414499,0.0712133568626566,-0.108457146905274,0.21742619467831,0.31457293035235
