"Posterior_Mean","Posterior_SD","Posterior_LB","Posterior_UB","prob"
-0.0237632655565005,0.0776579098706471,-0.181258761132362,0.130401271102768,0.61251601011337
