"Posterior_Mean","Posterior_SD","Posterior_LB","Posterior_UB","prob"
-0.0164762552726844,0.0719091361470294,-0.171053190828912,0.135664307041518,0.58904197068849
