"Posterior_Mean","Posterior_SD","Posterior_LB","Posterior_UB","prob"
-0.0273280244898942,0.0801221370564832,-0.201674603944477,0.135406402624621,0.620442370665106
