"Posterior_Mean","Posterior_SD","Posterior_LB","Posterior_UB","prob"
0.164831893498389,0.0928976657000142,-0.0422020376960849,0.408269955138556,0.0632526940856733
