"Posterior_Mean","Posterior_SD","Posterior_LB","Posterior_UB","prob"
0.0369773525384762,0.0705981018733108,-0.127991967599071,0.179406999863197,0.302085801374736
