"Posterior_Mean","Posterior_SD","Posterior_LB","Posterior_UB","prob"
0.00649189780833222,0.115345771895794,-0.224339421574628,0.266217101573498,0.502364351043909
