"Posterior_Mean","Posterior_SD","Posterior_LB","Posterior_UB","prob"
0.0733281288026822,0.0734310424154234,-0.0786494133927021,0.213837568197689,0.160858279003999
