"Posterior_Mean","Posterior_SD","Posterior_LB","Posterior_UB","prob"
0.0648299801838692,0.108020987591286,-0.157600547277428,0.304234627302763,0.290572909803242
