"Posterior_Mean","Posterior_SD","Posterior_LB","Posterior_UB","prob"
-0.238775825589719,0.0885007507561516,-0.478040113325296,-0.0575500066528553,0.995553622737549
