"Posterior_Mean","Posterior_SD","Posterior_LB","Posterior_UB","prob"
0.431836088581205,0.130439622207526,0.150641346808586,0.712577928100304,0.00081320728400625
