"Posterior_Mean","Posterior_SD","Posterior_LB","Posterior_UB","prob"
-0.0855348251983565,0.0679758167542596,-0.224721991439451,0.0629390367976106,0.88415993669827
