"Posterior_Mean","Posterior_SD","Posterior_LB","Posterior_UB","prob"
-0.0469037399929036,0.0846487446353093,-0.217135118117438,0.215163060276885,0.73434084392992
