"Posterior_Mean","Posterior_SD","Posterior_LB","Posterior_UB","prob"
-0.0183994933923667,0.0950063334106294,-0.236032630547233,0.206605067111008,0.572148940144274
