"Posterior_Mean","Posterior_SD","Posterior_LB","Posterior_UB","prob"
-0.00117853862804112,0.0695135541547921,-0.13279654345607,0.137359945822607,0.50971059997239
