"Posterior_Mean","Posterior_SD","Posterior_LB","Posterior_UB","prob"
0.0442209917157254,0.0695970247200146,-0.103209962566321,0.188720579371688,0.26509892910846
