"Posterior_Mean","Posterior_SD","Posterior_LB","Posterior_UB","prob"
-0.00825833219233544,0.0752225956162709,-0.170349462874446,0.141156868103615,0.542532907049647
