"Posterior_Mean","Posterior_SD","Posterior_LB","Posterior_UB","prob"
0.117358778052207,0.0735328283080428,-0.043485180715178,0.266028486266955,0.071250603700974
