"Posterior_Mean","Posterior_SD","Posterior_LB","Posterior_UB","prob"
-0.0956038090226362,0.0748091620429262,-0.256093427514803,0.0635023764262384,0.881614527937278
