"Posterior_Mean","Posterior_SD","Posterior_LB","Posterior_UB","prob"
-0.0118858695092901,0.128164887275812,-0.268198139555166,0.235723727896626,0.52326184627049
