"Posterior_Mean","Posterior_SD","Posterior_LB","Posterior_UB","prob"
0.00806662586121082,0.113419625371584,-0.229218810297047,0.246802961830907,0.472366207640579
