"Posterior_Mean","Posterior_SD","Posterior_LB","Posterior_UB","prob"
0.249823455640115,0.0737488622774967,0.0565072756831433,0.442227161520396,0.00577960608633183
