"Posterior_Mean","Posterior_SD","Posterior_LB","Posterior_UB","prob"
0.0304340325871683,0.0846037084132655,-0.171441300948804,0.319149073010092,0.452386294586656
