"Posterior_Mean","Posterior_SD","Posterior_LB","Posterior_UB","prob"
0.0173904684042988,0.0868090258183091,-0.16009187872253,0.244577104693934,0.461245237867096
