"Posterior_Mean","Posterior_SD","Posterior_LB","Posterior_UB","prob"
-0.108875043193123,0.138338313542851,-0.384495943901028,0.168782260301019,0.787000565320157
