"Posterior_Mean","Posterior_SD","Posterior_LB","Posterior_UB","prob"
-0.0459698910490108,0.0647663890278358,-0.176739873245911,0.0841374770700262,0.771796086011533
