"Posterior_Mean","Posterior_SD","Posterior_LB","Posterior_UB","prob"
-0.136683422110892,0.0756886689550534,-0.298670937828512,0.0267159840169531,0.951839287217165
