"Posterior_Mean","Posterior_SD","Posterior_LB","Posterior_UB","prob"
-0.0814119670041823,0.0731147979612261,-0.240103993140772,0.0623760119863362,0.859328461795006
