"Posterior_Mean","Posterior_SD","Posterior_LB","Posterior_UB","prob"
0.0967355997385281,0.0760158904604534,-0.0640552601471047,0.246039900465267,0.115631874523745
