"Posterior_Mean","Posterior_SD","Posterior_LB","Posterior_UB","prob"
0.105474114377957,0.130378758378724,-0.143193529055702,0.368650770842902,0.207090675904689
