"Posterior_Mean","Posterior_SD","Posterior_LB","Posterior_UB","prob"
0.0204953126432937,0.0750412966807891,-0.142766164397206,0.176966986871731,0.392269457442985
