"Posterior_Mean","Posterior_SD","Posterior_LB","Posterior_UB","prob"
-0.0342116261118535,0.0709284441342575,-0.175084307999489,0.109704822804555,0.689925905044939
