"Posterior_Mean","Posterior_SD","Posterior_LB","Posterior_UB","prob"
-0.0399953324356936,0.0693726673430943,-0.172052328123047,0.105166934763887,0.720588659336908
