"Posterior_Mean","Posterior_SD","Posterior_LB","Posterior_UB","prob"
-0.0338928033826095,0.0683725898866123,-0.177637523946601,0.108966024313294,0.685026108938274
