"Posterior_Mean","Posterior_SD","Posterior_LB","Posterior_UB","prob"
-0.0722903914301633,0.0750913165459349,-0.217840312430261,0.0817582306027498,0.824585033191957
