"Posterior_Mean","Posterior_SD","Posterior_LB","Posterior_UB","prob"
0.0705315248160977,0.077330589474661,-0.104799173660263,0.284491652076438,0.246577848631926
