"Posterior_Mean","Posterior_SD","Posterior_LB","Posterior_UB","prob"
-0.0771629460304635,0.0712545104404116,-0.2252331638593,0.0650579242081754,0.849149785292722
