"Posterior_Mean","Posterior_SD","Posterior_LB","Posterior_UB","prob"
0.0574859892294857,0.0768442793889495,-0.0962602637832975,0.233107494070107,0.228408642046859
