"Posterior_Mean","Posterior_SD","Posterior_LB","Posterior_UB","prob"
0.299724666928733,0.129389982309786,0.0379132613291455,0.573102165588291,0.0115740695939563
