"Posterior_Mean","Posterior_SD","Posterior_LB","Posterior_UB","prob"
-0.0420957947548219,0.084203661399913,-0.242226186885803,0.141194057273924,0.661166119630912
