"Posterior_Mean","Posterior_SD","Posterior_LB","Posterior_UB","prob"
-0.0270063182319955,0.0751537911872149,-0.222398796115861,0.132788838854621,0.60243243137286
