"Posterior_Mean","Posterior_SD","Posterior_LB","Posterior_UB","prob"
0.0891049601361207,0.118712398221635,-0.148014995912045,0.326522161589217,0.231989291607617
