"Posterior_Mean","Posterior_SD","Posterior_LB","Posterior_UB","prob"
-0.163562085158021,0.119803887414339,-0.444610426689964,0.0959801100544048,0.882463123878748
