"Posterior_Mean","Posterior_SD","Posterior_LB","Posterior_UB","prob"
0.125506932750337,0.0823524260146696,-0.0387990649249563,0.311498604317686,0.070667650586247
