"Posterior_Mean","Posterior_SD","Posterior_LB","Posterior_UB","prob"
-0.108543098537171,0.0943513869543917,-0.321360563434085,0.0867534115031669,0.86440458610015
