"Posterior_Mean","Posterior_SD","Posterior_LB","Posterior_UB","prob"
0.0775473459562681,0.0701020628015626,-0.0664646792492134,0.219003576155548,0.138998226542727
