"Posterior_Mean","Posterior_SD","Posterior_LB","Posterior_UB","prob"
-0.0307406018582479,0.0795163480695647,-0.230228879009077,0.146490978973527,0.61030148957221
