"Posterior_Mean","Posterior_SD","Posterior_LB","Posterior_UB","prob"
0.0532504645951234,0.0706120863598608,-0.0842454161514502,0.199277563734141,0.224682003563447
