"Posterior_Mean","Posterior_SD","Posterior_LB","Posterior_UB","prob"
0.041289199172914,0.0792281848109967,-0.131836875679165,0.231571535408977,0.33215901744822
