"Posterior_Mean","Posterior_SD","Posterior_LB","Posterior_UB","prob"
0.0364576687057965,0.0715332226269279,-0.113994369970535,0.191671845361299,0.305670526963096
