"Posterior_Mean","Posterior_SD","Posterior_LB","Posterior_UB","prob"
-0.0925985675064037,0.0791008433129803,-0.255526293855914,0.0684179991286222,0.881681393385202
