"Posterior_Mean","Posterior_SD","Posterior_LB","Posterior_UB","prob"
0.0218792008171025,0.0793045193235703,-0.199738505940914,0.19066153030991,0.363451814753375
