"Posterior_Mean","Posterior_SD","Posterior_LB","Posterior_UB","prob"
0.0061125133765399,0.0930187521733713,-0.188642651992606,0.252739646799388,0.504486668523804
