"Posterior_Mean","Posterior_SD","Posterior_LB","Posterior_UB","prob"
-0.00190824223260634,0.0689728358218449,-0.135964863034057,0.137686527819226,0.513081253742576
