"Posterior_Mean","Posterior_SD","Posterior_LB","Posterior_UB","prob"
0.0781064683371757,0.099905912749308,-0.135401687070916,0.279500986971699,0.220179669291513
