"Posterior_Mean","Posterior_SD","Posterior_LB","Posterior_UB","prob"
-0.0754737517943445,0.0826888842839152,-0.240314384376208,0.100133188051849,0.819703331184808
