"Posterior_Mean","Posterior_SD","Posterior_LB","Posterior_UB","prob"
-0.0863639494293327,0.0836248224679225,-0.308587420129736,0.0918436253101856,0.801100326104203
