"Posterior_Mean","Posterior_SD","Posterior_LB","Posterior_UB","prob"
-0.104710161301945,0.105519603077305,-0.343209716217489,0.123458493295627,0.821274591315892
