"Posterior_Mean","Posterior_SD","Posterior_LB","Posterior_UB","prob"
-0.0183332230947474,0.1222172029412,-0.298690441648261,0.223434316474236,0.53724056139116
