"Posterior_Mean","Posterior_SD","Posterior_LB","Posterior_UB","prob"
-0.0456159956702627,0.0662282414417968,-0.168950002194821,0.0867821861931188,0.745887091283073
