"Posterior_Mean","Posterior_SD","Posterior_LB","Posterior_UB","prob"
-0.108759746971857,0.0751723311269958,-0.275453798890337,0.0848768066903171,0.886779599288384
