"Posterior_Mean","Posterior_SD","Posterior_LB","Posterior_UB","prob"
0.193389561962256,0.101420973712187,-0.0259666904185132,0.410066356578536,0.0373382879833132
