"Posterior_Mean","Posterior_SD","Posterior_LB","Posterior_UB","prob"
-0.187746252639113,0.0963455311283218,-0.412612848778378,0.12495949236925,0.886758541320406
