"Posterior_Mean","Posterior_SD","Posterior_LB","Posterior_UB","prob"
0.0142759653184629,0.0988253050031203,-0.233403093086385,0.390995755313965,0.561108165920865
