"Posterior_Mean","Posterior_SD","Posterior_LB","Posterior_UB","prob"
0.108284033930482,0.126677368436832,-0.1638279339394,0.386501830789119,0.22482620417372
