"Posterior_Mean","Posterior_SD","Posterior_LB","Posterior_UB","prob"
0.0240214157368203,0.101161969764019,-0.191218874740592,0.306030498826178,0.458274542773222
