"Posterior_Mean","Posterior_SD","Posterior_LB","Posterior_UB","prob"
-0.0270385520237625,0.101403465080438,-0.256516908312297,0.194959570462093,0.594868659076547
