"Posterior_Mean","Posterior_SD","Posterior_LB","Posterior_UB","prob"
0.0242528224749173,0.101469957445054,-0.201788706025003,0.249598773091359,0.404632701517681
