"Posterior_Mean","Posterior_SD","Posterior_LB","Posterior_UB","prob"
-0.235900163834866,0.0750922752402525,-0.386950844867259,-0.0761869907855272,0.995857703647782
