"Posterior_Mean","Posterior_SD","Posterior_LB","Posterior_UB","prob"
-0.201022720720032,0.0681243210576258,-0.337839721226698,-0.0528892187775831,0.995302888380275
