"Posterior_Mean","Posterior_SD","Posterior_LB","Posterior_UB","prob"
-0.174672313236745,0.0971576362252236,-0.401997123559088,0.0670229495334421,0.92751606642162
