"Posterior_Mean","Posterior_SD","Posterior_LB","Posterior_UB","prob"
0.0428159496138526,0.127519984014793,-0.225560200506364,0.281384101923916,0.363269079187672
