"Posterior_Mean","Posterior_SD","Posterior_LB","Posterior_UB","prob"
0.152441250407329,0.11988134917008,-0.122414100368136,0.459081276925088,0.169697335192967
