"Posterior_Mean","Posterior_SD","Posterior_LB","Posterior_UB","prob"
-0.0268526168163922,0.0938566850549083,-0.218952545295299,0.20860132174134,0.631862859487541
