"Posterior_Mean","Posterior_SD","Posterior_LB","Posterior_UB","prob"
0.00486172525613048,0.105457246958181,-0.246647113911937,0.242028646265612,0.466723475305225
