"Posterior_Mean","Posterior_SD","Posterior_LB","Posterior_UB","prob"
-0.159588596990963,0.0962645760907254,-0.388983629419317,0.0980726927361861,0.904509705601567
