"Posterior_Mean","Posterior_SD","Posterior_LB","Posterior_UB","prob"
-0.0701758499793993,0.0802104037806403,-0.243982393975516,0.126459329547258,0.787867153929723
