"Posterior_Mean","Posterior_SD","Posterior_LB","Posterior_UB","prob"
-0.251539264538831,0.128256127999173,-0.564430083613045,0.0184895162221033,0.964125907678429
