"Posterior_Mean","Posterior_SD","Posterior_LB","Posterior_UB","prob"
-0.149303611302476,0.116511634257225,-0.41317920985235,0.0754704229401612,0.8918470515514
