"Posterior_Mean","Posterior_SD","Posterior_LB","Posterior_UB","prob"
-0.307420640122975,0.0969047265678929,-0.510155996831768,-0.0926117258599916,0.996412348307728
