"Posterior_Mean","Posterior_SD","Posterior_LB","Posterior_UB","prob"
-0.254849651749621,0.132980132755165,-0.588004491354278,0.00409824347680337,0.971982220131688
