"Posterior_Mean","Posterior_SD","Posterior_LB","Posterior_UB","prob"
-0.0488459128166641,0.135954764967299,-0.321745232970185,0.26536001749647,0.656950042850462
