"Posterior_Mean","Posterior_SD","Posterior_LB","Posterior_UB","prob"
-0.26786814221466,0.120777602455429,-0.508262433425443,0.0306822883254696,0.963729436690738
