"Posterior_Mean","Posterior_SD","Posterior_LB","Posterior_UB","prob"
-0.403419090634416,0.125172577816975,-0.659489977196424,-0.129414508358908,0.996595415100057
