"Posterior_Mean","Posterior_SD","Posterior_LB","Posterior_UB","prob"
-0.165536699690218,0.096156034949232,-0.37830800054279,0.0432938079310319,0.942087070373026
