"Posterior_Mean","Posterior_SD","Posterior_LB","Posterior_UB","prob"
-0.158379613599511,0.100972770193306,-0.377243403605667,0.0898249348329634,0.912801063478228
