"Posterior_Mean","Posterior_SD","Posterior_LB","Posterior_UB","prob"
-0.196262215921112,0.0913342923980098,-0.397730831529375,-0.0120657053827162,0.980252333700748
