"Posterior_Mean","Posterior_SD","Posterior_LB","Posterior_UB","prob"
-0.113746674452588,0.103736665337462,-0.355542722754336,0.0891902474631845,0.863223297974918
