"Posterior_Mean","Posterior_SD","Posterior_LB","Posterior_UB","prob"
-0.0100157826309405,0.137005448850832,-0.317608772352133,0.339511019269614,0.54239701651108
