"Posterior_Mean","Posterior_SD","Posterior_LB","Posterior_UB","prob"
-0.0709052571951819,0.128594541126077,-0.355270616998243,0.284865602409248,0.687563470585946
