"Posterior_Mean","Posterior_SD","Posterior_LB","Posterior_UB","prob"
-0.261021267346273,0.141763241130335,-0.56451789170744,0.015589892335619,0.966378659554627
