"Posterior_Mean","Posterior_SD","Posterior_LB","Posterior_UB","prob"
-0.229738616919609,0.0970902591868543,-0.421648904483649,-0.00685210236670938,0.977203230925101
