"Posterior_Mean","Posterior_SD","Posterior_LB","Posterior_UB","prob"
-0.172959344010652,0.103207017047749,-0.38526615213451,0.0957821699015022,0.91824895061845
