"Posterior_Mean","Posterior_SD","Posterior_LB","Posterior_UB","prob"
-0.320918934621552,0.100621731924995,-0.625184326406602,-0.120635811056053,0.999321778734133
