"Posterior_Mean","Posterior_SD","Posterior_LB","Posterior_UB","prob"
-0.00578519810654412,0.0948328955751192,-0.192267820389613,0.183348715886395,0.53
