"Posterior_Mean","Posterior_SD","Posterior_LB","Posterior_UB","prob"
0.166230534726249,0.0927213540045278,-0.0410756205919909,0.364206090391994,0.0594410747974246
