"Posterior_Mean","Posterior_SD","Posterior_LB","Posterior_UB","prob"
-0.300375370120601,0.0493277828190315,-0.414447416003331,-0.166661116671168,0.999804920122432
