"Posterior_Mean","Posterior_SD","Posterior_LB","Posterior_UB","prob"
-0.0789788625775455,0.068385368498132,-0.242999305998566,0.127916050323222,0.792804548916825
