"Posterior_Mean","Posterior_SD","Posterior_LB","Posterior_UB","prob"
-0.00417282586984222,0.0909630618032327,-0.200086651633634,0.184181391320984,0.515275042282346
