"Posterior_Mean","Posterior_SD","Posterior_LB","Posterior_UB","prob"
-0.125683318885672,0.0666883888849875,-0.256733829572537,0.00559265117298198,0.970587889755864
