"Posterior_Mean","Posterior_SD","Posterior_LB","Posterior_UB","prob"
0.0380307628334359,0.0895806001363935,-0.214180424353349,0.257915725188821,0.356179035812211
