"Posterior_Mean","Posterior_SD","Posterior_LB","Posterior_UB","prob"
-0.108539769885109,0.0560963029452932,-0.223242027364314,0.0376277162302339,0.937486407862584
