"Posterior_Mean","Posterior_SD","Posterior_LB","Posterior_UB","prob"
-0.123949216080501,0.0696831671277349,-0.260017467440482,0.0500657730105609,0.936840663205967
