"Posterior_Mean","Posterior_SD","Posterior_LB","Posterior_UB","prob"
0.000688738607215409,0.0973223108747705,-0.195438687651638,0.200441366391243,0.506802391940856
