"Posterior_Mean","Posterior_SD","Posterior_LB","Posterior_UB","prob"
0.0536439801573632,0.0871601656469276,-0.172708005979836,0.262617576029949,0.310244597357965
