"Posterior_Mean","Posterior_SD","Posterior_LB","Posterior_UB","prob"
-0.0729143073577912,0.0568285617524118,-0.184093476132574,0.0645714338508151,0.878244779405917
