"Posterior_Mean","Posterior_SD","Posterior_LB","Posterior_UB","prob"
-0.170013057158321,0.0687329578468823,-0.304620855483303,-0.0299558079754022,0.991321746933259
