"Posterior_Mean","Posterior_SD","Posterior_LB","Posterior_UB","prob"
-0.12531264449196,0.0691381086957449,-0.264236868712262,0.034715195945144,0.950479564302057
