"Posterior_Mean","Posterior_SD","Posterior_LB","Posterior_UB","prob"
-0.259482197920452,0.0528448495559544,-0.372681016324046,-0.136201487387713,0.999932631102424
