"Posterior_Mean","Posterior_SD","Posterior_LB","Posterior_UB","prob"
-0.0244651548925801,0.0893309113176392,-0.213523850564003,0.173821772793594,0.597505750891093
