"Posterior_Mean","Posterior_SD","Posterior_LB","Posterior_UB","prob"
-0.113256575428646,0.0814015432108707,-0.308838423959308,0.127105672219709,0.811053066944751
