"Posterior_Mean","Posterior_SD","Posterior_LB","Posterior_UB","prob"
-0.190889398392004,0.0593812940676752,-0.326584156324639,-0.0224589407750019,0.987019641878717
