"Posterior_Mean","Posterior_SD","Posterior_LB","Posterior_UB","prob"
0.170366716937861,0.0970519853818787,-0.022523489955577,0.363700738640949,0.0393333333333333
