"Posterior_Mean","Posterior_SD","Posterior_LB","Posterior_UB","prob"
0.00266719494221338,0.0952195774628201,-0.191297402747724,0.191208708835396,0.484105979719836
