"Posterior_Mean","Posterior_SD","Posterior_LB","Posterior_UB","prob"
-0.147518382749466,0.0569051684365458,-0.26562760704912,-0.00385014587020514,0.976528989237009
