"Posterior_Mean","Posterior_SD","Posterior_LB","Posterior_UB","prob"
-0.0681940994984739,0.0697031720065624,-0.206303815846028,0.087510105479533,0.832630743102953
