"Posterior_Mean","Posterior_SD","Posterior_LB","Posterior_UB","prob"
0.141850721343199,0.095575106082827,-0.0459359945546412,0.336270374771679,0.0733553237260392
