"Posterior_Mean","Posterior_SD","Posterior_LB","Posterior_UB","prob"
-0.093417167429277,0.084835721318904,-0.279489449394833,0.108340299708332,0.827277371171024
