"Posterior_Mean","Posterior_SD","Posterior_LB","Posterior_UB","prob"
-0.227728855116032,0.0876152515498035,-0.396874650337508,-0.0461624333978087,0.993373075238614
