"Posterior_Mean","Posterior_SD","Posterior_LB","Posterior_UB","prob"
-0.161130031390728,0.0746388833709027,-0.311792242760147,0.0297092780992449,0.956369724884141
