"Posterior_Mean","Posterior_SD","Posterior_LB","Posterior_UB","prob"
-0.19407762713915,0.055865919015113,-0.304353610809532,-0.0682708001168471,0.995759291578113
