"Posterior_Mean","Posterior_SD","Posterior_LB","Posterior_UB","prob"
0.127833851582092,0.0929388476169255,-0.0558911054178356,0.305954047116837,0.0878333333333333
