"Posterior_Mean","Posterior_SD","Posterior_LB","Posterior_UB","prob"
-0.00848858274321527,0.0920514508492674,-0.191483665990538,0.176171797873491,0.54727311463478
