"Posterior_Mean","Posterior_SD","Posterior_LB","Posterior_UB","prob"
-0.00357296099579257,0.0927743298439424,-0.203740944128015,0.190481272394646,0.51225851076864
