"Posterior_Mean","Posterior_SD","Posterior_LB","Posterior_UB","prob"
0.00326162306939782,0.0928384957359069,-0.200934763146457,0.205887883213421,0.486977919565051
