"Posterior_Mean","Posterior_SD","Posterior_LB","Posterior_UB","prob"
-0.229071113984044,0.0524081617798814,-0.340274275532973,-0.116429236001993,0.999984718753633
