"Posterior_Mean","Posterior_SD","Posterior_LB","Posterior_UB","prob"
-0.0326107016578159,0.0969950612496167,-0.230847573554637,0.149715868376018,0.624717620137077
