"Posterior_Mean","Posterior_SD","Posterior_LB","Posterior_UB","prob"
0.0907105629170855,0.0957711710474479,-0.10022967564362,0.278207104553162,0.171333333333333
