"Posterior_Mean","Posterior_SD","Posterior_LB","Posterior_UB","prob"
-0.0316823640656864,0.0978051840415435,-0.226818429221898,0.157272024735002,0.619502167546
