"Posterior_Mean","Posterior_SD","Posterior_LB","Posterior_UB","prob"
-0.256173159622524,0.0568496994270363,-0.395613638417616,-0.0878658396330092,0.99870243021068
