"Posterior_Mean","Posterior_SD","Posterior_LB","Posterior_UB","prob"
0.0634403544391616,0.0915741027411522,-0.175302279308715,0.261491525460147,0.271933418347311
