"Posterior_Mean","Posterior_SD","Posterior_LB","Posterior_UB","prob"
-0.148570037476517,0.0578952046124917,-0.26974956266663,0.0125502129929896,0.967431444829841
