"Posterior_Mean","Posterior_SD","Posterior_LB","Posterior_UB","prob"
-0.0478439295504977,0.0691572339239887,-0.187900531268533,0.132664338557564,0.768757604251628
