"Posterior_Mean","Posterior_SD","Posterior_LB","Posterior_UB","prob"
-0.0384809101971971,0.0780606183093674,-0.213419516694628,0.211444032716741,0.68945090827111
