"Posterior_Mean","Posterior_SD","Posterior_LB","Posterior_UB","prob"
-0.148420248566095,0.0611296822246045,-0.284086322232522,0.0151008478680402,0.965120369354806
