"Posterior_Mean","Posterior_SD","Posterior_LB","Posterior_UB","prob"
-0.0759868372419905,0.0790899240356559,-0.251592288953927,0.142510753703779,0.772552069385815
