"Posterior_Mean","Posterior_SD","Posterior_LB","Posterior_UB","prob"
-0.0416401046338552,0.0978503803553233,-0.232589200163822,0.150983898213541,0.665467915078663
