"Posterior_Mean","Posterior_SD","Posterior_LB","Posterior_UB","prob"
0.20505930264014,0.0941286526512404,0.0149360679206613,0.389841776306253,0.0175147976509631
