"Posterior_Mean","Posterior_SD","Posterior_LB","Posterior_UB","prob"
-0.102863647444654,0.0906810262822259,-0.2841888686953,0.0812940504694897,0.874584655181822
