"Posterior_Mean","Posterior_SD","Posterior_LB","Posterior_UB","prob"
0.00438778549161426,0.0691818718597139,-0.133594629722286,0.185717011286832,0.504770141236567
