"Posterior_Mean","Posterior_SD","Posterior_LB","Posterior_UB","prob"
-0.048041822003868,0.092682611107324,-0.230198492659657,0.135498422303655,0.691586628277532
