"Posterior_Mean","Posterior_SD","Posterior_LB","Posterior_UB","prob"
-0.195472621080955,0.0623211996294847,-0.320808250287342,-0.0677788372098519,0.997312191336108
