"Posterior_Mean","Posterior_SD","Posterior_LB","Posterior_UB","prob"
0.171173282442419,0.0954488797241186,-0.0214937965807878,0.364634994076819,0.038
