"Posterior_Mean","Posterior_SD","Posterior_LB","Posterior_UB","prob"
-0.138584178031987,0.0523456093711964,-0.238068313211609,-0.0347804194599842,0.992992001490332
