"Posterior_Mean","Posterior_SD","Posterior_LB","Posterior_UB","prob"
0.052287566674412,0.0981147033128981,-0.143999400401757,0.241341476146167,0.293501043249115
