"Posterior_Mean","Posterior_SD","Posterior_LB","Posterior_UB","prob"
-0.0729073878845336,0.0789002989755626,-0.250081471397885,0.152669108203391,0.76497444636298
