"Posterior_Mean","Posterior_SD","Posterior_LB","Posterior_UB","prob"
0.068949231983268,0.069269500350971,-0.0715966842926379,0.250532381325932,0.170839702587576
