"Posterior_Mean","Posterior_SD","Posterior_LB","Posterior_UB","prob"
-0.247049346859439,0.0546202120625663,-0.368628211094258,-0.114273896075365,0.998852851441155
