"Posterior_Mean","Posterior_SD","Posterior_LB","Posterior_UB","prob"
0.0570801981553755,0.092085289695727,-0.144508766797545,0.26035064938339,0.29651182506564
