"Posterior_Mean","Posterior_SD","Posterior_LB","Posterior_UB","prob"
-0.0969228874288637,0.0677539837383929,-0.253049067673802,0.0663041747713409,0.89886354043937
