"Posterior_Mean","Posterior_SD","Posterior_LB","Posterior_UB","prob"
-0.00940538860131675,0.0741842049610785,-0.153088002910516,0.15996128473783,0.571406888453788
