"Posterior_Mean","Posterior_SD","Posterior_LB","Posterior_UB","prob"
-0.0365027970786762,0.0725868689234282,-0.212322589140734,0.220440803303799,0.695317270715786
