"Posterior_Mean","Posterior_SD","Posterior_LB","Posterior_UB","prob"
-0.181018792693059,0.066994817392046,-0.317334321584126,-0.0237430594418244,0.984416134051013
