"Posterior_Mean","Posterior_SD","Posterior_LB","Posterior_UB","prob"
-0.0456238579527216,0.083797914627193,-0.232714331089362,0.167948939902078,0.665471641457251
