"Posterior_Mean","Posterior_SD","Posterior_LB","Posterior_UB","prob"
-0.0538181494802137,0.0651907643016965,-0.195652036976429,0.101158691537141,0.762867124069089
