"Posterior_Mean","Posterior_SD","Posterior_LB","Posterior_UB","prob"
0.0318520256413022,0.0979816491330551,-0.161974577335207,0.218448860045058,0.367047408780167
