"Posterior_Mean","Posterior_SD","Posterior_LB","Posterior_UB","prob"
0.13978899791009,0.0939576643578343,-0.0986316785623702,0.337596126406058,0.0918586720803104
