"Posterior_Mean","Posterior_SD","Posterior_LB","Posterior_UB","prob"
0.101135212760858,0.0965424211203092,-0.0929047948017005,0.290134590365364,0.153022899836783
