"Posterior_Mean","Posterior_SD","Posterior_LB","Posterior_UB","prob"
-0.160448998704935,0.0644324856942725,-0.31562195140024,0.0426580806082897,0.950274150912309
