"Posterior_Mean","Posterior_SD","Posterior_LB","Posterior_UB","prob"
-0.0800475865552391,0.0903351071645427,-0.267110060918029,0.119306115711103,0.801439454976089
