"Posterior_Mean","Posterior_SD","Posterior_LB","Posterior_UB","prob"
-0.187086126918163,0.0646533568399345,-0.328999227552932,-0.0479802300957007,0.9954201737908
