"Posterior_Mean","Posterior_SD","Posterior_LB","Posterior_UB","prob"
0.0624415376310483,0.0943705595533295,-0.121704626782317,0.244844387807277,0.247037287630553
