"Posterior_Mean","Posterior_SD","Posterior_LB","Posterior_UB","prob"
0.0327419489492802,0.0956859732329498,-0.149089858395549,0.223625058574716,0.365004735353511
