"Posterior_Mean","Posterior_SD","Posterior_LB","Posterior_UB","prob"
-0.148571560708554,0.0517778277966833,-0.256780456105279,-0.0457273042977734,0.998026825173499
