"Posterior_Mean","Posterior_SD","Posterior_LB","Posterior_UB","prob"
-0.154945228118453,0.055324768945501,-0.269617371697465,-0.00457015248664418,0.978559412204233
