"Posterior_Mean","Posterior_SD","Posterior_LB","Posterior_UB","prob"
0.00150228773309195,0.0841421987454661,-0.218631002876832,0.236034095893962,0.507690395526954
