"Posterior_Mean","Posterior_SD","Posterior_LB","Posterior_UB","prob"
-0.202013669268137,0.055358423856781,-0.306719553549112,-0.0923592031165586,0.999754377829698
