"Posterior_Mean","Posterior_SD","Posterior_LB","Posterior_UB","prob"
-0.146608231095039,0.0537142518476131,-0.252251232418263,-0.0436838414550682,0.995897004956925
