"Posterior_Mean","Posterior_SD","Posterior_LB","Posterior_UB","prob"
0.0650045671084322,0.094516753958387,-0.121040743308201,0.25100101657627,0.244666666666667
