"Posterior_Mean","Posterior_SD","Posterior_LB","Posterior_UB","prob"
-0.196301311386821,0.0683187221270211,-0.332155624912052,-0.0626772228666571,0.99731036283206
