"Posterior_Mean","Posterior_SD","Posterior_LB","Posterior_UB","prob"
-0.183917731549782,0.054576789745818,-0.29278257920199,-0.0727795863112985,0.998086114569772
