"Posterior_Mean","Posterior_SD","Posterior_LB","Posterior_UB","prob"
-0.181393497951553,0.0555827473793781,-0.297774972972912,-0.0360687748570641,0.993030642032576
