"Posterior_Mean","Posterior_SD","Posterior_LB","Posterior_UB","prob"
0.0186318447488997,0.094419550006334,-0.175000817679382,0.212586034231888,0.429305370282691
