"Posterior_Mean","Posterior_SD","Posterior_LB","Posterior_UB","prob"
-0.141158066412545,0.0609207679713,-0.281775042297281,0.0963477979642673,0.922094034113955
