"Posterior_Mean","Posterior_SD","Posterior_LB","Posterior_UB","prob"
-0.212794662288446,0.058955106596445,-0.338150888721796,0.0269369513399331,0.967522657112395
