"Posterior_Mean","Posterior_SD","Posterior_LB","Posterior_UB","prob"
-0.0607367306166122,0.0943187310532361,-0.244594330612001,0.118280261892108,0.729
