"Posterior_Mean","Posterior_SD","Posterior_LB","Posterior_UB","prob"
-0.0455715978052925,0.0820909605140976,-0.217022977291926,0.157855237010039,0.699825724485037
