"Posterior_Mean","Posterior_SD","Posterior_LB","Posterior_UB","prob"
-0.0928050472346603,0.0693184102640232,-0.231122975316387,0.0556009692033839,0.904651079309445
