"Posterior_Mean","Posterior_SD","Posterior_LB","Posterior_UB","prob"
0.0599297896992116,0.0941648256434926,-0.129060617383547,0.234935596301082,0.263012844166831
