"Posterior_Mean","Posterior_SD","Posterior_LB","Posterior_UB","prob"
-0.227112311784741,0.0586609522309878,-0.348571377916887,-0.0921059211451843,0.999369602917933
