"Posterior_Mean","Posterior_SD","Posterior_LB","Posterior_UB","prob"
-0.126110015595863,0.0951319684559632,-0.311348721525989,0.0581990911742978,0.908833333333333
