"Posterior_Mean","Posterior_SD","Posterior_LB","Posterior_UB","prob"
-0.136790750335738,0.0540018537265049,-0.245535525882223,-0.0228634960258675,0.98899680560907
