"Posterior_Mean","Posterior_SD","Posterior_LB","Posterior_UB","prob"
0.0401694052048624,0.0936253951107944,-0.141248220569502,0.226418651295338,0.335333333333333
