"Posterior_Mean","Posterior_SD","Posterior_LB","Posterior_UB","prob"
-0.111866418484865,0.0820016865461466,-0.307895269329179,0.126247246704514,0.803473552459918
