"Posterior_Mean","Posterior_SD","Posterior_LB","Posterior_UB","prob"
-0.197944401682284,0.0524749002759494,-0.325912429633316,-0.0682708053493863,0.99744887791469
