"Posterior_Mean","Posterior_SD","Posterior_LB","Posterior_UB","prob"
-0.0375818136727233,0.0699567171332225,-0.172580081799773,0.114407396622767,0.710492364931226
