"Posterior_Mean","Posterior_SD","Posterior_LB","Posterior_UB","prob"
0.13308078944603,0.0961917767631334,-0.0534548056634066,0.324304508866693,0.0820046465841238
