"Posterior_Mean","Posterior_SD","Posterior_LB","Posterior_UB","prob"
-0.201168949683801,0.0594255797497484,-0.326470322194078,-0.00347655937719564,0.975910510791369
