"Posterior_Mean","Posterior_SD","Posterior_LB","Posterior_UB","prob"
-0.0335673540328606,0.106637510859422,-0.248172042283709,0.182675208253337,0.624785748724344
