"Posterior_Mean","Posterior_SD","Posterior_LB","Posterior_UB","prob"
0.00312206016865984,0.066653661475223,-0.129931302518378,0.13816297083719,0.490881185535801
