"Posterior_Mean","Posterior_SD","Posterior_LB","Posterior_UB","prob"
-0.199988087760073,0.0598474679434791,-0.333036192662778,0.00587477218924449,0.97295942476536
