"Posterior_Mean","Posterior_SD","Posterior_LB","Posterior_UB","prob"
-0.0708496567099875,0.0878933699986135,-0.265068670041917,0.127104846443765,0.747423100979417
