"Posterior_Mean","Posterior_SD","Posterior_LB","Posterior_UB","prob"
0.0807772558630948,0.0902742405141512,-0.213147208452353,0.30020191084217,0.22976916081924
