"Posterior_Mean","Posterior_SD","Posterior_LB","Posterior_UB","prob"
-0.0853593449486194,0.0662146756634389,-0.214860872941082,0.0472765143438712,0.898021653301383
