"Posterior_Mean","Posterior_SD","Posterior_LB","Posterior_UB","prob"
0.129271437148576,0.0916676199323233,-0.0912698599069242,0.337636517424479,0.122780987613817
