"Posterior_Mean","Posterior_SD","Posterior_LB","Posterior_UB","prob"
0.0377160439402438,0.0829598666008398,-0.197375844229218,0.278375800931874,0.396485721226544
