"Posterior_Mean","Posterior_SD","Posterior_LB","Posterior_UB","prob"
-0.129248227607224,0.0732830784385817,-0.275746454506874,0.0107097850290181,0.960788510502909
