"Posterior_Mean","Posterior_SD","Posterior_LB","Posterior_UB","prob"
-0.0120671133946148,0.091838788679292,-0.20826196828695,0.17977777693882,0.540600573634372
