"Posterior_Mean","Posterior_SD","Posterior_LB","Posterior_UB","prob"
-0.136381490301243,0.096073104684864,-0.321644536519845,0.05240389308462,0.922833333333333
