"Posterior_Mean","Posterior_SD","Posterior_LB","Posterior_UB","prob"
-0.164497466278385,0.0621637000563187,-0.286289760556722,-0.0264504168353918,0.989881109211936
