"Posterior_Mean","Posterior_SD","Posterior_LB","Posterior_UB","prob"
-0.140809764758218,0.0575140435653325,-0.285512811360519,0.152292489781393,0.878128906553494
