"Posterior_Mean","Posterior_SD","Posterior_LB","Posterior_UB","prob"
0.123753549258438,0.092624176081172,-0.0603594516318152,0.307609297342795,0.0964359813128122
