"Posterior_Mean","Posterior_SD","Posterior_LB","Posterior_UB","prob"
-0.256072731715066,0.0488056230309496,-0.359303402093986,-0.141043758097078,0.999968548520826
