"Posterior_Mean","Posterior_SD","Posterior_LB","Posterior_UB","prob"
-0.254723871855622,0.0518390271387959,-0.357496696970501,-0.124214940047009,0.995779634899185
