"Posterior_Mean","Posterior_SD","Posterior_LB","Posterior_UB","prob"
0.132612228310906,0.090770199220666,-0.112633217058421,0.353983322205171,0.15669322207766
