"Posterior_Mean","Posterior_SD","Posterior_LB","Posterior_UB","prob"
0.0241255969755691,0.088066902620035,-0.182717408479985,0.231246163352244,0.426914791022021
