"Posterior_Mean","Posterior_SD","Posterior_LB","Posterior_UB","prob"
-0.207293960177603,0.0745307232925388,-0.364169826245566,-0.00376857367817561,0.975988020836029
