"Posterior_Mean","Posterior_SD","Posterior_LB","Posterior_UB","prob"
-0.173655468301383,0.0663868229635344,-0.308296141022899,-0.0366354512800566,0.994056367752353
