"Posterior_Mean","Posterior_SD","Posterior_LB","Posterior_UB","prob"
0.0742347584246589,0.0963446567634353,-0.11872113575173,0.261412194246935,0.2165
