"Posterior_Mean","Posterior_SD","Posterior_LB","Posterior_UB","prob"
-0.159504095321697,0.0724117483362409,-0.31360975358305,0.0282108503339482,0.957637969864454
