"Posterior_Mean","Posterior_SD","Posterior_LB","Posterior_UB","prob"
0.205847717141602,0.095073353447968,0.0226425602877137,0.395696405590704,0.0125
