"Posterior_Mean","Posterior_SD","Posterior_LB","Posterior_UB","prob"
0.0457060738943739,0.0970101566855495,-0.152490705899977,0.231464336325761,0.318197227772525
