"Posterior_Mean","Posterior_SD","Posterior_LB","Posterior_UB","prob"
-0.174163819897264,0.0576817231500922,-0.296150109253187,0.0721903126419587,0.950402940756902
