"Posterior_Mean","Posterior_SD","Posterior_LB","Posterior_UB","prob"
-0.0208332131814314,0.0983763721065288,-0.216685833508129,0.166557270954528,0.581505349287862
