"Posterior_Mean","Posterior_SD","Posterior_LB","Posterior_UB","prob"
-0.0789302003541541,0.065783954737856,-0.227063644871813,0.117612807290951,0.825915138071295
