"Posterior_Mean","Posterior_SD","Posterior_LB","Posterior_UB","prob"
-0.130318338582154,0.0722509665611076,-0.278810392741604,0.0682994930955064,0.91948920617801
