"Posterior_Mean","Posterior_SD","Posterior_LB","Posterior_UB","prob"
0.127466507440012,0.0960893823364104,-0.0599165338621044,0.313892842475885,0.0911666666666667
