"Posterior_Mean","Posterior_SD","Posterior_LB","Posterior_UB","prob"
-0.193808272676237,0.0528444057596594,-0.330574937711765,0.0133172241627023,0.966803334835089
