"Posterior_Mean","Posterior_SD","Posterior_LB","Posterior_UB","prob"
0.0205285569510711,0.0905769097014326,-0.206860336091769,0.218938895153317,0.397480832814619
