"Posterior_Mean","Posterior_SD","Posterior_LB","Posterior_UB","prob"
0.0663483266752714,0.0927467948126689,-0.115849914385148,0.25015746496601,0.232389377852005
