"Posterior_Mean","Posterior_SD","Posterior_LB","Posterior_UB","prob"
-0.0532291920904738,0.09570026507564,-0.24244779636755,0.1404104042568,0.713001292781315
