"Posterior_Mean","Posterior_SD","Posterior_LB","Posterior_UB","prob"
-0.221107832243265,0.0692912751625768,-0.361852743884862,-0.0460626723166408,0.988168137803156
