"Posterior_Mean","Posterior_SD","Posterior_LB","Posterior_UB","prob"
-0.0919441958755508,0.0686158994990986,-0.220927780396777,0.061483399836724,0.897068479100738
