"Posterior_Mean","Posterior_SD","Posterior_LB","Posterior_UB","prob"
-0.258075421765851,0.0479529886494207,-0.36384793609652,-0.138504634296599,0.999925121059097
