"Posterior_Mean","Posterior_SD","Posterior_LB","Posterior_UB","prob"
-0.038571299152353,0.098782335181727,-0.237853231160745,0.165942845256494,0.655783383850964
