"Posterior_Mean","Posterior_SD","Posterior_LB","Posterior_UB","prob"
0.125264542207034,0.0968115696611441,-0.0670381208628359,0.313497896716269,0.099
