"Posterior_Mean","Posterior_SD","Posterior_LB","Posterior_UB","prob"
-0.0998141833474066,0.0663833947277573,-0.229636820110177,0.0491781284913833,0.924262147962786
