"Posterior_Mean","Posterior_SD","Posterior_LB","Posterior_UB","prob"
0.0568385443021075,0.09500279992927,-0.132647991937722,0.252786249217099,0.265212929936529
