"Posterior_Mean","Posterior_SD","Posterior_LB","Posterior_UB","prob"
0.0701797506941311,0.0948771204525131,-0.131472604938247,0.261899477653681,0.24411497672396
