"Posterior_Mean","Posterior_SD","Posterior_LB","Posterior_UB","prob"
-0.260087166244619,0.0478866592078835,-0.354418381167022,-0.15301591110757,0.999954080997696
