"Posterior_Mean","Posterior_SD","Posterior_LB","Posterior_UB","prob"
-0.13322642591826,0.0784911763725204,-0.288193894904137,0.0470779741728152,0.925453593297169
