"Posterior_Mean","Posterior_SD","Posterior_LB","Posterior_UB","prob"
0.172146296982549,0.093896079147625,-0.0130317305587421,0.361880179320872,0.035339435757662
