"Posterior_Mean","Posterior_SD","Posterior_LB","Posterior_UB","prob"
-0.0137805328626552,0.0847494690777109,-0.210507183827018,0.223457606220455,0.572317642613545
