"Posterior_Mean","Posterior_SD","Posterior_LB","Posterior_UB","prob"
0.0958491682389795,0.0913972213369675,-0.0855493393996281,0.26971399133307,0.147504032460515
