"Posterior_Mean","Posterior_SD","Posterior_LB","Posterior_UB","prob"
0.0961548107391547,0.0964345054607156,-0.0936962997336852,0.287287305127265,0.155166666666667
