"Posterior_Mean","Posterior_SD","Posterior_LB","Posterior_UB","prob"
0.0512840975490187,0.0947396251965707,-0.13168569716073,0.235728643406009,0.292648598546666
