"Posterior_Mean","Posterior_SD","Posterior_LB","Posterior_UB","prob"
-0.203121991865396,0.060101986963024,-0.3591162693128,-0.0289083273804195,0.98809798574651
