"Posterior_Mean","Posterior_SD","Posterior_LB","Posterior_UB","prob"
-0.110257087617285,0.0560932752592067,-0.222740911312317,0.0251536959591734,0.954754048441573
