"Posterior_Mean","Posterior_SD","Posterior_LB","Posterior_UB","prob"
-0.237360560608835,0.05460970636973,-0.348995020721584,-0.130699492215262,0.99999373086676
