"Posterior_Mean","Posterior_SD","Posterior_LB","Posterior_UB","prob"
0.201433672533096,0.0963833310348755,0.0083566986013352,0.392564315012357,0.0208534548294541
