"Posterior_Mean","Posterior_SD","Posterior_LB","Posterior_UB","prob"
-0.117073768959085,0.0672155654624258,-0.253940400240567,0.0161350637114621,0.959720282846361
