"Posterior_Mean","Posterior_SD","Posterior_LB","Posterior_UB","prob"
-0.0193716547908459,0.0702525175219814,-0.170022924097844,0.192901991084603,0.626410403787407
