"Posterior_Mean","Posterior_SD","Posterior_LB","Posterior_UB","prob"
-0.0054491180031739,0.0870579503725907,-0.274891307577423,0.223177739363934,0.459730311043114
