"Posterior_Mean","Posterior_SD","Posterior_LB","Posterior_UB","prob"
0.0620117663561327,0.0902578150071333,-0.16099050377334,0.242970178396797,0.253159315326087
