"Posterior_Mean","Posterior_SD","Posterior_LB","Posterior_UB","prob"
0.015982869641801,0.0737963559541601,-0.129465820411698,0.208776572543962,0.45109364983778
