"Posterior_Mean","Posterior_SD","Posterior_LB","Posterior_UB","prob"
0.0773118316096878,0.0940514744180597,-0.137629273109347,0.279235791996326,0.219271214072586
