"Posterior_Mean","Posterior_SD","Posterior_LB","Posterior_UB","prob"
-0.192884728911181,0.0705550192328033,-0.36835836936775,0.0435039451483178,0.952124151083083
