"Posterior_Mean","Posterior_SD","Posterior_LB","Posterior_UB","prob"
-0.0645776180122316,0.0752990053324248,-0.224678363250682,0.140390470901018,0.775629846797634
