"Posterior_Mean","Posterior_SD","Posterior_LB","Posterior_UB","prob"
-0.118533156173164,0.0774692682313358,-0.27636825000145,0.0741543045609449,0.893878843376644
