"Posterior_Mean","Posterior_SD","Posterior_LB","Posterior_UB","prob"
-0.0597294278392258,0.0761521928108613,-0.209978970312498,0.113539381037494,0.785177403895272
