"Posterior_Mean","Posterior_SD","Posterior_LB","Posterior_UB","prob"
0.101183537579407,0.0891403637074059,-0.16073453786699,0.293341154688618,0.163314220393203
