"Posterior_Mean","Posterior_SD","Posterior_LB","Posterior_UB","prob"
-0.0192897327834924,0.0816699665734428,-0.207159093390861,0.209249036627299,0.590339450116266
