"Posterior_Mean","Posterior_SD","Posterior_LB","Posterior_UB","prob"
-0.114679138385969,0.0568506242130933,-0.223656475204643,-0.00164160499451938,0.977186320743726
