"Posterior_Mean","Posterior_SD","Posterior_LB","Posterior_UB","prob"
-0.123162013729141,0.0533831720833387,-0.24501002133384,0.0467965539466832,0.940316427023348
