"Posterior_Mean","Posterior_SD","Posterior_LB","Posterior_UB","prob"
-0.151599362941695,0.0699214999868287,-0.294410799885092,-0.00388149406541194,0.975694692698005
