"Posterior_Mean","Posterior_SD","Posterior_LB","Posterior_UB","prob"
-0.267847834656894,0.0525351629674811,-0.395298462031478,-0.116443191718232,0.997508729935299
