"Posterior_Mean","Posterior_SD","Posterior_LB","Posterior_UB","prob"
-0.0852454384512937,0.0672195008986561,-0.219052604091812,0.0500444522947158,0.89359734025133
