"Posterior_Mean","Posterior_SD","Posterior_LB","Posterior_UB","prob"
-0.126176117520476,0.0747124807758215,-0.323677986340845,0.105079786631619,0.850901176606356
