"Posterior_Mean","Posterior_SD","Posterior_LB","Posterior_UB","prob"
0.0540052421126413,0.0977629727433864,-0.137424779778594,0.243997243383819,0.295289010565065
