"Posterior_Mean","Posterior_SD","Posterior_LB","Posterior_UB","prob"
-0.079786581137103,0.0707456318513766,-0.265845569240403,0.143966556169053,0.780903265978052
