"Posterior_Mean","Posterior_SD","Posterior_LB","Posterior_UB","prob"
0.0925005016268764,0.0950056150053223,-0.0984952655628969,0.2816389820745,0.165369659552695
