"Posterior_Mean","Posterior_SD","Posterior_LB","Posterior_UB","prob"
-0.0513363016820165,0.0904954948547032,-0.292353070490417,0.18781733454718,0.634667817626854
