"Posterior_Mean","Posterior_SD","Posterior_LB","Posterior_UB","prob"
0.0171460261956136,0.0963849623484772,-0.216605032481174,0.249363614688072,0.445522619439306
