"Posterior_Mean","Posterior_SD","Posterior_LB","Posterior_UB","prob"
-0.188852795297514,0.0596926546151281,-0.325358799932248,-0.0223178778795068,0.983035437780077
