"Posterior_Mean","Posterior_SD","Posterior_LB","Posterior_UB","prob"
-0.148793801548892,0.0618965469562821,-0.276648564531876,0.0141140483860326,0.966034735945851
