"Posterior_Mean","Posterior_SD","Posterior_LB","Posterior_UB","prob"
-0.0500310111075295,0.102349835629244,-0.253843249888882,0.149099038224251,0.685801075051919
