"Posterior_Mean","Posterior_SD","Posterior_LB","Posterior_UB","prob"
0.0118824417912678,0.0917464759854153,-0.179594330757664,0.225985883285773,0.471057166005066
