"Posterior_Mean","Posterior_SD","Posterior_LB","Posterior_UB","prob"
-0.0476374371549639,0.0894800445175305,-0.289810238102758,0.227126721952952,0.6364057144059
