"Posterior_Mean","Posterior_SD","Posterior_LB","Posterior_UB","prob"
-0.16855478456678,0.075137727005774,-0.314913512723658,-0.0110175224364061,0.981309416574231
