"Posterior_Mean","Posterior_SD","Posterior_LB","Posterior_UB","prob"
-0.179474936038002,0.0794433715726145,-0.390868876811441,-0.00862090112350464,0.979200347677319
