"Posterior_Mean","Posterior_SD","Posterior_LB","Posterior_UB","prob"
-0.0601430690904666,0.0688884380065399,-0.251154958563421,0.0965195391448537,0.770331850499877
