"Posterior_Mean","Posterior_SD","Posterior_LB","Posterior_UB","prob"
-0.141718185654743,0.0868219080283731,-0.370690808724869,0.121903743525708,0.82777433651798
