"Posterior_Mean","Posterior_SD","Posterior_LB","Posterior_UB","prob"
-0.0298146119806369,0.0801760460708181,-0.214287195073776,0.21574298959523,0.652054811620603
