"Posterior_Mean","Posterior_SD","Posterior_LB","Posterior_UB","prob"
-0.0983722436680269,0.0813639368610573,-0.26798325639143,0.110060299204153,0.858984518975354
