"Posterior_Mean","Posterior_SD","Posterior_LB","Posterior_UB","prob"
-0.0580924174080476,0.0740629443220632,-0.266690349903467,0.262435429808918,0.653251024439828
