"Posterior_Mean","Posterior_SD","Posterior_LB","Posterior_UB","prob"
0.0311325751355316,0.0868377591520178,-0.13897126769345,0.232068988947143,0.387876520503994
