"Posterior_Mean","Posterior_SD","Posterior_LB","Posterior_UB","prob"
0.0216534234150156,0.0800920140956269,-0.144369379866708,0.256486504442919,0.450840995993485
