"Posterior_Mean","Posterior_SD","Posterior_LB","Posterior_UB","prob"
-0.0246324313567555,0.207948047550702,-0.442766291607584,0.428986635855336,0.556413029491215
