"Posterior_Mean","Posterior_SD","Posterior_LB","Posterior_UB","prob"
0.673681421897529,0.237639194920067,0.212468581589592,1.15624339924924,0.00256885454616984
