"Posterior_Mean","Posterior_SD","Posterior_LB","Posterior_UB","prob"
-0.126825667959725,0.188498888836824,-0.515345363765045,0.262184395843411,0.746399090132887
