"Posterior_Mean","Posterior_SD","Posterior_LB","Posterior_UB","prob"
-0.0302572296218865,0.20456926943355,-0.455499488142476,0.396162855917815,0.557245397844625
