"Posterior_Mean","Posterior_SD","Posterior_LB","Posterior_UB","prob"
-0.0604932803654552,0.195348099530708,-0.441912690980475,0.391287082184426,0.637502418851072
