"Posterior_Mean","Posterior_SD","Posterior_LB","Posterior_UB","prob"
-0.0058783784887465,0.217682858913735,-0.45089208985816,0.449774374659512,0.519983585703305
