"Posterior_Mean","Posterior_SD","Posterior_LB","Posterior_UB","prob"
-0.233076007500091,0.22705091043741,-0.681736426224548,0.20987456215887,0.849939730524715
