"Posterior_Mean","Posterior_SD","Posterior_LB","Posterior_UB","prob"
-0.331306308944837,0.237072209127578,-0.79829820940416,0.14144672597059,0.914408023517168
