"Posterior_Mean","Posterior_SD","Posterior_LB","Posterior_UB","prob"
0.00708455932330234,0.229326000228089,-0.454846734294724,0.490996882549309,0.505810035516431
