"Posterior_Mean","Posterior_SD","Posterior_LB","Posterior_UB","prob"
-0.105859288536539,0.223344973843198,-0.575104177550321,0.327920360916034,0.682903732456336
