"Posterior_Mean","Posterior_SD","Posterior_LB","Posterior_UB","prob"
0.0972862507666532,0.191500761124684,-0.307899767944537,0.501803168606381,0.307863789969002
