"Posterior_Mean","Posterior_SD","Posterior_LB","Posterior_UB","prob"
0.094336452932987,0.247978682622947,-0.383418483696284,0.60344309216661,0.358777674719094
