"Posterior_Mean","Posterior_SD","Posterior_LB","Posterior_UB","prob"
0.540640692190387,0.23134799418327,0.0667258639370529,1.01722444747118,0.0135382494224586
