"Posterior_Mean","Posterior_SD","Posterior_LB","Posterior_UB","prob"
0.236539475334602,0.177895016431754,-0.114588718161623,0.637737687424272,0.0932659017835852
