"Posterior_Mean","Posterior_SD","Posterior_LB","Posterior_UB","prob"
-0.107946370747209,0.203363866433078,-0.506140623106397,0.306606710607797,0.699137340807406
