"Posterior_Mean","Posterior_SD","Posterior_LB","Posterior_UB","prob"
0.451398563285467,0.214088152758353,0.00584456443041403,0.901838609987607,0.0236714803324737
