"Posterior_Mean","Posterior_SD","Posterior_LB","Posterior_UB","prob"
-0.241513717136185,0.205214969237986,-0.710962823746684,0.171881785192929,0.863629749835405
