"Posterior_Mean","Posterior_SD","Posterior_LB","Posterior_UB","prob"
-0.269822047279848,0.0752362629846987,-0.42902133837237,-0.089864410120578,0.995707091407427
