"Posterior_Mean","Posterior_SD","Posterior_LB","Posterior_UB","prob"
-0.264662846656818,0.0883734046954921,-0.467262542892728,-0.082658648134573,0.997330903601541
