"Posterior_Mean","Posterior_SD","Posterior_LB","Posterior_UB","prob"
-0.220334455091572,0.0679789068423984,-0.361812666762956,-0.0912514261324737,0.999537959227078
