"Posterior_Mean","Posterior_SD","Posterior_LB","Posterior_UB","prob"
-0.256147917631334,0.069838887542914,-0.395662033689718,-0.113464835731913,0.999502785344953
