"Posterior_Mean","Posterior_SD","Posterior_LB","Posterior_UB","prob"
-0.308410555570456,0.0742680075865093,-0.464299952530884,-0.164588141072146,0.99991896162744
