"Posterior_Mean","Posterior_SD","Posterior_LB","Posterior_UB","prob"
-0.165410394468937,0.0685250409635546,-0.307820732041042,-0.00902741212085682,0.980815781247896
