"Posterior_Mean","Posterior_SD","Posterior_LB","Posterior_UB","prob"
-0.103353903613912,0.0799155496264588,-0.276383239033168,0.0577742460913465,0.898853152908241
