"Posterior_Mean","Posterior_SD","Posterior_LB","Posterior_UB","prob"
-0.169022392178252,0.0744532533866288,-0.321445286192882,0.00749255012534888,0.971308651633593
