"Posterior_Mean","Posterior_SD","Posterior_LB","Posterior_UB","prob"
-0.248820115745101,0.0707976779100484,-0.404167997006475,-0.08853634039978,0.998453286031722
