"Posterior_Mean","Posterior_SD","Posterior_LB","Posterior_UB","prob"
-0.214319021526192,0.0712719165343221,-0.374951411236255,-0.0516859156670833,0.993323616582845
