"Posterior_Mean","Posterior_SD","Posterior_LB","Posterior_UB","prob"
-0.148389270669014,0.0694296949343013,-0.284831330233591,0.00114588282950917,0.972490978526031
