"Posterior_Mean","Posterior_SD","Posterior_LB","Posterior_UB","prob"
-0.251581701606686,0.0718943935377792,-0.408772293524576,-0.108277970133525,0.999348393777853
