"Posterior_Mean","Posterior_SD","Posterior_LB","Posterior_UB","prob"
-0.203456306446526,0.0843409335849983,-0.376139804230828,-0.0341424555340039,0.987361443427629
