"Posterior_Mean","Posterior_SD","Posterior_LB","Posterior_UB","prob"
-0.20462726692878,0.0820967977339244,-0.392289550970734,-0.0389650290434802,0.992008987982081
