"Posterior_Mean","Posterior_SD","Posterior_LB","Posterior_UB","prob"
-0.1610686507871,0.0803738295222792,-0.328992490189847,0.0138013973255162,0.966893165593828
