"Posterior_Mean","Posterior_SD","Posterior_LB","Posterior_UB","prob"
-0.145462265877267,0.0734439059884306,-0.293424300024457,0.0154236904235399,0.965527696149055
