"Posterior_Mean","Posterior_SD","Posterior_LB","Posterior_UB","prob"
-0.322005172455783,0.0741794675679378,-0.499020690105687,-0.151977782807284,0.99987572067109
