"Posterior_Mean","Posterior_SD","Posterior_LB","Posterior_UB","prob"
-0.261376284200231,0.0762930029929312,-0.424897693111555,-0.11159998365078,0.999323311104285
