"Posterior_Mean","Posterior_SD","Posterior_LB","Posterior_UB","prob"
-0.229694300549136,0.075163277579589,-0.388180815625858,-0.0816456675689183,0.998196365579364
