"Posterior_Mean","Posterior_SD","Posterior_LB","Posterior_UB","prob"
-0.172244159661637,0.0712763426456526,-0.331738046616733,0.00179205744219041,0.974009221434495
