"Posterior_Mean","Posterior_SD","Posterior_LB","Posterior_UB","prob"
-0.120588385050952,0.0881211869071909,-0.327058660013457,0.169441343457401,0.84519284900171
