"Posterior_Mean","Posterior_SD","Posterior_LB","Posterior_UB","prob"
-0.459870266517874,0.0943383997195299,-0.707494819647593,-0.196847842015841,0.99982656364692
