"Posterior_Mean","Posterior_SD","Posterior_LB","Posterior_UB","prob"
-0.152930433590953,0.0705221124003768,-0.298143869662537,-0.0162680416539957,0.983927790007749
