"Posterior_Mean","Posterior_SD","Posterior_LB","Posterior_UB","prob"
-0.380182087142284,0.0660276140119677,-0.512449572864673,-0.247913452979862,0.999992694664913
