"Posterior_Mean","Posterior_SD","Posterior_LB","Posterior_UB","prob"
0.0150028124657276,0.100563247404839,-0.177877961568428,0.249839152967113,0.471590257296171
