"Posterior_Mean","Posterior_SD","Posterior_LB","Posterior_UB","prob"
-0.0324232158348011,0.117379517645644,-0.264040896273772,0.196786266534158,0.606840376221036
