"Posterior_Mean","Posterior_SD","Posterior_LB","Posterior_UB","prob"
-0.0183595084855224,0.112482814103189,-0.230564039500013,0.206614747645999,0.563362156185517
