"Posterior_Mean","Posterior_SD","Posterior_LB","Posterior_UB","prob"
0.0180377987081634,0.118586917297057,-0.213155445527622,0.252535253570398,0.441666666666667
