"Posterior_Mean","Posterior_SD","Posterior_LB","Posterior_UB","prob"
-0.135033886252433,0.114279304832862,-0.363630196672031,0.0838453090320592,0.88077129132176
