"Posterior_Mean","Posterior_SD","Posterior_LB","Posterior_UB","prob"
-0.235971189751161,0.0613519827995897,-0.377644976213998,-0.00700160350147627,0.977812603906343
