"Posterior_Mean","Posterior_SD","Posterior_LB","Posterior_UB","prob"
-0.265510945980981,0.0589779028032146,-0.385396173829801,-0.134679144997247,0.999974978965885
