"Posterior_Mean","Posterior_SD","Posterior_LB","Posterior_UB","prob"
-0.164404565658958,0.0767738113173608,-0.323868071698462,0.016563129666744,0.96610309292621
