"Posterior_Mean","Posterior_SD","Posterior_LB","Posterior_UB","prob"
-0.107011319398296,0.0758595447337384,-0.260650844171519,0.109660811784842,0.891146019831504
