"Posterior_Mean","Posterior_SD","Posterior_LB","Posterior_UB","prob"
-0.0174238023312154,0.105715191695632,-0.236967178145877,0.20712590085202,0.565240180617589
