"Posterior_Mean","Posterior_SD","Posterior_LB","Posterior_UB","prob"
-0.176419680570194,0.0835297035093818,-0.340620283823353,-0.0106968610479938,0.982684351322895
