"Posterior_Mean","Posterior_SD","Posterior_LB","Posterior_UB","prob"
-0.168009614912633,0.0851703513621578,-0.335270280653615,0.0254699811191546,0.959393897536329
