"Posterior_Mean","Posterior_SD","Posterior_LB","Posterior_UB","prob"
-0.132554297654461,0.0650515697728885,-0.258671457264193,0.0032962667739379,0.973449046371282
