"Posterior_Mean","Posterior_SD","Posterior_LB","Posterior_UB","prob"
-0.094619253976787,0.0948937508682346,-0.28087988021907,0.150360468853605,0.818817451557338
