"Posterior_Mean","Posterior_SD","Posterior_LB","Posterior_UB","prob"
-0.118004084871545,0.096534658387554,-0.342010588372396,0.159038251037863,0.801431063734246
