"Posterior_Mean","Posterior_SD","Posterior_LB","Posterior_UB","prob"
-0.176276165242023,0.104334911622743,-0.395049727280574,0.0314449258411551,0.952336474949815
