"Posterior_Mean","Posterior_SD","Posterior_LB","Posterior_UB","prob"
-0.246172993285461,0.0622808515660995,-0.374857305081992,-0.0830058873340793,0.995669462773678
