"Posterior_Mean","Posterior_SD","Posterior_LB","Posterior_UB","prob"
0.0688481635248047,0.117041385649882,-0.156261291415111,0.304562906766972,0.275
