"Posterior_Mean","Posterior_SD","Posterior_LB","Posterior_UB","prob"
-0.113621775934024,0.0657340178386952,-0.243118578411444,0.0161496994106734,0.955502017922416
