"Posterior_Mean","Posterior_SD","Posterior_LB","Posterior_UB","prob"
-0.164468520868255,0.0924657358435729,-0.349857596755892,0.0225524259167045,0.958365102995629
