"Posterior_Mean","Posterior_SD","Posterior_LB","Posterior_UB","prob"
-0.172959828302347,0.0689494990771469,-0.309379949617672,-0.0263601241249569,0.988106094253002
