"Posterior_Mean","Posterior_SD","Posterior_LB","Posterior_UB","prob"
-0.00969875445120919,0.114326631995296,-0.229521389701048,0.225255471156866,0.542697537555468
