"Posterior_Mean","Posterior_SD","Posterior_LB","Posterior_UB","prob"
-0.151709921303595,0.0840181923246071,-0.315000169229541,0.0201876136501168,0.95742393057614
