"Posterior_Mean","Posterior_SD","Posterior_LB","Posterior_UB","prob"
0.0584357658028578,0.118359815562567,-0.173573694073913,0.290885647894105,0.314166666666667
