"Posterior_Mean","Posterior_SD","Posterior_LB","Posterior_UB","prob"
-0.00457719944690802,0.113579120340613,-0.226684961521719,0.227862630885407,0.513692220824419
