"Posterior_Mean","Posterior_SD","Posterior_LB","Posterior_UB","prob"
0.178472355967526,0.117240774939352,-0.0491383154077001,0.40398438614402,0.0624174958304817
