"Posterior_Mean","Posterior_SD","Posterior_LB","Posterior_UB","prob"
-0.137566099765465,0.0892821882338032,-0.314712117625258,0.0534121519191202,0.92754378884202
