"Posterior_Mean","Posterior_SD","Posterior_LB","Posterior_UB","prob"
-0.23495756209162,0.0703037479217536,-0.381901573252492,-0.036176221284001,0.983789093657971
