"Posterior_Mean","Posterior_SD","Posterior_LB","Posterior_UB","prob"
-0.220327941677702,0.0713249592619605,-0.360565584800466,-0.0635612081864481,0.991787085568965
