"Posterior_Mean","Posterior_SD","Posterior_LB","Posterior_UB","prob"
-0.088074943068785,0.0735314100250794,-0.250288237258128,0.10210091829867,0.846706952020564
