"Posterior_Mean","Posterior_SD","Posterior_LB","Posterior_UB","prob"
-0.230117059668272,0.0693216498844473,-0.363935795340984,-0.0940493856318244,0.999395345349085
