"Posterior_Mean","Posterior_SD","Posterior_LB","Posterior_UB","prob"
-0.0749576032142534,0.110810650043239,-0.309692226111051,0.147965429726684,0.747190676843843
