"Posterior_Mean","Posterior_SD","Posterior_LB","Posterior_UB","prob"
-0.264635542960963,0.0683694125802873,-0.39740064859865,-0.125926828179036,0.999178104106549
