"Posterior_Mean","Posterior_SD","Posterior_LB","Posterior_UB","prob"
-0.227334295206396,0.0661740648834385,-0.368270637176549,-0.035284607425411,0.984997232258758
