"Posterior_Mean","Posterior_SD","Posterior_LB","Posterior_UB","prob"
0.0632085289153198,0.0991280003216511,-0.151985809096556,0.335224440853453,0.342485230732715
