"Posterior_Mean","Posterior_SD","Posterior_LB","Posterior_UB","prob"
-0.205245481804465,0.0680152109269386,-0.339343351114485,-0.0571730476295698,0.992833302373126
