"Posterior_Mean","Posterior_SD","Posterior_LB","Posterior_UB","prob"
0.0334334169076362,0.112909140403064,-0.191625740479335,0.264016862263076,0.392690382581917
