"Posterior_Mean","Posterior_SD","Posterior_LB","Posterior_UB","prob"
-0.142177697697962,0.0715949190529479,-0.332606060465296,0.158426960288467,0.846552741840115
