"Posterior_Mean","Posterior_SD","Posterior_LB","Posterior_UB","prob"
-0.0474982271257332,0.0742522307158899,-0.191868795504843,0.111088422125012,0.748775423255568
