"Posterior_Mean","Posterior_SD","Posterior_LB","Posterior_UB","prob"
0.142945628203258,0.114957743063041,-0.080237353525553,0.366132738336226,0.106333333333333
