"Posterior_Mean","Posterior_SD","Posterior_LB","Posterior_UB","prob"
0.0483842368360944,0.12038421966616,-0.189888544421374,0.289465160859376,0.3445
