"Posterior_Mean","Posterior_SD","Posterior_LB","Posterior_UB","prob"
-0.128584239075577,0.11585501645697,-0.362420900813429,0.125004306146967,0.865885403977827
