"Posterior_Mean","Posterior_SD","Posterior_LB","Posterior_UB","prob"
-0.182841392815127,0.076880186414808,-0.358494762665941,-0.00986009940996133,0.979025303597231
