"Posterior_Mean","Posterior_SD","Posterior_LB","Posterior_UB","prob"
0.174764556824837,0.115868586638051,-0.051025125836306,0.40432960653516,0.0657585091782838
