"Posterior_Mean","Posterior_SD","Posterior_LB","Posterior_UB","prob"
-0.0140057770788694,0.121384235145392,-0.252070513215551,0.222883184055498,0.543833333333333
