"Posterior_Mean","Posterior_SD","Posterior_LB","Posterior_UB","prob"
0.218788502042495,0.117022719222051,-0.0113645572178546,0.454426840417434,0.0315860289645302
