"Posterior_Mean","Posterior_SD","Posterior_LB","Posterior_UB","prob"
-0.231548400306859,0.0567917364811359,-0.341464546202187,-0.117367760337285,0.999769377963347
