"Posterior_Mean","Posterior_SD","Posterior_LB","Posterior_UB","prob"
-0.0856243404323152,0.115120578358775,-0.304673988417464,0.141803037452915,0.763593194829469
