"Posterior_Mean","Posterior_SD","Posterior_LB","Posterior_UB","prob"
-0.131019497674421,0.0757066530119499,-0.287006349321493,0.0584226227398556,0.922490855074905
