"Posterior_Mean","Posterior_SD","Posterior_LB","Posterior_UB","prob"
0.0539447157529163,0.116114663867404,-0.171015766682284,0.279078199410297,0.322333333333333
