"Posterior_Mean","Posterior_SD","Posterior_LB","Posterior_UB","prob"
-0.170387802206291,0.0732098939898455,-0.325267927334932,0.0861245076732934,0.939652463636089
