"Posterior_Mean","Posterior_SD","Posterior_LB","Posterior_UB","prob"
-0.118483205736547,0.0739685920051622,-0.272469300980866,0.168204533460817,0.895605845248341
