"Posterior_Mean","Posterior_SD","Posterior_LB","Posterior_UB","prob"
0.0584258050367046,0.114434911229057,-0.159727657467315,0.283343475696584,0.31695655020933
