"Posterior_Mean","Posterior_SD","Posterior_LB","Posterior_UB","prob"
-0.191374308257637,0.070386694920106,-0.33271454589705,-0.0444733502924488,0.993348400761149
