"Posterior_Mean","Posterior_SD","Posterior_LB","Posterior_UB","prob"
-0.227285690998541,0.0661163832943069,-0.374641957610857,-0.0557572447435526,0.9917288135146
