"Posterior_Mean","Posterior_SD","Posterior_LB","Posterior_UB","prob"
0.0500381739070017,0.102304133495199,-0.166391647110709,0.293234890124874,0.355831232434037
