"Posterior_Mean","Posterior_SD","Posterior_LB","Posterior_UB","prob"
-0.13710371059389,0.0825115659633334,-0.305807964231471,0.0388148134010483,0.944120109843067
