"Posterior_Mean","Posterior_SD","Posterior_LB","Posterior_UB","prob"
0.101034909087634,0.118240799889911,-0.130765923734624,0.335494500288316,0.193056217363768
