"Posterior_Mean","Posterior_SD","Posterior_LB","Posterior_UB","prob"
-0.107397625133731,0.105253244680156,-0.317533576079015,0.10984591474218,0.83712836790681
