"Posterior_Mean","Posterior_SD","Posterior_LB","Posterior_UB","prob"
-0.0218402606179603,0.100793487280599,-0.265729599058192,0.197033019524905,0.571021968055463
