"Posterior_Mean","Posterior_SD","Posterior_LB","Posterior_UB","prob"
-0.0881517428553297,0.0849296447642676,-0.255861995527728,0.111523292176734,0.846395319959294
