"Posterior_Mean","Posterior_SD","Posterior_LB","Posterior_UB","prob"
0.062177598756233,0.114556074471334,-0.166375371261311,0.283191467181574,0.288333333333333
