"Posterior_Mean","Posterior_SD","Posterior_LB","Posterior_UB","prob"
0.0469790755949997,0.115960829118183,-0.180411070885535,0.274868111788319,0.344166666666667
