"Posterior_Mean","Posterior_SD","Posterior_LB","Posterior_UB","prob"
-0.042566555361624,0.100884964635938,-0.24071982771698,0.179544111363633,0.668827244366309
