"Posterior_Mean","Posterior_SD","Posterior_LB","Posterior_UB","prob"
-0.175934477018711,0.0661455164917181,-0.307263065704083,-0.0398277560524492,0.993043625894943
