"Posterior_Mean","Posterior_SD","Posterior_LB","Posterior_UB","prob"
-0.151824400946765,0.094754230766349,-0.379997160591044,0.104712729832677,0.880585927281771
