"Posterior_Mean","Posterior_SD","Posterior_LB","Posterior_UB","prob"
0.0854649312989465,0.118799388949686,-0.155056680365925,0.316983617563745,0.24415837663986
