"Posterior_Mean","Posterior_SD","Posterior_LB","Posterior_UB","prob"
-0.00466469682933074,0.114629758609528,-0.272644571113454,0.248743464891012,0.501357656149092
