"Posterior_Mean","Posterior_SD","Posterior_LB","Posterior_UB","prob"
-0.178693859584159,0.109436978854307,-0.40723585511549,0.0392336246918631,0.948516260973613
