"Posterior_Mean","Posterior_SD","Posterior_LB","Posterior_UB","prob"
0.00480990754960293,0.0974800185083176,-0.186076815267461,0.225939865652348,0.49565413592155
