"Posterior_Mean","Posterior_SD","Posterior_LB","Posterior_UB","prob"
-0.127590640565746,0.0860545068891346,-0.305313507805666,0.12446916208142,0.856596016033073
