"Posterior_Mean","Posterior_SD","Posterior_LB","Posterior_UB","prob"
0.02391102074647,0.114202295834573,-0.201433208370913,0.250095760642378,0.412666666666667
