"Posterior_Mean","Posterior_SD","Posterior_LB","Posterior_UB","prob"
-0.183969031013457,0.116240320558859,-0.41102538567003,0.0435705732822021,0.945666666666667
