"Posterior_Mean","Posterior_SD","Posterior_LB","Posterior_UB","prob"
0.227541818234966,0.118488544436082,-0.0106519580014099,0.460111288842407,0.0298333333333333
