"Posterior_Mean","Posterior_SD","Posterior_LB","Posterior_UB","prob"
-0.0291353044244645,0.118684929031266,-0.259648122812531,0.197703142252655,0.588348691528204
