"Posterior_Mean","Posterior_SD","Posterior_LB","Posterior_UB","prob"
-0.163716114100676,0.0795745112121603,-0.333321199827102,0.0350472134914166,0.955749928409526
