"Posterior_Mean","Posterior_SD","Posterior_LB","Posterior_UB","prob"
0.272263682477007,0.119262057330909,0.0498615111299821,0.510086019627838,0.00862714605605214
