"Posterior_Mean","Posterior_SD","Posterior_LB","Posterior_UB","prob"
-0.0751913745662969,0.10009842937226,-0.316615067782011,0.195198422000548,0.69723695195237
