"Posterior_Mean","Posterior_SD","Posterior_LB","Posterior_UB","prob"
-0.0159552549368314,0.0923694527491989,-0.19902846706139,0.216282143837971,0.597191349165498
