"Posterior_Mean","Posterior_SD","Posterior_LB","Posterior_UB","prob"
0.21006576128056,0.115993582131909,-0.0252795778615056,0.443881775435227,0.0389418739828653
