"Posterior_Mean","Posterior_SD","Posterior_LB","Posterior_UB","prob"
0.083757206646926,0.114364851382446,-0.143465943501974,0.303035348445632,0.233833333333333
