"Posterior_Mean","Posterior_SD","Posterior_LB","Posterior_UB","prob"
-0.151700439861238,0.0688794944542098,-0.288091536703413,0.00417381748061379,0.971613068862714
