"Posterior_Mean","Posterior_SD","Posterior_LB","Posterior_UB","prob"
-0.185871830620852,0.114737475239486,-0.410586683293458,0.0375206737777695,0.946833333333333
