"Posterior_Mean","Posterior_SD","Posterior_LB","Posterior_UB","prob"
-0.0531318404528151,0.0690506016176503,-0.187135660092884,0.0894598697853039,0.782324642740428
