"Posterior_Mean","Posterior_SD","Posterior_LB","Posterior_UB","prob"
-0.0862166244950813,0.0848071098976432,-0.255400875739691,0.0855954957194164,0.853826899329007
