"Posterior_Mean","Posterior_SD","Posterior_LB","Posterior_UB","prob"
0.0591950489718256,0.115028810600609,-0.168405390729043,0.296135725882167,0.3045
