"Posterior_Mean","Posterior_SD","Posterior_LB","Posterior_UB","prob"
-0.190414121706671,0.0874411930766939,-0.365742267566047,-0.0139816227518722,0.983477131985154
