"Posterior_Mean","Posterior_SD","Posterior_LB","Posterior_UB","prob"
-0.00425803024753765,0.0857862736220969,-0.178289389042157,0.165989846833864,0.519365636566756
