"Posterior_Mean","Posterior_SD","Posterior_LB","Posterior_UB","prob"
-0.0307782607567147,0.119271174782175,-0.265571845455961,0.199970668376369,0.602166666666667
