"Posterior_Mean","Posterior_SD","Posterior_LB","Posterior_UB","prob"
-0.119740484296733,0.118871828009342,-0.360307146884575,0.121666019804106,0.826767988691026
