"Posterior_Mean","Posterior_SD","Posterior_LB","Posterior_UB","prob"
-0.00569306712060431,0.117725227771995,-0.23624079950863,0.218191284130638,0.493176606749679
