"Posterior_Mean","Posterior_SD","Posterior_LB","Posterior_UB","prob"
-0.0324329888342699,0.0867033325810925,-0.229213049403415,0.201573765018396,0.64555863020636
