"Posterior_Mean","Posterior_SD","Posterior_LB","Posterior_UB","prob"
-0.0158688951642266,0.116683044832576,-0.241215114070665,0.206747507764432,0.548833333333333
