"Posterior_Mean","Posterior_SD","Posterior_LB","Posterior_UB","prob"
-0.219507904031942,0.119082218306127,-0.448900254573213,0.012831060011168,0.969833333333333
