"Posterior_Mean","Posterior_SD","Posterior_LB","Posterior_UB","prob"
-0.171004156324836,0.063223284258463,-0.299253967611601,-0.0413687819966064,0.992287010327383
