"Posterior_Mean","Posterior_SD","Posterior_LB","Posterior_UB","prob"
-0.129645218095455,0.0884450655061974,-0.301333826642846,0.0555075925704621,0.924875151304397
