"Posterior_Mean","Posterior_SD","Posterior_LB","Posterior_UB","prob"
0.102484429218004,0.114241816118075,-0.131524922863014,0.335937358410556,0.183023245763176
