"Posterior_Mean","Posterior_SD","Posterior_LB","Posterior_UB","prob"
-0.0995210127821269,0.11302815982981,-0.351641560400432,0.136305734252921,0.7845174234006
