"Posterior_Mean","Posterior_SD","Posterior_LB","Posterior_UB","prob"
0.0741522882257373,0.12115465592748,-0.158736279097447,0.309380645511915,0.274166666666667
