"Posterior_Mean","Posterior_SD","Posterior_LB","Posterior_UB","prob"
0.0355714036627323,0.0971288270968142,-0.232049830264869,0.336939077685013,0.446716503140988
