"Posterior_Mean","Posterior_SD","Posterior_LB","Posterior_UB","prob"
-0.179978812928405,0.0723394873632267,-0.337439712099714,-0.00517791206761833,0.978261673934453
