"Posterior_Mean","Posterior_SD","Posterior_LB","Posterior_UB","prob"
-0.0350271781483969,0.114289933474024,-0.256293313030288,0.188154620667793,0.625166666666667
