"Posterior_Mean","Posterior_SD","Posterior_LB","Posterior_UB","prob"
0.0438139451654133,0.110531774644088,-0.191215637235781,0.260784293846235,0.335616597694505
