"Posterior_Mean","Posterior_SD","Posterior_LB","Posterior_UB","prob"
-0.216549862140486,0.0682761687036888,-0.375309318081078,-0.0151327619786712,0.98006257022626
