"Posterior_Mean","Posterior_SD","Posterior_LB","Posterior_UB","prob"
0.182156183978361,0.113981817636994,-0.0430853247414909,0.399330211852369,0.0580017251441587
