"Posterior_Mean","Posterior_SD","Posterior_LB","Posterior_UB","prob"
-0.0670338613396688,0.108957031947937,-0.296509464851533,0.17294494333767,0.697035017558556
