"Posterior_Mean","Posterior_SD","Posterior_LB","Posterior_UB","prob"
0.0949603223839771,0.107302095775892,-0.110225741403578,0.333606378297022,0.195119020115893
