"Posterior_Mean","Posterior_SD","Posterior_LB","Posterior_UB","prob"
0.0805508378255461,0.115242366244605,-0.156254904192555,0.312662633948162,0.245595312245846
