"Posterior_Mean","Posterior_SD","Posterior_LB","Posterior_UB","prob"
0.13103029471969,0.0848399766931897,-0.0315825431650144,0.308458523873539,0.0619843771294664
