"Posterior_Mean","Posterior_SD","Posterior_LB","Posterior_UB","prob"
-0.0655253379875507,0.0858014835759347,-0.236061946266883,0.110906836611221,0.782315301689208
