"Posterior_Mean","Posterior_SD","Posterior_LB","Posterior_UB","prob"
-0.128398500060586,0.111424338847846,-0.353165490725396,0.103392295598899,0.85200570780077
