"Posterior_Mean","Posterior_SD","Posterior_LB","Posterior_UB","prob"
-0.0876237999360431,0.084952912457788,-0.283860581105643,0.180601477078783,0.790870770267986
