"Posterior_Mean","Posterior_SD","Posterior_LB","Posterior_UB","prob"
-0.0110583400865974,0.0977882143547859,-0.274986936341993,0.265532712207377,0.52967700807814
