"Posterior_Mean","Posterior_SD","Posterior_LB","Posterior_UB","prob"
0.0122484035789641,0.118472285398367,-0.214099522296968,0.239519324318394,0.459666666666667
