"Posterior_Mean","Posterior_SD","Posterior_LB","Posterior_UB","prob"
-0.114190337156145,0.0855242114308494,-0.282183214228337,0.0794695178261558,0.89575057624153
