"Posterior_Mean","Posterior_SD","Posterior_LB","Posterior_UB","prob"
0.256034634253677,0.115345881395292,0.0347899987448793,0.480426792831989,0.0125
