"Posterior_Mean","Posterior_SD","Posterior_LB","Posterior_UB","prob"
0.026923890266637,0.113914118177959,-0.200988823112249,0.24679669595429,0.407330399198707
