"Posterior_Mean","Posterior_SD","Posterior_LB","Posterior_UB","prob"
-0.0359279665087751,0.0843939876196912,-0.247355485714461,0.251605607329907,0.656842560038436
