"Posterior_Mean","Posterior_SD","Posterior_LB","Posterior_UB","prob"
-0.0413794106672041,0.120629332856506,-0.27269552818201,0.190413410934042,0.632333333333333
