"Posterior_Mean","Posterior_SD","Posterior_LB","Posterior_UB","prob"
0.0263975293003854,0.0899844976524961,-0.163925305344829,0.296418617101728,0.450716142943885
