"Posterior_Mean","Posterior_SD","Posterior_LB","Posterior_UB","prob"
-0.249643801601148,0.0602828166069787,-0.373989304328791,-0.111956338164788,0.998275436992523
