"Posterior_Mean","Posterior_SD","Posterior_LB","Posterior_UB","prob"
-0.139928059898445,0.0904969744108436,-0.337347984270445,0.129203545631524,0.877236234981372
