"Posterior_Mean","Posterior_SD","Posterior_LB","Posterior_UB","prob"
-0.284508971715321,0.0588309680580228,-0.404418701908916,-0.162185435461131,0.999905748635498
