"Posterior_Mean","Posterior_SD","Posterior_LB","Posterior_UB","prob"
0.0911478530372269,0.118299640303843,-0.142104478340232,0.316451031005234,0.222333333333333
