"Posterior_Mean","Posterior_SD","Posterior_LB","Posterior_UB","prob"
-0.118508678260993,0.0894222321283865,-0.322182438374607,0.130808011788175,0.846336492562248
