"Posterior_Mean","Posterior_SD","Posterior_LB","Posterior_UB","prob"
0.101987591857842,0.116282184419377,-0.127137780125439,0.334575330764724,0.186833333333333
