"Posterior_Mean","Posterior_SD","Posterior_LB","Posterior_UB","prob"
0.117472602267581,0.0805923628933527,-0.0581947446048362,0.290855607981342,0.0903921256423965
