"Posterior_Mean","Posterior_SD","Posterior_LB","Posterior_UB","prob"
0.00647438473827966,0.102614655880452,-0.201099835942135,0.256102921637544,0.510749028765634
