"Posterior_Mean","Posterior_SD","Posterior_LB","Posterior_UB","prob"
-0.145673338967968,0.096994845674168,-0.340517187544934,0.0548171502302663,0.928743821100572
