"Posterior_Mean","Posterior_SD","Posterior_LB","Posterior_UB","prob"
-0.125898891250925,0.108071410039622,-0.336144378723334,0.0945542271415253,0.8788477710098
