"Posterior_Mean","Posterior_SD","Posterior_LB","Posterior_UB","prob"
-0.0112714591157813,0.115222138051351,-0.240009710188619,0.213298961904209,0.5455
