"Posterior_Mean","Posterior_SD","Posterior_LB","Posterior_UB","prob"
0.109928120522144,0.117162974072646,-0.118366007738054,0.337505956482563,0.177333333333333
