"Posterior_Mean","Posterior_SD","Posterior_LB","Posterior_UB","prob"
0.0317384539508511,0.117793920136822,-0.202440868351595,0.264374580476054,0.38864606488899
