"Posterior_Mean","Posterior_SD","Posterior_LB","Posterior_UB","prob"
0.0995270768204122,0.0852926204295931,-0.0651545483312223,0.277649868360337,0.119610045480936
