"Posterior_Mean","Posterior_SD","Posterior_LB","Posterior_UB","prob"
0.0783607924474726,0.096438777952592,-0.1812050429321,0.372723765303016,0.345091166093066
