"Posterior_Mean","Posterior_SD","Posterior_LB","Posterior_UB","prob"
-0.0135272771632848,0.119614715542362,-0.251365462675736,0.219839357382291,0.547
