"Posterior_Mean","Posterior_SD","Posterior_LB","Posterior_UB","prob"
-0.0879834337788966,0.0741543291712958,-0.247467877319399,0.154746878950299,0.832720013249132
