"Posterior_Mean","Posterior_SD","Posterior_LB","Posterior_UB","prob"
-0.0836620081396595,0.0759500701424291,-0.241247646131451,0.160969749861235,0.843225573656344
