"Posterior_Mean","Posterior_SD","Posterior_LB","Posterior_UB","prob"
-0.277219341405257,0.0604406405656625,-0.400180515247084,-0.137191168956593,0.998441494540282
