"Posterior_Mean","Posterior_SD","Posterior_LB","Posterior_UB","prob"
0.036200964236161,0.116473914029837,-0.193324748642902,0.260308435803283,0.378477827858342
