"Posterior_Mean","Posterior_SD","Posterior_LB","Posterior_UB","prob"
-0.252264737420767,0.0818181131476378,-0.426274914816356,-0.064929255580335,0.995598496047263
