"Posterior_Mean","Posterior_SD","Posterior_LB","Posterior_UB","prob"
-0.135608414804799,0.0655130356027477,-0.264705749626143,-0.00735533540517476,0.979580057382717
