"Posterior_Mean","Posterior_SD","Posterior_LB","Posterior_UB","prob"
0.141598065368712,0.112323323226914,-0.0760364522889546,0.360583326337868,0.1055
