"Posterior_Mean","Posterior_SD","Posterior_LB","Posterior_UB","prob"
-0.00288175864635891,0.122559173501951,-0.248009890586579,0.239367720230648,0.50950178352683
