"Posterior_Mean","Posterior_SD","Posterior_LB","Posterior_UB","prob"
-0.107330193208398,0.093665638233864,-0.295139008902596,0.129336765716309,0.853465348304833
