"Posterior_Mean","Posterior_SD","Posterior_LB","Posterior_UB","prob"
-0.00083064869803572,0.115346195261436,-0.225970099385282,0.224878666528487,0.503333333333333
