"Posterior_Mean","Posterior_SD","Posterior_LB","Posterior_UB","prob"
-0.192546360825628,0.0710983277044883,-0.338658344936177,0.052395431925781,0.958765495228383
