"Posterior_Mean","Posterior_SD","Posterior_LB","Posterior_UB","prob"
-0.0243483209088605,0.114271079876283,-0.246998027623866,0.199138215822521,0.579133988717913
