"Posterior_Mean","Posterior_SD","Posterior_LB","Posterior_UB","prob"
0.180432918257261,0.1159926296657,-0.0477530896922017,0.403955186039492,0.0613333333333333
