"Posterior_Mean","Posterior_SD","Posterior_LB","Posterior_UB","prob"
-0.0884186114132948,0.0818597948444397,-0.274810076858369,0.20712656002739,0.79474172630268
