"Posterior_Mean","Posterior_SD","Posterior_LB","Posterior_UB","prob"
-0.142168702055939,0.0741754706955854,-0.29036930903326,0.0351833768503963,0.950530016472353
