"Posterior_Mean","Posterior_SD","Posterior_LB","Posterior_UB","prob"
-0.22740752412214,0.0908256998853595,-0.448006059754223,0.0794160195013425,0.928565705675695
