"Posterior_Mean","Posterior_SD","Posterior_LB","Posterior_UB","prob"
0.234457571424978,0.116532586203535,-0.0081625226643767,0.462123216696961,0.0270154319330333
