"Posterior_Mean","Posterior_SD","Posterior_LB","Posterior_UB","prob"
-0.206396981867998,0.0828954470829848,-0.388304072409569,-0.0177102891767138,0.982765687613894
