"Posterior_Mean","Posterior_SD","Posterior_LB","Posterior_UB","prob"
0.148527037534619,0.114591360005739,-0.0895522440209859,0.374431268953862,0.102755945421961
