"Posterior_Mean","Posterior_SD","Posterior_LB","Posterior_UB","prob"
0.127406506742777,0.112843545635659,-0.099211110169868,0.341804882659399,0.131226212160707
