"Posterior_Mean","Posterior_SD","Posterior_LB","Posterior_UB","prob"
-0.212356484293775,0.0732300096949902,-0.355969039208178,-0.0519107915850402,0.991159144973263
