"Posterior_Mean","Posterior_SD","Posterior_LB","Posterior_UB","prob"
-0.085925443824474,0.116743020745015,-0.318949102562923,0.145178910626563,0.774
