"Posterior_Mean","Posterior_SD","Posterior_LB","Posterior_UB","prob"
0.0934052484550882,0.117543315640633,-0.137108850003588,0.323260283829878,0.212333333333333
