"Posterior_Mean","Posterior_SD","Posterior_LB","Posterior_UB","prob"
-0.118322011156918,0.116486589517362,-0.343318684819536,0.111741300680346,0.840263591473435
