"Posterior_Mean","Posterior_SD","Posterior_LB","Posterior_UB","prob"
-0.0984452530392962,0.0931490898878667,-0.285096019425001,0.0910863693582233,0.857263468530079
