"Posterior_Mean","Posterior_SD","Posterior_LB","Posterior_UB","prob"
-0.03893952820629,0.110025430587181,-0.293325211842724,0.204264878108542,0.603061910275469
