"Posterior_Mean","Posterior_SD","Posterior_LB","Posterior_UB","prob"
0.0849059881145457,0.117432814812667,-0.14284414593377,0.313186319490545,0.240333333333333
