"Posterior_Mean","Posterior_SD","Posterior_LB","Posterior_UB","prob"
-0.19326350376191,0.0890766011821248,-0.391545688388444,0.0422857572655461,0.951071902601291
