"Posterior_Mean","Posterior_SD","Posterior_LB","Posterior_UB","prob"
0.0863224745301724,0.118919834249167,-0.145573228386178,0.323231060793988,0.237166666666667
