"Posterior_Mean","Posterior_SD","Posterior_LB","Posterior_UB","prob"
-0.000285003351059708,0.115033371710604,-0.231145225439803,0.226929312508295,0.504333333333333
