"Posterior_Mean","Posterior_SD","Posterior_LB","Posterior_UB","prob"
0.000504399817552539,0.114178902253723,-0.225403120049066,0.225520567045706,0.502166666666667
