"Posterior_Mean","Posterior_SD","Posterior_LB","Posterior_UB","prob"
-0.171765670778608,0.064996236644392,-0.298148656566643,-0.0394050329414285,0.99471996707017
