"Posterior_Mean","Posterior_SD","Posterior_LB","Posterior_UB","prob"
-0.280167609425534,0.0696406462128916,-0.423210876761764,-0.0954485399114212,0.996726273366677
