"Posterior_Mean","Posterior_SD","Posterior_LB","Posterior_UB","prob"
0.0136266280701433,0.0836723801446033,-0.155050008657877,0.21744510866911,0.462709506757948
