"Posterior_Mean","Posterior_SD","Posterior_LB","Posterior_UB","prob"
0.147249338028336,0.111636349434507,-0.148128870595633,0.393813304830777,0.156840368017185
