"Posterior_Mean","Posterior_SD","Posterior_LB","Posterior_UB","prob"
-0.0113284215710891,0.108569696737479,-0.251271937800679,0.222406512087757,0.532634415327297
