"Posterior_Mean","Posterior_SD","Posterior_LB","Posterior_UB","prob"
0.140034360491145,0.116996155140404,-0.0887676604514901,0.371740177396666,0.117166666666667
