"Posterior_Mean","Posterior_SD","Posterior_LB","Posterior_UB","prob"
-0.158958653860851,0.0665450439365105,-0.288758831460078,-0.0141341676619332,0.981693681886289
