"Posterior_Mean","Posterior_SD","Posterior_LB","Posterior_UB","prob"
0.0104561051308891,0.0900687738714744,-0.181503046708399,0.295712475984263,0.525095534050489
