"Posterior_Mean","Posterior_SD","Posterior_LB","Posterior_UB","prob"
-0.0538505846810607,0.0885512169391651,-0.230262106671597,0.170993728421352,0.733900115721612
