"Posterior_Mean","Posterior_SD","Posterior_LB","Posterior_UB","prob"
-0.0784561176920067,0.0746135121056321,-0.252007214312144,0.184415593863807,0.796375701531526
