"Posterior_Mean","Posterior_SD","Posterior_LB","Posterior_UB","prob"
-0.0859841624526599,0.11761792535673,-0.31630533001322,0.14063357054535,0.759
