"Posterior_Mean","Posterior_SD","Posterior_LB","Posterior_UB","prob"
0.00782136326532254,0.116854202008762,-0.237297202124142,0.24843019570623,0.47399865168071
