"Posterior_Mean","Posterior_SD","Posterior_LB","Posterior_UB","prob"
0.0587457621927463,0.118881705797634,-0.172369659522531,0.293492486703428,0.307937853498646
