"Posterior_Mean","Posterior_SD","Posterior_LB","Posterior_UB","prob"
-0.148721563476651,0.0759119254569339,-0.316983459611417,0.111182900319147,0.914473418414208
