"Posterior_Mean","Posterior_SD","Posterior_LB","Posterior_UB","prob"
0.0334632938419743,0.114784560723935,-0.188923710090731,0.25237655923189,0.3815
