"Posterior_Mean","Posterior_SD","Posterior_LB","Posterior_UB","prob"
-0.14753607590747,0.0719602986277415,-0.289444095841217,0.0162406026734825,0.964548667569867
