"Posterior_Mean","Posterior_SD","Posterior_LB","Posterior_UB","prob"
-0.111916217695152,0.0901238136741649,-0.292894611194001,0.106723765821353,0.866632516873322
