"Posterior_Mean","Posterior_SD","Posterior_LB","Posterior_UB","prob"
0.0691512561318967,0.100812814522081,-0.151006679271493,0.325681831678193,0.315657049405985
