"Posterior_Mean","Posterior_SD","Posterior_LB","Posterior_UB","prob"
0.043999220338123,0.122067039247118,-0.210483298409197,0.286153315793372,0.351811147444663
