"Posterior_Mean","Posterior_SD","Posterior_LB","Posterior_UB","prob"
-0.24145372775212,0.0691084539163415,-0.381306976338301,-0.0702428028055262,0.993061210610848
