"Posterior_Mean","Posterior_SD","Posterior_LB","Posterior_UB","prob"
-0.0977498812816637,0.093640922713689,-0.278610064286526,0.102107754901105,0.850035739297993
