"Posterior_Mean","Posterior_SD","Posterior_LB","Posterior_UB","prob"
-0.270633542506446,0.0941417061976053,-0.45762355775272,-0.0750729179092006,0.994294067640507
