"Posterior_Mean","Posterior_SD","Posterior_LB","Posterior_UB","prob"
0.124988206067429,0.115249786057433,-0.099477392455784,0.356240395625769,0.137166666666667
