"Posterior_Mean","Posterior_SD","Posterior_LB","Posterior_UB","prob"
0.130148120176938,0.115086988158236,-0.100529754024158,0.356873238162407,0.126
