"Posterior_Mean","Posterior_SD","Posterior_LB","Posterior_UB","prob"
-0.227459405505185,0.0824274650037918,-0.388681177702791,-0.0654574572070646,0.996572072518651
