"Posterior_Mean","Posterior_SD","Posterior_LB","Posterior_UB","prob"
-0.220284366154524,0.0987108598685237,-0.419152810998724,-0.00551761641092854,0.978145609136403
