"Posterior_Mean","Posterior_SD","Posterior_LB","Posterior_UB","prob"
-0.0012192610853131,0.111267620185862,-0.222993550060422,0.223847242502105,0.507431720995565
