"Posterior_Mean","Posterior_SD","Posterior_LB","Posterior_UB","prob"
-0.294328649330865,0.0613069917870777,-0.415162803429357,-0.166462989403968,0.998597147651673
