"Posterior_Mean","Posterior_SD","Posterior_LB","Posterior_UB","prob"
-0.165722602942323,0.0889300388004182,-0.338274537094277,0.0553052362413107,0.9412870776816
