"Posterior_Mean","Posterior_SD","Posterior_LB","Posterior_UB","prob"
-0.166095855510059,0.114945519091249,-0.396378887456075,0.0667132695010946,0.917313467808333
