"Posterior_Mean","Posterior_SD","Posterior_LB","Posterior_UB","prob"
0.0810360303929994,0.118507609581141,-0.151323071469515,0.312811519972316,0.248228062554076
