"Posterior_Mean","Posterior_SD","Posterior_LB","Posterior_UB","prob"
-0.0181337088303688,0.107513078009714,-0.276602043127855,0.250554977743059,0.552312481889548
