"Posterior_Mean","Posterior_SD","Posterior_LB","Posterior_UB","prob"
-0.136317202198605,0.0762328697512206,-0.289441381861998,0.0737840159712572,0.925351518421107
