"Posterior_Mean","Posterior_SD","Posterior_LB","Posterior_UB","prob"
0.0758959866802687,0.117578484716928,-0.152647031120904,0.306867329942321,0.258166666666667
