"Posterior_Mean","Posterior_SD","Posterior_LB","Posterior_UB","prob"
0.160306853872221,0.108805125631426,-0.109092409760522,0.412047756320414,0.129059411203916
