"Posterior_Mean","Posterior_SD","Posterior_LB","Posterior_UB","prob"
0.0915542551902385,0.120686285065871,-0.143402387126391,0.330245481517478,0.228000058706535
