"Posterior_Mean","Posterior_SD","Posterior_LB","Posterior_UB","prob"
0.185043002806826,0.112486873516895,-0.0392856118276555,0.402846294828182,0.0518333333333333
