"Posterior_Mean","Posterior_SD","Posterior_LB","Posterior_UB","prob"
-0.135166333044269,0.118724613535142,-0.366164258329338,0.0990589570114296,0.866666666666667
