"Posterior_Mean","Posterior_SD","Posterior_LB","Posterior_UB","prob"
0.0948472505600056,0.0958607068439082,-0.087402720636719,0.298299598739331,0.163925520558911
