"Posterior_Mean","Posterior_SD","Posterior_LB","Posterior_UB","prob"
0.00612181160789954,0.0943993723088764,-0.198451400517964,0.270771939954018,0.526093658550251
