"Posterior_Mean","Posterior_SD","Posterior_LB","Posterior_UB","prob"
0.102249949863736,0.117469818855288,-0.132511681199112,0.331683208451137,0.189166666666667
