"Posterior_Mean","Posterior_SD","Posterior_LB","Posterior_UB","prob"
-0.249585627435883,0.0678014356344872,-0.383224048936544,-0.114661646542911,0.999597182709376
