"Posterior_Mean","Posterior_SD","Posterior_LB","Posterior_UB","prob"
-0.158114463752981,0.0891650036839407,-0.353832674627412,0.0979207617232123,0.889341940733762
