"Posterior_Mean","Posterior_SD","Posterior_LB","Posterior_UB","prob"
-0.120198320058869,0.0888870332178961,-0.317087201813349,0.140344976413325,0.848966229282648
