"Posterior_Mean","Posterior_SD","Posterior_LB","Posterior_UB","prob"
-0.229325184599829,0.057635396035723,-0.349578198841801,-0.11464026726666,0.999961621157259
