"Posterior_Mean","Posterior_SD","Posterior_LB","Posterior_UB","prob"
-0.0208454236411406,0.12133844533024,-0.258125054520036,0.218749650567768,0.567166666666667
