"Posterior_Mean","Posterior_SD","Posterior_LB","Posterior_UB","prob"
-0.0115938496115649,0.0840666684480103,-0.191687008101359,0.171419257693534,0.553151906307965
