"Posterior_Mean","Posterior_SD","Posterior_LB","Posterior_UB","prob"
0.0906627155709437,0.110795225339987,-0.147199265268185,0.342116776709612,0.249980560037724
