"Posterior_Mean","Posterior_SD","Posterior_LB","Posterior_UB","prob"
-0.286997459825469,0.0568216237302737,-0.402065687188317,-0.173826085912025,0.999091430883531
