"Posterior_Mean","Posterior_SD","Posterior_LB","Posterior_UB","prob"
-0.0186855267517683,0.0976607939908495,-0.258612526506157,0.255263035268696,0.567065776256859
