"Posterior_Mean","Posterior_SD","Posterior_LB","Posterior_UB","prob"
-0.128085921294109,0.0721462704344024,-0.280378546276336,0.12552839281241,0.914035954093488
