"Posterior_Mean","Posterior_SD","Posterior_LB","Posterior_UB","prob"
0.0222590853467016,0.0967867820236391,-0.173422991082476,0.283642266574838,0.447931775142361
