"Posterior_Mean","Posterior_SD","Posterior_LB","Posterior_UB","prob"
-0.0332946692535592,0.0667279703680128,-0.178251749943691,0.120151221029857,0.685526963663745
