"Posterior_Mean","Posterior_SD","Posterior_LB","Posterior_UB","prob"
-0.168734758375767,0.0778291769720285,-0.329805835960611,0.00882308205925705,0.969193056063052
