"Posterior_Mean","Posterior_SD","Posterior_LB","Posterior_UB","prob"
0.27153452638232,0.116968558201642,0.0358426542984849,0.505566966083826,0.00950023937413896
