"Posterior_Mean","Posterior_SD","Posterior_LB","Posterior_UB","prob"
-0.210895074336175,0.0747859364775124,-0.3725139372849,-0.0276636788572964,0.986264452947788
