"Posterior_Mean","Posterior_SD","Posterior_LB","Posterior_UB","prob"
0.11991531836312,0.116115684673303,-0.104809765747683,0.356020921197272,0.15397769657146
