"Posterior_Mean","Posterior_SD","Posterior_LB","Posterior_UB","prob"
-0.463522809158956,0.112499376326716,-0.706994904354954,-0.192344805938761,0.99896595714994
