"Posterior_Mean","Posterior_SD","Posterior_LB","Posterior_UB","prob"
-0.107700091582163,0.160309548195036,-0.428243617484277,0.217334012515358,0.750984238159268
