"Posterior_Mean","Posterior_SD","Posterior_LB","Posterior_UB","prob"
-0.054902183167536,0.10121552175656,-0.289147872489762,0.19556012765872,0.6793814662548
