"Posterior_Mean","Posterior_SD","Posterior_LB","Posterior_UB","prob"
-0.3374182984652,0.12759536901818,-0.607886119896329,-0.0822130334782655,0.994789102412702
