"Posterior_Mean","Posterior_SD","Posterior_LB","Posterior_UB","prob"
-0.0928667255493604,0.119857803215581,-0.345120928939431,0.196981794849398,0.759194963879298
