"Posterior_Mean","Posterior_SD","Posterior_LB","Posterior_UB","prob"
-0.250645494346439,0.10154523667629,-0.451975748335563,-0.0392056967120543,0.986575533577016
