"Posterior_Mean","Posterior_SD","Posterior_LB","Posterior_UB","prob"
-0.235070416796943,0.122989860556923,-0.47529747427132,0.0202120937823586,0.966970521370812
