"Posterior_Mean","Posterior_SD","Posterior_LB","Posterior_UB","prob"
-0.0671945164420278,0.129697994453111,-0.334429076094144,0.211721280184773,0.700446643008929
