"Posterior_Mean","Posterior_SD","Posterior_LB","Posterior_UB","prob"
-0.232554903061178,0.0976253265017859,-0.445095870938626,-0.0378585685322483,0.990719353431932
