"Posterior_Mean","Posterior_SD","Posterior_LB","Posterior_UB","prob"
-0.310349675601472,0.117555601833015,-0.539932885138274,-0.0726851918941887,0.992798975944471
