"Posterior_Mean","Posterior_SD","Posterior_LB","Posterior_UB","prob"
-0.424129262986501,0.102422344370657,-0.662427726467042,-0.174872662957746,0.999212529558863
