"Posterior_Mean","Posterior_SD","Posterior_LB","Posterior_UB","prob"
-0.202458036367173,0.0886694506700054,-0.374799472169697,-0.00572858704325069,0.976129400423904
