"Posterior_Mean","Posterior_SD","Posterior_LB","Posterior_UB","prob"
-0.222846094190861,0.139945449154035,-0.501881796008411,0.0896192989509992,0.917113355565783
