"Posterior_Mean","Posterior_SD","Posterior_LB","Posterior_UB","prob"
-0.328973148211929,0.0991441106256085,-0.53707438208874,-0.135553616520138,0.998833234254342
