"Posterior_Mean","Posterior_SD","Posterior_LB","Posterior_UB","prob"
-0.0181681633249459,0.144496355243388,-0.30794403129728,0.290414569096829,0.557648676170204
