"Posterior_Mean","Posterior_SD","Posterior_LB","Posterior_UB","prob"
0.000878682788539461,0.161856389819527,-0.314499354218713,0.320133500227988,0.501
