"Posterior_Mean","Posterior_SD","Posterior_LB","Posterior_UB","prob"
0.157854023948375,0.16426954668332,-0.158621885797871,0.486750881547289,0.165666666666667
