"Posterior_Mean","Posterior_SD","Posterior_LB","Posterior_UB","prob"
-0.223878527822122,0.144230200240519,-0.51660549444872,0.0829239504277912,0.920925606512246
