"Posterior_Mean","Posterior_SD","Posterior_LB","Posterior_UB","prob"
-0.230271515111894,0.150720706517497,-0.537743461789308,0.0691561153352047,0.926874439089918
