"Posterior_Mean","Posterior_SD","Posterior_LB","Posterior_UB","prob"
-0.0815413673098431,0.169521674205714,-0.408520134447143,0.254341058292628,0.678841613038527
