"Posterior_Mean","Posterior_SD","Posterior_LB","Posterior_UB","prob"
-0.438207267364092,0.0954966971413822,-0.625191522190854,-0.24443682557769,0.999673727073002
