"Posterior_Mean","Posterior_SD","Posterior_LB","Posterior_UB","prob"
-0.204256943061995,0.0834481311406102,-0.370238596268656,-0.0279320475537853,0.988334091275947
