"Posterior_Mean","Posterior_SD","Posterior_LB","Posterior_UB","prob"
-0.286228045162763,0.104010697982248,-0.500622760266749,-0.0183917255214487,0.980485375566127
