"Posterior_Mean","Posterior_SD","Posterior_LB","Posterior_UB","prob"
-0.183908307900866,0.0998397673061523,-0.408573925906112,0.0540755551621537,0.944961157593315
