"Posterior_Mean","Posterior_SD","Posterior_LB","Posterior_UB","prob"
-0.419371543927771,0.105271619385516,-0.643343328824965,-0.207152743591164,0.999760699358608
