"Posterior_Mean","Posterior_SD","Posterior_LB","Posterior_UB","prob"
-0.0754696342443401,0.163322354810159,-0.393788221418249,0.244609201115071,0.674833333333333
