"Posterior_Mean","Posterior_SD","Posterior_LB","Posterior_UB","prob"
-0.300653543558385,0.127721767231759,-0.550566985094452,-0.0389756144749709,0.986240033213315
