"Posterior_Mean","Posterior_SD","Posterior_LB","Posterior_UB","prob"
-0.340352532189401,0.117043901226825,-0.566556986201167,-0.0339277878785021,0.984423280407299
