"Posterior_Mean","Posterior_SD","Posterior_LB","Posterior_UB","prob"
-0.397130790726111,0.131493760149104,-0.679201140855827,-0.0986321082296526,0.993831281845865
