"Posterior_Mean","Posterior_SD","Posterior_LB","Posterior_UB","prob"
-0.192722511251159,0.0950268232169645,-0.379461254204769,0.0124536121694565,0.969892067591473
