"Posterior_Mean","Posterior_SD","Posterior_LB","Posterior_UB","prob"
-0.204015800632817,0.148148525934206,-0.506705373260378,0.101554765082455,0.902475227949124
