"Posterior_Mean","Posterior_SD","Posterior_LB","Posterior_UB","prob"
-0.137585140007079,0.111504575199444,-0.385609439625428,0.160771689134966,0.838221577656772
