"Posterior_Mean","Posterior_SD","Posterior_LB","Posterior_UB","prob"
-0.156631408839952,0.16175856602577,-0.468111737223239,0.164171094639791,0.83200016056064
