"Posterior_Mean","Posterior_SD","Posterior_LB","Posterior_UB","prob"
-0.570883253622967,0.144957031456761,-0.906484266099238,-0.280481341525903,1
