"Posterior_Mean","Posterior_SD","Posterior_LB","Posterior_UB","prob"
-0.329750112466848,0.166759113448546,-0.661566139005837,-0.00805403714581801,0.978000004746341
