"Posterior_Mean","Posterior_SD","Posterior_LB","Posterior_UB","prob"
-0.0991815985316591,0.144095183740265,-0.401822697680348,0.199373704271998,0.74019874794053
