"Posterior_Mean","Posterior_SD","Posterior_LB","Posterior_UB","prob"
-0.244498561581992,0.132470927646442,-0.524395920595812,0.0469470068776729,0.950674236651201
