"Posterior_Mean","Posterior_SD","Posterior_LB","Posterior_UB","prob"
-0.394258016779834,0.163217916012003,-0.711308294146153,-0.0855742839949578,0.992666666666667
