"Posterior_Mean","Posterior_SD","Posterior_LB","Posterior_UB","prob"
-0.286227892932769,0.124456856469638,-0.521866582294967,-0.0141387988894568,0.979165318800226
