"Posterior_Mean","Posterior_SD","Posterior_LB","Posterior_UB","prob"
-0.448542938009998,0.112473944064998,-0.745647065666926,-0.184957810366394,0.999909195108696
