"Posterior_Mean","Posterior_SD","Posterior_LB","Posterior_UB","prob"
-0.577603338323168,0.169829650046254,-0.909756183633418,-0.246157384396008,1
