"Posterior_Mean","Posterior_SD","Posterior_LB","Posterior_UB","prob"
-0.0243520851212592,0.10112079717416,-0.222883938067095,0.201814124782648,0.606194182550349
