"Posterior_Mean","Posterior_SD","Posterior_LB","Posterior_UB","prob"
-0.227601455400928,0.108197572734903,-0.451074723333797,0.0395615981813876,0.959886084100049
