"Posterior_Mean","Posterior_SD","Posterior_LB","Posterior_UB","prob"
-0.360925546372239,0.134745527243599,-0.633209041756106,-0.0559133270302672,0.987012520994891
