"Posterior_Mean","Posterior_SD","Posterior_LB","Posterior_UB","prob"
-0.0589558638769444,0.118104271175038,-0.355250966543031,0.346334610415524,0.657030597527538
