"Posterior_Mean","Posterior_SD","Posterior_LB","Posterior_UB","prob"
-0.211251789062326,0.0888081482129395,-0.391074985279173,-0.00361499920249204,0.976746097700842
