"Posterior_Mean","Posterior_SD","Posterior_LB","Posterior_UB","prob"
-0.175190927625762,0.115424373210051,-0.434527351481433,0.0697037015149216,0.928437429551281
