"Posterior_Mean","Posterior_SD","Posterior_LB","Posterior_UB","prob"
-0.248029215301474,0.127284244585922,-0.497080378907629,0.0230075498480991,0.966909513737314
