"Posterior_Mean","Posterior_SD","Posterior_LB","Posterior_UB","prob"
-0.156190036375165,0.165950657194245,-0.478911227219493,0.163497186187049,0.825333333333333
