"Posterior_Mean","Posterior_SD","Posterior_LB","Posterior_UB","prob"
-0.342867128824672,0.0932260263214356,-0.53458642978739,-0.114899098426486,0.995183624575923
