"Posterior_Mean","Posterior_SD","Posterior_LB","Posterior_UB","prob"
-0.203190532267332,0.127615785321814,-0.465342265323743,0.164602987171489,0.884473877413229
