"Posterior_Mean","Posterior_SD","Posterior_LB","Posterior_UB","prob"
-0.348776974951932,0.0853814279531398,-0.52237989328855,-0.177147795521564,0.999965711954226
