"Posterior_Mean","Posterior_SD","Posterior_LB","Posterior_UB","prob"
-0.185377775341891,0.151533578543849,-0.487076123543868,0.135304630265424,0.86501092563929
