"Posterior_Mean","Posterior_SD","Posterior_LB","Posterior_UB","prob"
0.0738168997867603,0.152831361104567,-0.222384408837347,0.385168529700646,0.315827438101259
