"Posterior_Mean","Posterior_SD","Posterior_LB","Posterior_UB","prob"
-0.332485459072936,0.142744208360961,-0.619997080636532,-0.0417313332801935,0.984893077360176
