"Posterior_Mean","Posterior_SD","Posterior_LB","Posterior_UB","prob"
-0.181994674037669,0.122933150848818,-0.439972998332778,0.117473008148258,0.897072672387393
