"Posterior_Mean","Posterior_SD","Posterior_LB","Posterior_UB","prob"
-0.297510879337492,0.129681028598866,-0.552194316285388,-0.0292979965235914,0.983553312808396
