"Posterior_Mean","Posterior_SD","Posterior_LB","Posterior_UB","prob"
-0.23983774650024,0.122284111437053,-0.479061091169816,0.03382176133896,0.960461708030286
