"Posterior_Mean","Posterior_SD","Posterior_LB","Posterior_UB","prob"
-0.0928591149989302,0.148444244182361,-0.400078816849632,0.2287505132111,0.729661019324328
