"Posterior_Mean","Posterior_SD","Posterior_LB","Posterior_UB","prob"
0.164370111110359,0.163537503833487,-0.205087282733284,0.520158086771708,0.17595662045555
