"Posterior_Mean","Posterior_SD","Posterior_LB","Posterior_UB","prob"
-0.413577314156815,0.130902463546394,-0.696499236645361,-0.130837305932202,0.996664813149125
