"Posterior_Mean","Posterior_SD","Posterior_LB","Posterior_UB","prob"
-0.0407313492299701,0.163140575979539,-0.360630012211579,0.273127490533302,0.604166666666667
