"Posterior_Mean","Posterior_SD","Posterior_LB","Posterior_UB","prob"
-0.215827363586057,0.123534364428989,-0.548568731606993,0.0768200181559398,0.9193517453691
