"Posterior_Mean","Posterior_SD","Posterior_LB","Posterior_UB","prob"
-0.269155031788655,0.100042126319102,-0.475575195960788,-0.0499579237006938,0.988806539827765
