"Posterior_Mean","Posterior_SD","Posterior_LB","Posterior_UB","prob"
-0.208171003035005,0.158259035391661,-0.516803003586166,0.106791052208711,0.9075
