"Posterior_Mean","Posterior_SD","Posterior_LB","Posterior_UB","prob"
-0.22719935184748,0.0960791251777826,-0.418434112659579,-0.026477301297622,0.985509710641721
