"Posterior_Mean","Posterior_SD","Posterior_LB","Posterior_UB","prob"
-0.322902946455055,0.0851605022688623,-0.48735215272239,-0.154121365752204,0.999309305431515
