"Posterior_Mean","Posterior_SD","Posterior_LB","Posterior_UB","prob"
-0.196581141204549,0.124456215942757,-0.472979269786293,0.195750007109769,0.854604998405445
