"Posterior_Mean","Posterior_SD","Posterior_LB","Posterior_UB","prob"
-0.282619295596637,0.158623295360268,-0.603730922761356,0.029504873868783,0.965659609263812
