"Posterior_Mean","Posterior_SD","Posterior_LB","Posterior_UB","prob"
-0.311304477440696,0.145243629589344,-0.60456966157449,-0.0264914266250668,0.982981160569594
