"Posterior_Mean","Posterior_SD","Posterior_LB","Posterior_UB","prob"
-0.233877774292599,0.102468520588978,-0.459802753338851,-0.00187671908476471,0.976127591679966
