"Posterior_Mean","Posterior_SD","Posterior_LB","Posterior_UB","prob"
-0.285961133369457,0.1627135477651,-0.607097700390654,0.0426306681756414,0.95429437831903
