"Posterior_Mean","Posterior_SD","Posterior_LB","Posterior_UB","prob"
-0.321647498316577,0.114306278035996,-0.552137975255881,-0.103009866560409,0.996698345231737
