"Posterior_Mean","Posterior_SD","Posterior_LB","Posterior_UB","prob"
-0.176701337679663,0.166776511077806,-0.499333894158565,0.150998867050938,0.8545
