"Posterior_Mean","Posterior_SD","Posterior_LB","Posterior_UB","prob"
-0.396894086248221,0.116203833306122,-0.665652299257946,-0.105244926315162,0.993462708315115
