"Posterior_Mean","Posterior_SD","Posterior_LB","Posterior_UB","prob"
-0.33740512132683,0.0878514770140398,-0.51401201597696,-0.146143601080882,0.998465798442342
