"Posterior_Mean","Posterior_SD","Posterior_LB","Posterior_UB","prob"
-0.427576263685426,0.0964096697654701,-0.614486791933526,-0.21321177669661,0.998880261466263
