"Posterior_Mean","Posterior_SD","Posterior_LB","Posterior_UB","prob"
-0.483978816409698,0.0915593012663006,-0.69073673017217,-0.291876103296208,0.999997545067674
