"Posterior_Mean","Posterior_SD","Posterior_LB","Posterior_UB","prob"
-0.222819974066657,0.163851320701362,-0.534353992132197,0.0904535831462537,0.911636641082437
