"Posterior_Mean","Posterior_SD","Posterior_LB","Posterior_UB","prob"
-0.213529338675598,0.152650868501598,-0.510643261489577,0.0853149112126133,0.917333333333333
