"Posterior_Mean","Posterior_SD","Posterior_LB","Posterior_UB","prob"
-0.106202749118964,0.153496821055401,-0.476402027337856,0.247113771393421,0.698967266460924
