"Posterior_Mean","Posterior_SD","Posterior_LB","Posterior_UB","prob"
-0.287224895831904,0.109943027817308,-0.531116521957976,0.00860242860181304,0.971872314180241
