"Posterior_Mean","Posterior_SD","Posterior_LB","Posterior_UB","prob"
-0.327068007531018,0.100057765744873,-0.531360988517092,-0.0720136103466515,0.989943427296593
