"Posterior_Mean","Posterior_SD","Posterior_LB","Posterior_UB","prob"
0.0757013868704445,0.159947914746768,-0.233717136864295,0.384214287403418,0.320593727923493
