"Posterior_Mean","Posterior_SD","Posterior_LB","Posterior_UB","prob"
-0.256624083556608,0.144372252032033,-0.559122806390902,0.0379991489527189,0.953212052932544
