"Posterior_Mean","Posterior_SD","Posterior_LB","Posterior_UB","prob"
-0.38208621379704,0.107760329150282,-0.5973125240667,-0.122238108455126,0.993962186074132
