"Posterior_Mean","Posterior_SD","Posterior_LB","Posterior_UB","prob"
-0.319082899370209,0.0949254841049459,-0.517450140595923,-0.129894041428003,0.999105234045541
