"Posterior_Mean","Posterior_SD","Posterior_LB","Posterior_UB","prob"
-0.381959120816473,0.0853718426916104,-0.567229518494524,-0.174251276011551,0.999524364394733
