"Posterior_Mean","Posterior_SD","Posterior_LB","Posterior_UB","prob"
0.119370033377445,0.159770846642094,-0.193300471610551,0.431006349781851,0.22900042347445
