"Posterior_Mean","Posterior_SD","Posterior_LB","Posterior_UB","prob"
-0.0651452012476336,0.155864795564439,-0.390972578154298,0.268929100296323,0.64719784394995
