"Posterior_Mean","Posterior_SD","Posterior_LB","Posterior_UB","prob"
-0.442991066597095,0.158789679389012,-0.764298997163888,-0.131916360335866,0.998333333333333
