"Posterior_Mean","Posterior_SD","Posterior_LB","Posterior_UB","prob"
-0.0438500736714759,0.139234143771675,-0.352611400650606,0.242071491372324,0.613660400661825
