"Posterior_Mean","Posterior_SD","Posterior_LB","Posterior_UB","prob"
-0.0421620687047679,0.164253103089109,-0.372853968316811,0.292857863427883,0.58959807643886
