"Posterior_Mean","Posterior_SD","Posterior_LB","Posterior_UB","prob"
-0.49708857893261,0.092067729150788,-0.704702890189121,-0.28551469740962,0.999941448804864
