"Posterior_Mean","Posterior_SD","Posterior_LB","Posterior_UB","prob"
-0.243583522910785,0.107032164918447,-0.463515121533975,-0.00643568523831162,0.977513965398721
