"Posterior_Mean","Posterior_SD","Posterior_LB","Posterior_UB","prob"
-0.0058722979485696,0.155618408665643,-0.317488019536397,0.295942994862746,0.513333333333333
