"Posterior_Mean","Posterior_SD","Posterior_LB","Posterior_UB","prob"
-0.290733801190358,0.104459787865436,-0.525547036661189,0.0583928247837664,0.953327893051512
