"Posterior_Mean","Posterior_SD","Posterior_LB","Posterior_UB","prob"
-0.0402631419956259,0.158437196232363,-0.34838165409205,0.284670434902729,0.60420660752283
