"Posterior_Mean","Posterior_SD","Posterior_LB","Posterior_UB","prob"
0.00279576505132297,0.169525913391753,-0.325311941289458,0.334353184246598,0.496645782503402
