"Posterior_Mean","Posterior_SD","Posterior_LB","Posterior_UB","prob"
-0.433947778058254,0.0997959286002009,-0.631442933587065,-0.210838350463727,0.999247605329774
