"Posterior_Mean","Posterior_SD","Posterior_LB","Posterior_UB","prob"
-0.438736806445744,0.104079971271592,-0.659902850738503,-0.0804858517222834,0.990111125413406
