"Posterior_Mean","Posterior_SD","Posterior_LB","Posterior_UB","prob"
-0.259540038880883,0.142892494601457,-0.547810894724629,0.0935676380019129,0.934646540971308
