"Posterior_Mean","Posterior_SD","Posterior_LB","Posterior_UB","prob"
-0.174403746980742,0.123085583055607,-0.415438306002015,0.0645658198798908,0.924610827930511
