"Posterior_Mean","Posterior_SD","Posterior_LB","Posterior_UB","prob"
-0.0160031308522152,0.166543463333225,-0.342446472508279,0.300598500424934,0.538904533239295
