"Posterior_Mean","Posterior_SD","Posterior_LB","Posterior_UB","prob"
-0.454111973557416,0.13255535730047,-0.777464902448483,-0.188370875644962,0.999475242317591
