"Posterior_Mean","Posterior_SD","Posterior_LB","Posterior_UB","prob"
-0.313355160709497,0.120807469851247,-0.566099109982451,0.0237819328723689,0.96478573332245
