"Posterior_Mean","Posterior_SD","Posterior_LB","Posterior_UB","prob"
-0.179061557360725,0.0973803976667061,-0.379070130182538,0.0212855730621754,0.960467624372452
