"Posterior_Mean","Posterior_SD","Posterior_LB","Posterior_UB","prob"
-0.062723213027964,0.158399423147017,-0.381590661266609,0.246861602608539,0.647590328126299
