"Posterior_Mean","Posterior_SD","Posterior_LB","Posterior_UB","prob"
-0.374141454376184,0.161359909417018,-0.694780954166103,-0.0609039897057635,0.991333333333333
