"Posterior_Mean","Posterior_SD","Posterior_LB","Posterior_UB","prob"
-0.329103958380345,0.16596139607513,-0.655055230046302,0.00341611579907286,0.9755
