"Posterior_Mean","Posterior_SD","Posterior_LB","Posterior_UB","prob"
-0.0999608274083073,0.1624946119003,-0.431956405140731,0.215316289353924,0.720483652101817
