"Posterior_Mean","Posterior_SD","Posterior_LB","Posterior_UB","prob"
-0.447448341045153,0.0840498422267887,-0.613399198116739,-0.272368652591768,0.999591488555934
