"Posterior_Mean","Posterior_SD","Posterior_LB","Posterior_UB","prob"
0.259742329574398,0.161495511774439,-0.0561862489816677,0.569335414010051,0.0518333333333333
