"Posterior_Mean","Posterior_SD","Posterior_LB","Posterior_UB","prob"
-0.41634808882201,0.104874443481618,-0.622576982500676,-0.196152046310088,0.999320976458767
