"Posterior_Mean","Posterior_SD","Posterior_LB","Posterior_UB","prob"
-0.147799369939985,0.120288879152544,-0.406992937594858,0.205476586310868,0.836182548885622
