"Posterior_Mean","Posterior_SD","Posterior_LB","Posterior_UB","prob"
-0.331669497468113,0.102826777139202,-0.54880639705661,-0.113755362030801,0.996248289957049
