"Posterior_Mean","Posterior_SD","Posterior_LB","Posterior_UB","prob"
-0.23484496643398,0.0900191455987338,-0.442603042010583,0.0147613386713012,0.969343087356298
