"Posterior_Mean","Posterior_SD","Posterior_LB","Posterior_UB","prob"
-0.167234513229913,0.118030881608256,-0.436354874957653,0.186190637380735,0.84630751475261
