"Posterior_Mean","Posterior_SD","Posterior_LB","Posterior_UB","prob"
-0.404973550090832,0.127129748582041,-0.653909689429594,-0.0955393019192962,0.99326639592289
