"Posterior_Mean","Posterior_SD","Posterior_LB","Posterior_UB","prob"
-0.403458719565748,0.12008324677756,-0.653780789166336,-0.155942722749885,0.998476986214365
