"Posterior_Mean","Posterior_SD","Posterior_LB","Posterior_UB","prob"
-0.274466897735389,0.102058525527673,-0.472147231743876,-0.0398095347603145,0.985672348054127
