"Posterior_Mean","Posterior_SD","Posterior_LB","Posterior_UB","prob"
-0.120015269797328,0.16030489523709,-0.428719038497753,0.182300764445832,0.766543722923034
