"Posterior_Mean","Posterior_SD","Posterior_LB","Posterior_UB","prob"
-0.327446374102611,0.124961253758023,-0.573783103773867,-0.0492889534165418,0.98768839148463
