"Posterior_Mean","Posterior_SD","Posterior_LB","Posterior_UB","prob"
-0.26931998715829,0.133833784181498,-0.56707734564636,0.0129422451784395,0.968669027529671
