"Posterior_Mean","Posterior_SD","Posterior_LB","Posterior_UB","prob"
-0.300525920494445,0.162075545782451,-0.62307334506542,0.0338943142177908,0.958724488830997
