"Posterior_Mean","Posterior_SD","Posterior_LB","Posterior_UB","prob"
-0.247743960525003,0.158885055825503,-0.554780302864508,0.0692641980520021,0.941231205649655
