"Posterior_Mean","Posterior_SD","Posterior_LB","Posterior_UB","prob"
-0.0854416999623909,0.11819332680561,-0.320645101543038,0.153292573842899,0.766063918159316
