"Posterior_Mean","Posterior_SD","Posterior_LB","Posterior_UB","prob"
-0.315520399931891,0.10627024659943,-0.526161218279393,-0.0965918031852596,0.995490471780626
