"Posterior_Mean","Posterior_SD","Posterior_LB","Posterior_UB","prob"
-0.396539479566544,0.134953546748952,-0.702037577277737,-0.102834905027652,0.994914243803535
