"Posterior_Mean","Posterior_SD","Posterior_LB","Posterior_UB","prob"
-0.0996297343092288,0.14148605726857,-0.412981104937025,0.195835023378056,0.741716730132569
