"Posterior_Mean","Posterior_SD","Posterior_LB","Posterior_UB","prob"
-0.312961782223859,0.129600577215184,-0.560741548074403,-0.0355955008440913,0.986286611207533
