"Posterior_Mean","Posterior_SD","Posterior_LB","Posterior_UB","prob"
-0.136009250201491,0.0997033341612021,-0.342501390177913,0.0656682402973604,0.912139279905981
