"Posterior_Mean","Posterior_SD","Posterior_LB","Posterior_UB","prob"
-0.197882567078902,0.0989601236504586,-0.396435799731148,0.00950766415500002,0.970061676124924
