"Posterior_Mean","Posterior_SD","Posterior_LB","Posterior_UB","prob"
-0.170633425788962,0.129334004653839,-0.436722478266253,0.0874350723702767,0.908210498053081
