"Posterior_Mean","Posterior_SD","Posterior_LB","Posterior_UB","prob"
-0.28323949771526,0.135039000547695,-0.573981082565022,0.0475507752942474,0.953521721646156
