"Posterior_Mean","Posterior_SD","Posterior_LB","Posterior_UB","prob"
-0.239589703184378,0.11360407388607,-0.509769957707991,-0.0027878857075683,0.97649194988113
