"Posterior_Mean","Posterior_SD","Posterior_LB","Posterior_UB","prob"
-0.284200925617178,0.148808698395413,-0.586263638088423,0.0329574405841073,0.960708214461752
