"Posterior_Mean","Posterior_SD","Posterior_LB","Posterior_UB","prob"
0.146861891034189,0.156331358240799,-0.16358070180776,0.454313330179459,0.171
