"Posterior_Mean","Posterior_SD","Posterior_LB","Posterior_UB","prob"
-0.482102559315882,0.0894848273941928,-0.662131711236489,-0.273910177243735,0.999658892382817
