"Posterior_Mean","Posterior_SD","Posterior_LB","Posterior_UB","prob"
-0.392550481361378,0.137789384244879,-0.668170660123256,-0.0852411918738578,0.993371923522495
