"Posterior_Mean","Posterior_SD","Posterior_LB","Posterior_UB","prob"
-0.0148720595568563,0.118907190939296,-0.274660227793823,0.309366337055608,0.570814215995891
