"Posterior_Mean","Posterior_SD","Posterior_LB","Posterior_UB","prob"
-0.370714010309197,0.091868332183761,-0.56746936548808,-0.171863941641467,0.999084876813791
