"Posterior_Mean","Posterior_SD","Posterior_LB","Posterior_UB","prob"
-0.278024311141341,0.0992775227845068,-0.473658110490884,-0.0821039390837059,0.995595437491828
