"Posterior_Mean","Posterior_SD","Posterior_LB","Posterior_UB","prob"
-0.395709823809209,0.12237588294224,-0.661211259223718,-0.135944780099685,0.997342120139337
