"Posterior_Mean","Posterior_SD","Posterior_LB","Posterior_UB","prob"
-0.197587088804864,0.122046762097146,-0.451812778168561,0.0543558180044086,0.936749395820543
