"Posterior_Mean","Posterior_SD","Posterior_LB","Posterior_UB","prob"
-0.427848474930568,0.0842551898781844,-0.59668699864644,-0.250316403840696,0.999950498840927
