"Posterior_Mean","Posterior_SD","Posterior_LB","Posterior_UB","prob"
-0.306554867859909,0.168907163646466,-0.634969742571517,0.0274090017175502,0.966333333333333
