"Posterior_Mean","Posterior_SD","Posterior_LB","Posterior_UB","prob"
-0.300387129549346,0.104831761768407,-0.52124125301445,-0.0818390756899888,0.995057120153337
