"Posterior_Mean","Posterior_SD","Posterior_LB","Posterior_UB","prob"
-0.374870894830991,0.0989627190763069,-0.575817485804478,-0.168203897949948,0.999371097226904
