"Posterior_Mean","Posterior_SD","Posterior_LB","Posterior_UB","prob"
-0.420461134158657,0.128732381892509,-0.689353250393473,-0.112504868708345,0.995510750795381
