"Posterior_Mean","Posterior_SD","Posterior_LB","Posterior_UB","prob"
-0.456083558294937,0.160856934643631,-0.770629287997874,-0.139765681652407,0.9985
