"Posterior_Mean","Posterior_SD","Posterior_LB","Posterior_UB","prob"
-0.48438074848375,0.101052848829387,-0.692172981506825,-0.285232847984449,0.99997713978477
