"Posterior_Mean","Posterior_SD","Posterior_LB","Posterior_UB","prob"
-0.391830223959003,0.110217716693483,-0.692560469654803,-0.129049385532071,0.999061336546814
