"Posterior_Mean","Posterior_SD","Posterior_LB","Posterior_UB","prob"
0.0815892734657892,0.151580808777648,-0.247921268696642,0.442644699113165,0.326644121394621
