"Posterior_Mean","Posterior_SD","Posterior_LB","Posterior_UB","prob"
-0.0323856980532355,0.151410638973544,-0.337569410606512,0.302201800828268,0.578116944303282
