"Posterior_Mean","Posterior_SD","Posterior_LB","Posterior_UB","prob"
-0.27543112772615,0.131070485485971,-0.551587379479728,-0.0191488437840405,0.981745643879084
