"Posterior_Mean","Posterior_SD","Posterior_LB","Posterior_UB","prob"
-0.137891070779701,0.0982188532873939,-0.335762032295832,0.0589882090123853,0.915603678162222
