"Posterior_Mean","Posterior_SD","Posterior_LB","Posterior_UB","prob"
-0.233910221253667,0.120771853403859,-0.555337801649307,0.0385890973024343,0.950137723951816
