"Posterior_Mean","Posterior_SD","Posterior_LB","Posterior_UB","prob"
-0.331237012969588,0.100009575201703,-0.532641794759774,-0.0690953385269161,0.988420656266438
