"Posterior_Mean","Posterior_SD","Posterior_LB","Posterior_UB","prob"
-0.109282024618016,0.153957714898335,-0.414837948335275,0.193817571542327,0.7585
