"Posterior_Mean","Posterior_SD","Posterior_LB","Posterior_UB","prob"
-0.307658769573008,0.105002111264064,-0.529171431325252,-0.101950974235674,0.99832975154178
