"Posterior_Mean","Posterior_SD","Posterior_LB","Posterior_UB","prob"
-0.527588851464444,0.159952274121474,-0.848746254210179,-0.20476977689321,0.998846763889395
