"Posterior_Mean","Posterior_SD","Posterior_LB","Posterior_UB","prob"
-0.103202847945626,0.160076952070295,-0.420396033560697,0.213079041253355,0.737833333333333
