"Posterior_Mean","Posterior_SD","Posterior_LB","Posterior_UB","prob"
-0.159459026580182,0.116012519944918,-0.417779072815159,0.0825673745023089,0.904111736804624
