"Posterior_Mean","Posterior_SD","Posterior_LB","Posterior_UB","prob"
-0.328193002116015,0.094104009194302,-0.511934117177696,-0.142711709399333,0.999692007345713
