"Posterior_Mean","Posterior_SD","Posterior_LB","Posterior_UB","prob"
-0.194043806076751,0.157989497305183,-0.51247320580299,0.10872401511344,0.892934032819755
