"Posterior_Mean","Posterior_SD","Posterior_LB","Posterior_UB","prob"
0.0181812457619295,0.140814405931996,-0.29812788513353,0.345741462923885,0.46075279476617
