"Posterior_Mean","Posterior_SD","Posterior_LB","Posterior_UB","prob"
-0.218761685758948,0.11209063240994,-0.454459917778348,0.00824875852606416,0.96891104414523
