"Posterior_Mean","Posterior_SD","Posterior_LB","Posterior_UB","prob"
-0.297891004445218,0.130350376111101,-0.575215049837126,0.018558696435405,0.967620666233556
