"Posterior_Mean","Posterior_SD","Posterior_LB","Posterior_UB","prob"
-0.160026617618538,0.121693262066954,-0.444816034308008,0.18712219320475,0.841658675594731
