"Posterior_Mean","Posterior_SD","Posterior_LB","Posterior_UB","prob"
-0.0919999306871458,0.162065269811669,-0.407426458185939,0.235297022758806,0.720600968977
