"Posterior_Mean","Posterior_SD","Posterior_LB","Posterior_UB","prob"
-0.232569649804381,0.162064917352874,-0.555965739195654,0.0879825644077051,0.926833333333333
