"Posterior_Mean","Posterior_SD","Posterior_LB","Posterior_UB","prob"
-0.254158880660088,0.159499180258389,-0.574781403310403,0.0582336536681915,0.939980970419218
