"Posterior_Mean","Posterior_SD","Posterior_LB","Posterior_UB","prob"
-0.284360755701387,0.175038596597618,-0.639359327101584,0.0519664145184958,0.949344177629313
