"Posterior_Mean","Posterior_SD","Posterior_LB","Posterior_UB","prob"
-0.494809320499226,0.115019780946747,-0.753135612555824,-0.196173712077827,0.999366410709493
