"Posterior_Mean","Posterior_SD","Posterior_LB","Posterior_UB","prob"
-0.532342715805804,0.155422425348315,-0.857665189518152,-0.235341926707534,1
