"Posterior_Mean","Posterior_SD","Posterior_LB","Posterior_UB","prob"
-0.185504185254838,0.160299820872487,-0.504029574825833,0.124219844882494,0.872166666666667
