"Posterior_Mean","Posterior_SD","Posterior_LB","Posterior_UB","prob"
-0.307486396175527,0.120914776415195,-0.587656588933422,-0.0232872488035124,0.982914501014236
