"Posterior_Mean","Posterior_SD","Posterior_LB","Posterior_UB","prob"
-0.383743566953359,0.103577140702378,-0.606805403651907,-0.0477374627603633,0.984812079125059
