"Posterior_Mean","Posterior_SD","Posterior_LB","Posterior_UB","prob"
-0.174040398950069,0.114685166013083,-0.418595793385421,0.11245672387788,0.896613370167702
