"Posterior_Mean","Posterior_SD","Posterior_LB","Posterior_UB","prob"
-0.260549759609583,0.117920519501125,-0.502402913938732,0.00435177166035636,0.97314290510728
