"Posterior_Mean","Posterior_SD","Posterior_LB","Posterior_UB","prob"
-0.232189940217326,0.103116721997805,-0.44615046801347,0.0312018490814156,0.963168342063782
