"Posterior_Mean","Posterior_SD","Posterior_LB","Posterior_UB","prob"
-0.315623019410058,0.123975068326369,-0.552337593942344,-0.0544212678823458,0.987813455570692
