"Posterior_Mean","Posterior_SD","Posterior_LB","Posterior_UB","prob"
-0.000279318099433823,0.163373473876892,-0.335147070810157,0.320753752700842,0.493793082682026
