"Posterior_Mean","Posterior_SD","Posterior_LB","Posterior_UB","prob"
-0.248220019555593,0.162912310546128,-0.5686691081487,0.0752189827742406,0.935
