"Posterior_Mean","Posterior_SD","Posterior_LB","Posterior_UB","prob"
-0.344666965467629,0.162654135050238,-0.666236846789942,-0.0263893318285995,0.983833333333333
