"Posterior_Mean","Posterior_SD","Posterior_LB","Posterior_UB","prob"
-0.398828766486227,0.153851482465721,-0.716794362955429,-0.0870708228861234,0.993717311081912
