"Posterior_Mean","Posterior_SD","Posterior_LB","Posterior_UB","prob"
-0.253971467746505,0.167242137874179,-0.576926665850669,0.063410638152947,0.935000218830007
