"Posterior_Mean","Posterior_SD","Posterior_LB","Posterior_UB","prob"
-0.138578662931701,0.0964258477585264,-0.329136960336104,0.0587327864943462,0.920093422202161
