"Posterior_Mean","Posterior_SD","Posterior_LB","Posterior_UB","prob"
-0.146345262722687,0.159077433276812,-0.458507910715004,0.169232551360739,0.820666666666667
