"Posterior_Mean","Posterior_SD","Posterior_LB","Posterior_UB","prob"
-0.485858560575091,0.0955386051936272,-0.711110689887948,-0.277823014200707,1
