"Posterior_Mean","Posterior_SD","Posterior_LB","Posterior_UB","prob"
-0.325490878009461,0.101772316675393,-0.539267353019252,-0.122697573815651,0.99900070208326
