"Posterior_Mean","Posterior_SD","Posterior_LB","Posterior_UB","prob"
-0.365180668140087,0.129375316097759,-0.649059577889682,-0.046194447017635,0.989333320801829
