"Posterior_Mean","Posterior_SD","Posterior_LB","Posterior_UB","prob"
-0.149931557992939,0.0968550486036979,-0.363032391406457,0.0891925194507079,0.899342616709046
