"Posterior_Mean","Posterior_SD","Posterior_LB","Posterior_UB","prob"
-0.31350574438391,0.161352097393573,-0.628326231193645,0.00203743691873597,0.973501063412106
