"Posterior_Mean","Posterior_SD","Posterior_LB","Posterior_UB","prob"
-0.402390628929321,0.155264180436883,-0.704892606228539,-0.0909395270412882,0.997500000675003
