"Posterior_Mean","Posterior_SD","Posterior_LB","Posterior_UB","prob"
-0.503037978471235,0.133643722236067,-0.761812459374028,-0.214214458052995,0.999506311410714
