"Posterior_Mean","Posterior_SD","Posterior_LB","Posterior_UB","prob"
-0.240932687559924,0.130704146376431,-0.506585466814743,0.0703497916652767,0.938917294359842
