"Posterior_Mean","Posterior_SD","Posterior_LB","Posterior_UB","prob"
-0.494510738222054,0.0824724330171053,-0.661302020544521,-0.332285461065687,0.99998670694322
