"Posterior_Mean","Posterior_SD","Posterior_LB","Posterior_UB","prob"
-0.322312525651479,0.164805135830612,-0.648798642018568,0.0110473450173656,0.970063806851759
