"Posterior_Mean","Posterior_SD","Posterior_LB","Posterior_UB","prob"
-0.0495914731409985,0.0868724708535816,-0.227419765521525,0.124880244307734,0.70800506131986
