"Posterior_Mean","Posterior_SD","Posterior_LB","Posterior_UB","prob"
0.0943165977991535,0.0832147416451448,-0.114989740372183,0.28307911243405,0.193595111638366
