"Posterior_Mean","Posterior_SD","Posterior_LB","Posterior_UB","prob"
-0.19356950187795,0.0625487226788878,-0.322024703137157,-0.0684590683622659,0.998212723003614
