"Posterior_Mean","Posterior_SD","Posterior_LB","Posterior_UB","prob"
-0.167236125350473,0.0618758307483873,-0.334299028668417,0.0684958758880415,0.922075008011284
