"Posterior_Mean","Posterior_SD","Posterior_LB","Posterior_UB","prob"
0.0827352573827871,0.0870977779185321,-0.0882912276695166,0.251070497166362,0.172300082009768
