"Posterior_Mean","Posterior_SD","Posterior_LB","Posterior_UB","prob"
0.0615287165120189,0.086511587504594,-0.173956895186273,0.25588106237754,0.270281435461909
