"Posterior_Mean","Posterior_SD","Posterior_LB","Posterior_UB","prob"
-0.154312801980754,0.0561398831314929,-0.276099286652078,0.093812751523649,0.921600045690961
