"Posterior_Mean","Posterior_SD","Posterior_LB","Posterior_UB","prob"
-0.25188824295541,0.0596625900025116,-0.385683473703521,-0.0384180158777892,0.989269005618401
