"Posterior_Mean","Posterior_SD","Posterior_LB","Posterior_UB","prob"
0.13195871022403,0.0796526529559177,-0.0774097066482018,0.344328834470438,0.145941874103935
