"Posterior_Mean","Posterior_SD","Posterior_LB","Posterior_UB","prob"
-0.207096748437619,0.0573422386906881,-0.321408023171392,-0.0330933904831306,0.985828899754093
