"Posterior_Mean","Posterior_SD","Posterior_LB","Posterior_UB","prob"
-0.0525514338833102,0.0634515385849699,-0.178810993505166,0.0987104280030761,0.801220675632818
