"Posterior_Mean","Posterior_SD","Posterior_LB","Posterior_UB","prob"
-0.0906169179036941,0.0867422612606149,-0.27758723099102,0.0955606650349301,0.817237150313712
