"Posterior_Mean","Posterior_SD","Posterior_LB","Posterior_UB","prob"
-0.194123854596173,0.0546266874964559,-0.306022942314582,-0.0525231353368576,0.996153983295027
