"Posterior_Mean","Posterior_SD","Posterior_LB","Posterior_UB","prob"
-0.0848918618956003,0.0718942731798953,-0.225795855553022,0.094914574677549,0.85658464180372
