"Posterior_Mean","Posterior_SD","Posterior_LB","Posterior_UB","prob"
0.0153648347426442,0.0637791840138748,-0.120307295000559,0.179938131711026,0.436508652727889
