"Posterior_Mean","Posterior_SD","Posterior_LB","Posterior_UB","prob"
-0.131240568104285,0.0574863753208788,-0.248866855978951,0.0426061296803824,0.952153727682584
