"Posterior_Mean","Posterior_SD","Posterior_LB","Posterior_UB","prob"
-0.0491571235926082,0.0742653676917422,-0.205158295044438,0.0978742246097381,0.741378853811252
