"Posterior_Mean","Posterior_SD","Posterior_LB","Posterior_UB","prob"
0.00219285567223263,0.0630609537380167,-0.135660531201898,0.130167304645301,0.472154119711485
