"Posterior_Mean","Posterior_SD","Posterior_LB","Posterior_UB","prob"
-0.0235923144472771,0.0975948259100721,-0.219602993287288,0.169236838197686,0.592564191931715
