"Posterior_Mean","Posterior_SD","Posterior_LB","Posterior_UB","prob"
0.0173300326036762,0.0619100843406739,-0.104969851674678,0.143958918924108,0.393114923973986
