"Posterior_Mean","Posterior_SD","Posterior_LB","Posterior_UB","prob"
-0.11055324897804,0.0656886409145231,-0.273839364942682,0.079368908214951,0.868683485435557
