"Posterior_Mean","Posterior_SD","Posterior_LB","Posterior_UB","prob"
0.00165526992165365,0.109890938087227,-0.217426922179237,0.223477411456969,0.50244341415133
