"Posterior_Mean","Posterior_SD","Posterior_LB","Posterior_UB","prob"
0.0687670053731108,0.0762064138840587,-0.0831213437040685,0.214342467599496,0.187380417817186
