"Posterior_Mean","Posterior_SD","Posterior_LB","Posterior_UB","prob"
-0.221802041420652,0.0574065487006948,-0.343231744846994,-0.0870614596543493,0.997363742320658
