"Posterior_Mean","Posterior_SD","Posterior_LB","Posterior_UB","prob"
0.000443932091778589,0.0605749433580064,-0.148878353688556,0.154765741115939,0.498440874453908
