"Posterior_Mean","Posterior_SD","Posterior_LB","Posterior_UB","prob"
-0.255358689007506,0.0519543993534887,-0.359837696752375,-0.149035446289662,0.999993547720534
