"Posterior_Mean","Posterior_SD","Posterior_LB","Posterior_UB","prob"
-0.17143370914242,0.0787677979412894,-0.326156485459762,-0.0158232796669934,0.984139812966529
