"Posterior_Mean","Posterior_SD","Posterior_LB","Posterior_UB","prob"
0.0839434253889372,0.0726777646935493,-0.0589048772453754,0.22650183433704,0.12289571596532
