"Posterior_Mean","Posterior_SD","Posterior_LB","Posterior_UB","prob"
0.0491366268439683,0.106206964522929,-0.165298176032149,0.261196089876058,0.319189664555758
