"Posterior_Mean","Posterior_SD","Posterior_LB","Posterior_UB","prob"
-0.0406812625137054,0.0587936186136327,-0.197993506571166,0.0904352678300479,0.695668995607245
