"Posterior_Mean","Posterior_SD","Posterior_LB","Posterior_UB","prob"
0.134800530680467,0.0732630851445273,-0.0114651339169307,0.278496802749165,0.0357497751807511
