"Posterior_Mean","Posterior_SD","Posterior_LB","Posterior_UB","prob"
0.04221246609137,0.0748891849813584,-0.101955857619734,0.19122799588832,0.291658048214135
