"Posterior_Mean","Posterior_SD","Posterior_LB","Posterior_UB","prob"
0.201456445313531,0.102975297327924,0.00125342407177332,0.40912467488345,0.0243564458349469
