"Posterior_Mean","Posterior_SD","Posterior_LB","Posterior_UB","prob"
0.0788012298269,0.100769476868244,-0.118254369921299,0.2771178637773,0.224100239107782
