"Posterior_Mean","Posterior_SD","Posterior_LB","Posterior_UB","prob"
-0.0453000016429209,0.0572764608213495,-0.184535546494861,0.0998285169223893,0.732878377714887
