"Posterior_Mean","Posterior_SD","Posterior_LB","Posterior_UB","prob"
-0.060391831749692,0.0749409366874547,-0.214075180446919,0.136036339070625,0.79545353103395
