"Posterior_Mean","Posterior_SD","Posterior_LB","Posterior_UB","prob"
0.0536318561400167,0.0739150536362563,-0.0898260756550141,0.20383064773084,0.238063878117313
