"Posterior_Mean","Posterior_SD","Posterior_LB","Posterior_UB","prob"
0.148548655944404,0.105707626858694,-0.056731182574076,0.349940849594942,0.0840416805640785
