"Posterior_Mean","Posterior_SD","Posterior_LB","Posterior_UB","prob"
-0.251179664688203,0.052603293173041,-0.358743860339115,-0.13276320655073,0.999825781752418
