"Posterior_Mean","Posterior_SD","Posterior_LB","Posterior_UB","prob"
-0.0658147884660302,0.062269203990546,-0.187861571997743,0.0636729522116434,0.850848013848235
