"Posterior_Mean","Posterior_SD","Posterior_LB","Posterior_UB","prob"
-0.103360265498227,0.104232807410019,-0.304483839676731,0.10207519072732,0.843
