"Posterior_Mean","Posterior_SD","Posterior_LB","Posterior_UB","prob"
-0.126507477238379,0.102784982163835,-0.331078560947748,0.0790073432476551,0.88384591982426
