"Posterior_Mean","Posterior_SD","Posterior_LB","Posterior_UB","prob"
-0.162869346728689,0.079496758650946,-0.324860910721145,-0.00187861035509779,0.976482557427056
