"Posterior_Mean","Posterior_SD","Posterior_LB","Posterior_UB","prob"
-0.147164587608761,0.0738422458905124,-0.299617983505289,0.0147427083169394,0.95997270850329
