"Posterior_Mean","Posterior_SD","Posterior_LB","Posterior_UB","prob"
-0.0312766008410189,0.0741567719455637,-0.205659745425728,0.126244029502882,0.63931361005473
