"Posterior_Mean","Posterior_SD","Posterior_LB","Posterior_UB","prob"
-0.0716286220565844,0.0744309203722564,-0.271231198301894,0.0957125806461379,0.792272193929218
