"Posterior_Mean","Posterior_SD","Posterior_LB","Posterior_UB","prob"
-0.0864331684118145,0.0655788324676135,-0.308897892414029,0.120043024996061,0.748921770820936
