"Posterior_Mean","Posterior_SD","Posterior_LB","Posterior_UB","prob"
-0.177204177396023,0.0609750922443554,-0.324226680054701,-0.00585419815897997,0.978078789003515
