"Posterior_Mean","Posterior_SD","Posterior_LB","Posterior_UB","prob"
0.115641231420232,0.103149604407434,-0.0825082926777346,0.321346024122596,0.126833333333333
