"Posterior_Mean","Posterior_SD","Posterior_LB","Posterior_UB","prob"
-0.19566192898418,0.0544542084105435,-0.306411736591776,-0.0788569972110799,0.998800788892085
