"Posterior_Mean","Posterior_SD","Posterior_LB","Posterior_UB","prob"
-0.0383266843632004,0.0610164714408014,-0.158060349757954,0.0840574416144399,0.738843325233261
