"Posterior_Mean","Posterior_SD","Posterior_LB","Posterior_UB","prob"
0.183617521450201,0.098298584497128,-0.00396527517490963,0.387417479531407,0.0273547282464389
