"Posterior_Mean","Posterior_SD","Posterior_LB","Posterior_UB","prob"
-0.0862784357885323,0.061725698738801,-0.254986936890885,0.0752736804847136,0.864033985444073
