"Posterior_Mean","Posterior_SD","Posterior_LB","Posterior_UB","prob"
-0.0503132714687576,0.0614919875812095,-0.171926255908906,0.0957589860607574,0.78579665728275
