"Posterior_Mean","Posterior_SD","Posterior_LB","Posterior_UB","prob"
-0.0901196789510229,0.0742337845579238,-0.234954361352208,0.0636226363475114,0.884230064300186
