"Posterior_Mean","Posterior_SD","Posterior_LB","Posterior_UB","prob"
-0.0112034469874248,0.0838127104811943,-0.188500359633604,0.15439577234105,0.549389907352019
