"Posterior_Mean","Posterior_SD","Posterior_LB","Posterior_UB","prob"
0.0142090256693085,0.0788562374203932,-0.172710474648794,0.173610850372893,0.413103781808217
