"Posterior_Mean","Posterior_SD","Posterior_LB","Posterior_UB","prob"
-0.167193766261073,0.0610990142283193,-0.28713544598477,-0.0478220045008509,0.996460334897049
