"Posterior_Mean","Posterior_SD","Posterior_LB","Posterior_UB","prob"
0.0921395587701084,0.0746660262937853,-0.0573067360513181,0.235248380652286,0.121412550483654
