"Posterior_Mean","Posterior_SD","Posterior_LB","Posterior_UB","prob"
0.0992665063210721,0.106432273485633,-0.112714090245075,0.304410928234138,0.176
