"Posterior_Mean","Posterior_SD","Posterior_LB","Posterior_UB","prob"
0.127905901604663,0.0940990779206002,-0.0646604992545299,0.333463668211879,0.0944174459995259
