"Posterior_Mean","Posterior_SD","Posterior_LB","Posterior_UB","prob"
-0.110801768616557,0.0767019530530125,-0.308229009650053,0.0804053281884414,0.85234636415137
