"Posterior_Mean","Posterior_SD","Posterior_LB","Posterior_UB","prob"
-0.214928403541411,0.0569760234746295,-0.338338243297073,-0.0799721403976428,0.997106513682761
