"Posterior_Mean","Posterior_SD","Posterior_LB","Posterior_UB","prob"
0.159025348208696,0.108211195128215,-0.0572571342036529,0.367879733881987,0.0721666666666667
