"Posterior_Mean","Posterior_SD","Posterior_LB","Posterior_UB","prob"
0.0300601211925164,0.0743143294195356,-0.114911811873595,0.17860991007169,0.338779456851876
