"Posterior_Mean","Posterior_SD","Posterior_LB","Posterior_UB","prob"
-0.0868078863751419,0.0502975530174025,-0.183446599080619,0.0146633085057714,0.953561992314219
