"Posterior_Mean","Posterior_SD","Posterior_LB","Posterior_UB","prob"
0.0848810586324824,0.102330266358527,-0.121405220171161,0.289928695538519,0.197702244780754
