"Posterior_Mean","Posterior_SD","Posterior_LB","Posterior_UB","prob"
0.0319093867054926,0.073916887853446,-0.115190889120484,0.173029748052189,0.333691146998573
