"Posterior_Mean","Posterior_SD","Posterior_LB","Posterior_UB","prob"
-0.0728793706862813,0.0634703783909318,-0.201405417606337,0.0745597287966871,0.86257088977913
