"Posterior_Mean","Posterior_SD","Posterior_LB","Posterior_UB","prob"
-0.0449823600794302,0.0561188076525678,-0.176647423691076,0.0970465836042376,0.726066901986825
