"Posterior_Mean","Posterior_SD","Posterior_LB","Posterior_UB","prob"
-0.0717568735907331,0.0545635750090014,-0.200090148984129,0.0881494137787342,0.8548433129741
