"Posterior_Mean","Posterior_SD","Posterior_LB","Posterior_UB","prob"
-0.202134370176304,0.0526059168333545,-0.31104075329701,-0.0681597328756574,0.997462757537032
