"Posterior_Mean","Posterior_SD","Posterior_LB","Posterior_UB","prob"
0.136329058119809,0.0780856608532037,-0.0212759269833309,0.325776103416417,0.046818499525177
