"Posterior_Mean","Posterior_SD","Posterior_LB","Posterior_UB","prob"
-0.0876767214452107,0.0523682531938329,-0.189312756910569,0.0156156923093663,0.956190710169577
