"Posterior_Mean","Posterior_SD","Posterior_LB","Posterior_UB","prob"
-0.103369086940018,0.0595390561797881,-0.222611326932612,0.0145907344692811,0.957339830261695
