"Posterior_Mean","Posterior_SD","Posterior_LB","Posterior_UB","prob"
-0.138465017013147,0.0618556358042668,-0.261160770281768,-0.010863969991421,0.982292940678833
