"Posterior_Mean","Posterior_SD","Posterior_LB","Posterior_UB","prob"
0.0912268697151175,0.077178721955978,-0.0640194204296715,0.253953795812955,0.116050969068332
