"Posterior_Mean","Posterior_SD","Posterior_LB","Posterior_UB","prob"
-0.0416170999636924,0.0828735603486427,-0.206993124145281,0.152298368421705,0.692071717120287
