"Posterior_Mean","Posterior_SD","Posterior_LB","Posterior_UB","prob"
-0.0477171985909447,0.0590895557231312,-0.195436827035513,0.147890073877438,0.727107065494023
