"Posterior_Mean","Posterior_SD","Posterior_LB","Posterior_UB","prob"
-0.0328236373045086,0.0762080795349487,-0.182447377760467,0.115870534213749,0.663596034327296
