"Posterior_Mean","Posterior_SD","Posterior_LB","Posterior_UB","prob"
-0.121867935598436,0.0820787830633175,-0.336859190626456,0.0661335869320932,0.888088192726051
