"Posterior_Mean","Posterior_SD","Posterior_LB","Posterior_UB","prob"
-0.0381522884565426,0.108025113493784,-0.252261373154158,0.165583102856894,0.627606873985641
