"Posterior_Mean","Posterior_SD","Posterior_LB","Posterior_UB","prob"
-0.161996082747871,0.0608369738383364,-0.284210606546555,-0.0391906309438024,0.993608483863854
