"Posterior_Mean","Posterior_SD","Posterior_LB","Posterior_UB","prob"
-0.137788501215473,0.0516892087143485,-0.239346606914604,-0.0386075680680132,0.994799334657044
