"Posterior_Mean","Posterior_SD","Posterior_LB","Posterior_UB","prob"
-0.0154336575884539,0.0787409908177353,-0.177543119723076,0.197742630517488,0.610027578879581
