"Posterior_Mean","Posterior_SD","Posterior_LB","Posterior_UB","prob"
-0.235224741362986,0.0561397976333958,-0.347731115428092,-0.118280410637425,0.997903420966022
