"Posterior_Mean","Posterior_SD","Posterior_LB","Posterior_UB","prob"
0.0859057066785263,0.110078957735024,-0.130182681256688,0.299364941228407,0.226003630600233
