"Posterior_Mean","Posterior_SD","Posterior_LB","Posterior_UB","prob"
-0.125670013451567,0.0648247339111851,-0.25662251527587,0.0148534792767708,0.960623080750806
