"Posterior_Mean","Posterior_SD","Posterior_LB","Posterior_UB","prob"
0.0732966875568966,0.0975381237703858,-0.143935294846979,0.308168601286245,0.279453982831317
