"Posterior_Mean","Posterior_SD","Posterior_LB","Posterior_UB","prob"
-0.174021093407098,0.0633146473541433,-0.327891518313697,0.00402732329699769,0.972570939576475
