"Posterior_Mean","Posterior_SD","Posterior_LB","Posterior_UB","prob"
0.0706621165119777,0.0771304178631515,-0.0860913418095934,0.279693973496418,0.213672541353735
