"Posterior_Mean","Posterior_SD","Posterior_LB","Posterior_UB","prob"
-0.185595221145078,0.102787236296134,-0.388134043961793,0.0153664356772817,0.964333333333333
