"Posterior_Mean","Posterior_SD","Posterior_LB","Posterior_UB","prob"
-0.0319534240348979,0.0583072759412592,-0.148662558981508,0.0842656085246962,0.699424483503886
