"Posterior_Mean","Posterior_SD","Posterior_LB","Posterior_UB","prob"
-0.0163155150083019,0.0755438424727198,-0.16739467865482,0.141241249132612,0.594424074849866
