"Posterior_Mean","Posterior_SD","Posterior_LB","Posterior_UB","prob"
0.0588590238619669,0.0779890043140313,-0.107792401762122,0.215025606686348,0.228831636426486
