"Posterior_Mean","Posterior_SD","Posterior_LB","Posterior_UB","prob"
0.00587316987235494,0.0629387297123215,-0.113712687939762,0.126793437516013,0.46273545393377
