"Posterior_Mean","Posterior_SD","Posterior_LB","Posterior_UB","prob"
0.0153382784655599,0.0680520847585364,-0.178395665651781,0.196583551980956,0.442179181642936
