"Posterior_Mean","Posterior_SD","Posterior_LB","Posterior_UB","prob"
-0.0752058480788854,0.0615665875244036,-0.206633390406167,0.0562710716119187,0.871076586760422
