"Posterior_Mean","Posterior_SD","Posterior_LB","Posterior_UB","prob"
-0.0702709616172956,0.0593099777864883,-0.186195429432466,0.0514950633657958,0.874330543182267
