"Posterior_Mean","Posterior_SD","Posterior_LB","Posterior_UB","prob"
-0.132091632262268,0.066366959899231,-0.282468298382206,0.0406333174855204,0.93868698761011
