"Posterior_Mean","Posterior_SD","Posterior_LB","Posterior_UB","prob"
-0.0368280490930865,0.105209560128861,-0.25177909467906,0.167686496471764,0.633
