"Posterior_Mean","Posterior_SD","Posterior_LB","Posterior_UB","prob"
0.0134163113993017,0.0639289843186148,-0.122540769805981,0.17338265940215,0.435908732756771
