"Posterior_Mean","Posterior_SD","Posterior_LB","Posterior_UB","prob"
-0.150529318274719,0.0575083433322681,-0.278087907428666,0.0280064776629553,0.954411241037585
