"Posterior_Mean","Posterior_SD","Posterior_LB","Posterior_UB","prob"
-0.0768659675747875,0.079792603808214,-0.291099951984548,0.102062272588475,0.777235937213056
