"Posterior_Mean","Posterior_SD","Posterior_LB","Posterior_UB","prob"
0.0102166357908956,0.0744463114136076,-0.136833104642026,0.156507320735774,0.447778608046318
