"Posterior_Mean","Posterior_SD","Posterior_LB","Posterior_UB","prob"
-0.0560302580363663,0.0618523475133068,-0.180383733780093,0.065393293766095,0.811676560292876
