"Posterior_Mean","Posterior_SD","Posterior_LB","Posterior_UB","prob"
-0.190051237886927,0.0585316317632553,-0.314990839939846,-0.0569917998822648,0.996112554494929
