"Posterior_Mean","Posterior_SD","Posterior_LB","Posterior_UB","prob"
0.0770026849917709,0.0740778343973405,-0.0690708868181776,0.22919644686105,0.150676083197777
