"Posterior_Mean","Posterior_SD","Posterior_LB","Posterior_UB","prob"
-0.0776551327948114,0.0572691970627889,-0.196618987268859,0.0598031212251716,0.886108098646641
