"Posterior_Mean","Posterior_SD","Posterior_LB","Posterior_UB","prob"
0.0377034185970323,0.0754797810363776,-0.134210348753106,0.203676591333927,0.306070256810992
