"Posterior_Mean","Posterior_SD","Posterior_LB","Posterior_UB","prob"
-0.154711882091004,0.0600628124696147,-0.273964497733318,-0.0329597065210842,0.991399287826397
