"Posterior_Mean","Posterior_SD","Posterior_LB","Posterior_UB","prob"
0.0124264127301676,0.0754227975602625,-0.132505559351913,0.169141091474656,0.446075557259716
