"Posterior_Mean","Posterior_SD","Posterior_LB","Posterior_UB","prob"
-0.0399122498803574,0.0792671436487748,-0.196599963931434,0.120867285276934,0.695235372821831
