"Posterior_Mean","Posterior_SD","Posterior_LB","Posterior_UB","prob"
-0.00651074423260649,0.102548311428593,-0.206192214169202,0.202624805075334,0.539728216497439
