"Posterior_Mean","Posterior_SD","Posterior_LB","Posterior_UB","prob"
-0.0506553569487524,0.0632912364569446,-0.180963542667927,0.103575057339373,0.781881853266062
