"Posterior_Mean","Posterior_SD","Posterior_LB","Posterior_UB","prob"
0.0149895600126634,0.06930470177739,-0.182529964636203,0.1958614139966,0.422130136738501
