"Posterior_Mean","Posterior_SD","Posterior_LB","Posterior_UB","prob"
-0.104764882307673,0.0645089497766958,-0.240073498941887,0.0820286537006144,0.906463622375781
