"Posterior_Mean","Posterior_SD","Posterior_LB","Posterior_UB","prob"
-0.104073711609956,0.0734481542771347,-0.249527199386293,0.0444342583436206,0.920427471409409
