"Posterior_Mean","Posterior_SD","Posterior_LB","Posterior_UB","prob"
-0.0812600063877974,0.0744388561215681,-0.231243117534634,0.0613160720968977,0.862531840397554
