"Posterior_Mean","Posterior_SD","Posterior_LB","Posterior_UB","prob"
-0.152472549096078,0.0589290007134054,-0.267267615126643,-0.0371659248910603,0.995727568519683
