"Posterior_Mean","Posterior_SD","Posterior_LB","Posterior_UB","prob"
0.0736370759604614,0.0597529043401032,-0.0545042642694113,0.189624996651756,0.114592893576517
