"Posterior_Mean","Posterior_SD","Posterior_LB","Posterior_UB","prob"
0.160407192807996,0.0718089268389192,0.0191645578071273,0.30164649435777,0.0138289287148254
