"Posterior_Mean","Posterior_SD","Posterior_LB","Posterior_UB","prob"
-0.178623671336166,0.0520475492865312,-0.278215204837855,-0.0703218746962034,0.999755352848868
