"Posterior_Mean","Posterior_SD","Posterior_LB","Posterior_UB","prob"
-0.103707991821744,0.0616356317806801,-0.229840910411262,0.0498429250478316,0.925313739612293
