"Posterior_Mean","Posterior_SD","Posterior_LB","Posterior_UB","prob"
0.0125279053289236,0.0607978676345955,-0.10717820535916,0.139985837428509,0.41684752868409
