"Posterior_Mean","Posterior_SD","Posterior_LB","Posterior_UB","prob"
0.101757700688294,0.109601303757792,-0.118188244592994,0.317155509260773,0.175166666666667
