"Posterior_Mean","Posterior_SD","Posterior_LB","Posterior_UB","prob"
-0.0951410729017222,0.0747394964535422,-0.241279767775929,0.0534087860295837,0.899739121716702
