"Posterior_Mean","Posterior_SD","Posterior_LB","Posterior_UB","prob"
-0.115699172463264,0.0601516077725461,-0.233262369932711,0.0108286211302332,0.964343118876036
