"Posterior_Mean","Posterior_SD","Posterior_LB","Posterior_UB","prob"
-0.0833256719405655,0.078128578329079,-0.238787926237597,0.0700316361202457,0.856576984706751
