"Posterior_Mean","Posterior_SD","Posterior_LB","Posterior_UB","prob"
0.046264860987756,0.0732869516046446,-0.100098772514775,0.18916907621268,0.261286980454505
