"Posterior_Mean","Posterior_SD","Posterior_LB","Posterior_UB","prob"
-0.122726107037307,0.063165715596791,-0.250663031418226,0.0163092928674882,0.958647949293083
