"Posterior_Mean","Posterior_SD","Posterior_LB","Posterior_UB","prob"
0.00239194464377928,0.0601785189780311,-0.148104407563964,0.127277324110687,0.461522749920584
