"Posterior_Mean","Posterior_SD","Posterior_LB","Posterior_UB","prob"
-0.233400284154015,0.0604266025806462,-0.354990805771746,-0.102179100773632,0.99868385348557
