"Posterior_Mean","Posterior_SD","Posterior_LB","Posterior_UB","prob"
0.0512245288094521,0.105735312184141,-0.152481744095449,0.260596396490974,0.312666666666667
