"Posterior_Mean","Posterior_SD","Posterior_LB","Posterior_UB","prob"
-0.10828715846667,0.0677258820099969,-0.283655638601665,0.0461823301356003,0.916791575203737
