"Posterior_Mean","Posterior_SD","Posterior_LB","Posterior_UB","prob"
0.0328385500337064,0.114282399274009,-0.187680136347448,0.257283439488585,0.385707392029637
