"Posterior_Mean","Posterior_SD","Posterior_LB","Posterior_UB","prob"
-0.130784212838308,0.0692571787157941,-0.267482347291909,0.0511645035659402,0.941804797383437
