"Posterior_Mean","Posterior_SD","Posterior_LB","Posterior_UB","prob"
-0.068429959953879,0.0598232807713458,-0.185857830757313,0.0489618280625409,0.872892375312401
