"Posterior_Mean","Posterior_SD","Posterior_LB","Posterior_UB","prob"
0.0597435036617169,0.100098063288979,-0.13801174396937,0.258286460562677,0.278833333333333
