"Posterior_Mean","Posterior_SD","Posterior_LB","Posterior_UB","prob"
-0.0552197933593985,0.0595608292949366,-0.174097804636889,0.0695346794390529,0.822668996460879
