"Posterior_Mean","Posterior_SD","Posterior_LB","Posterior_UB","prob"
-0.0783636111380695,0.0606592731779535,-0.197767103592109,0.0433891027938806,0.900605749933256
