"Posterior_Mean","Posterior_SD","Posterior_LB","Posterior_UB","prob"
-0.000603800315328204,0.061496197727538,-0.131130131471376,0.17157870703466,0.543055076971475
