"Posterior_Mean","Posterior_SD","Posterior_LB","Posterior_UB","prob"
0.00828204285144454,0.103314803977836,-0.195441255724926,0.209939685443105,0.460833333333333
