"Posterior_Mean","Posterior_SD","Posterior_LB","Posterior_UB","prob"
-0.16540212545149,0.0601803817387907,-0.284954941780604,-0.0455855157435855,0.996254893638674
