"Posterior_Mean","Posterior_SD","Posterior_LB","Posterior_UB","prob"
0.0132125615401411,0.0778171545636428,-0.180027020789365,0.169494274640522,0.412611586964695
