"Posterior_Mean","Posterior_SD","Posterior_LB","Posterior_UB","prob"
0.137189626993436,0.0998432184785718,-0.0638696740347429,0.333216939988105,0.0822454880411344
