"Posterior_Mean","Posterior_SD","Posterior_LB","Posterior_UB","prob"
-3.40317349543755e-05,0.0799226951739568,-0.175909954809329,0.157879645873019,0.491344076922279
