"Posterior_Mean","Posterior_SD","Posterior_LB","Posterior_UB","prob"
0.0285134791868989,0.0751221253565355,-0.125621446015104,0.179013686169032,0.366415743755868
