"Posterior_Mean","Posterior_SD","Posterior_LB","Posterior_UB","prob"
-0.140646735426686,0.0623541375365872,-0.29981943741296,0.0335219637943462,0.946249275221684
