"Posterior_Mean","Posterior_SD","Posterior_LB","Posterior_UB","prob"
0.0419809088771409,0.0789568776186399,-0.1699870728669,0.317068925889502,0.420326723988696
