"Posterior_Mean","Posterior_SD","Posterior_LB","Posterior_UB","prob"
-0.0462599287487208,0.0587834251292282,-0.169801637552213,0.0672592853927719,0.774483501219158
