"Posterior_Mean","Posterior_SD","Posterior_LB","Posterior_UB","prob"
-0.0448612908203012,0.059617212486903,-0.160955477629285,0.0742191531307798,0.777157531842257
