"Posterior_Mean","Posterior_SD","Posterior_LB","Posterior_UB","prob"
-0.0725231754381591,0.0676749633505405,-0.246283350167065,0.0711374254931394,0.833918869458655
