"Posterior_Mean","Posterior_SD","Posterior_LB","Posterior_UB","prob"
-0.0193017858629162,0.06696866146448,-0.179420961301636,0.160065448111973,0.60402885232244
