"Posterior_Mean","Posterior_SD","Posterior_LB","Posterior_UB","prob"
-0.0480904938040638,0.0682456790143345,-0.191860693521913,0.110861065739374,0.751963896243259
