"Posterior_Mean","Posterior_SD","Posterior_LB","Posterior_UB","prob"
-0.210952949134492,0.0598435409249544,-0.328373674220126,-0.0851128158150932,0.997569357654394
