"Posterior_Mean","Posterior_SD","Posterior_LB","Posterior_UB","prob"
-0.265109723751913,0.0516732102599295,-0.367206827667093,-0.15570940032436,0.999949977508915
