"Posterior_Mean","Posterior_SD","Posterior_LB","Posterior_UB","prob"
-0.0416217617461989,0.0600646529471384,-0.159106731294079,0.077876893631564,0.756132741029059
