"Posterior_Mean","Posterior_SD","Posterior_LB","Posterior_UB","prob"
-0.0342765971480448,0.0639653091863597,-0.173580936251356,0.149050076575885,0.704584385155003
