"Posterior_Mean","Posterior_SD","Posterior_LB","Posterior_UB","prob"
-0.109040984467087,0.0610623506176273,-0.264946836777859,0.0500913402340826,0.924128074381819
