"Posterior_Mean","Posterior_SD","Posterior_LB","Posterior_UB","prob"
0.0820168898302794,0.0765517099725012,-0.135661101733812,0.269263882884573,0.196964830188044
