"Posterior_Mean","Posterior_SD","Posterior_LB","Posterior_UB","prob"
-0.124042201124688,0.0618376856695959,-0.245980706794299,0.00713243213759477,0.968321970286895
