"Posterior_Mean","Posterior_SD","Posterior_LB","Posterior_UB","prob"
0.0774040598025774,0.0843146134067314,-0.143394717231759,0.248330047982178,0.210351975215875
