"Posterior_Mean","Posterior_SD","Posterior_LB","Posterior_UB","prob"
0.0129274929906707,0.083146408070895,-0.184188208069535,0.19305433959901,0.434855737699512
