"Posterior_Mean","Posterior_SD","Posterior_LB","Posterior_UB","prob"
0.119049290610445,0.0900151661306161,-0.0537562511201059,0.309922057091705,0.0849391703763195
