"Posterior_Mean","Posterior_SD","Posterior_LB","Posterior_UB","prob"
-0.396125474931561,0.107898992509457,-0.606128256335106,-0.183456636868548,0.999833333333333
