"Posterior_Mean","Posterior_SD","Posterior_LB","Posterior_UB","prob"
-0.0918739912835261,0.0614001415988355,-0.217147380426506,0.0320063146045457,0.928722492369213
