"Posterior_Mean","Posterior_SD","Posterior_LB","Posterior_UB","prob"
-0.0082786532939793,0.10478899834661,-0.217824790846375,0.190301498103421,0.531
