"Posterior_Mean","Posterior_SD","Posterior_LB","Posterior_UB","prob"
-0.039740798422371,0.0611043495489986,-0.161356275717008,0.0808989096049897,0.74124472480229
