"Posterior_Mean","Posterior_SD","Posterior_LB","Posterior_UB","prob"
0.170776707628513,0.0753437325001821,0.0211368556775629,0.324255178292621,0.0115857914432129
