"Posterior_Mean","Posterior_SD","Posterior_LB","Posterior_UB","prob"
0.00275988089763961,0.0747827430051444,-0.170785684101757,0.155506205573633,0.480557655574012
