"Posterior_Mean","Posterior_SD","Posterior_LB","Posterior_UB","prob"
0.0834873604501637,0.0989780947946426,-0.109691073981915,0.293864090108739,0.226000950363749
