"Posterior_Mean","Posterior_SD","Posterior_LB","Posterior_UB","prob"
-0.0637687663600378,0.0628007128861131,-0.189493541766132,0.0733517924361539,0.837531655480408
