"Posterior_Mean","Posterior_SD","Posterior_LB","Posterior_UB","prob"
0.0207909995245791,0.105229256802054,-0.180967557370833,0.222827652131491,0.421666666666667
