"Posterior_Mean","Posterior_SD","Posterior_LB","Posterior_UB","prob"
0.00239412074602865,0.0750689200462615,-0.154856414980491,0.147638694756219,0.480995991234783
