"Posterior_Mean","Posterior_SD","Posterior_LB","Posterior_UB","prob"
-0.123471659565412,0.0788249687055231,-0.281860457514461,0.0294575194747056,0.94091212914052
