"Posterior_Mean","Posterior_SD","Posterior_LB","Posterior_UB","prob"
0.0303945110125343,0.076468670183212,-0.126240289581265,0.177205080158201,0.341545933989548
