"Posterior_Mean","Posterior_SD","Posterior_LB","Posterior_UB","prob"
-0.0545066306157354,0.0752016524851681,-0.208957521832887,0.091090496538367,0.760027601559938
