"Posterior_Mean","Posterior_SD","Posterior_LB","Posterior_UB","prob"
0.0932388520782868,0.101893767823297,-0.106326515750719,0.297751016770706,0.177989242844007
