"Posterior_Mean","Posterior_SD","Posterior_LB","Posterior_UB","prob"
-0.0551974718306387,0.0923563244548778,-0.238330250413539,0.14345662552669,0.731997606113677
