"Posterior_Mean","Posterior_SD","Posterior_LB","Posterior_UB","prob"
0.124155736216113,0.0789525899324228,-0.0351695240293963,0.281221537693014,0.059324075222024
