"Posterior_Mean","Posterior_SD","Posterior_LB","Posterior_UB","prob"
-0.0627452688121201,0.0601629831772265,-0.183611763952822,0.0635069666612189,0.842019220828567
