"Posterior_Mean","Posterior_SD","Posterior_LB","Posterior_UB","prob"
-0.115712376326896,0.0996493150309361,-0.320301207764127,0.0842151701186239,0.876553045394895
