"Posterior_Mean","Posterior_SD","Posterior_LB","Posterior_UB","prob"
-0.0222424104043181,0.0538383681718359,-0.132831382347935,0.0916102275693166,0.657881408440059
