"Posterior_Mean","Posterior_SD","Posterior_LB","Posterior_UB","prob"
-0.0980462140220114,0.0649820197878644,-0.230105880319711,0.0432827288289394,0.916525378079025
