"Posterior_Mean","Posterior_SD","Posterior_LB","Posterior_UB","prob"
0.113507193148361,0.0780200075161054,-0.0791057655071892,0.326515424400646,0.116594237152052
