"Posterior_Mean","Posterior_SD","Posterior_LB","Posterior_UB","prob"
-0.108587672291102,0.082221559738665,-0.27068150504343,0.0663947066700296,0.901655216517725
