"Posterior_Mean","Posterior_SD","Posterior_LB","Posterior_UB","prob"
-0.0490875418257262,0.106531024695237,-0.260613980944356,0.161535836325866,0.675833333333333
