"Posterior_Mean","Posterior_SD","Posterior_LB","Posterior_UB","prob"
0.299878277867752,0.0991802490009534,0.113106629433311,0.501065295401333,0.000999519060534038
