"Posterior_Mean","Posterior_SD","Posterior_LB","Posterior_UB","prob"
-0.171136767191326,0.0594651277799045,-0.292976126175896,-0.0437541105689849,0.99274308596643
