"Posterior_Mean","Posterior_SD","Posterior_LB","Posterior_UB","prob"
0.046493349004339,0.0615739520729178,-0.082789410083988,0.18445342296833,0.234345374371483
