"Posterior_Mean","Posterior_SD","Posterior_LB","Posterior_UB","prob"
-0.0581769584553917,0.063134901220988,-0.182541657672885,0.0824205625744309,0.82018875620559
