"Posterior_Mean","Posterior_SD","Posterior_LB","Posterior_UB","prob"
0.216859839777923,0.10624729155617,0.0078490268986114,0.429924349085443,0.0213333333333333
