"Posterior_Mean","Posterior_SD","Posterior_LB","Posterior_UB","prob"
0.210696535505734,0.102782872581206,0.00968412289164171,0.406871521497357,0.0198333333333333
