"Posterior_Mean","Posterior_SD","Posterior_LB","Posterior_UB","prob"
0.0329255882318432,0.0777703109707741,-0.138845722694242,0.261650345357435,0.386868137233247
