"","Posterior_Mean","Posterior_SD","Posterior_LB","Posterior_UB"
"1",0.0308476685059961,0.044839231675516,-0.0559291997063816,0.121162420333787
