"","Posterior_Mean","Posterior_SD","Posterior_LB","Posterior_UB"
"1",0.088829924448347,0.0448951399297641,0.00132379711740383,0.174427765839017
