"","Posterior_Mean","Posterior_SD","Posterior_LB","Posterior_UB"
"1",0.0854895002756642,0.0441589778061893,-0.00545124544736929,0.169072613513445
