"","Posterior_Mean","Posterior_SD","Posterior_LB","Posterior_UB"
"1",-0.0368655063741072,0.0523379647874725,-0.137139778352271,0.0646543485001001
