"","Posterior_Mean","Posterior_SD","Posterior_LB","Posterior_UB"
"1",0.00945415622442308,0.0457986315237099,-0.0826272253730926,0.099106008526246
