"","Posterior_Mean","Posterior_SD","Posterior_LB","Posterior_UB"
"1",-0.0519600016012743,0.0457088616506484,-0.140113658862325,0.0390925497750911
