"","Posterior_Mean","Posterior_SD","Posterior_LB","Posterior_UB"
"1",0.0565591752105377,0.0465137459950507,-0.0335404857900853,0.14873657592385
