"","Posterior_Mean","Posterior_SD","Posterior_LB","Posterior_UB"
"1",0.0191735571656653,0.0461589867928107,-0.0705866633695125,0.109792664551801
