"","Posterior_Mean","Posterior_SD","Posterior_LB","Posterior_UB"
"1",-0.0709972532055981,0.045100322319844,-0.160182848390646,0.0163220364021728
