"","Posterior_Mean","Posterior_SD","Posterior_LB","Posterior_UB"
"1",0.0430993201236513,0.0465736734627853,-0.0480852902439141,0.136467510066315
