"Posterior_Mean","Posterior_SD","Posterior_LB","Posterior_UB","prob"
-0.0586242656051229,0.238105112725333,-0.522714631121059,0.429155621344775,0.595834283700089
