"Posterior_Mean","Posterior_SD","Posterior_LB","Posterior_UB","prob"
-0.0420625859416396,0.208941483947949,-0.458841086066626,0.443506986612987,0.605588021581693
