"Posterior_Mean","Posterior_SD","Posterior_LB","Posterior_UB","prob"
0.445822026551641,0.236538001634999,-0.0398736943885529,0.903348876746905,0.034502481939664
