"Posterior_Mean","Posterior_SD","Posterior_LB","Posterior_UB","prob"
0.137522675213202,0.217060091998518,-0.29007488108822,0.563329309326767,0.260435386501481
