"Posterior_Mean","Posterior_SD","Posterior_LB","Posterior_UB","prob"
0.098827329323026,0.207700473126397,-0.313723980249413,0.536987305153569,0.327539780625468
