"Posterior_Mean","Posterior_SD","Posterior_LB","Posterior_UB","prob"
-0.137873290125201,0.225251242564035,-0.572962749321759,0.325141804270106,0.737680210664372
