"Posterior_Mean","Posterior_SD","Posterior_LB","Posterior_UB","prob"
-0.131138916338323,0.215467616112071,-0.569526107308662,0.330429778486945,0.738932561369897
