"Posterior_Mean","Posterior_SD","Posterior_LB","Posterior_UB","prob"
0.373687111680262,0.233822022114745,-0.0895427950277364,0.838870445210951,0.0557531433372483
