"Posterior_Mean","Posterior_SD","Posterior_LB","Posterior_UB","prob"
0.204559296444494,0.23087563492964,-0.257233137024013,0.66300378456738,0.180540561720134
