"Posterior_Mean","Posterior_SD","Posterior_LB","Posterior_UB","prob"
0.0372641775447555,0.226366073509694,-0.431796622783648,0.497344277255983,0.420093448977199
