"Posterior_Mean","Posterior_SD","Posterior_LB","Posterior_UB","prob"
0.200622807152182,0.239132862211941,-0.257360396208325,0.693761942443816,0.194499763154335
