"Posterior_Mean","Posterior_SD","Posterior_LB","Posterior_UB","prob"
-0.506058922765927,0.235265736182916,-0.970966750179522,-0.0283184580510133,0.980522438069906
