"Posterior_Mean","Posterior_SD","Posterior_LB","Posterior_UB","prob"
0.0233047681675628,0.222220371023723,-0.401435820599858,0.45706212867313,0.451854574396191
