"Posterior_Mean","Posterior_SD","Posterior_LB","Posterior_UB","prob"
0.158440586295145,0.229877124234087,-0.298470301817991,0.582504661014303,0.250027486928239
