"Posterior_Mean","Posterior_SD","Posterior_LB","Posterior_UB","prob"
-0.0805493357826126,0.24259068617024,-0.552262646097892,0.412129514848817,0.619246271430468
