"Posterior_Mean","Posterior_SD","Posterior_LB","Posterior_UB","prob"
-0.142045227512894,0.213033189074428,-0.564853076675364,0.259581923352123,0.753599236396594
