"Posterior_Mean","Posterior_SD","Posterior_LB","Posterior_UB","prob"
0.134514458446433,0.239703593380607,-0.344006576697639,0.602106580620631,0.289518235035004
