"Posterior_Mean","Posterior_SD","Posterior_LB","Posterior_UB","prob"
-0.099547858240553,0.232941661400718,-0.577451779736288,0.356008228725211,0.669115992899788
