"Posterior_Mean","Posterior_SD","Posterior_LB","Posterior_UB","prob"
-0.217483531628429,0.222894115010656,-0.667491410065642,0.222390064407421,0.83140697096207
