"Posterior_Mean","Posterior_SD","Posterior_LB","Posterior_UB","prob"
0.220787005205359,0.239770237175693,-0.243746509029197,0.705201795871229,0.181766427652384
