"Posterior_Mean","Posterior_SD","Posterior_LB","Posterior_UB","prob"
0.381357074028045,0.216137144800937,-0.054706996228252,0.848056208243112,0.0395348809595036
