"Posterior_Mean","Posterior_SD","Posterior_LB","Posterior_UB","prob"
0.326510722033914,0.244564665705204,-0.166565483510334,0.803255917326666,0.0926697796487422
