"Posterior_Mean","Posterior_SD","Posterior_LB","Posterior_UB","prob"
0.033872399155144,0.214398260200938,-0.379112052517627,0.455342948614323,0.440706730623063
