"Posterior_Mean","Posterior_SD","Posterior_LB","Posterior_UB","prob"
0.747438564768906,0.234776890278287,0.311689107781886,1.23348965774153,0.00150071048720829
