"Posterior_Mean","Posterior_SD","Posterior_LB","Posterior_UB","prob"
0.432470563607175,0.223133579396183,-0.0229738302428492,0.886396161856895,0.0309766625218976
