"Posterior_Mean","Posterior_SD","Posterior_LB","Posterior_UB","prob"
0.0514067717070427,0.227727810499297,-0.383568748020102,0.492906107617574,0.421489931751715
