"Posterior_Mean","Posterior_SD","Posterior_LB","Posterior_UB","prob"
0.443752299876624,0.25321286867806,-0.0621681523806665,0.954710015349978,0.0400004882375245
