"Posterior_Mean","Posterior_SD","Posterior_LB","Posterior_UB","prob"
-0.0286771471981122,0.234916152684367,-0.502656051130883,0.41617056340839,0.549673544380604
