"Posterior_Mean","Posterior_SD","Posterior_LB","Posterior_UB","prob"
0.0810157365722581,0.237747804840929,-0.372472098611654,0.552096519541641,0.366998494629781
