"Posterior_Mean","Posterior_SD","Posterior_LB","Posterior_UB","prob"
0.170703095368737,0.227733308039659,-0.28028143959167,0.621769622434953,0.231258607972751
