"Posterior_Mean","Posterior_SD","Posterior_LB","Posterior_UB","prob"
0.541435190854866,0.233269788188102,0.0734839852736441,0.98713229043076,0.0126531606238503
