"Posterior_Mean","Posterior_SD","Posterior_LB","Posterior_UB","prob"
0.210166725240175,0.206500783936484,-0.205302596626323,0.645146174405567,0.148101749003176
