"Posterior_Mean","Posterior_SD","Posterior_LB","Posterior_UB","prob"
-0.0985697878868533,0.244129255786515,-0.572077618835867,0.400726434173888,0.650478768916317
