"Posterior_Mean","Posterior_SD","Posterior_LB","Posterior_UB","prob"
0.0855087209678479,0.216137555721807,-0.358170480110667,0.518911550388659,0.337074718741472
