"Posterior_Mean","Posterior_SD","Posterior_LB","Posterior_UB","prob"
0.0686178043772171,0.232126760756517,-0.388130457944705,0.542200584288139,0.383641519761864
