"Posterior_Mean","Posterior_SD","Posterior_LB","Posterior_UB","prob"
-0.168745589455273,0.223814889596235,-0.600084224994543,0.254359223483743,0.770331548873417
