"Posterior_Mean","Posterior_SD","Posterior_LB","Posterior_UB","prob"
0.158855389212512,0.228259908477112,-0.282711170362607,0.606431227354289,0.248500004721539
