"Posterior_Mean","Posterior_SD","Posterior_LB","Posterior_UB","prob"
0.443981178922647,0.227533839211111,-0.0119277988659318,0.905202855596503,0.0284343993072057
