"Posterior_Mean","Posterior_SD","Posterior_LB","Posterior_UB","prob"
-0.215838422728893,0.229253011117071,-0.675668146657315,0.226720553883035,0.822163543546876
