"Posterior_Mean","Posterior_SD","Posterior_LB","Posterior_UB","prob"
-0.342447687338713,0.237594180458617,-0.830013469196039,0.132955090056189,0.926478998865964
