"Posterior_Mean","Posterior_SD","Posterior_LB","Posterior_UB","prob"
0.0925588211400775,0.193601184495535,-0.285687063354634,0.507024627120348,0.313972546537221
