"Posterior_Mean","Posterior_SD","Posterior_LB","Posterior_UB","prob"
0.417295229245701,0.222122600596044,3.77765496151022e-05,0.900163885209231,0.0256220084533384
