"Posterior_Mean","Posterior_SD","Posterior_LB","Posterior_UB","prob"
-0.0470715866593438,0.230267558879684,-0.497106741487094,0.408718563313981,0.590472886574973
