"Posterior_Mean","Posterior_SD","Posterior_LB","Posterior_UB","prob"
-0.278625427656757,0.248666715275488,-0.770361827229695,0.21609328859073,0.87401156926719
