"Posterior_Mean","Posterior_SD","Posterior_LB","Posterior_UB","prob"
-0.463853805791076,0.243894697631317,-0.961376833217544,0.035390912879252,0.966882904219661
