"Posterior_Mean","Posterior_SD","Posterior_LB","Posterior_UB","prob"
0.101407961766473,0.204982962399592,-0.304191048624755,0.549660457454548,0.331117514285633
