"Posterior_Mean","Posterior_SD","Posterior_LB","Posterior_UB","prob"
0.0872380037286446,0.234150057940487,-0.377055141422783,0.568653789661972,0.362834069783749
