"Posterior_Mean","Posterior_SD","Posterior_LB","Posterior_UB","prob"
-0.0847996177535376,0.234530134405814,-0.563958851658035,0.373562396246202,0.643270154381925
