"Posterior_Mean","Posterior_SD","Posterior_LB","Posterior_UB","prob"
0.305925376812849,0.23088160745479,-0.146423165814158,0.748852265232683,0.0932269280952878
