"Posterior_Mean","Posterior_SD","Posterior_LB","Posterior_UB","prob"
-0.112376733393019,0.228698584016871,-0.572596600544384,0.344849525008418,0.694192367598631
