"Posterior_Mean","Posterior_SD","Posterior_LB","Posterior_UB","prob"
0.248159198681945,0.232018194672116,-0.208261727641617,0.723560110458781,0.152326027527691
