"Posterior_Mean","Posterior_SD","Posterior_LB","Posterior_UB","prob"
-0.148250839328883,0.214224802158963,-0.59413727599509,0.294666162519551,0.73890716427515
