"Posterior_Mean","Posterior_SD","Posterior_LB","Posterior_UB","prob"
0.630882467308923,0.24959392777336,0.149060889900423,1.11462530306137,0.00499332499519037
