"Posterior_Mean","Posterior_SD","Posterior_LB","Posterior_UB","prob"
0.243750937811748,0.248165383685095,-0.236584638610244,0.727447734230678,0.162943094711335
