"Posterior_Mean","Posterior_SD","Posterior_LB","Posterior_UB","prob"
0.355173409754226,0.196709239326716,-0.0802587379732975,0.78218021733547,0.0530232220001342
