"Posterior_Mean","Posterior_SD","Posterior_LB","Posterior_UB","prob"
-0.138350945038002,0.263862583099292,-0.654249149226517,0.376060214102125,0.703273208080651
