"Posterior_Mean","Posterior_SD","Posterior_LB","Posterior_UB","prob"
0.00716014080934702,0.240300010076925,-0.461606806838389,0.454850946261754,0.487084080335977
