"Posterior_Mean","Posterior_SD","Posterior_LB","Posterior_UB","prob"
0.0350182803787227,0.233494696668633,-0.421940184665103,0.49349387196458,0.439718545712714
