"Posterior_Mean","Posterior_SD","Posterior_LB","Posterior_UB","prob"
-0.237579561391319,0.233670716610005,-0.681218015388088,0.21614097947539,0.843378522288908
