"Posterior_Mean","Posterior_SD","Posterior_LB","Posterior_UB","prob"
-0.137999613760228,0.212014229232331,-0.594284305999178,0.274176425147519,0.730225002251767
