"Posterior_Mean","Posterior_SD","Posterior_LB","Posterior_UB","prob"
0.242311635096826,0.237020780251832,-0.217243622347891,0.726872247151674,0.164400241196359
