"Posterior_Mean","Posterior_SD","Posterior_LB","Posterior_UB","prob"
-0.445433102050471,0.233549071808987,-0.925747964295739,-0.00112618144625543,0.976499978369235
