"Posterior_Mean","Posterior_SD","Posterior_LB","Posterior_UB","prob"
0.384741688453672,0.2180633780665,-0.0771587470822721,0.856888017370113,0.0574390670451164
