"Posterior_Mean","Posterior_SD","Posterior_LB","Posterior_UB","prob"
0.189212026606399,0.221222235508073,-0.249627912795044,0.630333764306539,0.199205544072967
