"Posterior_Mean","Posterior_SD","Posterior_LB","Posterior_UB","prob"
0.206217222872495,0.248093227221083,-0.277402968616989,0.709267922471886,0.200349924827961
