"Posterior_Mean","Posterior_SD","Posterior_LB","Posterior_UB","prob"
0.025795007119493,0.200552829261994,-0.380061781742527,0.440116260431465,0.45367601221785
