"Posterior_Mean","Posterior_SD","Posterior_LB","Posterior_UB","prob"
0.163740757543785,0.219123267978039,-0.272101056009298,0.630776764522468,0.224970750087963
