"Posterior_Mean","Posterior_SD","Posterior_LB","Posterior_UB","prob"
0.101927902561795,0.218187759711976,-0.328690954251857,0.564957069037056,0.323355020496301
