"Posterior_Mean","Posterior_SD","Posterior_LB","Posterior_UB","prob"
0.0745582457430001,0.223124326406801,-0.346622284135217,0.514955974849532,0.384500051582305
