"Posterior_Mean","Posterior_SD","Posterior_LB","Posterior_UB","prob"
0.0630602867342609,0.232502140248784,-0.404675145835188,0.511281898378912,0.384595999099217
