"Posterior_Mean","Posterior_SD","Posterior_LB","Posterior_UB","prob"
-0.111144297707149,0.230825807911343,-0.570731017467918,0.335704006922184,0.690508168268395
