"Posterior_Mean","Posterior_SD","Posterior_LB","Posterior_UB","prob"
0.214178464501129,0.238290364905465,-0.244045290929746,0.685803190446942,0.176033440962799
