"Posterior_Mean","Posterior_SD","Posterior_LB","Posterior_UB","prob"
0.313453611766964,0.216840522218339,-0.129843136014663,0.738245777497733,0.067000005303199
