"Posterior_Mean","Posterior_SD","Posterior_LB","Posterior_UB","prob"
-0.0858031362718073,0.238364295937306,-0.544348479431292,0.384947257627999,0.63649941052077
