"Posterior_Mean","Posterior_SD","Posterior_LB","Posterior_UB","prob"
-0.168500677926538,0.23855390749901,-0.660431710407121,0.298306685631574,0.757064676478749
