"Posterior_Mean","Posterior_SD","Posterior_LB","Posterior_UB","prob"
-0.0786052475916119,0.249424131958113,-0.56274469673457,0.390052846730843,0.622498901669781
