"Posterior_Mean","Posterior_SD","Posterior_LB","Posterior_UB","prob"
-0.131239891668558,0.242758951730518,-0.611757296889024,0.356905363326879,0.711160704940771
