"Posterior_Mean","Posterior_SD","Posterior_LB","Posterior_UB","prob"
-0.398546307530014,0.22828728988613,-0.917736933127128,0.0875207563083144,0.937761337831847
