"Posterior_Mean","Posterior_SD","Posterior_LB","Posterior_UB","prob"
0.378804648885989,0.208851570288583,-0.0422993486760168,0.852779597229867,0.0395201335237603
