"Posterior_Mean","Posterior_SD","Posterior_LB","Posterior_UB","prob"
-0.409852763941524,0.242786468145652,-0.902416231811278,0.0752447903992816,0.950000013569306
