"Posterior_Mean","Posterior_SD","Posterior_LB","Posterior_UB","prob"
-0.140861356933965,0.23642879946752,-0.628681347183867,0.351571393026751,0.739518580068491
