"Posterior_Mean","Posterior_SD","Posterior_LB","Posterior_UB","prob"
0.0976600519151,0.224182720853805,-0.326771641403335,0.531721372877354,0.335775085366333
