"Posterior_Mean","Posterior_SD","Posterior_LB","Posterior_UB","prob"
-0.329518097130864,0.229861013847778,-0.788007220795906,0.114646678118995,0.923649431093824
