"Posterior_Mean","Posterior_SD","Posterior_LB","Posterior_UB","prob"
0.0524516235647837,0.227893005516631,-0.400624280073777,0.510648183826598,0.401504263491345
