"Posterior_Mean","Posterior_SD","Posterior_LB","Posterior_UB","prob"
-0.0254433081077657,0.208279394124695,-0.427120192101637,0.386735885015379,0.547897398092255
