"Posterior_Mean","Posterior_SD","Posterior_LB","Posterior_UB","prob"
0.214161980434724,0.253469578782247,-0.28196396770576,0.718101462204923,0.196003546299287
