"Posterior_Mean","Posterior_SD","Posterior_LB","Posterior_UB","prob"
-0.0577822453876298,0.224552692224772,-0.51971345010435,0.388794998959547,0.598698476572677
