"Posterior_Mean","Posterior_SD","Posterior_LB","Posterior_UB","prob"
-0.183733990543548,0.179736024656724,-0.52802577187336,0.231883511073765,0.841012784636905
