"Posterior_Mean","Posterior_SD","Posterior_LB","Posterior_UB","prob"
-0.232115978691888,0.202364112320283,-0.629591127923798,0.176082681506442,0.873013634545189
