"Posterior_Mean","Posterior_SD","Posterior_LB","Posterior_UB","prob"
0.0686938750193815,0.235777654293793,-0.412082390619597,0.527441607505042,0.389039443720981
