"Posterior_Mean","Posterior_SD","Posterior_LB","Posterior_UB","prob"
-0.016729064651681,0.223231161178568,-0.473843326213995,0.429458562590234,0.525016621491216
