"Posterior_Mean","Posterior_SD","Posterior_LB","Posterior_UB","prob"
0.095346723767085,0.230349046464489,-0.376220789973895,0.548758965115387,0.331440380910784
