"Posterior_Mean","Posterior_SD","Posterior_LB","Posterior_UB","prob"
-0.020020849112536,0.217549992769642,-0.443767097826614,0.408413277796959,0.545755393771174
