"Posterior_Mean","Posterior_SD","Posterior_LB","Posterior_UB","prob"
0.0688721224117435,0.240868829785429,-0.388352418148637,0.548143605058708,0.393091382957056
