"Posterior_Mean","Posterior_SD","Posterior_LB","Posterior_UB","prob"
-0.163338127611017,0.228492020923245,-0.61666399038838,0.29067682700099,0.763288752000534
