"Posterior_Mean","Posterior_SD","Posterior_LB","Posterior_UB","prob"
-0.0236672384815309,0.222964248387454,-0.464185875682698,0.394947292840742,0.528375900771048
