"Posterior_Mean","Posterior_SD","Posterior_LB","Posterior_UB","prob"
-0.038369808975,0.213826235919738,-0.466594264840708,0.386799176659818,0.563147170971643
