"Posterior_Mean","Posterior_SD","Posterior_LB","Posterior_UB","prob"
0.199303932679769,0.243240657682849,-0.305895171137165,0.683328037555369,0.19902536444176
