"Posterior_Mean","Posterior_SD","Posterior_LB","Posterior_UB","prob"
0.104118034401659,0.215550404742923,-0.318137089575973,0.533455903883775,0.318323431195947
