"Posterior_Mean","Posterior_SD","Posterior_LB","Posterior_UB","prob"
0.214334413518767,0.212481347682914,-0.221582225079856,0.671219865940033,0.179829704194261
