"Posterior_Mean","Posterior_SD","Posterior_LB","Posterior_UB","prob"
-0.212592760645811,0.245269409068346,-0.695485474594752,0.283664709240353,0.816006117889627
