"Posterior_Mean","Posterior_SD","Posterior_LB","Posterior_UB","prob"
-0.112215939728005,0.230539191235898,-0.569640033138782,0.346898856397142,0.683359881105691
