"Posterior_Mean","Posterior_SD","Posterior_LB","Posterior_UB","prob"
-0.289204522977892,0.244207273949219,-0.770802786005008,0.192828064002327,0.883874704684264
