"Posterior_Mean","Posterior_SD","Posterior_LB","Posterior_UB","prob"
0.154394690628278,0.224822098501629,-0.292609167724451,0.609187704281125,0.242081671813268
