"Posterior_Mean","Posterior_SD","Posterior_LB","Posterior_UB","prob"
0.0835722523345428,0.229678939375658,-0.380561124172051,0.522279097877888,0.349870697433109
