"Posterior_Mean","Posterior_SD","Posterior_LB","Posterior_UB","prob"
0.315171957832084,0.238686772163639,-0.144778689076611,0.780987324935633,0.0928435516879188
