"Posterior_Mean","Posterior_SD","Posterior_LB","Posterior_UB","prob"
-0.0642470313826459,0.223367290807644,-0.508548669017583,0.381212524401681,0.609767469964702
