"Posterior_Mean","Posterior_SD","Posterior_LB","Posterior_UB","prob"
-0.108983200489041,0.208098034052038,-0.546514534863175,0.345106905153893,0.68378093642634
