"Posterior_Mean","Posterior_SD","Posterior_LB","Posterior_UB","prob"
-0.13158535943814,0.213106815499529,-0.594451989516418,0.289562756487074,0.729418913905761
