"Posterior_Mean","Posterior_SD","Posterior_LB","Posterior_UB","prob"
-0.0879200601366385,0.188627254177257,-0.508098714515089,0.293860305128181,0.65744050327602
