"Posterior_Mean","Posterior_SD","Posterior_LB","Posterior_UB","prob"
-0.0678325970852428,0.204120331731736,-0.492005019633452,0.334295143699314,0.632775133950764
