"Posterior_Mean","Posterior_SD","Posterior_LB","Posterior_UB","prob"
-0.123805209567042,0.111427899390195,-0.370933106187326,0.153173257520144,0.834738320035353
