"Posterior_Mean","Posterior_SD","Posterior_LB","Posterior_UB","prob"
-0.196722659102417,0.112546420148397,-0.448417350870969,0.0673950460345009,0.937199697977901
