"Posterior_Mean","Posterior_SD","Posterior_LB","Posterior_UB","prob"
0.134807998948431,0.128341162859365,-0.154405154546157,0.39534139796443,0.151983514705528
