"Posterior_Mean","Posterior_SD","Posterior_LB","Posterior_UB","prob"
-0.216667473824049,0.149303392941873,-0.528791936199222,0.144234173261369,0.889515322683386
