"Posterior_Mean","Posterior_SD","Posterior_LB","Posterior_UB","prob"
-0.183913027343979,0.140583806681917,-0.506254652810834,0.142194442276684,0.85364479101485
