"Posterior_Mean","Posterior_SD","Posterior_LB","Posterior_UB","prob"
-0.0510610819172284,0.129575896344141,-0.314564420023411,0.253581584221148,0.650806752779075
