"Posterior_Mean","Posterior_SD","Posterior_LB","Posterior_UB","prob"
-0.154571929139262,0.119889858450881,-0.433776364512227,0.123257755280477,0.858193505478786
