"Posterior_Mean","Posterior_SD","Posterior_LB","Posterior_UB","prob"
-0.23908567347804,0.144169630720625,-0.550139188965274,0.087290225619366,0.921095379505354
