"Posterior_Mean","Posterior_SD","Posterior_LB","Posterior_UB","prob"
-0.130353572842009,0.118119887681383,-0.402044665387279,0.130608822237231,0.846542006610377
