"Posterior_Mean","Posterior_SD","Posterior_LB","Posterior_UB","prob"
-0.200153595995934,0.107366833536526,-0.450440866402342,0.0571708759356079,0.940756887473688
