"Posterior_Mean","Posterior_SD","Posterior_LB","Posterior_UB","prob"
0.112269534794981,0.161028730686206,-0.225342480537529,0.454739822158234,0.257632144280706
