"Posterior_Mean","Posterior_SD","Posterior_LB","Posterior_UB","prob"
-0.119570101418495,0.121434640789325,-0.39775739649692,0.139868055827276,0.807840005568744
