"Posterior_Mean","Posterior_SD","Posterior_LB","Posterior_UB","prob"
0.0830805419806792,0.138556595685846,-0.197366540019785,0.373593050424139,0.278993046939219
