"Posterior_Mean","Posterior_SD","Posterior_LB","Posterior_UB","prob"
0.0172361778923828,0.115378633021798,-0.207255226171506,0.28351470563671,0.459831773994741
