"Posterior_Mean","Posterior_SD","Posterior_LB","Posterior_UB","prob"
-0.0246671456128105,0.128428114105817,-0.325137938201067,0.260801457872768,0.554990093412915
