"Posterior_Mean","Posterior_SD","Posterior_LB","Posterior_UB","prob"
-0.219606513955114,0.121502188386198,-0.499161930029844,0.072418655620256,0.93080666912202
