"Posterior_Mean","Posterior_SD","Posterior_LB","Posterior_UB","prob"
0.120431427047793,0.140427785708312,-0.21786019307853,0.46025746557202,0.243936521284237
