"Posterior_Mean","Posterior_SD","Posterior_LB","Posterior_UB","prob"
-0.226609997823596,0.106286239753265,-0.447926956703297,0.0623280141165587,0.951583147292112
