"Posterior_Mean","Posterior_SD","Posterior_LB","Posterior_UB","prob"
-0.0795493489514501,0.105106924051082,-0.300302206112938,0.19758108519809,0.760626872912357
