"Posterior_Mean","Posterior_SD","Posterior_LB","Posterior_UB","prob"
-0.100576758092393,0.164186085316297,-0.428638604257827,0.218640795041837,0.727963928522928
