"Posterior_Mean","Posterior_SD","Posterior_LB","Posterior_UB","prob"
0.104873647620737,0.133428376781017,-0.207156036839812,0.508142600336629,0.331582001740322
