"","Posterior_Mean","Posterior_SD","Posterior_LB","Posterior_UB"
"1",-0.0100740707778683,0.0543774827557762,-0.113793070562755,0.102819768296736
