"","Posterior_Mean","Posterior_SD","Posterior_LB","Posterior_UB"
"1",0.119350381295832,0.0610239559701238,0.00174098811701956,0.237036884490253
