"","Posterior_Mean","Posterior_SD","Posterior_LB","Posterior_UB"
"1",0.0102368209663261,0.0617840992517711,-0.112192655998796,0.129111722354833
