"","Posterior_Mean","Posterior_SD","Posterior_LB","Posterior_UB"
"1",0.00486693012726078,0.0577293415506779,-0.109060961511314,0.113359775287801
