"","Posterior_Mean","Posterior_SD","Posterior_LB","Posterior_UB"
"1",-0.0181060710375836,0.0571486041378792,-0.128480057151965,0.0921213513426179
