"","Posterior_Mean","Posterior_SD","Posterior_LB","Posterior_UB"
"1",-0.128506370688645,0.0606014998937114,-0.246720435537027,-0.00920508083047829
