"","Posterior_Mean","Posterior_SD","Posterior_LB","Posterior_UB"
"1",0.0317804536916583,0.0578074944511202,-0.0819842347727029,0.142923428693249
