"Posterior_Mean","Posterior_SD","Posterior_LB","Posterior_UB","prob"
-0.202152981816817,0.0594777962847489,-0.330550604358754,-0.0496097359365568,0.995862694473128
