"Posterior_Mean","Posterior_SD","Posterior_LB","Posterior_UB","prob"
-0.37947182904411,0.0591881009953132,-0.504995335519864,-0.257843753818949,1
