"Posterior_Mean","Posterior_SD","Posterior_LB","Posterior_UB","prob"
-0.379405386015287,0.057988956356157,-0.495043662339553,-0.271696600221013,0.999999999976833
