"Posterior_Mean","Posterior_SD","Posterior_LB","Posterior_UB","prob"
-0.285780042034072,0.0890193899251043,-0.478856325564639,-0.0992179469440219,0.997548651309896
