"Posterior_Mean","Posterior_SD","Posterior_LB","Posterior_UB","prob"
-0.172260812830442,0.0889207718877548,-0.353210766393037,0.057319517565245,0.937513936562745
