"Posterior_Mean","Posterior_SD","Posterior_LB","Posterior_UB","prob"
-0.004682954851317,0.0784668415771517,-0.23627724199793,0.201872708739373,0.480422231260696
