"Posterior_Mean","Posterior_SD","Posterior_LB","Posterior_UB","prob"
-0.219272179224657,0.0738597005272441,-0.385810248865425,-0.0569136040985246,0.993815603227657
