"Posterior_Mean","Posterior_SD","Posterior_LB","Posterior_UB","prob"
-0.207713868278324,0.0663954696126595,-0.345105790821499,-0.0777882556622421,0.998869468133461
