"Posterior_Mean","Posterior_SD","Posterior_LB","Posterior_UB","prob"
-0.262889141895843,0.0905674873770831,-0.449724747972258,-0.088267552539809,0.996813716329909
