"Posterior_Mean","Posterior_SD","Posterior_LB","Posterior_UB","prob"
-0.226718373100825,0.0790085662078221,-0.398458208321806,0.0469592186568838,0.954168997566909
