"Posterior_Mean","Posterior_SD","Posterior_LB","Posterior_UB","prob"
-0.126625771915795,0.0947484399177986,-0.37962371175898,0.0683259848025899,0.887983632623415
