"Posterior_Mean","Posterior_SD","Posterior_LB","Posterior_UB","prob"
-0.32095640279495,0.0699924352155533,-0.473233230559898,-0.132950925131477,0.998434754432714
