"Posterior_Mean","Posterior_SD","Posterior_LB","Posterior_UB","prob"
-0.339600547919954,0.0563301680041223,-0.452503744628759,-0.21766604954179,0.999993514552063
