"Posterior_Mean","Posterior_SD","Posterior_LB","Posterior_UB","prob"
-0.315920132086169,0.0681163627047193,-0.445987648187297,-0.177058775257177,0.999989070484703
