"Posterior_Mean","Posterior_SD","Posterior_LB","Posterior_UB","prob"
-0.371474396203032,0.0649058876723296,-0.495624422432576,-0.240423333061287,0.999923195056909
