"Posterior_Mean","Posterior_SD","Posterior_LB","Posterior_UB","prob"
-0.307597480826107,0.0566440376610346,-0.418882465721104,-0.193083784778739,0.999979465391869
