"Posterior_Mean","Posterior_SD","Posterior_LB","Posterior_UB","prob"
-0.310120429932464,0.069036277703434,-0.453995607585415,-0.144578309690043,0.998816357961716
