"Posterior_Mean","Posterior_SD","Posterior_LB","Posterior_UB","prob"
-0.269040705514867,0.0989269514442113,-0.465112787501606,-0.054141433216711,0.991819533012472
