"Posterior_Mean","Posterior_SD","Posterior_LB","Posterior_UB","prob"
-0.269519833456265,0.0688651448393337,-0.402566619537227,-0.128549939806242,0.999605975582943
