"Posterior_Mean","Posterior_SD","Posterior_LB","Posterior_UB","prob"
-0.284495908777229,0.0729283641197792,-0.509380902654268,-0.134925634634902,0.999984379737059
