"Posterior_Mean","Posterior_SD","Posterior_LB","Posterior_UB","prob"
-0.354290880501275,0.0614275607383764,-0.474493502527286,-0.225987710943556,0.999986703258133
