"Posterior_Mean","Posterior_SD","Posterior_LB","Posterior_UB","prob"
-0.170245022507775,0.0878319522370131,-0.373877325141735,0.0333099653363922,0.953397488651857
