"Posterior_Mean","Posterior_SD","Posterior_LB","Posterior_UB","prob"
-0.248780033295866,0.0872834832051294,-0.422849118758354,-0.0374597126489357,0.988204686959896
