"Posterior_Mean","Posterior_SD","Posterior_LB","Posterior_UB","prob"
-0.187847157859104,0.0821248726840114,-0.355176052231399,-0.0273041569092716,0.988002671872871
