"Posterior_Mean","Posterior_SD","Posterior_LB","Posterior_UB","prob"
-0.283545199974612,0.0661811165716474,-0.42016459250669,-0.143118773104201,0.999986635778268
