"Posterior_Mean","Posterior_SD","Posterior_LB","Posterior_UB","prob"
-0.22207323886114,0.0687524252804512,-0.366006428800943,-0.0449172923489931,0.990227753637385
