"Posterior_Mean","Posterior_SD","Posterior_LB","Posterior_UB","prob"
-0.318003711737181,0.0570802153990766,-0.434956251217435,-0.206259263430149,0.999999666735633
