"Posterior_Mean","Posterior_SD","Posterior_LB","Posterior_UB","prob"
-0.263088830323288,0.074421201217614,-0.438719911942342,-0.114279480244798,0.999631354136921
