"Posterior_Mean","Posterior_SD","Posterior_LB","Posterior_UB","prob"
-0.189577807299019,0.0738223754272163,-0.347759804949564,0.0339219469961581,0.955556014258762
