"Posterior_Mean","Posterior_SD","Posterior_LB","Posterior_UB","prob"
-0.399052191555983,0.0667489667233548,-0.534842903822154,-0.254404965352369,0.999978291496975
