"Posterior_Mean","Posterior_SD","Posterior_LB","Posterior_UB","prob"
-0.292882294392979,0.066268063487718,-0.433686445764782,-0.138139677821548,0.999309661530243
