"Posterior_Mean","Posterior_SD","Posterior_LB","Posterior_UB","prob"
-0.278301474205514,0.0579922606636469,-0.394862976845313,-0.167072300275629,0.999998844404207
