"Posterior_Mean","Posterior_SD","Posterior_LB","Posterior_UB","prob"
-0.381159920771441,0.0654701662479821,-0.520043021239379,-0.189607320098149,0.999336030452378
