"Posterior_Mean","Posterior_SD","Posterior_LB","Posterior_UB","prob"
-0.180754362873965,0.0662118612434795,-0.313080865081621,-0.0567184034554224,0.997787534349994
