"Posterior_Mean","Posterior_SD","Posterior_LB","Posterior_UB","prob"
-0.276946702510808,0.0670348046866735,-0.404982343234349,-0.144952327808588,0.999850098935349
