"Posterior_Mean","Posterior_SD","Posterior_LB","Posterior_UB","prob"
-0.0672438042380916,0.0807594320588503,-0.229032924627732,0.0959436191681757,0.798860859357812
