"Posterior_Mean","Posterior_SD","Posterior_LB","Posterior_UB","prob"
-0.354624855380548,0.0659058491413505,-0.480937264812094,-0.222931411133779,0.999912323313944
