"Posterior_Mean","Posterior_SD","Posterior_LB","Posterior_UB","prob"
-0.275733918585178,0.0869045151500529,-0.502014259363869,-0.0845322800968674,0.99882681341885
