"Posterior_Mean","Posterior_SD","Posterior_LB","Posterior_UB","prob"
-0.343294391102347,0.061515339210575,-0.483031382893502,-0.195956675602493,0.999796135301225
