"Posterior_Mean","Posterior_SD","Posterior_LB","Posterior_UB","prob"
-0.333565817390691,0.0591474225568478,-0.450752718363921,-0.212094077871754,0.999999430602565
