"Posterior_Mean","Posterior_SD","Posterior_LB","Posterior_UB","prob"
-0.365524833585854,0.0628185811761806,-0.544374792152143,-0.197813015702234,0.999991369676861
