"Posterior_Mean","Posterior_SD","Posterior_LB","Posterior_UB","prob"
-0.318104987911851,0.0673521970049684,-0.453328730213469,-0.184943429522279,0.99999793672641
