"Posterior_Mean","Posterior_SD","Posterior_LB","Posterior_UB","prob"
-0.317258788936368,0.115478082721959,-0.551445254226909,-0.0888096035542962,0.997116606817664
