"Posterior_Mean","Posterior_SD","Posterior_LB","Posterior_UB","prob"
-0.229123761753941,0.092590868218878,-0.460583999727511,-0.001107854641761,0.975776379303543
