"Posterior_Mean","Posterior_SD","Posterior_LB","Posterior_UB","prob"
-0.151933167831006,0.0659988553830145,-0.281929983970976,-0.0196142547950923,0.987994533825585
