"Posterior_Mean","Posterior_SD","Posterior_LB","Posterior_UB","prob"
-0.376559486905988,0.07001904379844,-0.526573459060107,-0.199569779783673,0.999935904292635
