"Posterior_Mean","Posterior_SD","Posterior_LB","Posterior_UB","prob"
-0.374149520453018,0.0721360550233891,-0.547082865860744,-0.10148378475443,0.994246681469832
