"Posterior_Mean","Posterior_SD","Posterior_LB","Posterior_UB","prob"
-0.35280760297468,0.0624544748660913,-0.486802763798945,-0.213471386078354,0.999999998647036
