"Posterior_Mean","Posterior_SD","Posterior_LB","Posterior_UB","prob"
-0.230820036110429,0.1178679370709,-0.463987418236597,-0.00261627192599645,0.975526422046088
