"Posterior_Mean","Posterior_SD","Posterior_LB","Posterior_UB","prob"
-0.404942083504515,0.0761128802409352,-0.582503280634777,-0.254633999931227,1
