"Posterior_Mean","Posterior_SD","Posterior_LB","Posterior_UB","prob"
-0.364305477919181,0.0679084724950843,-0.520142382705071,-0.207907763429772,0.999958237521624
