"Posterior_Mean","Posterior_SD","Posterior_LB","Posterior_UB","prob"
-0.34251452698847,0.0557967251097138,-0.455425512983665,-0.227996609453167,0.99999995317055
