"Posterior_Mean","Posterior_SD","Posterior_LB","Posterior_UB","prob"
-0.274706613474508,0.0683581288863536,-0.418128823408064,-0.105913023643641,0.998379824132848
