"Posterior_Mean","Posterior_SD","Posterior_LB","Posterior_UB","prob"
-0.241084209325869,0.0599545053722583,-0.36141156494511,-0.105080921437439,0.996496469590572
