"Posterior_Mean","Posterior_SD","Posterior_LB","Posterior_UB","prob"
-0.184754090665031,0.102219269202669,-0.407526411104723,0.0461303817404482,0.94460326173768
