"Posterior_Mean","Posterior_SD","Posterior_LB","Posterior_UB","prob"
-0.140867861953262,0.0823679095790538,-0.301353990411284,0.0216287877040399,0.958257175865384
