"Posterior_Mean","Posterior_SD","Posterior_LB","Posterior_UB","prob"
-0.190781697678258,0.0626189607717135,-0.357946719793279,-0.0414923610067066,0.992800561141497
