"Posterior_Mean","Posterior_SD","Posterior_LB","Posterior_UB","prob"
-0.202466019839565,0.0911140843294619,-0.398489085688989,0.0268836327019059,0.959474055578699
