"Posterior_Mean","Posterior_SD","Posterior_LB","Posterior_UB","prob"
-0.2980012458942,0.0827958427850046,-0.477299084728434,-0.0757217118418043,0.994404981306613
