"Posterior_Mean","Posterior_SD","Posterior_LB","Posterior_UB","prob"
-0.401364888013308,0.0702714157400825,-0.548042631959704,-0.222596168573115,0.999854533255931
