"Posterior_Mean","Posterior_SD","Posterior_LB","Posterior_UB","prob"
-0.391411636668748,0.0599999717648362,-0.515671307571791,-0.261766388805977,0.999947252327069
