"Posterior_Mean","Posterior_SD","Posterior_LB","Posterior_UB","prob"
-0.29959537269133,0.0590034493925773,-0.415046853627974,-0.179038994856076,0.999965248275108
