"Posterior_Mean","Posterior_SD","Posterior_LB","Posterior_UB","prob"
-0.325847453637638,0.0647816930272938,-0.461761510383726,-0.139334633070419,0.996423221301745
