"Posterior_Mean","Posterior_SD","Posterior_LB","Posterior_UB","prob"
-0.407100645737743,0.0664083043090319,-0.538002148090623,-0.274129557304082,0.999975676054349
