"Posterior_Mean","Posterior_SD","Posterior_LB","Posterior_UB","prob"
-0.317021469545613,0.059917041457172,-0.445604290463819,-0.195295121001086,0.999937146840412
