"Posterior_Mean","Posterior_SD","Posterior_LB","Posterior_UB","prob"
-0.221631170026142,0.0627466334864964,-0.357089077705861,-0.0608476844320985,0.995486692131071
