"Posterior_Mean","Posterior_SD","Posterior_LB","Posterior_UB","prob"
-0.331274329408598,0.0656722031507291,-0.474447653378983,-0.193907860177465,1
