"Posterior_Mean","Posterior_SD","Posterior_LB","Posterior_UB","prob"
-0.461553867628901,0.0775837313770971,-0.659988390693777,-0.263341848878629,1
