"Posterior_Mean","Posterior_SD","Posterior_LB","Posterior_UB","prob"
-0.273472684246398,0.0596008610553256,-0.395097434498579,-0.138853971911014,0.999718712305288
