"Posterior_Mean","Posterior_SD","Posterior_LB","Posterior_UB","prob"
-0.239135107393904,0.0683221300541363,-0.384023894803562,-0.101747898310308,0.999852189420431
