"Posterior_Mean","Posterior_SD","Posterior_LB","Posterior_UB","prob"
-0.308316083302372,0.0753882509909372,-0.46244173455929,-0.0784018245759774,0.993339755030032
