"Posterior_Mean","Posterior_SD","Posterior_LB","Posterior_UB","prob"
-0.270514355166368,0.0619375977743928,-0.401914056394651,-0.0910456684387833,0.992938928224992
