"Posterior_Mean","Posterior_SD","Posterior_LB","Posterior_UB","prob"
-0.272483079887923,0.0677793895169869,-0.420990827484112,-0.127841417334871,0.99957451627133
