"Posterior_Mean","Posterior_SD","Posterior_LB","Posterior_UB","prob"
-0.167699471835226,0.0744389286903754,-0.315473539291504,0.0173468241598102,0.966124210683958
