"Posterior_Mean","Posterior_SD","Posterior_LB","Posterior_UB","prob"
-0.241031689817212,0.0691383766751376,-0.386870448605206,-0.0677406835213315,0.993444659589737
