"Posterior_Mean","Posterior_SD","Posterior_LB","Posterior_UB","prob"
-0.330535833923282,0.067123740984522,-0.462128216785999,-0.199730522373855,0.999890994196904
