"Posterior_Mean","Posterior_SD","Posterior_LB","Posterior_UB","prob"
-0.259535857870125,0.0663716046879455,-0.393227946970887,-0.118541359924566,0.999430334155576
