"Posterior_Mean","Posterior_SD","Posterior_LB","Posterior_UB","prob"
-0.305115650829967,0.0611047749079764,-0.442728016700382,-0.162285322252967,0.999624783666767
