"Posterior_Mean","Posterior_SD","Posterior_LB","Posterior_UB","prob"
-0.18330257029368,0.0664166980716959,-0.321122748773822,-0.028055762093863,0.987309686276129
