"Posterior_Mean","Posterior_SD","Posterior_LB","Posterior_UB","prob"
-0.380234740821437,0.0667425400956602,-0.511456127392812,-0.213224036911784,0.999752336723873
