"Posterior_Mean","Posterior_SD","Posterior_LB","Posterior_UB","prob"
-0.155147415714274,0.066493953401554,-0.331657027959743,0.00594515019113759,0.971819818165708
