"Posterior_Mean","Posterior_SD","Posterior_LB","Posterior_UB","prob"
-0.308793243006426,0.062485571914578,-0.451784423280137,-0.172802619033007,0.999947638630924
