"Posterior_Mean","Posterior_SD","Posterior_LB","Posterior_UB","prob"
-0.301761043536462,0.0831883039172321,-0.467165737633176,-0.141272496022293,0.99988885210285
