"Posterior_Mean","Posterior_SD","Posterior_LB","Posterior_UB","prob"
-0.184255344403052,0.0768235515977294,-0.344194576983351,-0.00667201590300988,0.979936912159685
