"Posterior_Mean","Posterior_SD","Posterior_LB","Posterior_UB","prob"
-0.372895670117755,0.0659087513249633,-0.50231284123372,-0.241978060881847,0.999985474428598
