"Posterior_Mean","Posterior_SD","Posterior_LB","Posterior_UB","prob"
-0.292052955174808,0.0890735802603407,-0.503132203933481,-0.0767730698774545,0.995201707937623
