"Posterior_Mean","Posterior_SD","Posterior_LB","Posterior_UB","prob"
-0.324669833819448,0.0648616761398333,-0.453689619500361,-0.194853829868161,0.999998685192036
