"Posterior_Mean","Posterior_SD","Posterior_LB","Posterior_UB","prob"
-0.346868226823317,0.0713665333005388,-0.501942698840402,-0.101661364663883,0.994289646153708
