"Posterior_Mean","Posterior_SD","Posterior_LB","Posterior_UB","prob"
-0.027211257729544,0.10992562686599,-0.30050045710326,0.22442498190244,0.572128411215068
