"Posterior_Mean","Posterior_SD","Posterior_LB","Posterior_UB","prob"
-0.217626936261346,0.117213464398047,-0.451080256469593,0.00725394531789936,0.968333333333333
