"Posterior_Mean","Posterior_SD","Posterior_LB","Posterior_UB","prob"
-0.391044705201077,0.086679547033809,-0.597801753817128,-0.187163610488597,1
