"Posterior_Mean","Posterior_SD","Posterior_LB","Posterior_UB","prob"
-0.296450644820283,0.0717533228150962,-0.468186108481437,-0.144262136325876,0.999406199965674
