"Posterior_Mean","Posterior_SD","Posterior_LB","Posterior_UB","prob"
-0.297647692663863,0.0668515222467782,-0.430219569171961,-0.165005059487045,0.999998245106223
