"Posterior_Mean","Posterior_SD","Posterior_LB","Posterior_UB","prob"
-0.205683189998612,0.0813546387006082,-0.413169257280002,0.0283941553061128,0.961802320854486
