"Posterior_Mean","Posterior_SD","Posterior_LB","Posterior_UB","prob"
-0.280396583871202,0.0645927341386204,-0.415154241619549,-0.14872075790714,0.999918422943081
