"Posterior_Mean","Posterior_SD","Posterior_LB","Posterior_UB","prob"
-0.28432280979301,0.0566826258577716,-0.392799387981276,-0.165523913830873,0.999878942308246
