"Posterior_Mean","Posterior_SD","Posterior_LB","Posterior_UB","prob"
-0.260575581582839,0.069956388190854,-0.404160150140229,-0.117794036433855,0.999131341182908
