"Posterior_Mean","Posterior_SD","Posterior_LB","Posterior_UB","prob"
-0.41973896921402,0.0936474506864907,-0.660245697940843,-0.208329691395578,1
