"Posterior_Mean","Posterior_SD","Posterior_LB","Posterior_UB","prob"
-0.318781713013549,0.0610314646290014,-0.4448026920859,-0.170291266893734,0.999985046846673
