"Posterior_Mean","Posterior_SD","Posterior_LB","Posterior_UB","prob"
-0.15543583003084,0.0709378603097068,-0.313884133983748,0.0230641777889673,0.961124911583715
