"Posterior_Mean","Posterior_SD","Posterior_LB","Posterior_UB","prob"
-0.172673433526843,0.067402963971052,-0.305189627491222,-0.0321820895703071,0.992847676480978
