"Posterior_Mean","Posterior_SD","Posterior_LB","Posterior_UB","prob"
-0.126970085477398,0.0857489747288563,-0.330096324542946,0.128581734685438,0.852603664541452
