"Posterior_Mean","Posterior_SD","Posterior_LB","Posterior_UB","prob"
-0.178722038298682,0.0881492647672365,-0.36230504139052,0.06122610751369,0.93733135499499
