"Posterior_Mean","Posterior_SD","Posterior_LB","Posterior_UB","prob"
-0.432452472938382,0.0586919921578712,-0.551380605472281,-0.29716698422673,0.999986822447846
