"Posterior_Mean","Posterior_SD","Posterior_LB","Posterior_UB","prob"
-0.219754000321093,0.0727288127943305,-0.448129456306102,-0.0561914598339893,0.995866374408904
