"Posterior_Mean","Posterior_SD","Posterior_LB","Posterior_UB","prob"
-0.182284022746817,0.0842137809829528,-0.3521826218006,-0.0153587206618753,0.98435495782874
