"Posterior_Mean","Posterior_SD","Posterior_LB","Posterior_UB","prob"
-0.284190953571048,0.0885336390949125,-0.470187847843988,-0.101333758331412,0.999084042917008
