"Posterior_Mean","Posterior_SD","Posterior_LB","Posterior_UB","prob"
-0.177632797112202,0.0701694259460495,-0.398854929397403,0.0469417610456687,0.933820582956183
