"Posterior_Mean","Posterior_SD","Posterior_LB","Posterior_UB","prob"
-0.25846276092391,0.0682319101966053,-0.391998842845064,-0.116457327284166,0.999709885836561
