"Posterior_Mean","Posterior_SD","Posterior_LB","Posterior_UB","prob"
-0.410571751187085,0.0580634262021165,-0.533914838735069,-0.287791065397172,0.99999831064323
