"Posterior_Mean","Posterior_SD","Posterior_LB","Posterior_UB","prob"
-0.247979409951764,0.083326629835148,-0.422849704976093,-0.0874252040854871,0.998886643602884
