"Posterior_Mean","Posterior_SD","Posterior_LB","Posterior_UB","prob"
-0.0853999764828998,0.0840861682707424,-0.302915112936014,0.0894494267942219,0.826222947626722
