"Posterior_Mean","Posterior_SD","Posterior_LB","Posterior_UB","prob"
-0.193954910066603,0.0744925717182391,-0.401381078711257,-0.00519522876336052,0.978080308863052
