"Posterior_Mean","Posterior_SD","Posterior_LB","Posterior_UB","prob"
-0.2416510034887,0.0856350644090161,-0.454878996440874,-0.0699767916058434,0.997655486042872
