"Posterior_Mean","Posterior_SD","Posterior_LB","Posterior_UB","prob"
-0.163128092499376,0.0689740211503949,-0.304270773800076,-0.0236322535245182,0.985622136062429
