"Posterior_Mean","Posterior_SD","Posterior_LB","Posterior_UB","prob"
-0.348819024688757,0.0710166200658298,-0.52646102006345,-0.123026973099247,0.999406662620424
