"Posterior_Mean","Posterior_SD","Posterior_LB","Posterior_UB","prob"
-0.252612432735829,0.102817990023271,-0.509428476250995,-0.0202821898839274,0.984900555722855
