"Posterior_Mean","Posterior_SD","Posterior_LB","Posterior_UB","prob"
-0.336052031835434,0.0667809473356915,-0.481290329733515,-0.15683560467181,0.99931275885484
