"Posterior_Mean","Posterior_SD","Posterior_LB","Posterior_UB","prob"
-0.254939985445015,0.0673021604701395,-0.389452679856081,-0.107567434372044,0.996624648507325
