"Posterior_Mean","Posterior_SD","Posterior_LB","Posterior_UB","prob"
-0.200142464894135,0.0647340850149651,-0.35595673560944,-0.0504743198839615,0.994665064092184
