"Posterior_Mean","Posterior_SD","Posterior_LB","Posterior_UB","prob"
-0.352342547689837,0.0598777585384559,-0.470857346746512,-0.229396436099643,0.999992916608403
