"Posterior_Mean","Posterior_SD","Posterior_LB","Posterior_UB","prob"
-0.269502438465026,0.0655962382750754,-0.396434831017537,-0.141800728910475,0.999922351856235
