"Posterior_Mean","Posterior_SD","Posterior_LB","Posterior_UB","prob"
-0.102738217324141,0.0913441783872872,-0.309647601011111,0.122674527685703,0.833209481514588
