"Posterior_Mean","Posterior_SD","Posterior_LB","Posterior_UB","prob"
-0.0469705540773395,0.116423058251942,-0.287620975077846,0.183557563919136,0.661965655090244
