"Posterior_Mean","Posterior_SD","Posterior_LB","Posterior_UB","prob"
-0.371192543459007,0.0613338064476709,-0.512444087828011,-0.242536683997062,0.999991773278376
