"Posterior_Mean","Posterior_SD","Posterior_LB","Posterior_UB","prob"
-0.120377068585307,0.0852627229301491,-0.297318260273055,0.041043615626155,0.916747738391136
