"Posterior_Mean","Posterior_SD","Posterior_LB","Posterior_UB","prob"
-0.30529381909295,0.0612601877640191,-0.445365620583273,-0.140393978343137,0.998321705052445
