"Posterior_Mean","Posterior_SD","Posterior_LB","Posterior_UB","prob"
-0.442966414929696,0.0845569918818339,-0.614705205551125,-0.277921908119741,1
