"Posterior_Mean","Posterior_SD","Posterior_LB","Posterior_UB","prob"
-0.401300883395037,0.0561987237739306,-0.514498966149293,-0.291390025100596,0.999999755979722
