"Posterior_Mean","Posterior_SD","Posterior_LB","Posterior_UB","prob"
-0.211939119124934,0.117924458389212,-0.448132468064423,0.0163184827881681,0.962644399171642
