"Posterior_Mean","Posterior_SD","Posterior_LB","Posterior_UB","prob"
-0.26393048902,0.0620554798119226,-0.400676968649992,-0.133445678195495,0.999885511771888
