"Posterior_Mean","Posterior_SD","Posterior_LB","Posterior_UB","prob"
0.214174599905116,0.114319653948196,-0.0509428085555793,0.451760949410659,0.0488530400944014
