"Posterior_Mean","Posterior_SD","Posterior_LB","Posterior_UB","prob"
-0.369922470828209,0.0657332318542661,-0.500795028796647,-0.237343267107378,0.999985881343855
