"Posterior_Mean","Posterior_SD","Posterior_LB","Posterior_UB","prob"
-0.346848156571131,0.0576639548493154,-0.467927267695887,-0.225313796319775,0.999977431101485
