"Posterior_Mean","Posterior_SD","Posterior_LB","Posterior_UB","prob"
-0.251453221851967,0.0703368062684071,-0.389480638385718,-0.108561442266035,0.999248181883813
