"Posterior_Mean","Posterior_SD","Posterior_LB","Posterior_UB","prob"
-0.360020597523304,0.0789192209882224,-0.547247154788808,-0.188281022797684,0.999993573815957
