"Posterior_Mean","Posterior_SD","Posterior_LB","Posterior_UB","prob"
-0.187871328002148,0.0768449967151021,-0.399544962654402,-0.00112544570215322,0.975132375632738
