"Posterior_Mean","Posterior_SD","Posterior_LB","Posterior_UB","prob"
-0.216844618509095,0.0649079061196867,-0.344742079192889,-0.0897767375278425,0.999944508601394
