"Posterior_Mean","Posterior_SD","Posterior_LB","Posterior_UB","prob"
-0.18921545645191,0.0597170188966136,-0.319969702376116,-0.0388237563042061,0.992301033466473
