"Posterior_Mean","Posterior_SD","Posterior_LB","Posterior_UB","prob"
-0.168030601529648,0.117095732174621,-0.391480248500254,0.0679612275934705,0.925543484416152
