"Posterior_Mean","Posterior_SD","Posterior_LB","Posterior_UB","prob"
-0.216455879105418,0.0664116158593332,-0.353975056711292,-0.0851365608074636,0.998917839285414
