"Posterior_Mean","Posterior_SD","Posterior_LB","Posterior_UB","prob"
-0.184145120703174,0.101059503653373,-0.422953117451608,0.0378578003528604,0.951969095366085
