"Posterior_Mean","Posterior_SD","Posterior_LB","Posterior_UB","prob"
-0.16099614756077,0.115376342524733,-0.388772570681408,0.0577595849551823,0.912715027738614
