"Posterior_Mean","Posterior_SD","Posterior_LB","Posterior_UB","prob"
-0.300813556933624,0.0597709886530463,-0.422892258525766,-0.153063277969573,0.999626647803304
