"Posterior_Mean","Posterior_SD","Posterior_LB","Posterior_UB","prob"
-0.0340665760464169,0.11395532970896,-0.261349948011073,0.184195097815093,0.616666666666667
