"Posterior_Mean","Posterior_SD","Posterior_LB","Posterior_UB","prob"
-0.395261134833539,0.0589705016647044,-0.512350705999224,-0.274791209704367,0.999990599200974
