"Posterior_Mean","Posterior_SD","Posterior_LB","Posterior_UB","prob"
-0.260223883632363,0.0726283086803733,-0.41826299932773,-0.0415116855408109,0.986022089317067
