"Posterior_Mean","Posterior_SD","Posterior_LB","Posterior_UB","prob"
-0.31849570339127,0.0628075415533451,-0.457789767613532,-0.187897643543105,0.999989143091695
