"Posterior_Mean","Posterior_SD","Posterior_LB","Posterior_UB","prob"
-0.283143059166385,0.0600649248681036,-0.414355247422034,-0.140740741185537,0.999998894758628
