"Posterior_Mean","Posterior_SD","Posterior_LB","Posterior_UB","prob"
-0.104447014085478,0.0702833072503439,-0.242723203569314,0.041159992764973,0.926241848751027
