"Posterior_Mean","Posterior_SD","Posterior_LB","Posterior_UB","prob"
-0.192910867984939,0.0635740078885371,-0.321199157801311,-0.0461346536834645,0.993319180961182
