"Posterior_Mean","Posterior_SD","Posterior_LB","Posterior_UB","prob"
-0.28696056986249,0.0811855881940496,-0.446238814489088,-0.123025689696506,0.999097338983643
