"Posterior_Mean","Posterior_SD","Posterior_LB","Posterior_UB","prob"
-0.301692615015494,0.0704150462421748,-0.477672910798246,-0.110529663615442,0.998198884830157
