"Posterior_Mean","Posterior_SD","Posterior_LB","Posterior_UB","prob"
-0.182489649375403,0.0666541017935649,-0.322691288261535,-0.0489263220732258,0.996446175942632
