"Posterior_Mean","Posterior_SD","Posterior_LB","Posterior_UB","prob"
-0.25940776635807,0.057803263252155,-0.382098126100862,-0.13903100669437,0.999938122945196
