"Posterior_Mean","Posterior_SD","Posterior_LB","Posterior_UB","prob"
-0.225374283627607,0.0705335866109062,-0.377871113114109,0.0122733194784047,0.971433017221412
