"Posterior_Mean","Posterior_SD","Posterior_LB","Posterior_UB","prob"
-0.209313590393229,0.0643297089974529,-0.333003369358043,-0.0888956428690857,0.999924790478367
