"Posterior_Mean","Posterior_SD","Posterior_LB","Posterior_UB","prob"
-0.168212012889703,0.0759481734671035,-0.320850442459749,0.0386388594860386,0.950391949445196
