"Posterior_Mean","Posterior_SD","Posterior_LB","Posterior_UB","prob"
-0.310869411125792,0.0601817010815283,-0.463896955850839,-0.147535268208487,0.999988168773408
