"Posterior_Mean","Posterior_SD","Posterior_LB","Posterior_UB","prob"
-0.128401071243082,0.0835202421076601,-0.294190623255881,0.0329274403011166,0.936543582415903
