"Posterior_Mean","Posterior_SD","Posterior_LB","Posterior_UB","prob"
-0.393726001800679,0.101477146735776,-0.618777691017543,-0.172755510974658,0.999672374414145
