"Posterior_Mean","Posterior_SD","Posterior_LB","Posterior_UB","prob"
-0.369282162503086,0.0597482396686731,-0.502831432044472,-0.234517870780741,0.999988885839997
