"Posterior_Mean","Posterior_SD","Posterior_LB","Posterior_UB","prob"
-0.391809971559571,0.119727819862947,-0.629922918918499,-0.15861916528013,0.999166666666667
