"Posterior_Mean","Posterior_SD","Posterior_LB","Posterior_UB","prob"
-0.30767279651744,0.0629868441524602,-0.448238134409436,-0.167608961542326,0.999906192916749
