"Posterior_Mean","Posterior_SD","Posterior_LB","Posterior_UB","prob"
-0.400270048433087,0.0744099995054757,-0.543328213924908,-0.235426413781165,0.999883592293266
