"Posterior_Mean","Posterior_SD","Posterior_LB","Posterior_UB","prob"
-0.244847060977124,0.0670848584671886,-0.378459478665733,-0.106302624196976,0.998843694313506
