"Posterior_Mean","Posterior_SD","Posterior_LB","Posterior_UB","prob"
-0.0848736694811078,0.0837986701527551,-0.265279282614678,0.0823158737742067,0.840715509292556
