"Posterior_Mean","Posterior_SD","Posterior_LB","Posterior_UB","prob"
-0.418360253412971,0.061243866006254,-0.547081080971366,-0.279952107472638,0.999999984485668
