"Posterior_Mean","Posterior_SD","Posterior_LB","Posterior_UB","prob"
-0.417508840509199,0.0631429021726339,-0.55028068252585,-0.280006698687265,0.999985281417408
