"Posterior_Mean","Posterior_SD","Posterior_LB","Posterior_UB","prob"
-0.301309367543845,0.0609934426536906,-0.439476019274148,-0.173799640570229,0.999975764063369
