"Posterior_Mean","Posterior_SD","Posterior_LB","Posterior_UB","prob"
-0.165947246794543,0.0800348640496852,-0.333479036070692,-0.00587088429069195,0.980055822343761
