"Posterior_Mean","Posterior_SD","Posterior_LB","Posterior_UB","prob"
-0.160929662099578,0.10097776312822,-0.36006200756039,0.0492610900189455,0.938484291234572
