"Posterior_Mean","Posterior_SD","Posterior_LB","Posterior_UB","prob"
-0.440578928146017,0.0594263292844196,-0.559006884060847,-0.322360341947797,0.999999864803753
