"Posterior_Mean","Posterior_SD","Posterior_LB","Posterior_UB","prob"
-0.349485340289376,0.0583357439997316,-0.486730257534959,-0.225848933077722,0.999997281466648
