"Posterior_Mean","Posterior_SD","Posterior_LB","Posterior_UB","prob"
-0.234810933525303,0.0813150317607885,-0.401423159659336,-0.0690167343633084,0.997605637119789
