"Posterior_Mean","Posterior_SD","Posterior_LB","Posterior_UB","prob"
-0.214609518034989,0.0681096535369779,-0.348549385028017,-0.0708615122880862,0.996261399499861
