"Posterior_Mean","Posterior_SD","Posterior_LB","Posterior_UB","prob"
-0.238111702201259,0.102637336194097,-0.440920555056192,-0.0154574969706472,0.980740489122079
