"Posterior_Mean","Posterior_SD","Posterior_LB","Posterior_UB","prob"
-0.3266135849748,0.0573312031740214,-0.434540735692544,-0.208036201318709,0.999999553646207
