"Posterior_Mean","Posterior_SD","Posterior_LB","Posterior_UB","prob"
-0.315939525619064,0.0676203485357579,-0.475236807290222,-0.17696566397012,1
