"Posterior_Mean","Posterior_SD","Posterior_LB","Posterior_UB","prob"
-0.30598946073201,0.0845517624398648,-0.478162342188488,-0.0806230175909101,0.9923964384888
