"Posterior_Mean","Posterior_SD","Posterior_LB","Posterior_UB","prob"
-0.491973046797026,0.0708939300242617,-0.633825722066964,-0.343518862132931,0.999997930069205
