"Posterior_Mean","Posterior_SD","Posterior_LB","Posterior_UB","prob"
-0.436069370156243,0.0561099438643974,-0.543720117657605,-0.318594053689281,0.999999998454073
