"Posterior_Mean","Posterior_SD","Posterior_LB","Posterior_UB","prob"
-0.311390719090539,0.0692730264089926,-0.453959181667074,-0.127469599977442,0.996264809047578
