"Posterior_Mean","Posterior_SD","Posterior_LB","Posterior_UB","prob"
-0.147574906079153,0.0661105569778473,-0.278098175834007,-0.0182796827620478,0.986848886080354
