"Posterior_Mean","Posterior_SD","Posterior_LB","Posterior_UB","prob"
-0.405307944650462,0.0836402815020817,-0.637871871632349,-0.210776374275288,1
