"Posterior_Mean","Posterior_SD","Posterior_LB","Posterior_UB","prob"
-0.347620309992883,0.0651107490346197,-0.513049091767389,-0.178538507122141,0.999915245899799
