"Posterior_Mean","Posterior_SD","Posterior_LB","Posterior_UB","prob"
-0.229943028323916,0.0654904631382818,-0.395202218485735,-0.0904108189052441,0.998370370882439
