"Posterior_Mean","Posterior_SD","Posterior_LB","Posterior_UB","prob"
-0.372016829578662,0.0700250168587624,-0.508820540877877,-0.219788565871799,0.99987630372094
