"Posterior_Mean","Posterior_SD","Posterior_LB","Posterior_UB","prob"
-0.394724612041478,0.0682793965000631,-0.529459219999839,-0.257375430741211,1
