"Posterior_Mean","Posterior_SD","Posterior_LB","Posterior_UB","prob"
-0.267868085036359,0.0687912531609317,-0.416248943942769,-0.125691115950558,0.999865703212998
