"Posterior_Mean","Posterior_SD","Posterior_LB","Posterior_UB","prob"
-0.443287074833556,0.0656330848729365,-0.571486029642351,-0.299239050270885,0.999968244134237
