"Posterior_Mean","Posterior_SD","Posterior_LB","Posterior_UB","prob"
0.0602526978243531,0.11545907078566,-0.1587469349344,0.292413632999477,0.300118721392685
