"Posterior_Mean","Posterior_SD","Posterior_LB","Posterior_UB","prob"
-0.438406224186814,0.106913478477947,-0.647666580156096,-0.222518789949089,1
