"Posterior_Mean","Posterior_SD","Posterior_LB","Posterior_UB","prob"
-0.314544946896598,0.08298533362392,-0.588650890765649,-0.0745895465843205,0.996535933826972
