"Posterior_Mean","Posterior_SD","Posterior_LB","Posterior_UB","prob"
-0.283039241126456,0.090620935356355,-0.512904830549959,-0.0834266706153576,0.998471327843409
