"Posterior_Mean","Posterior_SD","Posterior_LB","Posterior_UB","prob"
-0.148406416898844,0.0887690434630725,-0.335896817023182,0.114940164318011,0.903721233427769
