"Posterior_Mean","Posterior_SD","Posterior_LB","Posterior_UB","prob"
-0.315886308184167,0.0637102293362058,-0.485521634194926,-0.112451989926619,0.998281464671812
