"Posterior_Mean","Posterior_SD","Posterior_LB","Posterior_UB","prob"
-0.299803081883355,0.0572453827000501,-0.408047146205303,-0.184708281202526,0.999960678827374
