"Posterior_Mean","Posterior_SD","Posterior_LB","Posterior_UB","prob"
-0.218692478365166,0.0809843619693059,-0.378925754503046,-0.0468112789535063,0.992430275241673
