"Posterior_Mean","Posterior_SD","Posterior_LB","Posterior_UB","prob"
-0.167654076550783,0.0673393305550136,-0.297938101112845,-0.0309333286801786,0.991033489872566
