"","Posterior_Mean","Posterior_SD","Posterior_LB","Posterior_UB"
"1",0.035007490097516,0.0437715470950842,-0.0526847248832148,0.118386628576806
