"","Posterior_Mean","Posterior_SD","Posterior_LB","Posterior_UB"
"1",-0.00206976352052133,0.0408386306406652,-0.0834250907441939,0.0773439844921593
