"","Posterior_Mean","Posterior_SD","Posterior_LB","Posterior_UB"
"1",0.012330454552399,0.0411176415658734,-0.0667418459367129,0.0951908077451694
