"","Posterior_Mean","Posterior_SD","Posterior_LB","Posterior_UB"
"1",0.0545192016021699,0.042171863743513,-0.0253980527528,0.137310395771957
