"","Posterior_Mean","Posterior_SD","Posterior_LB","Posterior_UB"
"1",-0.0254426830154067,0.0420914890432762,-0.104587602842563,0.0569358169318629
