"","Posterior_Mean","Posterior_SD","Posterior_LB","Posterior_UB"
"1",0.0215331076455026,0.0449361601577431,-0.0652410413733967,0.10940147784426
