"Posterior_Mean","Posterior_SD","Posterior_LB","Posterior_UB","prob"
-0.136334658487145,0.0505562722673347,-0.243090507429917,-0.036093615105452,0.997057157850719
