"Posterior_Mean","Posterior_SD","Posterior_LB","Posterior_UB","prob"
-0.193862855276208,0.049121259954007,-0.298203419016131,-0.0937284805048183,0.999950926996004
