"Posterior_Mean","Posterior_SD","Posterior_LB","Posterior_UB","prob"
-0.186973918895912,0.0464705583876282,-0.284982905381884,-0.0877313294324152,0.999428683211873
