"Posterior_Mean","Posterior_SD","Posterior_LB","Posterior_UB","prob"
-0.265432193487031,0.0489714312866878,-0.374046255938503,-0.135795988437425,0.999941578480465
