"Posterior_Mean","Posterior_SD","Posterior_LB","Posterior_UB","prob"
-0.283162793161771,0.0460425065562551,-0.373357422332336,-0.189107495042556,0.999999970074402
