"Posterior_Mean","Posterior_SD","Posterior_LB","Posterior_UB","prob"
-0.216591504951037,0.0468525769957388,-0.31001687030664,-0.114722341543851,0.999941781151115
