"Posterior_Mean","Posterior_SD","Posterior_LB","Posterior_UB","prob"
-0.260900392893432,0.0478236964379092,-0.353308350894208,-0.164013803145241,0.999986193250992
