"Posterior_Mean","Posterior_SD","Posterior_LB","Posterior_UB","prob"
-0.253023126961662,0.0481978201141671,-0.349859210917748,-0.1614987378362,1
