"Posterior_Mean","Posterior_SD","Posterior_LB","Posterior_UB","prob"
-0.233746792161618,0.0484258879792795,-0.335943761460774,-0.132534924187359,1
