"Posterior_Mean","Posterior_SD","Posterior_LB","Posterior_UB","prob"
-0.178062221881352,0.046379590397685,-0.273074829712631,-0.0865411653555183,0.999994653000245
