"Posterior_Mean","Posterior_SD","Posterior_LB","Posterior_UB","prob"
-0.188643917040322,0.0500018819724435,-0.286703205955834,-0.0920552057448341,0.999800451760613
