"Posterior_Mean","Posterior_SD","Posterior_LB","Posterior_UB","prob"
-0.312882120650083,0.0462967950694984,-0.401880337437169,-0.216499836922549,1
