"Posterior_Mean","Posterior_SD","Posterior_LB","Posterior_UB","prob"
-0.190365914128005,0.0458074737289874,-0.282529016389874,-0.0992223009706541,0.999965868686336
