"Posterior_Mean","Posterior_SD","Posterior_LB","Posterior_UB","prob"
-0.252223907414452,0.0465366698369594,-0.348883977291864,-0.160217682277511,0.999996430728529
