"Posterior_Mean","Posterior_SD","Posterior_LB","Posterior_UB","prob"
-0.188318207609562,0.0463318526339517,-0.276914452725107,-0.0970283559609157,0.999998914869704
