"Posterior_Mean","Posterior_SD","Posterior_LB","Posterior_UB","prob"
-0.227402362051833,0.0485642433058297,-0.330837602644539,-0.117150226012894,0.999805297535635
