"Posterior_Mean","Posterior_SD","Posterior_LB","Posterior_UB","prob"
-0.185623657158312,0.0464853387305207,-0.27882511798373,-0.0958339209162997,0.99996387115496
