"Posterior_Mean","Posterior_SD","Posterior_LB","Posterior_UB","prob"
-0.202070803439753,0.0488820568322453,-0.300146165239194,-0.104386339208962,0.9999992255869
