"Posterior_Mean","Posterior_SD","Posterior_LB","Posterior_UB","prob"
-0.0390702657140142,0.0614370038715518,-0.171658417585458,0.115866006006053,0.727437297508714
