"Posterior_Mean","Posterior_SD","Posterior_LB","Posterior_UB","prob"
-0.0616886135532198,0.0668800948343737,-0.194023147655628,0.0996608636282403,0.817867418871303
