"Posterior_Mean","Posterior_SD","Posterior_LB","Posterior_UB","prob"
0.0306224131464588,0.0637925165485045,-0.109328135926385,0.176927975557507,0.338299947809532
