"Posterior_Mean","Posterior_SD","Posterior_LB","Posterior_UB","prob"
-0.0984584066127567,0.0643886989277351,-0.232829318485977,0.0354273092193268,0.932159591692263
