"Posterior_Mean","Posterior_SD","Posterior_LB","Posterior_UB","prob"
-0.121042052600314,0.0640975803286249,-0.249138621782729,0.0131038120933976,0.959214070530141
