"Posterior_Mean","Posterior_SD","Posterior_LB","Posterior_UB","prob"
-0.119585502514901,0.060119256628324,-0.238447050031174,0.0101300511770268,0.966404633227101
