"Posterior_Mean","Posterior_SD","Posterior_LB","Posterior_UB","prob"
0.0489615633513338,0.0625055957730712,-0.0782138351976666,0.176465647122958,0.218274682762625
