"Posterior_Mean","Posterior_SD","Posterior_LB","Posterior_UB","prob"
0.0806883912699124,0.0694510356511802,-0.0678626734218565,0.226028882395844,0.142455981433406
