"Posterior_Mean","Posterior_SD","Posterior_LB","Posterior_UB","prob"
-0.00831973707786153,0.061245966314407,-0.136336846424577,0.126502941004766,0.567339761282803
