"Posterior_Mean","Posterior_SD","Posterior_LB","Posterior_UB","prob"
0.153129648510913,0.0709215813695155,0.0135279347814933,0.297752274907493,0.0149981980987199
