"Posterior_Mean","Posterior_SD","Posterior_LB","Posterior_UB","prob"
0.0246773677756606,0.061933768052783,-0.101476239314571,0.144913194825401,0.340458142641107
