"Posterior_Mean","Posterior_SD","Posterior_LB","Posterior_UB","prob"
0.0130407153772807,0.0713333567317083,-0.129658293137193,0.153990831805201,0.425932606809858
