"Posterior_Mean","Posterior_SD","Posterior_LB","Posterior_UB","prob"
0.033725474044759,0.0727213455367435,-0.10526508387219,0.185740556404373,0.318944416404577
