"Posterior_Mean","Posterior_SD","Posterior_LB","Posterior_UB","prob"
-0.0513717515539912,0.0711476952815966,-0.237044432952909,0.102952704893597,0.728917322977055
