"Posterior_Mean","Posterior_SD","Posterior_LB","Posterior_UB","prob"
0.00319008658008357,0.0665706691911666,-0.142424321777878,0.158614523679618,0.49397892837488
