"Posterior_Mean","Posterior_SD","Posterior_LB","Posterior_UB","prob"
-0.0501197723595231,0.0747125281085336,-0.262618423356852,0.115866669724462,0.684160353561062
