"Posterior_Mean","Posterior_SD","Posterior_LB","Posterior_UB","prob"
-0.268973176971328,0.0883067680225651,-0.452531106851243,-0.0893961370026404,0.997699013093178
