"Posterior_Mean","Posterior_SD","Posterior_LB","Posterior_UB","prob"
-0.426268402530429,0.0636028254887539,-0.555954686007924,-0.289326572229652,1
