"Posterior_Mean","Posterior_SD","Posterior_LB","Posterior_UB","prob"
-0.333740951430696,0.0657564720003979,-0.485414176934551,-0.0765674943501854,0.98853366871967
