"Posterior_Mean","Posterior_SD","Posterior_LB","Posterior_UB","prob"
-0.324423941566883,0.0600453194596098,-0.451470781215651,-0.156828589942257,0.998264690302498
