"Posterior_Mean","Posterior_SD","Posterior_LB","Posterior_UB","prob"
-0.243068246026068,0.0671238892919256,-0.387341451506274,-0.0105620157833034,0.979091511255056
