"Posterior_Mean","Posterior_SD","Posterior_LB","Posterior_UB","prob"
-0.275966951237646,0.0668011505523436,-0.418169946990236,-0.140781597751573,0.999758924013062
