"Posterior_Mean","Posterior_SD","Posterior_LB","Posterior_UB","prob"
-0.05888603414984,0.0933106602799962,-0.29292340301131,0.203756128611924,0.690522895726896
