"Posterior_Mean","Posterior_SD","Posterior_LB","Posterior_UB","prob"
-0.285441585956119,0.0642186233663777,-0.419635363069213,-0.146067557113187,0.999684211235514
