"Posterior_Mean","Posterior_SD","Posterior_LB","Posterior_UB","prob"
-0.259632728681572,0.0777977301599245,-0.417241441342137,-0.0856014974163744,0.997340952714107
