"Posterior_Mean","Posterior_SD","Posterior_LB","Posterior_UB","prob"
-0.205853810438365,0.0680251522681088,-0.344029885793355,-0.0567873945814311,0.991894793833862
