"Posterior_Mean","Posterior_SD","Posterior_LB","Posterior_UB","prob"
-0.206722190488464,0.0675468663565966,-0.339463176664243,-0.0696244953653826,0.997978263079697
