"Posterior_Mean","Posterior_SD","Posterior_LB","Posterior_UB","prob"
-0.25829569433593,0.0660067101719335,-0.402604603147374,-0.0987187521077395,0.997186492737285
