"Posterior_Mean","Posterior_SD","Posterior_LB","Posterior_UB","prob"
-0.239087373112117,0.0578292655919724,-0.355373323741393,-0.113530287300356,0.998702490667775
