"Posterior_Mean","Posterior_SD","Posterior_LB","Posterior_UB","prob"
-0.298624510718444,0.0729316236915267,-0.45207286727559,-0.116533050988629,0.998811471217225
