"Posterior_Mean","Posterior_SD","Posterior_LB","Posterior_UB","prob"
-0.251999982628625,0.0671914435705828,-0.393637782423882,-0.118966924816856,0.999947517004883
