"Posterior_Mean","Posterior_SD","Posterior_LB","Posterior_UB","prob"
-0.226875645205032,0.0939453124901775,-0.439583006209073,-0.00729214664525634,0.978113743325984
