"Posterior_Mean","Posterior_SD","Posterior_LB","Posterior_UB","prob"
0.0375039617079666,0.140685747651313,-0.238863482376849,0.350495097438547,0.411753771982281
