"Posterior_Mean","Posterior_SD","Posterior_LB","Posterior_UB","prob"
-0.176275661698785,0.0908902312407108,-0.372078300740084,0.0111228369172948,0.967208413407061
