"Posterior_Mean","Posterior_SD","Posterior_LB","Posterior_UB","prob"
-0.206524984060526,0.11944918339827,-0.521872163631725,0.0728432296387706,0.914679605277495
