"Posterior_Mean","Posterior_SD","Posterior_LB","Posterior_UB","prob"
-0.25217502977394,0.103298362812987,-0.533717365292987,-0.0477348352196573,0.992322346268031
