"Posterior_Mean","Posterior_SD","Posterior_LB","Posterior_UB","prob"
-0.0660537762138604,0.151097365014513,-0.369028756932968,0.267302513025074,0.667059464338491
