"Posterior_Mean","Posterior_SD","Posterior_LB","Posterior_UB","prob"
-0.553487833469245,0.143421249568764,-0.895097211327233,-0.211527575660245,0.999519622117268
