"Posterior_Mean","Posterior_SD","Posterior_LB","Posterior_UB","prob"
-0.348235514099906,0.125588262430476,-0.640100774973119,-0.0866747690628834,0.995724050442235
