"Posterior_Mean","Posterior_SD","Posterior_LB","Posterior_UB","prob"
-0.123900711835092,0.109958293969673,-0.360642704011897,0.113574165866863,0.860527592528635
