"Posterior_Mean","Posterior_SD","Posterior_LB","Posterior_UB","prob"
-0.162866508556167,0.102133216476109,-0.36045025354166,0.0293845805781165,0.944952184274954
