"Posterior_Mean","Posterior_SD","Posterior_LB","Posterior_UB","prob"
0.113409298507141,0.158858754358913,-0.208154226175126,0.428775469302324,0.243159561812851
