"Posterior_Mean","Posterior_SD","Posterior_LB","Posterior_UB","prob"
-0.254538075437966,0.0863800663166319,-0.436207544365525,-0.0867474094728628,0.998456007269503
