"Posterior_Mean","Posterior_SD","Posterior_LB","Posterior_UB","prob"
-0.233132801219534,0.116222308245201,-0.47659405772243,0.0463234787164082,0.954573691253817
