"Posterior_Mean","Posterior_SD","Posterior_LB","Posterior_UB","prob"
-0.327360545456868,0.108869959028359,-0.603016412842469,-0.0990814592387534,0.997153284665498
