"Posterior_Mean","Posterior_SD","Posterior_LB","Posterior_UB","prob"
-0.281626298516699,0.145339503262615,-0.580318749643455,0.00402274048054013,0.974149686685766
