"Posterior_Mean","Posterior_SD","Posterior_LB","Posterior_UB","prob"
-0.0690437072173079,0.119970688583744,-0.331605829624724,0.241420221487705,0.707103173286879
