"Posterior_Mean","Posterior_SD","Posterior_LB","Posterior_UB","prob"
-0.218266702889887,0.0871359362764281,-0.391291481822125,-0.0446172473084765,0.991305019848859
