"Posterior_Mean","Posterior_SD","Posterior_LB","Posterior_UB","prob"
0.0330136364910863,0.235741883616404,-0.422120768066868,0.493504720758267,0.446
