"Posterior_Mean","Posterior_SD","Posterior_LB","Posterior_UB","prob"
-0.297427444886891,0.241820681024762,-0.769449740654421,0.175031277384778,0.8915
