"Posterior_Mean","Posterior_SD","Posterior_LB","Posterior_UB","prob"
-0.280658245354283,0.233383200812425,-0.741561292965691,0.171632451736605,0.8885
