"Posterior_Mean","Posterior_SD","Posterior_LB","Posterior_UB","prob"
0.0487524951910698,0.225288198110984,-0.399964211902822,0.497731580218777,0.422500933791936
