"Posterior_Mean","Posterior_SD","Posterior_LB","Posterior_UB","prob"
-0.14590665482715,0.236204712666921,-0.611256598250671,0.30898794283364,0.729333333333333
