"Posterior_Mean","Posterior_SD","Posterior_LB","Posterior_UB","prob"
-0.149947701221883,0.230502295965973,-0.604024299007724,0.30838082125669,0.7465
