"Posterior_Mean","Posterior_SD","Posterior_LB","Posterior_UB","prob"
-0.187500998582874,0.24005248155606,-0.672350662439655,0.276245968786959,0.772000260992694
