"Posterior_Mean","Posterior_SD","Posterior_LB","Posterior_UB","prob"
0.021696364386851,0.212400824658881,-0.398559321745634,0.459353861668023,0.462739479172467
