"Posterior_Mean","Posterior_SD","Posterior_LB","Posterior_UB","prob"
-0.0350785868336199,0.229420956883101,-0.469971672450062,0.417476789643121,0.558218250602979
