"Posterior_Mean","Posterior_SD","Posterior_LB","Posterior_UB","prob"
-0.0435479633893567,0.211784407685746,-0.464151609511824,0.392441788785675,0.595438120081723
