"Posterior_Mean","Posterior_SD","Posterior_LB","Posterior_UB","prob"
-0.352751353530711,0.2365422977197,-0.813584070061163,0.121305856802974,0.931016026918993
