"Posterior_Mean","Posterior_SD","Posterior_LB","Posterior_UB","prob"
-0.368609910038743,0.232808139883596,-0.826480092434756,0.0816856505491532,0.951187039040879
