"Posterior_Mean","Posterior_SD","Posterior_LB","Posterior_UB","prob"
-0.50320329861079,0.24248731510568,-0.993543229689666,-0.00760033840344274,0.979000064490953
