"Posterior_Mean","Posterior_SD","Posterior_LB","Posterior_UB","prob"
-0.0625168143489853,0.223756118834879,-0.49557122737324,0.381818830558206,0.608
