"Posterior_Mean","Posterior_SD","Posterior_LB","Posterior_UB","prob"
-0.31891733114312,0.234569123528198,-0.787648717261622,0.132327038169225,0.908000781500235
