"Posterior_Mean","Posterior_SD","Posterior_LB","Posterior_UB","prob"
-0.358353356371005,0.243572652628645,-0.854761656199382,0.107295407658271,0.929666666666667
