"Posterior_Mean","Posterior_SD","Posterior_LB","Posterior_UB","prob"
0.0307313507516961,0.229071638735713,-0.411716327611361,0.477021332640405,0.445833333333333
