"Posterior_Mean","Posterior_SD","Posterior_LB","Posterior_UB","prob"
0.0639217840722534,0.222926595491226,-0.371363300932602,0.497205831385569,0.385
