"Posterior_Mean","Posterior_SD","Posterior_LB","Posterior_UB","prob"
-0.327100464790366,0.230921135292948,-0.785638648782311,0.124246215060815,0.921666666666667
