"Posterior_Mean","Posterior_SD","Posterior_LB","Posterior_UB","prob"
-0.177058254059926,0.224002400087502,-0.616565426006975,0.264499696527091,0.789297601958274
