"Posterior_Mean","Posterior_SD","Posterior_LB","Posterior_UB","prob"
-0.475992128492203,0.223686398653747,-0.915663764902017,-0.0418881815904944,0.986
