"Posterior_Mean","Posterior_SD","Posterior_LB","Posterior_UB","prob"
-0.527299267882857,0.23349080048072,-0.988257022717719,-0.0427003390065132,0.985509215604237
