"Posterior_Mean","Posterior_SD","Posterior_LB","Posterior_UB","prob"
-0.144798836949563,0.222591042877885,-0.574265918795637,0.282975545366925,0.741666666666667
