"Posterior_Mean","Posterior_SD","Posterior_LB","Posterior_UB","prob"
-0.223485177087762,0.22589328395461,-0.667677495113464,0.225781227290453,0.840082942769428
