"Posterior_Mean","Posterior_SD","Posterior_LB","Posterior_UB","prob"
-0.3354789066634,0.224518788289097,-0.765671460519575,0.105660269997904,0.926707497641564
