"Posterior_Mean","Posterior_SD","Posterior_LB","Posterior_UB","prob"
-0.649049998176505,0.239448695906146,-1.11719880849768,-0.191558032410932,0.997166666666667
