"Posterior_Mean","Posterior_SD","Posterior_LB","Posterior_UB","prob"
-0.103080621436237,0.223437148938814,-0.529756423126585,0.348097971023782,0.684333333333333
