"Posterior_Mean","Posterior_SD","Posterior_LB","Posterior_UB","prob"
-0.286800445539678,0.224039923178178,-0.729172960047012,0.148651574872858,0.901333333333333
