"Posterior_Mean","Posterior_SD","Posterior_LB","Posterior_UB","prob"
-0.0252036515828811,0.22896616519243,-0.464224737632696,0.41833517093374,0.546011721867604
