"Posterior_Mean","Posterior_SD","Posterior_LB","Posterior_UB","prob"
-0.311516174549342,0.231999054978933,-0.779073074416544,0.133955064652262,0.912999679719033
