"Posterior_Mean","Posterior_SD","Posterior_LB","Posterior_UB","prob"
-0.261465001846267,0.225774004335603,-0.712212023553796,0.186320239750128,0.877166666666667
