"Posterior_Mean","Posterior_SD","Posterior_LB","Posterior_UB","prob"
-0.418673303132483,0.230973524328052,-0.869009440081019,0.0280866659804664,0.965833333333333
