"Posterior_Mean","Posterior_SD","Posterior_LB","Posterior_UB","prob"
-0.504342306360147,0.234597453021996,-0.963523870872999,-0.0474157486019637,0.985166666666667
