"Posterior_Mean","Posterior_SD","Posterior_LB","Posterior_UB","prob"
-0.397252770855415,0.245982188338727,-0.880071565714623,0.0842512029812138,0.947000000151398
