"Posterior_Mean","Posterior_SD","Posterior_LB","Posterior_UB","prob"
-0.424818918061979,0.212228818884013,-0.859540852726445,-0.0172573004817499,0.977930672305885
