"Posterior_Mean","Posterior_SD","Posterior_LB","Posterior_UB","prob"
-0.26080940259704,0.222906134188403,-0.683241804529214,0.177434173967249,0.872833333333333
