"Posterior_Mean","Posterior_SD","Posterior_LB","Posterior_UB","prob"
-0.0295896040232611,0.233555155942421,-0.485477409332609,0.43218678468775,0.545833333333333
