"Posterior_Mean","Posterior_SD","Posterior_LB","Posterior_UB","prob"
-0.106023866157706,0.203437450788561,-0.507171444497009,0.314758848468756,0.713863098097031
