"Posterior_Mean","Posterior_SD","Posterior_LB","Posterior_UB","prob"
0.253298877412973,0.227061147813019,-0.188486036180008,0.712572350110769,0.132
