"Posterior_Mean","Posterior_SD","Posterior_LB","Posterior_UB","prob"
-0.418235046643541,0.231206721064004,-0.87426571753675,0.0368107755908963,0.962016094405646
