"Posterior_Mean","Posterior_SD","Posterior_LB","Posterior_UB","prob"
-0.348174176470148,0.219195495215822,-0.772596394065946,0.0872889253713237,0.947117038105864
