"Posterior_Mean","Posterior_SD","Posterior_LB","Posterior_UB","prob"
-0.312058695932575,0.217623490261246,-0.750479481701505,0.116610675347621,0.924891296970035
