"Posterior_Mean","Posterior_SD","Posterior_LB","Posterior_UB","prob"
-0.150999518345667,0.231343890855272,-0.607289063279993,0.31007092071041,0.745166666666667
