"Posterior_Mean","Posterior_SD","Posterior_LB","Posterior_UB","prob"
-0.206446868260059,0.224165396393956,-0.644212978479953,0.232746015540807,0.8215
