"Posterior_Mean","Posterior_SD","Posterior_LB","Posterior_UB","prob"
-0.253552698750433,0.233276843239905,-0.713558413573262,0.197743077420726,0.861333333333333
