"Posterior_Mean","Posterior_SD","Posterior_LB","Posterior_UB","prob"
-0.117004989116501,0.229012001216027,-0.569821011267901,0.322988406308417,0.697333333333333
