"Posterior_Mean","Posterior_SD","Posterior_LB","Posterior_UB","prob"
-0.374375747655543,0.23013677604665,-0.826206492776398,0.0902835439430772,0.947333333333333
