"Posterior_Mean","Posterior_SD","Posterior_LB","Posterior_UB","prob"
-0.176846818785942,0.239646396582351,-0.663555528144041,0.299674901155515,0.776
