"Posterior_Mean","Posterior_SD","Posterior_LB","Posterior_UB","prob"
-0.175281955131106,0.224633105641733,-0.615307132555787,0.268420623574745,0.785833333333333
