"Posterior_Mean","Posterior_SD","Posterior_LB","Posterior_UB","prob"
-0.30938303363529,0.244997362107767,-0.78526690632954,0.186981063453048,0.905851557798049
