"Posterior_Mean","Posterior_SD","Posterior_LB","Posterior_UB","prob"
0.089643575348095,0.236161310451066,-0.357803876516358,0.555013698934048,0.358594321396635
