"Posterior_Mean","Posterior_SD","Posterior_LB","Posterior_UB","prob"
0.287491379700906,0.221684043416374,-0.178692074835253,0.70273096828897,0.0965073635293054
