"Posterior_Mean","Posterior_SD","Posterior_LB","Posterior_UB","prob"
-0.65144970358033,0.243604289563738,-1.13192823228424,-0.177925919082841,0.9975
