"Posterior_Mean","Posterior_SD","Posterior_LB","Posterior_UB","prob"
-0.171791511369493,0.227973539651512,-0.612232358378417,0.28885879772022,0.782944095555897
