"Posterior_Mean","Posterior_SD","Posterior_LB","Posterior_UB","prob"
-0.337489108288371,0.218717371310534,-0.765456808142875,0.095346391884817,0.934500000024543
