"Posterior_Mean","Posterior_SD","Posterior_LB","Posterior_UB","prob"
-0.128566215903706,0.230777766030357,-0.611510433501361,0.29855133025704,0.698609647688614
