"Posterior_Mean","Posterior_SD","Posterior_LB","Posterior_UB","prob"
-0.280291915559834,0.229892036908902,-0.726649973689972,0.172336262876552,0.885595322550742
