"Posterior_Mean","Posterior_SD","Posterior_LB","Posterior_UB","prob"
0.0200377881001804,0.224321587178041,-0.413699580908506,0.448549685451187,0.465833333333333
