"Posterior_Mean","Posterior_SD","Posterior_LB","Posterior_UB","prob"
-0.429112049294363,0.229946618504142,-0.880312621063172,0.0230986647134661,0.967166666666667
