"Posterior_Mean","Posterior_SD","Posterior_LB","Posterior_UB","prob"
-0.161196371271002,0.227383827915305,-0.604999217841097,0.282930885544859,0.753225092689717
