"Posterior_Mean","Posterior_SD","Posterior_LB","Posterior_UB","prob"
-0.0426569485058097,0.224271248853823,-0.483286828446071,0.396787905776887,0.581833333333333
