"Posterior_Mean","Posterior_SD","Posterior_LB","Posterior_UB","prob"
-0.171206458331897,0.22401858995619,-0.611763667111196,0.26317328720191,0.771666666666667
