"Posterior_Mean","Posterior_SD","Posterior_LB","Posterior_UB","prob"
-0.385079662005456,0.225242508606572,-0.840985521309409,0.0668424975162712,0.955848339668817
