"Posterior_Mean","Posterior_SD","Posterior_LB","Posterior_UB","prob"
-0.405131061849826,0.231919920911021,-0.871290251379351,0.045367697739276,0.960333333333333
