"Posterior_Mean","Posterior_SD","Posterior_LB","Posterior_UB","prob"
-0.319891580524928,0.232133939476882,-0.784667032614222,0.134555527950612,0.917107863573715
