"Posterior_Mean","Posterior_SD","Posterior_LB","Posterior_UB","prob"
-0.269679121081229,0.226668860138577,-0.723271130950446,0.173142025831527,0.8825
