"Posterior_Mean","Posterior_SD","Posterior_LB","Posterior_UB","prob"
-0.336645981135509,0.224726705047326,-0.779222852713407,0.107501254145312,0.935
