"Posterior_Mean","Posterior_SD","Posterior_LB","Posterior_UB","prob"
-0.0187420261857126,0.215110624185648,-0.445647363033361,0.408962964305078,0.5435
