"Posterior_Mean","Posterior_SD","Posterior_LB","Posterior_UB","prob"
-0.00281827164156039,0.228514040939867,-0.446973210107709,0.448339558194865,0.505833333333333
