"Posterior_Mean","Posterior_SD","Posterior_LB","Posterior_UB","prob"
-0.284289982982792,0.225855707759423,-0.730719308934184,0.162382009577221,0.894833333333333
