"Posterior_Mean","Posterior_SD","Posterior_LB","Posterior_UB","prob"
-0.0240519932429893,0.220569145193557,-0.462621105624467,0.410936325002307,0.542551894587312
