"Posterior_Mean","Posterior_SD","Posterior_LB","Posterior_UB","prob"
-0.466398633341881,0.224609804284648,-0.909897898495113,-0.0296709340726934,0.982333333333333
