"Posterior_Mean","Posterior_SD","Posterior_LB","Posterior_UB","prob"
0.0971574370722957,0.218973321382101,-0.322443941587298,0.528918811460909,0.335045161333026
