"Posterior_Mean","Posterior_SD","Posterior_LB","Posterior_UB","prob"
0.117528792461457,0.214552642950011,-0.297964893443724,0.546599850793328,0.298472430023293
