"Posterior_Mean","Posterior_SD","Posterior_LB","Posterior_UB","prob"
-0.108328720252183,0.208710365285309,-0.523631484900568,0.312730995413274,0.692840791761455
