"Posterior_Mean","Posterior_SD","Posterior_LB","Posterior_UB","prob"
-0.153617978184293,0.223029563979062,-0.596549686385753,0.286678830558639,0.753833333333333
