"Posterior_Mean","Posterior_SD","Posterior_LB","Posterior_UB","prob"
-0.378968063852253,0.234259902567573,-0.830162928165015,0.078076023957185,0.952163472628427
