"Posterior_Mean","Posterior_SD","Posterior_LB","Posterior_UB","prob"
-0.00541115119170769,0.215765866930276,-0.447213644291919,0.43135224953003,0.50537494820445
