"Posterior_Mean","Posterior_SD","Posterior_LB","Posterior_UB","prob"
-0.118233119234537,0.228678380653212,-0.575422014462957,0.32438417361956,0.697166666666667
