"Posterior_Mean","Posterior_SD","Posterior_LB","Posterior_UB","prob"
-0.518949098216751,0.234728671652582,-1.00188641378669,-0.0515165061226607,0.98520329722543
