"Posterior_Mean","Posterior_SD","Posterior_LB","Posterior_UB","prob"
-0.213609832441627,0.239920157074754,-0.685735413010823,0.247916075397133,0.815
