"Posterior_Mean","Posterior_SD","Posterior_LB","Posterior_UB","prob"
-0.156934317549765,0.22501758045678,-0.613100980195497,0.282888691430828,0.759666666666667
