"Posterior_Mean","Posterior_SD","Posterior_LB","Posterior_UB","prob"
-0.245487398514263,0.180427510092018,-0.604725502904715,0.153705021130142,0.905468938079951
