"Posterior_Mean","Posterior_SD","Posterior_LB","Posterior_UB","prob"
-0.101181354416589,0.221715504741925,-0.53419862038365,0.332179664491848,0.671491648001487
