"Posterior_Mean","Posterior_SD","Posterior_LB","Posterior_UB","prob"
-0.176463709014955,0.22620100958186,-0.617226106357564,0.276672697623186,0.785333333333333
