"Posterior_Mean","Posterior_SD","Posterior_LB","Posterior_UB","prob"
-0.13703537796809,0.225744062448511,-0.587614660356022,0.322297356111417,0.719449749983176
