"Posterior_Mean","Posterior_SD","Posterior_LB","Posterior_UB","prob"
-0.552754473101313,0.232519350844465,-1.01314950095456,-0.106091652838547,0.9925
