"Posterior_Mean","Posterior_SD","Posterior_LB","Posterior_UB","prob"
-0.202920352224087,0.202315680876381,-0.604524469617168,0.224103502829771,0.843326954462098
