"Posterior_Mean","Posterior_SD","Posterior_LB","Posterior_UB","prob"
0.0401393122864735,0.234141154630794,-0.422536659856506,0.496574258101686,0.43
