"Posterior_Mean","Posterior_SD","Posterior_LB","Posterior_UB","prob"
-0.185143318934904,0.223638471814766,-0.625898400305904,0.235367515355207,0.793666666666667
