"Posterior_Mean","Posterior_SD","Posterior_LB","Posterior_UB","prob"
-0.0595859385590305,0.236368263426316,-0.544622059603922,0.395833104737564,0.597070589903201
