"Posterior_Mean","Posterior_SD","Posterior_LB","Posterior_UB","prob"
-0.0145482706505914,0.23874846270771,-0.475685077855758,0.457327921994721,0.529333333333333
