"Posterior_Mean","Posterior_SD","Posterior_LB","Posterior_UB","prob"
-0.144794637948969,0.152420792255063,-0.445427010984677,0.193588958696412,0.832599764155235
