"Posterior_Mean","Posterior_SD","Posterior_LB","Posterior_UB","prob"
-0.247056625780621,0.237251399519963,-0.705585675464328,0.214007291060762,0.850333333333333
