"Posterior_Mean","Posterior_SD","Posterior_LB","Posterior_UB","prob"
0.42627146237388,0.217692146309611,-0.00461307617966708,0.848197380105693,0.0256666666666667
