"Posterior_Mean","Posterior_SD","Posterior_LB","Posterior_UB","prob"
-0.294659595810252,0.14963981435321,-0.589204853522229,0.0583536360530348,0.957916538218811
