"Posterior_Mean","Posterior_SD","Posterior_LB","Posterior_UB","prob"
-0.183925946174509,0.226255382263203,-0.633674664024507,0.270505656464499,0.78831562377639
