"Posterior_Mean","Posterior_SD","Posterior_LB","Posterior_UB","prob"
-0.557230135203447,0.226200654708658,-0.998463961844128,-0.114870130645521,0.993
