"Posterior_Mean","Posterior_SD","Posterior_LB","Posterior_UB","prob"
-0.0600203566928363,0.239549184271018,-0.543186129643495,0.386816277632997,0.585290290881307
