"Posterior_Mean","Posterior_SD","Posterior_LB","Posterior_UB","prob"
0.0316513532310576,0.220949283205021,-0.401145161981169,0.452001511152955,0.450500697712281
