"Posterior_Mean","Posterior_SD","Posterior_LB","Posterior_UB","prob"
-0.311781515179056,0.248194703872162,-0.801734500662241,0.182313470327792,0.898666666666667
