"Posterior_Mean","Posterior_SD","Posterior_LB","Posterior_UB","prob"
0.0846810166947932,0.229872339786356,-0.357553528695844,0.537321959342975,0.357015278574272
