"Posterior_Mean","Posterior_SD","Posterior_LB","Posterior_UB","prob"
-0.195772002177617,0.240006542830555,-0.670991231412717,0.271508310968975,0.7905
