"Posterior_Mean","Posterior_SD","Posterior_LB","Posterior_UB","prob"
-0.321283053695115,0.235637525264788,-0.78543121073794,0.141012048069754,0.915333333333333
