"Posterior_Mean","Posterior_SD","Posterior_LB","Posterior_UB","prob"
-0.397350943859414,0.225707161941305,-0.845590979368941,0.0468248463061263,0.958210212128292
