"Posterior_Mean","Posterior_SD","Posterior_LB","Posterior_UB","prob"
0.0594586052578884,0.236040813543006,-0.389694368755348,0.523064794021492,0.4065
