"Posterior_Mean","Posterior_SD","Posterior_LB","Posterior_UB","prob"
-0.116377335206237,0.233045043576928,-0.573221792817358,0.333625122989552,0.683021322710829
