"Posterior_Mean","Posterior_SD","Posterior_LB","Posterior_UB","prob"
-0.360552908465317,0.227386563601201,-0.812875056090186,0.0787088862504597,0.944333333333333
