"Posterior_Mean","Posterior_SD","Posterior_LB","Posterior_UB","prob"
-0.0269817620039957,0.215404117290899,-0.449438744670812,0.398317817128038,0.548666666666667
