"Posterior_Mean","Posterior_SD","Posterior_LB","Posterior_UB","prob"
-0.369436701153916,0.233837399839292,-0.821830025653338,0.0812885991904513,0.940333333333333
