"Posterior_Mean","Posterior_SD","Posterior_LB","Posterior_UB","prob"
-0.295968333419553,0.234140646685016,-0.753893615008574,0.159730575620785,0.897
