"Posterior_Mean","Posterior_SD","Posterior_LB","Posterior_UB","prob"
-0.508487206490237,0.230163999963308,-0.968287660246442,-0.052793288273601,0.984833333333333
