"Posterior_Mean","Posterior_SD","Posterior_LB","Posterior_UB","prob"
-0.114460431481486,0.231688386070131,-0.568071476202607,0.328476370653025,0.692753517505812
