"Posterior_Mean","Posterior_SD","Posterior_LB","Posterior_UB","prob"
-0.34900331599268,0.241129214487915,-0.821241359440225,0.106922992851572,0.925586832477249
