"Posterior_Mean","Posterior_SD","Posterior_LB","Posterior_UB","prob"
-0.471148885827303,0.169069876174623,-0.822163782474342,-0.103592368108849,0.99331875227057
