"Posterior_Mean","Posterior_SD","Posterior_LB","Posterior_UB","prob"
-0.316364132795067,0.229944141603189,-0.772250776532881,0.14113380983733,0.91620785729712
