"Posterior_Mean","Posterior_SD","Posterior_LB","Posterior_UB","prob"
0.0682855603472949,0.230838763531992,-0.391955804076816,0.51422718109744,0.384833333333333
