"Posterior_Mean","Posterior_SD","Posterior_LB","Posterior_UB","prob"
0.0191080380535141,0.232491311457833,-0.440780205576495,0.459800877833216,0.466692244409646
