"Posterior_Mean","Posterior_SD","Posterior_LB","Posterior_UB","prob"
-0.167860773373026,0.224040804314893,-0.594981568007077,0.265832659068383,0.771184886495841
