"Posterior_Mean","Posterior_SD","Posterior_LB","Posterior_UB","prob"
-0.310976862993781,0.232737367788393,-0.763090572016582,0.150417133431905,0.908425467179103
