"Posterior_Mean","Posterior_SD","Posterior_LB","Posterior_UB","prob"
0.22458518941691,0.244539906942145,-0.244884837904802,0.705997135459616,0.179000413512676
