"Posterior_Mean","Posterior_SD","Posterior_LB","Posterior_UB","prob"
0.0240960632761917,0.232694109826585,-0.437297314705033,0.48414645658933,0.4595
