"Posterior_Mean","Posterior_SD","Posterior_LB","Posterior_UB","prob"
-0.287279159130414,0.227762509707472,-0.721251825340097,0.157385586106411,0.882251263845152
