"Posterior_Mean","Posterior_SD","Posterior_LB","Posterior_UB","prob"
-0.424017977512846,0.249560771598407,-0.924247453005602,0.0683732217289191,0.954500229401964
