"Posterior_Mean","Posterior_SD","Posterior_LB","Posterior_UB","prob"
-0.12750811863848,0.232325768516873,-0.570928300689003,0.327908788626301,0.711833333333333
