"Posterior_Mean","Posterior_SD","Posterior_LB","Posterior_UB","prob"
-0.456987065046208,0.225744749754937,-0.908884495198893,-0.0151825172000762,0.979166666666667
