"Posterior_Mean","Posterior_SD","Posterior_LB","Posterior_UB","prob"
-0.17495545114963,0.228166985819464,-0.629307010704806,0.270074729055578,0.780666666666667
