"Posterior_Mean","Posterior_SD","Posterior_LB","Posterior_UB","prob"
-0.31430964668451,0.200604671508909,-0.7146824048028,0.128805492271058,0.92565419707918
