"Posterior_Mean","Posterior_SD","Posterior_LB","Posterior_UB","prob"
-0.156944492661263,0.220354873242814,-0.599187216144076,0.28645328688148,0.767666666666667
