"Posterior_Mean","Posterior_SD","Posterior_LB","Posterior_UB","prob"
-0.0636091088283228,0.227521942411885,-0.512688077615588,0.387883386695331,0.613000015095275
