"Posterior_Mean","Posterior_SD","Posterior_LB","Posterior_UB","prob"
-0.289676902744477,0.230841050685367,-0.74967485140857,0.162581473781953,0.893333333333333
