"Posterior_Mean","Posterior_SD","Posterior_LB","Posterior_UB","prob"
-0.413862106035811,0.228265552157252,-0.86099005857511,0.0220645458629603,0.969
