"Posterior_Mean","Posterior_SD","Posterior_LB","Posterior_UB","prob"
-0.62059452668942,0.223857743597987,-1.06909363999804,-0.168965053342723,0.997399706244571
