"Posterior_Mean","Posterior_SD","Posterior_LB","Posterior_UB","prob"
-0.280820992892284,0.232184790312691,-0.730233552596083,0.166382250374933,0.889666666666667
