"Posterior_Mean","Posterior_SD","Posterior_LB","Posterior_UB","prob"
-0.0562349988672088,0.22280846956465,-0.495311125276926,0.377024925397804,0.595666666666667
