"Posterior_Mean","Posterior_SD","Posterior_LB","Posterior_UB","prob"
-0.00149895481452359,0.223454787650928,-0.424420710759698,0.434988261042337,0.503833333333333
