"Posterior_Mean","Posterior_SD","Posterior_LB","Posterior_UB","prob"
-0.136967774380973,0.22589883230003,-0.589965126302932,0.295766185382266,0.725
