"Posterior_Mean","Posterior_SD","Posterior_LB","Posterior_UB","prob"
-0.323760131831424,0.222589466258741,-0.759076413808382,0.0966804244833648,0.925019807634289
