"Posterior_Mean","Posterior_SD","Posterior_LB","Posterior_UB","prob"
-0.701324269346011,0.198054390883153,-1.13126025153932,-0.320927352924627,1
