"Posterior_Mean","Posterior_SD","Posterior_LB","Posterior_UB","prob"
-0.400807621074014,0.192088443714606,-0.803131314923644,-0.00615362077410947,0.975945318715532
