"Posterior_Mean","Posterior_SD","Posterior_LB","Posterior_UB","prob"
-0.317924117174502,0.0810518907669087,-0.515342016418361,-0.0415713847023754,0.985326678658122
