"Posterior_Mean","Posterior_SD","Posterior_LB","Posterior_UB","prob"
-0.162561543063927,0.0904400384272395,-0.413841829410377,0.0581370493112222,0.913282764659183
