"Posterior_Mean","Posterior_SD","Posterior_LB","Posterior_UB","prob"
-0.169428592792728,0.0812367946812455,-0.353815688039318,0.0300375881694225,0.954479632549115
