"Posterior_Mean","Posterior_SD","Posterior_LB","Posterior_UB","prob"
-0.248667913056493,0.0813103550039406,-0.453195719307471,-0.0203428437672765,0.982315050959514
