"Posterior_Mean","Posterior_SD","Posterior_LB","Posterior_UB","prob"
-0.149824601604113,0.0759489444915117,-0.319644061275642,0.0360035019448331,0.949292207550037
