"Posterior_Mean","Posterior_SD","Posterior_LB","Posterior_UB","prob"
-0.406016809727672,0.0879312807621049,-0.582656489971185,-0.197539454804564,0.999187860244969
