"Posterior_Mean","Posterior_SD","Posterior_LB","Posterior_UB","prob"
-0.056542327267005,0.093943529426255,-0.305895120430542,0.147242768122857,0.674371594900381
