"Posterior_Mean","Posterior_SD","Posterior_LB","Posterior_UB","prob"
-0.183414204421197,0.0721272677669837,-0.33160464872709,-0.0375586857969751,0.992542410510678
