"Posterior_Mean","Posterior_SD","Posterior_LB","Posterior_UB","prob"
-0.429829946466542,0.0752774908724794,-0.580216677720053,-0.278163756878625,0.999994686299781
