"Posterior_Mean","Posterior_SD","Posterior_LB","Posterior_UB","prob"
-0.32930432576806,0.0876417577366257,-0.538450197695611,-0.148092216423137,0.999764783306597
