"Posterior_Mean","Posterior_SD","Posterior_LB","Posterior_UB","prob"
-0.281209919289221,0.073907246077621,-0.432552041112011,-0.116338119834994,0.998643717788772
