"Posterior_Mean","Posterior_SD","Posterior_LB","Posterior_UB","prob"
-0.344098497063542,0.085726923609194,-0.559706612811762,-0.0802473483650369,0.993138078807685
