"Posterior_Mean","Posterior_SD","Posterior_LB","Posterior_UB","prob"
-0.225420122351735,0.115446142452521,-0.473083083502047,0.0425069070226206,0.944928702829832
