"Posterior_Mean","Posterior_SD","Posterior_LB","Posterior_UB","prob"
-0.231927982350899,0.0827274373839133,-0.414379538495661,-0.03094216033282,0.986474088762624
