"Posterior_Mean","Posterior_SD","Posterior_LB","Posterior_UB","prob"
-0.105317960686399,0.0943946204868887,-0.381516711538344,0.104650274552659,0.8294331256919
