"Posterior_Mean","Posterior_SD","Posterior_LB","Posterior_UB","prob"
-0.402768299414361,0.0914092441024888,-0.640600584787522,-0.218792045256698,1
