"Posterior_Mean","Posterior_SD","Posterior_LB","Posterior_UB","prob"
-0.304181231205511,0.101489439296677,-0.502887739493653,-0.0792410720240057,0.993219381359243
