"Posterior_Mean","Posterior_SD","Posterior_LB","Posterior_UB","prob"
-0.162397409744929,0.0814917137958006,-0.352844479829654,0.0901395630775945,0.926207901283291
