"Posterior_Mean","Posterior_SD","Posterior_LB","Posterior_UB","prob"
-0.418142881815748,0.0961162169483818,-0.633342446566075,-0.204473933297766,1
