"Posterior_Mean","Posterior_SD","Posterior_LB","Posterior_UB","prob"
-0.35497707221006,0.0773384383821796,-0.530731800160674,-0.19013256372345,1
