"Posterior_Mean","Posterior_SD","Posterior_LB","Posterior_UB","prob"
-0.286454799888628,0.0968655678567536,-0.586276525936814,-0.0471409777564324,0.99351005435452
