"Posterior_Mean","Posterior_SD","Posterior_LB","Posterior_UB","prob"
0.0789771548761431,0.0638222332017983,-0.0933165790139624,0.290276756496758,0.259682058575875
