"Posterior_Mean","Posterior_SD","Posterior_LB","Posterior_UB","prob"
-0.0128310490316069,0.0585796129173314,-0.148960967447231,0.117110102098097,0.566914533106987
