"Posterior_Mean","Posterior_SD","Posterior_LB","Posterior_UB","prob"
0.153743021636074,0.0771141771221788,-0.0407377649073004,0.324492619092844,0.0601326252905513
