"Posterior_Mean","Posterior_SD","Posterior_LB","Posterior_UB","prob"
0.00197332542474672,0.0594163438384696,-0.13438030225978,0.125959525484143,0.47371012603482
