"Posterior_Mean","Posterior_SD","Posterior_LB","Posterior_UB","prob"
0.0743016347445998,0.0601485555499158,-0.0535233605428794,0.208090718210062,0.119009946921093
