"Posterior_Mean","Posterior_SD","Posterior_LB","Posterior_UB","prob"
-0.0257998531381111,0.0487195403341978,-0.118981078207187,0.0704622056119495,0.696825509630803
