"Posterior_Mean","Posterior_SD","Posterior_LB","Posterior_UB","prob"
0.0139626215605959,0.0601543049664232,-0.109084419011088,0.147886379682599,0.415075641470596
