"Posterior_Mean","Posterior_SD","Posterior_LB","Posterior_UB","prob"
0.019709618679679,0.0617897627298112,-0.107287602116424,0.146717211195933,0.364184557088557
