"Posterior_Mean","Posterior_SD","Posterior_LB","Posterior_UB","prob"
0.00154296651096757,0.052303205598233,-0.121734029112926,0.133095677291699,0.500789926762061
