"Posterior_Mean","Posterior_SD","Posterior_LB","Posterior_UB","prob"
-0.0799513057040815,0.0435497477570777,-0.171417305208142,0.0416046444312291,0.924147595426018
