"Posterior_Mean","Posterior_SD","Posterior_LB","Posterior_UB","prob"
-0.0833992405576454,0.0644047839468599,-0.222274247114469,0.0918216006699778,0.854263943585445
