"Posterior_Mean","Posterior_SD","Posterior_LB","Posterior_UB","prob"
-0.0936103747931434,0.0507995907687435,-0.233310599002019,0.0430130651298375,0.918708463814261
