"Posterior_Mean","Posterior_SD","Posterior_LB","Posterior_UB","prob"
0.0642544197832854,0.0798596331903157,-0.087339065973623,0.218594050345447,0.221507983132626
