"Posterior_Mean","Posterior_SD","Posterior_LB","Posterior_UB","prob"
0.0527389433685202,0.0828870577811842,-0.105607142345388,0.218441818242484,0.257830281382634
