"Posterior_Mean","Posterior_SD","Posterior_LB","Posterior_UB","prob"
-0.0920622825286807,0.0465346866656577,-0.183135198085766,0.00113351070862275,0.973565797910539
