"Posterior_Mean","Posterior_SD","Posterior_LB","Posterior_UB","prob"
-0.0171157356609502,0.0608726756710895,-0.141239298677332,0.100741527540381,0.612598630185183
