"Posterior_Mean","Posterior_SD","Posterior_LB","Posterior_UB","prob"
-0.00437853098435861,0.0685229177365793,-0.179146094830883,0.136707220986187,0.488640504147526
