"Posterior_Mean","Posterior_SD","Posterior_LB","Posterior_UB","prob"
0.000771700458795586,0.0592001052214976,-0.128255851258557,0.116474723439386,0.487189077402068
