"Posterior_Mean","Posterior_SD","Posterior_LB","Posterior_UB","prob"
-0.147669010423227,0.0435580121146713,-0.278655788357747,0.000427868128565739,0.975019400305392
