"Posterior_Mean","Posterior_SD","Posterior_LB","Posterior_UB","prob"
0.0739770439089004,0.082241476740207,-0.0885343670325793,0.241228645692833,0.179694288990852
