"Posterior_Mean","Posterior_SD","Posterior_LB","Posterior_UB","prob"
0.0030668203578124,0.0477935698995873,-0.0930659522884272,0.103298883893609,0.477561916355625
