"Posterior_Mean","Posterior_SD","Posterior_LB","Posterior_UB","prob"
-0.0364965040783923,0.0491837861234473,-0.16380927094005,0.100744339894121,0.741460771580341
