"Posterior_Mean","Posterior_SD","Posterior_LB","Posterior_UB","prob"
-0.000578168332087895,0.0836219750920473,-0.159328822768378,0.170177924753915,0.493801113336861
