"Posterior_Mean","Posterior_SD","Posterior_LB","Posterior_UB","prob"
-0.0576350184303808,0.0529924935455072,-0.173979328689978,0.0783794022832364,0.82617386230939
