"Posterior_Mean","Posterior_SD","Posterior_LB","Posterior_UB","prob"
0.104268873169302,0.0684009568190066,-0.034680570581626,0.236302662946013,0.0705232876535453
