"Posterior_Mean","Posterior_SD","Posterior_LB","Posterior_UB","prob"
0.0449835042667653,0.0610706847768909,-0.179374084530518,0.19256172146143,0.25207431975563
