"Posterior_Mean","Posterior_SD","Posterior_LB","Posterior_UB","prob"
-0.0770386511817093,0.0833850552296483,-0.246120428822825,0.0926966665993801,0.819585717719337
