"Posterior_Mean","Posterior_SD","Posterior_LB","Posterior_UB","prob"
0.0158007431048839,0.0628059706286121,-0.131051417649698,0.139501413548984,0.385162681065505
