"Posterior_Mean","Posterior_SD","Posterior_LB","Posterior_UB","prob"
0.0759334316384195,0.0624980563449632,-0.0547036174461156,0.20680756734038,0.1291043857149
