"Posterior_Mean","Posterior_SD","Posterior_LB","Posterior_UB","prob"
0.0483397744670549,0.063660108206859,-0.108948191130393,0.179191102264231,0.225605535301884
