"Posterior_Mean","Posterior_SD","Posterior_LB","Posterior_UB","prob"
-0.0258628765314505,0.0787250903916202,-0.196210895681517,0.124550862791864,0.619716488536346
