"Posterior_Mean","Posterior_SD","Posterior_LB","Posterior_UB","prob"
-0.0713541453928988,0.0490524986101293,-0.174024810583479,0.0364950346169876,0.914884598848571
