"Posterior_Mean","Posterior_SD","Posterior_LB","Posterior_UB","prob"
0.0573408552877916,0.0559082094641688,-0.08108601291537,0.188535063662252,0.207575175382738
