"Posterior_Mean","Posterior_SD","Posterior_LB","Posterior_UB","prob"
0.0300614043873868,0.0542137386774306,-0.117623551406893,0.173102071213448,0.343914800824246
