"Posterior_Mean","Posterior_SD","Posterior_LB","Posterior_UB","prob"
-0.000335443046867188,0.0534718776782592,-0.113223221031055,0.144048166721978,0.534233248152657
