"Posterior_Mean","Posterior_SD","Posterior_LB","Posterior_UB","prob"
0.00320869504108511,0.0806900468800084,-0.151991003079828,0.165607512511531,0.494791433117836
