"Posterior_Mean","Posterior_SD","Posterior_LB","Posterior_UB","prob"
0.0051212287844621,0.0815849368468654,-0.158097243772315,0.168868267020551,0.480839545261593
