"Posterior_Mean","Posterior_SD","Posterior_LB","Posterior_UB","prob"
-0.0379859755845533,0.0660000996515718,-0.255028846899421,0.12694978092093,0.590091661550853
