"Posterior_Mean","Posterior_SD","Posterior_LB","Posterior_UB","prob"
-0.0470548159970014,0.0604709413688671,-0.163902501118744,0.0801708310498307,0.794071039647575
