"Posterior_Mean","Posterior_SD","Posterior_LB","Posterior_UB","prob"
-0.145993636576638,0.0491870190237799,-0.274796742293149,0.0905292911596025,0.881389936501535
