"Posterior_Mean","Posterior_SD","Posterior_LB","Posterior_UB","prob"
-0.124582468572027,0.0466201181546761,-0.264726464732913,-0.00613825630896366,0.980923181441803
