"Posterior_Mean","Posterior_SD","Posterior_LB","Posterior_UB","prob"
-0.0894685301485567,0.0491438750122316,-0.19312075257005,0.0284876221533378,0.944050483734723
