"Posterior_Mean","Posterior_SD","Posterior_LB","Posterior_UB","prob"
0.128884251245318,0.0847544102491043,-0.0401331646388793,0.289538573484069,0.0635845538364521
