"Posterior_Mean","Posterior_SD","Posterior_LB","Posterior_UB","prob"
-0.0281142282106689,0.0492773955764228,-0.126293444974825,0.0805445266959374,0.729609209331109
