"Posterior_Mean","Posterior_SD","Posterior_LB","Posterior_UB","prob"
-0.0688223045158936,0.05971498084001,-0.198254137577637,0.0704661164749479,0.854874813561813
