"Posterior_Mean","Posterior_SD","Posterior_LB","Posterior_UB","prob"
-0.176091922651532,0.0425409574559202,-0.271733415233144,-0.0691153527862116,0.997537503776981
