"Posterior_Mean","Posterior_SD","Posterior_LB","Posterior_UB","prob"
-0.080448914246884,0.0426663227332773,-0.172103074441442,0.0295033309228414,0.933148036848901
