"Posterior_Mean","Posterior_SD","Posterior_LB","Posterior_UB","prob"
0.0105564973556152,0.0671259347791872,-0.127008113801616,0.159273395071676,0.457721402096391
