"Posterior_Mean","Posterior_SD","Posterior_LB","Posterior_UB","prob"
-0.108771041231982,0.0421802727511239,-0.202804002670749,0.00725055352527247,0.966870282400217
