"Posterior_Mean","Posterior_SD","Posterior_LB","Posterior_UB","prob"
-0.0367725801619948,0.0588199893839484,-0.149520601588577,0.0803176630964876,0.739246834648533
