"Posterior_Mean","Posterior_SD","Posterior_LB","Posterior_UB","prob"
0.0760912401479451,0.0809342494066368,-0.0883024090318062,0.244044969266897,0.180799850925591
