"Posterior_Mean","Posterior_SD","Posterior_LB","Posterior_UB","prob"
0.0835186510259572,0.0823200180900757,-0.0754410444467439,0.248746163941696,0.148970531179243
