"Posterior_Mean","Posterior_SD","Posterior_LB","Posterior_UB","prob"
0.048262208133567,0.0557289769523207,-0.142303646970942,0.237120308403513,0.333292991253423
