"Posterior_Mean","Posterior_SD","Posterior_LB","Posterior_UB","prob"
-0.0672263725848545,0.0499252349986405,-0.169224816014709,0.0339664422931692,0.9092463223302
