"Posterior_Mean","Posterior_SD","Posterior_LB","Posterior_UB","prob"
-0.0535996055987219,0.0461954966451852,-0.161195957398297,0.0496514843849456,0.847646949952423
