"Posterior_Mean","Posterior_SD","Posterior_LB","Posterior_UB","prob"
-0.024348946147064,0.0549456222282342,-0.163495662851623,0.139132728185604,0.630465864108089
