"Posterior_Mean","Posterior_SD","Posterior_LB","Posterior_UB","prob"
-0.0145624519950947,0.0585466597491666,-0.224851397815078,0.150254767660887,0.496801541240504
