"Posterior_Mean","Posterior_SD","Posterior_LB","Posterior_UB","prob"
-0.000951634923867003,0.0617652901951035,-0.177901785556998,0.133794512937556,0.46089131445603
