"Posterior_Mean","Posterior_SD","Posterior_LB","Posterior_UB","prob"
-0.089054523684304,0.0553130828198118,-0.229735863996667,0.0436303922220624,0.908575717455065
