"Posterior_Mean","Posterior_SD","Posterior_LB","Posterior_UB","prob"
0.0519255699811103,0.0574710419477966,-0.0828451347340629,0.17442530923637,0.202088253841293
