"Posterior_Mean","Posterior_SD","Posterior_LB","Posterior_UB","prob"
-0.0385730912622842,0.057751338145411,-0.158381886909005,0.0932901107920367,0.735765426203197
