"Posterior_Mean","Posterior_SD","Posterior_LB","Posterior_UB","prob"
-0.0924119635508423,0.048681929349416,-0.193959105798082,0.0138150561528803,0.954792103355789
