"Posterior_Mean","Posterior_SD","Posterior_LB","Posterior_UB","prob"
-0.0345738724924241,0.0531477772427519,-0.165874931190172,0.0996437116768597,0.675486437222993
