"Posterior_Mean","Posterior_SD","Posterior_LB","Posterior_UB","prob"
-0.0765894190363968,0.0495700197543872,-0.22543034207417,0.0344559244015094,0.908160921762762
