"Posterior_Mean","Posterior_SD","Posterior_LB","Posterior_UB","prob"
0.0214436831514683,0.0586281935604646,-0.0950068374219152,0.137964598434395,0.355780599990298
