"Posterior_Mean","Posterior_SD","Posterior_LB","Posterior_UB","prob"
0.0228387906843325,0.0497879905996703,-0.0773582995908621,0.139235114314216,0.351239474936054
