"Posterior_Mean","Posterior_SD","Posterior_LB","Posterior_UB","prob"
0.00262157785705502,0.0639757708227286,-0.139137110223681,0.170611330975331,0.500987775435492
