"Posterior_Mean","Posterior_SD","Posterior_LB","Posterior_UB","prob"
-0.153497210207102,0.0497512380370794,-0.325471407896819,0.0334507127193479,0.943191805686437
