"Posterior_Mean","Posterior_SD","Posterior_LB","Posterior_UB","prob"
-0.110179794937921,0.0489910973104373,-0.222151698085826,0.016901445677824,0.95681828041507
