"Posterior_Mean","Posterior_SD","Posterior_LB","Posterior_UB","prob"
0.00548545796906908,0.0467613895787258,-0.0863994329717442,0.100974549079913,0.454148969091556
