"Posterior_Mean","Posterior_SD","Posterior_LB","Posterior_UB","prob"
-0.0995121139631208,0.0488991163118577,-0.200961368459581,0.000593972712028615,0.973455635385441
