"Posterior_Mean","Posterior_SD","Posterior_LB","Posterior_UB","prob"
-0.0691799381895657,0.0467409658821093,-0.162015978667644,0.0205835403400047,0.930483091518864
