"Posterior_Mean","Posterior_SD","Posterior_LB","Posterior_UB","prob"
-0.13273675685437,0.0405046194320656,-0.212739783121338,-0.0531706014899115,0.999565697605166
