"Posterior_Mean","Posterior_SD","Posterior_LB","Posterior_UB","prob"
-0.0388900148149097,0.0578808503433676,-0.16812189394555,0.0963973200154896,0.72632455095451
