"Posterior_Mean","Posterior_SD","Posterior_LB","Posterior_UB","prob"
-0.0702822057911052,0.0490898210116606,-0.187334014727006,0.0568070070718864,0.876650203275082
