"Posterior_Mean","Posterior_SD","Posterior_LB","Posterior_UB","prob"
-0.00513215149355953,0.0494023465596382,-0.146089371185353,0.140921899948664,0.537259025824883
