"Posterior_Mean","Posterior_SD","Posterior_LB","Posterior_UB","prob"
-0.146051327448964,0.0511895416298154,-0.259770821882476,-0.0120539988370819,0.984717117262671
