"Posterior_Mean","Posterior_SD","Posterior_LB","Posterior_UB","prob"
-0.105013476839116,0.0464940452085421,-0.215897151147026,-0.0058573882641021,0.980656829380899
