"Posterior_Mean","Posterior_SD","Posterior_LB","Posterior_UB","prob"
0.0302114417635507,0.0759717087565548,-0.123029011232377,0.191259989412024,0.351698540415542
