"Posterior_Mean","Posterior_SD","Posterior_LB","Posterior_UB","prob"
0.0465322385392534,0.0602260987174074,-0.175324976657078,0.187839543128923,0.247786598863383
