"Posterior_Mean","Posterior_SD","Posterior_LB","Posterior_UB","prob"
-0.221782908621859,0.041266003186339,-0.303950013441319,-0.139883127745251,0.999999819349551
