"Posterior_Mean","Posterior_SD","Posterior_LB","Posterior_UB","prob"
0.0646671534609815,0.0575105298928851,-0.0502696964230461,0.175205510371947,0.127708499739906
