"Posterior_Mean","Posterior_SD","Posterior_LB","Posterior_UB","prob"
0.0642639844583914,0.0624617803289086,-0.0617443826922683,0.19362988792922,0.150712261130211
