"Posterior_Mean","Posterior_SD","Posterior_LB","Posterior_UB","prob"
-0.0654972773458669,0.0550301313950045,-0.198999663909041,0.0685992313681916,0.820536359167018
