"Posterior_Mean","Posterior_SD","Posterior_LB","Posterior_UB","prob"
-0.0500104961373502,0.0707185506129749,-0.299652409999804,0.123492553547403,0.649270442870701
