"Posterior_Mean","Posterior_SD","Posterior_LB","Posterior_UB","prob"
-0.0415368277923053,0.0539338062471679,-0.207159524914465,0.0922866735593363,0.703792373161991
