"Posterior_Mean","Posterior_SD","Posterior_LB","Posterior_UB","prob"
-0.125297527185753,0.0430657893146914,-0.226017588519355,-1.28627622884318e-05,0.974689624283876
