"Posterior_Mean","Posterior_SD","Posterior_LB","Posterior_UB","prob"
-0.0468978950257346,0.0560526234474759,-0.187208464394962,0.0988489435652133,0.754510394939764
