"Posterior_Mean","Posterior_SD","Posterior_LB","Posterior_UB","prob"
-0.0754909231202785,0.0515175830175093,-0.177793295934291,0.0357539959210335,0.914758343450018
