"Posterior_Mean","Posterior_SD","Posterior_LB","Posterior_UB","prob"
-0.0015723464437743,0.0579267209924017,-0.116113057890191,0.115485756898536,0.513395701395849
