"Posterior_Mean","Posterior_SD","Posterior_LB","Posterior_UB","prob"
0.0313532118650859,0.0813130710581303,-0.131496100772329,0.198939166926922,0.353226334126864
