"Posterior_Mean","Posterior_SD","Posterior_LB","Posterior_UB","prob"
-0.0789050973235485,0.0472782959708661,-0.172296149145737,0.0125390341897804,0.952061412546659
