"Posterior_Mean","Posterior_SD","Posterior_LB","Posterior_UB","prob"
-0.0744073298494295,0.0809333076817684,-0.228925138463042,0.0859842157724026,0.822081173614779
