"Posterior_Mean","Posterior_SD","Posterior_LB","Posterior_UB","prob"
-0.224833827555146,0.035670639109017,-0.294712237868469,-0.154135881091108,0.999999896348357
