"Posterior_Mean","Posterior_SD","Posterior_LB","Posterior_UB","prob"
-0.218303659469384,0.0363036017382792,-0.289596845181116,-0.145746570151657,0.99999995904916
