"Posterior_Mean","Posterior_SD","Posterior_LB","Posterior_UB","prob"
-0.263341472993607,0.0404139726487371,-0.345481772437518,-0.182157535377182,1
