"Posterior_Mean","Posterior_SD","Posterior_LB","Posterior_UB","prob"
-0.188421143409793,0.0368331556653587,-0.257451823870557,-0.112912673502685,0.999999690896019
