"Posterior_Mean","Posterior_SD","Posterior_LB","Posterior_UB","prob"
-0.225886839033215,0.0359986114611698,-0.297693017977289,-0.154299712077335,1
