"Posterior_Mean","Posterior_SD","Posterior_LB","Posterior_UB","prob"
-0.281470074836348,0.0358691028778291,-0.353086230989502,-0.209934596567174,1
