"Posterior_Mean","Posterior_SD","Posterior_LB","Posterior_UB","prob"
-0.194831269280118,0.0370815905358272,-0.268502308053192,-0.118747972869205,0.999990785803741
