"Posterior_Mean","Posterior_SD","Posterior_LB","Posterior_UB","prob"
-0.211047394101108,0.0365761756421531,-0.280395593622408,-0.139189292065666,0.999999982419375
