"Posterior_Mean","Posterior_SD","Posterior_LB","Posterior_UB","prob"
-0.249887508354442,0.0376936366030831,-0.327870667557733,-0.164340408076161,0.999997776803311
