"Posterior_Mean","Posterior_SD","Posterior_LB","Posterior_UB","prob"
-0.300271946820623,0.0363417628281531,-0.37369860209142,-0.227572652142429,1
