"Posterior_Mean","Posterior_SD","Posterior_LB","Posterior_UB","prob"
-0.16447859847951,0.0344791457625838,-0.2323412810483,-0.0962684106904478,0.999998554251365
