"Posterior_Mean","Posterior_SD","Posterior_LB","Posterior_UB","prob"
-0.202548047023274,0.0351954204640262,-0.275508425604902,-0.133657630352386,0.999999473377047
