"","Posterior_Mean","Posterior_SD","Posterior_LB","Posterior_UB"
"1",-0.0454571996338357,0.0362875619683344,-0.11532669662417,0.0283031859981881
