"Posterior_Mean","Posterior_SD","Posterior_LB","Posterior_UB","prob"
-0.30683477379774,0.0364190972968029,-0.388056159661245,-0.212126554048521,1
