"Posterior_Mean","Posterior_SD","Posterior_LB","Posterior_UB","prob"
-0.257153812728051,0.0369796535149793,-0.330252032630891,-0.183449961620356,1
