"Posterior_Mean","Posterior_SD","Posterior_LB","Posterior_UB","prob"
-0.263726584992898,0.0377244292081973,-0.336235647312621,-0.190329522198033,1
