"Posterior_Mean","Posterior_SD","Posterior_LB","Posterior_UB","prob"
-0.250555521066107,0.0351370476500575,-0.319172614595838,-0.183654984978917,1
