"Posterior_Mean","Posterior_SD","Posterior_LB","Posterior_UB","prob"
-0.211177321072646,0.035558314563142,-0.283580172393462,-0.143065715663017,1
