"Posterior_Mean","Posterior_SD","Posterior_LB","Posterior_UB","prob"
-0.247247148833417,0.0369255391646551,-0.32131259742742,-0.170862915669382,1
