"Posterior_Mean","Posterior_SD","Posterior_LB","Posterior_UB","prob"
-0.258101863201461,0.0352907867851709,-0.328702835495671,-0.188458954821148,1
