"Posterior_Mean","Posterior_SD","Posterior_LB","Posterior_UB","prob"
-0.242164347337252,0.0382097468821597,-0.318672355367852,-0.166336157324013,0.999999601954571
