"Posterior_Mean","Posterior_SD","Posterior_LB","Posterior_UB","prob"
-0.237306427287291,0.0340047564157396,-0.307369841897729,-0.168196163196022,1
