"Posterior_Mean","Posterior_SD","Posterior_LB","Posterior_UB","prob"
-0.215184220653102,0.0349423626254292,-0.2851246783457,-0.148211399119665,0.999999999145641
