"Posterior_Mean","Posterior_SD","Posterior_LB","Posterior_UB","prob"
-0.236963015420181,0.0368610244579359,-0.313524994455832,-0.168990246374844,1
