"Posterior_Mean","Posterior_SD","Posterior_LB","Posterior_UB","prob"
-0.211089660412487,0.0365373970872176,-0.282749876056039,-0.13760754459413,1
