"Posterior_Mean","Posterior_SD","Posterior_LB","Posterior_UB","prob"
-0.215854217397211,0.035609553430243,-0.286230507947158,-0.144414337402286,1
