"Posterior_Mean","Posterior_SD","Posterior_LB","Posterior_UB","prob"
-0.218706864833438,0.0367612215078551,-0.289719179181382,-0.145612686001338,1
