"Posterior_Mean","Posterior_SD","Posterior_LB","Posterior_UB","prob"
-0.243297391677974,0.0351230900161945,-0.308775208282569,-0.172636264384341,0.999999989301428
