"Posterior_Mean","Posterior_SD","Posterior_LB","Posterior_UB","prob"
-0.238289546807461,0.0372317985129046,-0.311166238183033,-0.164273069919426,0.999999993732719
