"Posterior_Mean","Posterior_SD","Posterior_LB","Posterior_UB","prob"
-0.306539429291305,0.0388927525276217,-0.383877912972713,-0.230310764741911,0.999999070371784
