"Posterior_Mean","Posterior_SD","Posterior_LB","Posterior_UB","prob"
-0.235507507538696,0.037171893833123,-0.309894210439818,-0.162997652053351,0.999999995539431
