"","Posterior_Mean","Posterior_SD","Posterior_LB","Posterior_UB"
"1",0.0242129178481133,0.0359324456390033,-0.0463933105932813,0.0908265321489243
