"Posterior_Mean","Posterior_SD","Posterior_LB","Posterior_UB","prob"
-0.203950248246678,0.0352745450961922,-0.277933931519114,-0.134932607759996,0.999999738616722
