"","Posterior_Mean","Posterior_SD","Posterior_LB","Posterior_UB"
"1",-0.00406045088487405,0.0357782171899137,-0.0715869469949241,0.0683825957437672
