"Posterior_Mean","Posterior_SD","Posterior_LB","Posterior_UB","prob"
-0.254477114231628,0.0570991565859456,-0.370835515544856,-0.133165314880107,0.999432881924672
