"Posterior_Mean","Posterior_SD","Posterior_LB","Posterior_UB","prob"
-0.263514887387804,0.0498166124468614,-0.3714341353605,-0.156322944287794,0.999963541164896
