"Posterior_Mean","Posterior_SD","Posterior_LB","Posterior_UB","prob"
-0.337727661870999,0.0408712330456646,-0.425016062894159,-0.254289168453038,1
