"Posterior_Mean","Posterior_SD","Posterior_LB","Posterior_UB","prob"
-0.343988681867458,0.0502588439914525,-0.465075036388074,-0.136546321617807,0.999490228503015
