"Posterior_Mean","Posterior_SD","Posterior_LB","Posterior_UB","prob"
-0.299777865460033,0.0431165570886043,-0.397254721880066,-0.194451897537605,0.999999871722904
