"Posterior_Mean","Posterior_SD","Posterior_LB","Posterior_UB","prob"
-0.274526826589669,0.0450489174301237,-0.407984773475501,-0.155513292510768,0.999989484113967
