"Posterior_Mean","Posterior_SD","Posterior_LB","Posterior_UB","prob"
-0.276962719808145,0.0520249461277298,-0.413678348248578,-0.164532686218283,1
