"Posterior_Mean","Posterior_SD","Posterior_LB","Posterior_UB","prob"
-0.252388721409308,0.0467691873070386,-0.342092610689538,-0.157869188931107,0.999997285122988
