"Posterior_Mean","Posterior_SD","Posterior_LB","Posterior_UB","prob"
-0.135532062599505,0.0527234651791493,-0.283229632938312,0.109020116974117,0.902777510421528
