"Posterior_Mean","Posterior_SD","Posterior_LB","Posterior_UB","prob"
-0.386372918850046,0.0483187215629925,-0.490791971528609,-0.294159675369556,1
