"Posterior_Mean","Posterior_SD","Posterior_LB","Posterior_UB","prob"
-0.310643435873557,0.0486446260927153,-0.427359102913882,-0.173590226211092,0.999899623264558
