"Posterior_Mean","Posterior_SD","Posterior_LB","Posterior_UB","prob"
-0.319097667148506,0.0525580129749478,-0.477328205240904,-0.156674943956019,1
