"Posterior_Mean","Posterior_SD","Posterior_LB","Posterior_UB","prob"
-0.375354407813211,0.0427517834866042,-0.477063955300662,-0.259202572630476,0.999998009349435
