"Posterior_Mean","Posterior_SD","Posterior_LB","Posterior_UB","prob"
-0.401014330754385,0.0478723983644232,-0.501635404311829,-0.235234832253702,0.999939408972736
