"Posterior_Mean","Posterior_SD","Posterior_LB","Posterior_UB","prob"
-0.265749137117794,0.0582514685225504,-0.381226684173669,-0.142637250903942,0.999912659945061
