"Posterior_Mean","Posterior_SD","Posterior_LB","Posterior_UB","prob"
-0.321426289165545,0.0464462191410936,-0.421193267326182,-0.210061231566311,0.999992410275658
