"Posterior_Mean","Posterior_SD","Posterior_LB","Posterior_UB","prob"
-0.191202832853838,0.0486472805280863,-0.288313039003671,-0.0791767533758248,0.997738834484251
