"Posterior_Mean","Posterior_SD","Posterior_LB","Posterior_UB","prob"
-0.297057244713855,0.040134334358077,-0.372857791003597,-0.210323951594648,0.999999810691254
