"Posterior_Mean","Posterior_SD","Posterior_LB","Posterior_UB","prob"
-0.20805089287931,0.0515124588267349,-0.314914218046205,-0.0816083706395284,0.996331505319095
