"Posterior_Mean","Posterior_SD","Posterior_LB","Posterior_UB","prob"
-0.305991337299447,0.0427907750574437,-0.402871554527229,-0.195850392678544,1
