"Posterior_Mean","Posterior_SD","Posterior_LB","Posterior_UB","prob"
-0.282439777670293,0.048609231610388,-0.379146781805722,-0.176680247322127,0.999984244122308
