"Posterior_Mean","Posterior_SD","Posterior_LB","Posterior_UB","prob"
-0.237575894450798,0.0501146584837815,-0.346696454091923,-0.102614264360677,0.99954235879747
