"Posterior_Mean","Posterior_SD","Posterior_LB","Posterior_UB","prob"
-0.196463921069972,0.0545699184199281,-0.308349768517233,-0.0824910882814858,0.999903171621479
