"Posterior_Mean","Posterior_SD","Posterior_LB","Posterior_UB","prob"
-0.262490164951104,0.0492240205057093,-0.441122505978717,-0.135712073181048,0.999954203446326
