"","Posterior_Mean","Posterior_SD","Posterior_LB","Posterior_UB"
"1",0.0221366374731555,0.0379749803033932,-0.0544830616642144,0.0924660496530325
