"","Posterior_Mean","Posterior_SD","Posterior_LB","Posterior_UB"
"1",-0.00995705721696413,0.0359935424073497,-0.0816143178209895,0.0607167001706993
