"","Posterior_Mean","Posterior_SD","Posterior_LB","Posterior_UB"
"1",-0.0259514933812293,0.036085382477288,-0.0927022569389982,0.0452720191997317
