"","Posterior_Mean","Posterior_SD","Posterior_LB","Posterior_UB"
"1",-0.0741664055738602,0.0355019965786436,-0.142457131137715,-0.00468407390351521
