"","Posterior_Mean","Posterior_SD","Posterior_LB","Posterior_UB"
"1",-0.010323540699201,0.0357366941743304,-0.0785081772796723,0.0616939236450122
