"Posterior_Mean","Posterior_SD","Posterior_LB","Posterior_UB","prob"
0.000237653054081339,0.0680249408663099,-0.138644782945452,0.150048516894547,0.511097291004409
