"Posterior_Mean","Posterior_SD","Posterior_LB","Posterior_UB","prob"
-0.0417512377787874,0.0660192801226849,-0.243615156118783,0.159143641597881,0.617516015234011
