"Posterior_Mean","Posterior_SD","Posterior_LB","Posterior_UB","prob"
-0.0423011211106507,0.068883893261519,-0.200178798595978,0.123686420888163,0.699758416500577
