"Posterior_Mean","Posterior_SD","Posterior_LB","Posterior_UB","prob"
-0.12741412995152,0.0519126066394411,-0.236690806254368,-0.00772503852862609,0.982484137190024
