"Posterior_Mean","Posterior_SD","Posterior_LB","Posterior_UB","prob"
-0.109516930809219,0.0523647105433894,-0.241926836444963,0.0191356956535023,0.957849075180375
