"Posterior_Mean","Posterior_SD","Posterior_LB","Posterior_UB","prob"
-0.00531098815605205,0.0644940953656709,-0.143882111528567,0.129409149873347,0.52838648438824
