"Posterior_Mean","Posterior_SD","Posterior_LB","Posterior_UB","prob"
-0.112879977212696,0.0501521586813538,-0.20490865477271,-0.0100485010702207,0.986574630854661
