"Posterior_Mean","Posterior_SD","Posterior_LB","Posterior_UB","prob"
-0.0312428445308257,0.0652793648460154,-0.162551121539989,0.100689608850642,0.673429390508085
