"Posterior_Mean","Posterior_SD","Posterior_LB","Posterior_UB","prob"
0.0911256683240741,0.0606576771028574,-0.0355782100871776,0.217345610714055,0.075296802106889
