"Posterior_Mean","Posterior_SD","Posterior_LB","Posterior_UB","prob"
0.0129843071675508,0.0665011589049301,-0.128964941022762,0.176164838178387,0.460621139527149
