"Posterior_Mean","Posterior_SD","Posterior_LB","Posterior_UB","prob"
-0.0698053824143627,0.0493183844837891,-0.168643403008312,0.0289431703385843,0.913358775315166
