"Posterior_Mean","Posterior_SD","Posterior_LB","Posterior_UB","prob"
-0.0105346033635663,0.064655007947329,-0.136857016114746,0.113967748241494,0.578055723620316
