"Posterior_Mean","Posterior_SD","Posterior_LB","Posterior_UB","prob"
0.0310422819352095,0.0556819965984638,-0.116151482043342,0.190602701664506,0.369544136419876
