"Posterior_Mean","Posterior_SD","Posterior_LB","Posterior_UB","prob"
-0.126030706982413,0.0497881149363261,-0.224322469496188,-0.0277015993206491,0.992502602462616
