"Posterior_Mean","Posterior_SD","Posterior_LB","Posterior_UB","prob"
-0.0360705867071929,0.0580965919471734,-0.177194235325831,0.110426478762121,0.693863765020834
