"Posterior_Mean","Posterior_SD","Posterior_LB","Posterior_UB","prob"
-0.160481869201424,0.0590044506655904,-0.318054670371594,-0.000952127281208692,0.97586206169869
