"Posterior_Mean","Posterior_SD","Posterior_LB","Posterior_UB","prob"
0.0563501563580974,0.0633265624875614,-0.0913760038062204,0.18506420548163,0.187670448008998
