"Posterior_Mean","Posterior_SD","Posterior_LB","Posterior_UB","prob"
-0.00120623348511632,0.0624233690403714,-0.122192823714936,0.123169946635776,0.508035522620436
