"Posterior_Mean","Posterior_SD","Posterior_LB","Posterior_UB","prob"
-0.166159531388556,0.0499908275461468,-0.288505991054153,-0.0406029299744264,0.993374428818306
