"Posterior_Mean","Posterior_SD","Posterior_LB","Posterior_UB","prob"
-0.365278497270905,0.0972102245224234,-0.567083779613091,-0.168415138762938,0.999976271051883
