"Posterior_Mean","Posterior_SD","Posterior_LB","Posterior_UB","prob"
-0.19109162576901,0.0534988850390072,-0.310365406139665,-0.0519787374942437,0.996117718797026
