"Posterior_Mean","Posterior_SD","Posterior_LB","Posterior_UB","prob"
-0.194393374223976,0.087073092102121,-0.387931731381059,0.00221940936735522,0.973189097534089
