"Posterior_Mean","Posterior_SD","Posterior_LB","Posterior_UB","prob"
-0.259261220851653,0.0575109420266541,-0.392464548493859,-0.14575838836977,0.999995503675632
