"Posterior_Mean","Posterior_SD","Posterior_LB","Posterior_UB","prob"
-0.16484117815246,0.0520813424053805,-0.268943510997,-0.0599868758171559,0.999322872685619
