"Posterior_Mean","Posterior_SD","Posterior_LB","Posterior_UB","prob"
-0.194914115017771,0.048696073668647,-0.285554826055252,-0.0973196089255715,0.999459619316093
