"Posterior_Mean","Posterior_SD","Posterior_LB","Posterior_UB","prob"
-0.203291769711402,0.052620645321491,-0.307290358928295,-0.106174304647549,0.999018713504332
