"Posterior_Mean","Posterior_SD","Posterior_LB","Posterior_UB","prob"
-0.274175522839071,0.0617388112156458,-0.482438523592633,-0.0957509521496255,0.999139937696506
