"Posterior_Mean","Posterior_SD","Posterior_LB","Posterior_UB","prob"
-0.283612513390892,0.0510886833730094,-0.385104423347411,-0.18405157730474,0.999999999905852
