"Posterior_Mean","Posterior_SD","Posterior_LB","Posterior_UB","prob"
-0.201711743985467,0.0516236589981903,-0.304760732609219,-0.0911486379244137,0.999466714367453
