"Posterior_Mean","Posterior_SD","Posterior_LB","Posterior_UB","prob"
-0.124537392260158,0.0500823260538413,-0.220557901048303,-0.0232072697573642,0.991451585848063
