"Posterior_Mean","Posterior_SD","Posterior_LB","Posterior_UB","prob"
-0.310671166280592,0.0534436449227854,-0.443209522947794,-0.195322392965746,0.999994942044756
