"Posterior_Mean","Posterior_SD","Posterior_LB","Posterior_UB","prob"
-0.177822546927102,0.0530406566918446,-0.287927135810526,-0.0631807539468362,0.998120377354605
