"Posterior_Mean","Posterior_SD","Posterior_LB","Posterior_UB","prob"
-0.200880489083598,0.0578509120851073,-0.329105824655503,-0.0841958970988475,0.999403793451939
