"Posterior_Mean","Posterior_SD","Posterior_LB","Posterior_UB","prob"
-0.241446308328435,0.0558058510445386,-0.368160324220091,-0.129775054763768,0.999996172799977
