"Posterior_Mean","Posterior_SD","Posterior_LB","Posterior_UB","prob"
-0.204327496935025,0.0529647978439793,-0.326907747519942,-0.0948949842840701,0.999862849638965
