"Posterior_Mean","Posterior_SD","Posterior_LB","Posterior_UB","prob"
-0.207862387871099,0.0511160735391806,-0.30622942100913,-0.105085286530315,0.999988781999274
