"Posterior_Mean","Posterior_SD","Posterior_LB","Posterior_UB","prob"
-0.19304169171587,0.0523883748380205,-0.298455113919375,-0.0843197128315424,0.999135320499165
