"Posterior_Mean","Posterior_SD","Posterior_LB","Posterior_UB","prob"
-0.25611389094368,0.0508111508896571,-0.34998965023001,-0.157024782545799,1
