"Posterior_Mean","Posterior_SD","Posterior_LB","Posterior_UB","prob"
-0.202532252998505,0.0529022701648455,-0.308249839894352,-0.100071702256023,0.999999996076669
