"Posterior_Mean","Posterior_SD","Posterior_LB","Posterior_UB","prob"
-0.274127835105026,0.0522021107990142,-0.380409927541654,-0.16971845150805,0.999999088978273
