"Posterior_Mean","Posterior_SD","Posterior_LB","Posterior_UB","prob"
-0.176799668445828,0.050426887233545,-0.278460228873894,-0.0798988237621407,0.999032334298265
