"Posterior_Mean","Posterior_SD","Posterior_LB","Posterior_UB","prob"
-0.12688708080024,0.0518888593663104,-0.232658211089238,-0.022426673535711,0.990932552262931
