"Posterior_Mean","Posterior_SD","Posterior_LB","Posterior_UB","prob"
-0.2463962009122,0.0533126836120379,-0.353777364083455,-0.141450087171522,0.999999994390449
