"Posterior_Mean","Posterior_SD","Posterior_LB","Posterior_UB","prob"
-0.261299901115067,0.0520328840386264,-0.36162718846194,-0.163824928277929,0.999999624877426
