"Posterior_Mean","Posterior_SD","Posterior_LB","Posterior_UB","prob"
-0.233876293933059,0.0510966206327751,-0.334598135496405,-0.135711172134754,0.999991576176441
