"Posterior_Mean","Posterior_SD","Posterior_LB","Posterior_UB","prob"
0.0937235308158684,0.106116981452894,-0.11604976930654,0.312171527617603,0.186273606361128
