"Posterior_Mean","Posterior_SD","Posterior_LB","Posterior_UB","prob"
-0.158332263455724,0.0525301501426727,-0.262590887711196,-0.0515858052486316,0.999485631716416
