"Posterior_Mean","Posterior_SD","Posterior_LB","Posterior_UB","prob"
-0.238376439244249,0.0518022192546103,-0.349501246724181,-0.138785883514778,0.999998848860417
