"Posterior_Mean","Posterior_SD","Posterior_LB","Posterior_UB","prob"
-0.156608117137974,0.101587617728254,-0.357718134170648,0.0419168521618727,0.940375743845033
