"Posterior_Mean","Posterior_SD","Posterior_LB","Posterior_UB","prob"
-0.147474660009692,0.0512696879680531,-0.260139022056844,-0.0443257116389876,0.997963205429665
