"Posterior_Mean","Posterior_SD","Posterior_LB","Posterior_UB","prob"
-0.311930704505389,0.0786667155206838,-0.504755463549605,-0.155357658539315,1
