"Posterior_Mean","Posterior_SD","Posterior_LB","Posterior_UB","prob"
-0.158926182552655,0.0581250904308083,-0.277241834055428,-0.0409115979568372,0.996501409638116
