"Posterior_Mean","Posterior_SD","Posterior_LB","Posterior_UB","prob"
-0.246116452287763,0.0517265843695734,-0.350348484710595,-0.143634766041708,0.999998198166468
