"Posterior_Mean","Posterior_SD","Posterior_LB","Posterior_UB","prob"
-0.227276810116668,0.0519629606382098,-0.3317155252512,-0.12821820704703,0.999999683760011
