"Posterior_Mean","Posterior_SD","Posterior_LB","Posterior_UB","prob"
-0.207617555809626,0.0508826290991182,-0.314425058031538,-0.112239373461272,0.999915137403183
