"Posterior_Mean","Posterior_SD","Posterior_LB","Posterior_UB","prob"
-0.225435553628735,0.0492924003349746,-0.321290333282011,-0.132698747392324,0.999999735796892
