"Posterior_Mean","Posterior_SD","Posterior_LB","Posterior_UB","prob"
-0.216062039243294,0.0531274815849262,-0.326567368032627,-0.111642455018826,0.999884913895749
