"Posterior_Mean","Posterior_SD","Posterior_LB","Posterior_UB","prob"
-0.218872818290418,0.0552623692376299,-0.337725624870427,-0.100554397888648,0.999809109146782
