"Posterior_Mean","Posterior_SD","Posterior_LB","Posterior_UB","prob"
-0.19127617832579,0.0562257265505704,-0.313052030385351,-0.0770850141260328,0.99895933491714
