"Posterior_Mean","Posterior_SD","Posterior_LB","Posterior_UB","prob"
-0.303003313495587,0.0581174075751635,-0.420430204758276,-0.187879093034087,1
