"Posterior_Mean","Posterior_SD","Posterior_LB","Posterior_UB","prob"
-0.189508773537443,0.0565069788779252,-0.30290430467116,-0.0759832681171067,0.999346359345453
