"Posterior_Mean","Posterior_SD","Posterior_LB","Posterior_UB","prob"
-0.233902334570238,0.0708363857150418,-0.376582250056219,-0.0803096095014631,0.997700995756725
