"Posterior_Mean","Posterior_SD","Posterior_LB","Posterior_UB","prob"
-0.350501706939103,0.0623949093393756,-0.526261089245623,-0.212131726359925,1
