"Posterior_Mean","Posterior_SD","Posterior_LB","Posterior_UB","prob"
-0.243518296116963,0.0851521697752159,-0.420853679103345,-0.0573533529536525,0.992960953577178
