"Posterior_Mean","Posterior_SD","Posterior_LB","Posterior_UB","prob"
-0.309686325050261,0.0889732355653115,-0.502023288695255,-0.121728171026151,0.99959869867767
