"Posterior_Mean","Posterior_SD","Posterior_LB","Posterior_UB","prob"
-0.292014261338959,0.10072758919803,-0.492993834138718,-0.0958421892664736,0.998486498247631
