"Posterior_Mean","Posterior_SD","Posterior_LB","Posterior_UB","prob"
-0.168663243308454,0.0557493955454574,-0.285450178277469,-0.053388264699513,0.996941870950466
