"Posterior_Mean","Posterior_SD","Posterior_LB","Posterior_UB","prob"
-0.176529395631943,0.0481169481059393,-0.274717740781976,-0.0827656485913006,0.999969979353753
