"Posterior_Mean","Posterior_SD","Posterior_LB","Posterior_UB","prob"
-0.222782816528667,0.0514991909120378,-0.32360398934269,-0.122123085564724,0.999986767317552
