"Posterior_Mean","Posterior_SD","Posterior_LB","Posterior_UB","prob"
-0.179967087329316,0.0514577224079834,-0.287280556268477,-0.0776809081575245,0.999768495091237
