"Posterior_Mean","Posterior_SD","Posterior_LB","Posterior_UB","prob"
-0.2009397755151,0.0578864549577957,-0.326331515311261,-0.0860771564480256,0.999066588197942
