"Posterior_Mean","Posterior_SD","Posterior_LB","Posterior_UB","prob"
-0.204179852654843,0.0500963451409808,-0.30219205637818,-0.10619780964033,0.999510338651222
