"Posterior_Mean","Posterior_SD","Posterior_LB","Posterior_UB","prob"
-0.209195769445826,0.0539803167126397,-0.316999072374981,-0.106293077882784,0.999995483355508
