"Posterior_Mean","Posterior_SD","Posterior_LB","Posterior_UB","prob"
-0.23505144647697,0.0512270181313165,-0.33668654813367,-0.133704537469902,0.999999999376898
