"Posterior_Mean","Posterior_SD","Posterior_LB","Posterior_UB","prob"
-0.199385993017298,0.0522938825089866,-0.308587671130376,-0.0687655458382596,0.996284493884264
