"Posterior_Mean","Posterior_SD","Posterior_LB","Posterior_UB","prob"
-0.177702965895245,0.0507639517577425,-0.282848189276064,-0.08015327685298,0.9999505479792
