"Posterior_Mean","Posterior_SD","Posterior_LB","Posterior_UB","prob"
-0.25438825890207,0.0542637419892638,-0.358930948169003,-0.139439242106335,0.999954243111441
