"Posterior_Mean","Posterior_SD","Posterior_LB","Posterior_UB","prob"
-0.235488580129985,0.0691240673726928,-0.37793596164605,-0.0997581219964741,0.999266759663974
