"Posterior_Mean","Posterior_SD","Posterior_LB","Posterior_UB","prob"
-0.255797884287776,0.0534577751719722,-0.362274051737614,-0.142032139130922,0.999994253995009
