"Posterior_Mean","Posterior_SD","Posterior_LB","Posterior_UB","prob"
-0.296699562235905,0.0585268310050414,-0.417605451818317,-0.186242724943217,0.999995932376822
