"Posterior_Mean","Posterior_SD","Posterior_LB","Posterior_UB","prob"
-0.290179299496604,0.0570161438577617,-0.419436301682578,-0.152510545394277,0.999917537109046
