"Posterior_Mean","Posterior_SD","Posterior_LB","Posterior_UB","prob"
-0.230196360429135,0.0490433656824614,-0.325214958890683,-0.136231451540916,0.999998355451891
