"Posterior_Mean","Posterior_SD","Posterior_LB","Posterior_UB","prob"
-0.233711965255412,0.0572640669878011,-0.361092647364807,-0.116717667945193,0.99971800190929
