"Posterior_Mean","Posterior_SD","Posterior_LB","Posterior_UB","prob"
-0.139860088481596,0.0631137583440041,-0.270758494736142,0.0381967847997949,0.954137196259951
