"Posterior_Mean","Posterior_SD","Posterior_LB","Posterior_UB","prob"
-0.274534550309687,0.0492581370392946,-0.368514672763631,-0.179890271737539,0.999999981025988
