"Posterior_Mean","Posterior_SD","Posterior_LB","Posterior_UB","prob"
-0.242548316500911,0.0513327303472327,-0.349554707336118,-0.143056270630923,0.999996383190054
