"Posterior_Mean","Posterior_SD","Posterior_LB","Posterior_UB","prob"
-0.325130046825366,0.0508163641906428,-0.426697019311219,-0.221166706220289,0.999999996840367
