"Posterior_Mean","Posterior_SD","Posterior_LB","Posterior_UB","prob"
-0.186888986343888,0.0583411383135288,-0.309925848627463,-0.0684939373323288,0.998702994436986
