"Posterior_Mean","Posterior_SD","Posterior_LB","Posterior_UB","prob"
-0.329357472578871,0.0507915810168951,-0.428500964463993,-0.22187351206236,0.999999999541669
