"Posterior_Mean","Posterior_SD","Posterior_LB","Posterior_UB","prob"
-0.192511284598187,0.0511093282746316,-0.287836064770032,-0.0917840808098218,0.9998972736477
