"Posterior_Mean","Posterior_SD","Posterior_LB","Posterior_UB","prob"
-0.206402033549442,0.0605544059593248,-0.324157042002321,-0.0790589887399544,0.997552280639934
