"Posterior_Mean","Posterior_SD","Posterior_LB","Posterior_UB","prob"
-0.189337547908674,0.0611446555988669,-0.359398491029654,-0.0600517507424885,0.998985545926648
