"Posterior_Mean","Posterior_SD","Posterior_LB","Posterior_UB","prob"
-0.25836234993242,0.0553618698339712,-0.370806444650268,-0.150460879128808,0.999991123022301
