"Posterior_Mean","Posterior_SD","Posterior_LB","Posterior_UB","prob"
-0.228089312633119,0.0520731074153726,-0.333367928044206,-0.128476763450762,0.999999909720366
