"Posterior_Mean","Posterior_SD","Posterior_LB","Posterior_UB","prob"
-0.265165834667247,0.0531382578792833,-0.375184555525363,-0.145321211004969,0.999580305866325
