"Posterior_Mean","Posterior_SD","Posterior_LB","Posterior_UB","prob"
-0.156142080008225,0.0558383010877729,-0.271416970963753,-0.0380120517531226,0.992712847314318
