"Posterior_Mean","Posterior_SD","Posterior_LB","Posterior_UB","prob"
-0.270811049520677,0.0510191621759367,-0.369776151516602,-0.1713420818677,0.999999791642031
