"Posterior_Mean","Posterior_SD","Posterior_LB","Posterior_UB","prob"
-0.303214545364477,0.0516634218173683,-0.404831231411614,-0.201101149415824,0.999999937576451
