"Posterior_Mean","Posterior_SD","Posterior_LB","Posterior_UB","prob"
-0.13929464564323,0.057636204561185,-0.283008490332482,-0.0058889487070223,0.980715113970024
