"Posterior_Mean","Posterior_SD","Posterior_LB","Posterior_UB","prob"
-0.190332387111758,0.0478887511372306,-0.281902323660727,-0.0975702997303975,0.999949129077066
