"Posterior_Mean","Posterior_SD","Posterior_LB","Posterior_UB","prob"
-0.246629676591717,0.0494976644126871,-0.345714780347407,-0.146808496975246,0.999979613787933
