"Posterior_Mean","Posterior_SD","Posterior_LB","Posterior_UB","prob"
-0.246904682393032,0.0520293493975912,-0.359810681789612,-0.136982073339925,0.99962942698569
