"Posterior_Mean","Posterior_SD","Posterior_LB","Posterior_UB","prob"
-0.251210958674219,0.0528475199491407,-0.358187604877395,-0.142099713054473,0.999999784529033
