"Posterior_Mean","Posterior_SD","Posterior_LB","Posterior_UB","prob"
-0.258387369577658,0.0505192654473779,-0.368835026308096,-0.160202765545808,0.999999521006884
