"Posterior_Mean","Posterior_SD","Posterior_LB","Posterior_UB","prob"
-0.256667939345309,0.0537020646288086,-0.363664840690175,-0.148004594129528,1
