"Posterior_Mean","Posterior_SD","Posterior_LB","Posterior_UB","prob"
-0.232803281620257,0.0521325921404087,-0.336896768158774,-0.13028834407503,0.999994766346303
