"Posterior_Mean","Posterior_SD","Posterior_LB","Posterior_UB","prob"
-0.303658534691192,0.0508431387434366,-0.405195286895906,-0.205510614830482,0.999999999609802
