"Posterior_Mean","Posterior_SD","Posterior_LB","Posterior_UB","prob"
-0.342989970936349,0.0521631930003367,-0.444824570399523,-0.234509425531403,1
