"Posterior_Mean","Posterior_SD","Posterior_LB","Posterior_UB","prob"
-0.258769866560014,0.0546502968352898,-0.372456605296869,-0.135705269093082,0.999898418566385
