"Posterior_Mean","Posterior_SD","Posterior_LB","Posterior_UB","prob"
-0.267707685360678,0.0499253693899188,-0.370387481817505,-0.16807469645954,0.999996579141675
