"Posterior_Mean","Posterior_SD","Posterior_LB","Posterior_UB","prob"
-0.189526290097334,0.0503894027395473,-0.285271756793045,-0.0904818954618183,0.999976348038684
