"Posterior_Mean","Posterior_SD","Posterior_LB","Posterior_UB","prob"
-0.27534561085604,0.0506145115856061,-0.372137042281517,-0.177012368174772,0.999999982020659
