"Posterior_Mean","Posterior_SD","Posterior_LB","Posterior_UB","prob"
-0.166420402926587,0.0512382954026348,-0.263498953881722,-0.0646297255408552,0.999374669275013
