"Posterior_Mean","Posterior_SD","Posterior_LB","Posterior_UB","prob"
-0.215025681380055,0.0583336436648358,-0.334310415532836,-0.0939019642326085,0.999407513907423
