"Posterior_Mean","Posterior_SD","Posterior_LB","Posterior_UB","prob"
-0.283162489664652,0.0524036121973313,-0.388525659275347,-0.179735786295029,1
