"Posterior_Mean","Posterior_SD","Posterior_LB","Posterior_UB","prob"
-0.208475461739385,0.0548019582065864,-0.318435564645502,-0.0658611406342172,0.994147088879117
