"Posterior_Mean","Posterior_SD","Posterior_LB","Posterior_UB","prob"
-0.169374429007891,0.0573578480138512,-0.29194786978863,-0.0435885300512247,0.996548552946196
