"Posterior_Mean","Posterior_SD","Posterior_LB","Posterior_UB","prob"
-0.192261977539651,0.0522366185734075,-0.299649761661004,-0.0869481173871766,0.999840324970307
