"Posterior_Mean","Posterior_SD","Posterior_LB","Posterior_UB","prob"
-0.184855301329064,0.0557057507195232,-0.294854015367344,-0.0603477727706427,0.997306663578947
