"Posterior_Mean","Posterior_SD","Posterior_LB","Posterior_UB","prob"
-0.205628091494878,0.0515891256738167,-0.31499971489852,-0.0950885872088318,0.999804302362786
