"Posterior_Mean","Posterior_SD","Posterior_LB","Posterior_UB","prob"
-0.224098294853982,0.052373645719637,-0.329573598631017,-0.119324283169981,0.999949748830421
