"Posterior_Mean","Posterior_SD","Posterior_LB","Posterior_UB","prob"
-0.186736820153981,0.055085913615568,-0.302825341742582,-0.076417505242719,0.999200184494772
