"Posterior_Mean","Posterior_SD","Posterior_LB","Posterior_UB","prob"
-0.583609582789384,0.0990887088931278,-0.813594512320433,-0.353967896558872,1
