"Posterior_Mean","Posterior_SD","Posterior_LB","Posterior_UB","prob"
-0.170121937118157,0.0507503841780762,-0.268969038301318,-0.0710117164022054,0.999493512144721
