"Posterior_Mean","Posterior_SD","Posterior_LB","Posterior_UB","prob"
-0.200511830826312,0.050712244503075,-0.297495886303867,-0.0968258187395904,0.99983032019904
