"Posterior_Mean","Posterior_SD","Posterior_LB","Posterior_UB","prob"
-0.252558025441714,0.0514975843586921,-0.358597404443676,-0.15504474560857,0.999999999877293
