"Posterior_Mean","Posterior_SD","Posterior_LB","Posterior_UB","prob"
-0.269312860067584,0.0502874049165698,-0.367882061690179,-0.174301324950512,0.999999866861769
