"Posterior_Mean","Posterior_SD","Posterior_LB","Posterior_UB","prob"
-0.250366274932815,0.0496407087020638,-0.350971221326809,-0.151127674519931,0.999981903066834
