"Posterior_Mean","Posterior_SD","Posterior_LB","Posterior_UB","prob"
-0.144241604668978,0.0510736546276347,-0.247725698602109,-0.0430915805594676,0.99768485570421
