"Posterior_Mean","Posterior_SD","Posterior_LB","Posterior_UB","prob"
-0.258164453869269,0.0523646112206948,-0.363810394118694,-0.153870191654506,1
