"Posterior_Mean","Posterior_SD","Posterior_LB","Posterior_UB","prob"
-0.219182420826747,0.0538308524414884,-0.325596143758113,-0.10825113057008,0.999988561602566
