"Posterior_Mean","Posterior_SD","Posterior_LB","Posterior_UB","prob"
-0.156491415657135,0.0531063714415514,-0.262080369092461,-0.0547496017056058,0.99848311699514
