"Posterior_Mean","Posterior_SD","Posterior_LB","Posterior_UB","prob"
-0.245030988066894,0.0515231280303815,-0.346529660131892,-0.142931450463048,0.999988426934301
