"Posterior_Mean","Posterior_SD","Posterior_LB","Posterior_UB","prob"
-0.168398709015563,0.0505323270594246,-0.273427362890831,-0.068227508113001,0.999543027662058
