"Posterior_Mean","Posterior_SD","Posterior_LB","Posterior_UB","prob"
-0.262091255359655,0.0509723463048382,-0.363553352629307,-0.161014219278345,0.999999973425591
