"Posterior_Mean","Posterior_SD","Posterior_LB","Posterior_UB","prob"
-0.180862856489541,0.0588318260598218,-0.326450551176175,-0.0547394708898288,0.996244860084171
