"Posterior_Mean","Posterior_SD","Posterior_LB","Posterior_UB","prob"
-0.301457840032373,0.0507769792750946,-0.402122622503676,-0.20591582030082,0.999999951347427
