"Posterior_Mean","Posterior_SD","Posterior_LB","Posterior_UB","prob"
-0.254759227276139,0.0491600481360362,-0.351110276578497,-0.155259325905095,0.999999956892366
