"Posterior_Mean","Posterior_SD","Posterior_LB","Posterior_UB","prob"
-0.17985828107672,0.0510498655516007,-0.282764946018445,-0.0807987738899748,0.999380871781618
