"Posterior_Mean","Posterior_SD","Posterior_LB","Posterior_UB","prob"
-0.135945153961356,0.0524559590372913,-0.238643218861134,-0.0214159288346797,0.988681508023121
