"Posterior_Mean","Posterior_SD","Posterior_LB","Posterior_UB","prob"
-0.0393248452674206,0.0636049417519032,-0.175676002353363,0.0948543918302507,0.728499862701089
