"Posterior_Mean","Posterior_SD","Posterior_LB","Posterior_UB","prob"
-0.0433543336048327,0.0638770240203584,-0.169403242785334,0.086501386930907,0.7543995629424
