"Posterior_Mean","Posterior_SD","Posterior_LB","Posterior_UB","prob"
-0.0695200440237644,0.0801551157524209,-0.248858293957597,0.192638510830151,0.734303120675088
