"Posterior_Mean","Posterior_SD","Posterior_LB","Posterior_UB","prob"
0.0174959028093214,0.0861536295303226,-0.157682512441295,0.194089452760102,0.41747862166185
