"Posterior_Mean","Posterior_SD","Posterior_LB","Posterior_UB","prob"
0.174817544241598,0.0778006895387897,0.0237724988140525,0.337747737230478,0.0103709669541937
