"Posterior_Mean","Posterior_SD","Posterior_LB","Posterior_UB","prob"
-0.150738909492145,0.0570853329107259,-0.268851423203205,-0.010697780185876,0.980691136342381
