"Posterior_Mean","Posterior_SD","Posterior_LB","Posterior_UB","prob"
-0.0339936702942108,0.061377562234821,-0.177584098803822,0.112944816535211,0.679061104020666
