"Posterior_Mean","Posterior_SD","Posterior_LB","Posterior_UB","prob"
-0.126784135767404,0.0682649101399807,-0.305761182648457,0.144214487684551,0.811319088391481
