"Posterior_Mean","Posterior_SD","Posterior_LB","Posterior_UB","prob"
-0.0598103535136336,0.0630082520171799,-0.191414154383773,0.0818905456120711,0.816517135256376
