"Posterior_Mean","Posterior_SD","Posterior_LB","Posterior_UB","prob"
-0.0626464563565951,0.0769333191253797,-0.281841997063734,0.156294024924157,0.698401651910416
