"Posterior_Mean","Posterior_SD","Posterior_LB","Posterior_UB","prob"
-0.0376942451858696,0.0885752935950003,-0.221887609567379,0.157855708648617,0.663945877359147
