"Posterior_Mean","Posterior_SD","Posterior_LB","Posterior_UB","prob"
-0.0361878475754737,0.0739795297873933,-0.21617896882392,0.136019946226986,0.665978496097873
