"Posterior_Mean","Posterior_SD","Posterior_LB","Posterior_UB","prob"
-0.213115871027474,0.059077084035777,-0.336759778504734,-0.0903232961244247,0.999764191714666
