"Posterior_Mean","Posterior_SD","Posterior_LB","Posterior_UB","prob"
-0.108604336697615,0.0624932452395531,-0.222772290445035,0.0206039558896281,0.954793581684994
