"Posterior_Mean","Posterior_SD","Posterior_LB","Posterior_UB","prob"
0.0509968981060203,0.0751075766261617,-0.0975824350289913,0.208158660867689,0.252012460891373
