"Posterior_Mean","Posterior_SD","Posterior_LB","Posterior_UB","prob"
0.000872335839617778,0.0628412687629585,-0.165053118246039,0.18922659859145,0.516431211272305
