"Posterior_Mean","Posterior_SD","Posterior_LB","Posterior_UB","prob"
-0.0385320535109494,0.0732276500454329,-0.184177436293637,0.118862126983983,0.698015711550469
