"Posterior_Mean","Posterior_SD","Posterior_LB","Posterior_UB","prob"
-0.0878257396740788,0.0595121450425272,-0.208203673555591,0.0399283994193675,0.907534784561832
