"Posterior_Mean","Posterior_SD","Posterior_LB","Posterior_UB","prob"
-0.0969004611978561,0.0684717342904037,-0.247032183700078,0.0368747255605258,0.923138618851387
