"Posterior_Mean","Posterior_SD","Posterior_LB","Posterior_UB","prob"
0.0507674345022036,0.0714281850555873,-0.13088328076973,0.223053375638148,0.282519697706739
