"Posterior_Mean","Posterior_SD","Posterior_LB","Posterior_UB","prob"
0.049885839869337,0.0957769538286388,-0.189793837704859,0.239804375970061,0.293432696718678
