"Posterior_Mean","Posterior_SD","Posterior_LB","Posterior_UB","prob"
-0.383950263761965,0.0421857930333765,-0.468232700321668,-0.293592715357008,1
