"Posterior_Mean","Posterior_SD","Posterior_LB","Posterior_UB","prob"
-0.167371739409381,0.0467085390322554,-0.275164742296668,-0.0402779642589305,0.994464999230122
