"Posterior_Mean","Posterior_SD","Posterior_LB","Posterior_UB","prob"
-0.243018644582145,0.0395860389127627,-0.323385286146082,-0.154161846900775,0.999997222012899
