"Posterior_Mean","Posterior_SD","Posterior_LB","Posterior_UB","prob"
-0.33389992820991,0.0497697575721434,-0.469497462068494,-0.192533917660279,1
