"Posterior_Mean","Posterior_SD","Posterior_LB","Posterior_UB","prob"
-0.242841475738938,0.0431022973924269,-0.353033277136844,-0.139639988196092,1
