"Posterior_Mean","Posterior_SD","Posterior_LB","Posterior_UB","prob"
-0.22260010624342,0.0511098064128151,-0.325616313130923,-0.101071737515623,0.997650178180391
