"Posterior_Mean","Posterior_SD","Posterior_LB","Posterior_UB","prob"
-0.191802251764722,0.0504066596188102,-0.340899453668708,-0.0502891671636762,0.997442448143375
