"Posterior_Mean","Posterior_SD","Posterior_LB","Posterior_UB","prob"
-0.173044940081654,0.0420817207680067,-0.258964698467612,-0.086901482063437,0.999984501640032
