"Posterior_Mean","Posterior_SD","Posterior_LB","Posterior_UB","prob"
-0.3162000571626,0.0427904680428002,-0.406772621187831,-0.224738615610635,0.999999480830665
