"Posterior_Mean","Posterior_SD","Posterior_LB","Posterior_UB","prob"
-0.270808205667526,0.047408514505962,-0.384289778314545,-0.171068819703425,1
