"Posterior_Mean","Posterior_SD","Posterior_LB","Posterior_UB","prob"
-0.189412706461065,0.0495083408209369,-0.290253833598894,-0.0875705686295195,0.999803791059529
