"Posterior_Mean","Posterior_SD","Posterior_LB","Posterior_UB","prob"
-0.259121066623347,0.0462115891396282,-0.384591944984275,-0.0772743879670673,0.998452479014062
