"Posterior_Mean","Posterior_SD","Posterior_LB","Posterior_UB","prob"
-0.219902830088503,0.0472103777876738,-0.320219270611621,-0.101322137419937,0.998980437088241
