"Posterior_Mean","Posterior_SD","Posterior_LB","Posterior_UB","prob"
-0.0755723504787461,0.0533368469897181,-0.197979085847174,0.0296393560562557,0.903443250489264
