"","Posterior_Mean","Posterior_SD","Posterior_LB","Posterior_UB"
"1",-0.0690351572938486,0.0388988740455744,-0.148066854268942,0.0046686225267598
