"Posterior_Mean","Posterior_SD","Posterior_LB","Posterior_UB","prob"
-0.378974245340381,0.0446914776511303,-0.491985757578382,-0.277255584185298,1
