"Posterior_Mean","Posterior_SD","Posterior_LB","Posterior_UB","prob"
-0.227470150082189,0.0555752763784712,-0.363913037885243,-0.0326969334538506,0.991023487804864
