"Posterior_Mean","Posterior_SD","Posterior_LB","Posterior_UB","prob"
-0.288611921629196,0.0474118159367879,-0.42127368134967,-0.0889403034268566,0.998408747982249
