"Posterior_Mean","Posterior_SD","Posterior_LB","Posterior_UB","prob"
-0.279960019263618,0.0421508591402062,-0.37488421568564,-0.144892510852566,0.999971541566576
