"Posterior_Mean","Posterior_SD","Posterior_LB","Posterior_UB","prob"
-0.192335260044402,0.0527624436312422,-0.405762914107069,-0.0569812064814757,0.998442733425247
