"Posterior_Mean","Posterior_SD","Posterior_LB","Posterior_UB","prob"
-0.277006274795109,0.0407435235618027,-0.363177996633452,-0.190258332674525,1
