"Posterior_Mean","Posterior_SD","Posterior_LB","Posterior_UB","prob"
-0.308685739218435,0.04396974630442,-0.411990644934682,-0.182943069990918,0.999955550931961
