"Posterior_Mean","Posterior_SD","Posterior_LB","Posterior_UB","prob"
-0.256784360776916,0.0472426647317636,-0.372101441931582,-0.133154785956264,0.999968920609078
