"Posterior_Mean","Posterior_SD","Posterior_LB","Posterior_UB","prob"
-0.21959852868961,0.0435386087547471,-0.303838670883458,-0.119157007643846,0.999876400056995
