"Posterior_Mean","Posterior_SD","Posterior_LB","Posterior_UB","prob"
-0.377101209159104,0.0452611682752596,-0.489371657254201,-0.217468543564967,1
