"","Posterior_Mean","Posterior_SD","Posterior_LB","Posterior_UB"
"1",0.0409521812295984,0.0390449341469847,-0.0356016120958991,0.115280635070558
