"Posterior_Mean","Posterior_SD","Posterior_LB","Posterior_UB","prob"
-0.273340691409491,0.0493998074733293,-0.368635560747605,-0.171627822999487,0.999881768123455
