"Posterior_Mean","Posterior_SD","Posterior_LB","Posterior_UB","prob"
-0.187042571747723,0.0606905636392097,-0.331445297698075,-0.0544716766809074,0.998122954382819
