"Posterior_Mean","Posterior_SD","Posterior_LB","Posterior_UB","prob"
-0.166929199085797,0.0502910665807468,-0.290922559452488,-0.038783870084991,0.995245019037552
