"Posterior_Mean","Posterior_SD","Posterior_LB","Posterior_UB","prob"
-0.155861824531813,0.0488881323498874,-0.262476038635451,-0.0237626873921946,0.989500832194849
