"Posterior_Mean","Posterior_SD","Posterior_LB","Posterior_UB","prob"
-0.206932933241559,0.0533381529361489,-0.314088268985924,-0.093786393772039,0.998959083554914
