"Posterior_Mean","Posterior_SD","Posterior_LB","Posterior_UB","prob"
-0.299891312623747,0.0581223005194874,-0.414576927169391,-0.182848378223894,0.99994114226119
