"Posterior_Mean","Posterior_SD","Posterior_LB","Posterior_UB","prob"
-0.184410512878529,0.0623467257041521,-0.325974207239906,-0.0536553343884786,0.996449912029527
