"Posterior_Mean","Posterior_SD","Posterior_LB","Posterior_UB","prob"
-0.29184552256268,0.0648192909951018,-0.492684920824349,-0.113227301293017,0.99972057005449
