"Posterior_Mean","Posterior_SD","Posterior_LB","Posterior_UB","prob"
-0.28003250686734,0.075723772833863,-0.436020054976699,-0.121410626707352,0.999117540432086
