"Posterior_Mean","Posterior_SD","Posterior_LB","Posterior_UB","prob"
-0.216315510504603,0.0581705037176169,-0.326697865240486,-0.0989922512605971,0.999915153649214
