"Posterior_Mean","Posterior_SD","Posterior_LB","Posterior_UB","prob"
-0.200065054799264,0.059766304395158,-0.324468666816243,-0.0694357584173594,0.998763003512694
