"Posterior_Mean","Posterior_SD","Posterior_LB","Posterior_UB","prob"
-0.162601606290727,0.0625892765597229,-0.291427059467197,-0.0253794873132464,0.988242735112152
