"Posterior_Mean","Posterior_SD","Posterior_LB","Posterior_UB","prob"
-0.285061608360641,0.0663922921160982,-0.421967809469156,-0.143044192921672,0.999785756379861
