"Posterior_Mean","Posterior_SD","Posterior_LB","Posterior_UB","prob"
-0.148049126408812,0.0592708476137911,-0.275268599200604,-0.0059274496483942,0.978026975074444
