"Posterior_Mean","Posterior_SD","Posterior_LB","Posterior_UB","prob"
-0.221070337452608,0.0580024181897109,-0.341638978441304,-0.106080526906258,0.999238820398116
