"Posterior_Mean","Posterior_SD","Posterior_LB","Posterior_UB","prob"
-0.29871792498579,0.0642874908828321,-0.441811289888638,-0.168190001524124,1
