"Posterior_Mean","Posterior_SD","Posterior_LB","Posterior_UB","prob"
-0.283869869623829,0.0713484956718774,-0.48856635282911,-0.139887351069895,0.999939164343724
