"","Posterior_Mean","Posterior_SD","Posterior_LB","Posterior_UB"
"1",-0.0177122108173448,0.0383315539555658,-0.093532789544745,0.0565680701575374
