"","Posterior_Mean","Posterior_SD","Posterior_LB","Posterior_UB"
"1",0.0162668413649794,0.0408808213513451,-0.0639729656564476,0.0970689145377455
