"Posterior_Mean","Posterior_SD","Posterior_LB","Posterior_UB","prob"
0.183922112121645,0.237917133877297,-0.276265451608667,0.652909327744072,0.230990812340753
