"Posterior_Mean","Posterior_SD","Posterior_LB","Posterior_UB","prob"
0.0812919921009482,0.225249415465351,-0.353899503418145,0.517472023564785,0.360868257449369
