"Posterior_Mean","Posterior_SD","Posterior_LB","Posterior_UB","prob"
0.35814813304042,0.223661032455372,-0.145264748477784,0.866118788022648,0.0924138485014576
