"Posterior_Mean","Posterior_SD","Posterior_LB","Posterior_UB","prob"
0.130720336316553,0.230278242687725,-0.3197265801767,0.569655864183727,0.293815291203346
