"Posterior_Mean","Posterior_SD","Posterior_LB","Posterior_UB","prob"
-0.078910201952568,0.20547798768141,-0.529454518358477,0.331178351982175,0.624218890978971
