"Posterior_Mean","Posterior_SD","Posterior_LB","Posterior_UB","prob"
-0.0453953413870732,0.213086757452637,-0.459440953015647,0.39504359354992,0.586411870782624
