"Posterior_Mean","Posterior_SD","Posterior_LB","Posterior_UB","prob"
0.077226618534543,0.252093228193384,-0.419703762475799,0.57191457481991,0.381341042160413
