"Posterior_Mean","Posterior_SD","Posterior_LB","Posterior_UB","prob"
-0.178679243511019,0.194704638118342,-0.56186182431821,0.217594649600645,0.819486607918773
