"Posterior_Mean","Posterior_SD","Posterior_LB","Posterior_UB","prob"
-0.176655208157409,0.226801264166934,-0.628098629954721,0.288218387312222,0.785743607467356
