"Posterior_Mean","Posterior_SD","Posterior_LB","Posterior_UB","prob"
-0.0289664868485306,0.201206180233303,-0.450862499125354,0.404098660943472,0.550114689973837
