"Posterior_Mean","Posterior_SD","Posterior_LB","Posterior_UB","prob"
-0.351476202171934,0.23694648485423,-0.813268999345252,0.111053633152468,0.927635638720561
