"Posterior_Mean","Posterior_SD","Posterior_LB","Posterior_UB","prob"
0.0408410332411637,0.202759584008478,-0.367721685348204,0.488300628305873,0.435455098550765
