"Posterior_Mean","Posterior_SD","Posterior_LB","Posterior_UB","prob"
-0.0452986480358773,0.231550309246973,-0.494177836080516,0.431594061977043,0.575734017790248
