"Posterior_Mean","Posterior_SD","Posterior_LB","Posterior_UB","prob"
-0.347210825006424,0.213192441597302,-0.759062014020813,0.0768290414192406,0.942179074413619
