"Posterior_Mean","Posterior_SD","Posterior_LB","Posterior_UB","prob"
-0.161196076130652,0.224179640205971,-0.600573851944536,0.272989953748879,0.75599174067483
