"Posterior_Mean","Posterior_SD","Posterior_LB","Posterior_UB","prob"
0.13460615797711,0.222061625481084,-0.285028015390253,0.613357031048886,0.297161709831802
