"Posterior_Mean","Posterior_SD","Posterior_LB","Posterior_UB","prob"
-0.011524593445375,0.0831858929131932,-0.172162051057845,0.150084571791875,0.549833333333333
