"Posterior_Mean","Posterior_SD","Posterior_LB","Posterior_UB","prob"
-0.063208504875415,0.0823891741342019,-0.226055380985147,0.0963828874931327,0.769333333333333
