"Posterior_Mean","Posterior_SD","Posterior_LB","Posterior_UB","prob"
-0.138025919265786,0.0685930798999816,-0.291694568700933,0.0664180579274874,0.91321985919024
