"Posterior_Mean","Posterior_SD","Posterior_LB","Posterior_UB","prob"
-0.186509240672576,0.0477500689138388,-0.281951365502038,-0.0922040356211874,0.999803242360027
