"Posterior_Mean","Posterior_SD","Posterior_LB","Posterior_UB","prob"
-0.0547113777039953,0.0697212235994182,-0.189672708049719,0.102474915781904,0.784252038470667
