"Posterior_Mean","Posterior_SD","Posterior_LB","Posterior_UB","prob"
-0.189577475053779,0.0512226764406599,-0.296708848193007,-0.0250732601613726,0.982306583954873
