"Posterior_Mean","Posterior_SD","Posterior_LB","Posterior_UB","prob"
-0.177233145098031,0.0487339497145906,-0.277416780002575,-0.0522338000987819,0.990134377424512
