"Posterior_Mean","Posterior_SD","Posterior_LB","Posterior_UB","prob"
-0.183180939891953,0.0495957510940099,-0.291465340814908,-0.0292701086997614,0.98780740964561
