"Posterior_Mean","Posterior_SD","Posterior_LB","Posterior_UB","prob"
0.0810235801848152,0.0810485717263255,-0.0786888436286512,0.238018854602061,0.157166666666667
