"Posterior_Mean","Posterior_SD","Posterior_LB","Posterior_UB","prob"
-0.244460116465943,0.0552470819216422,-0.356350785385734,-0.120494872099001,0.996828071530773
