"Posterior_Mean","Posterior_SD","Posterior_LB","Posterior_UB","prob"
-0.0351574911594033,0.0974062849275467,-0.230159498577329,0.156338530891089,0.645
