"Posterior_Mean","Posterior_SD","Posterior_LB","Posterior_UB","prob"
-0.212950889019475,0.0509364451170445,-0.316214632661433,-0.0904550657379195,0.999257582980319
