"Posterior_Mean","Posterior_SD","Posterior_LB","Posterior_UB","prob"
0.00761627327057871,0.0819188163037816,-0.152465752354508,0.170832832013105,0.474017318112168
