"Posterior_Mean","Posterior_SD","Posterior_LB","Posterior_UB","prob"
-0.0507374322428045,0.0815165328821696,-0.208243766270341,0.107706077061633,0.728666666666667
