"Posterior_Mean","Posterior_SD","Posterior_LB","Posterior_UB","prob"
-0.0748211014597555,0.093873196972154,-0.257719739794935,0.108680774573022,0.7855
