"Posterior_Mean","Posterior_SD","Posterior_LB","Posterior_UB","prob"
0.0279790135071645,0.078670405654931,-0.125445814994719,0.1812983158738,0.361833333333333
