"Posterior_Mean","Posterior_SD","Posterior_LB","Posterior_UB","prob"
0.0640007354053246,0.0817523002854752,-0.12837537307892,0.239851483877092,0.237637854108184
