"Posterior_Mean","Posterior_SD","Posterior_LB","Posterior_UB","prob"
-0.0127953029937709,0.0801732238033078,-0.189568670130474,0.161635393481884,0.54028680950766
