"Posterior_Mean","Posterior_SD","Posterior_LB","Posterior_UB","prob"
0.213408173897478,0.0845544883305796,0.0356011353516293,0.37582507474318,0.0117264306304072
