"Posterior_Mean","Posterior_SD","Posterior_LB","Posterior_UB","prob"
0.0547625161794216,0.0690548058311663,-0.136215134372523,0.263036938755695,0.359389961202465
