"Posterior_Mean","Posterior_SD","Posterior_LB","Posterior_UB","prob"
0.0310918661091833,0.0835163325829839,-0.133874169409023,0.194586474634784,0.355032315285557
