"Posterior_Mean","Posterior_SD","Posterior_LB","Posterior_UB","prob"
-0.0613329164071988,0.0838893854847573,-0.224013624559323,0.0996533123080963,0.762833333333333
