"Posterior_Mean","Posterior_SD","Posterior_LB","Posterior_UB","prob"
-0.0743528199410556,0.0770187934444495,-0.284426387678965,0.0972848814854145,0.77855466786012
