"Posterior_Mean","Posterior_SD","Posterior_LB","Posterior_UB","prob"
-0.0604145211977744,0.0779319825812033,-0.242871282202295,0.125800634068753,0.725647367735092
