"Posterior_Mean","Posterior_SD","Posterior_LB","Posterior_UB","prob"
-0.0200816978367797,0.0807919128353414,-0.176615892950665,0.142114531739722,0.603086482311091
