"Posterior_Mean","Posterior_SD","Posterior_LB","Posterior_UB","prob"
0.0570821998360756,0.082735347989585,-0.105336389985237,0.220958026719935,0.24171939404066
