"Posterior_Mean","Posterior_SD","Posterior_LB","Posterior_UB","prob"
0.11591971081008,0.0830590713123827,-0.0467518477994261,0.28004862097787,0.0795
