"Posterior_Mean","Posterior_SD","Posterior_LB","Posterior_UB","prob"
0.0358338429924537,0.0975264936190494,-0.153949950612973,0.226658681580596,0.3535
