"Posterior_Mean","Posterior_SD","Posterior_LB","Posterior_UB","prob"
-0.144400244926053,0.0682029240378618,-0.301123296289036,0.0545864702103066,0.924411639943657
