"Posterior_Mean","Posterior_SD","Posterior_LB","Posterior_UB","prob"
0.19505352910984,0.0810595479359151,0.025277979980152,0.364398110744105,0.0108730058840205
