"Posterior_Mean","Posterior_SD","Posterior_LB","Posterior_UB","prob"
-0.00410912939670326,0.072666884085305,-0.152219990225707,0.163496307823425,0.548432031401424
