"Posterior_Mean","Posterior_SD","Posterior_LB","Posterior_UB","prob"
-0.0819144314167267,0.0824475651552018,-0.238805068924268,0.0772953771569336,0.842333333333333
