"Posterior_Mean","Posterior_SD","Posterior_LB","Posterior_UB","prob"
0.0407110837262876,0.0814359305889235,-0.120803640310734,0.199428212218042,0.313333333333333
