"Posterior_Mean","Posterior_SD","Posterior_LB","Posterior_UB","prob"
0.0556535695227881,0.081077521956309,-0.103339300104569,0.214035539977494,0.246
