"Posterior_Mean","Posterior_SD","Posterior_LB","Posterior_UB","prob"
0.169472030909806,0.0808950629100794,0.00630662682954046,0.326998799700127,0.0195051279019271
