"Posterior_Mean","Posterior_SD","Posterior_LB","Posterior_UB","prob"
0.0685561136837812,0.0797221206991082,-0.0992457201221848,0.228503720984686,0.194154387120757
