"Posterior_Mean","Posterior_SD","Posterior_LB","Posterior_UB","prob"
0.0225298015433925,0.0613915020395671,-0.102542560825346,0.193608378354168,0.408801971859139
