"Posterior_Mean","Posterior_SD","Posterior_LB","Posterior_UB","prob"
-0.0107406317885985,0.0776902127040349,-0.226000304484473,0.172937966240461,0.511901917561332
