"Posterior_Mean","Posterior_SD","Posterior_LB","Posterior_UB","prob"
-0.081635526588006,0.0786692051703359,-0.235957531519233,0.0814039754201299,0.850802072853546
