"Posterior_Mean","Posterior_SD","Posterior_LB","Posterior_UB","prob"
0.0199358149118643,0.081787471131182,-0.167464082373165,0.189209845607402,0.4012042703349
