"Posterior_Mean","Posterior_SD","Posterior_LB","Posterior_UB","prob"
0.0375801629756484,0.0803871078531675,-0.122181684511385,0.20518323932495,0.328359919250606
