"Posterior_Mean","Posterior_SD","Posterior_LB","Posterior_UB","prob"
-0.240325871523871,0.0471945415639747,-0.334587990038648,-0.1428866953771,0.999748652615897
