"Posterior_Mean","Posterior_SD","Posterior_LB","Posterior_UB","prob"
-0.0837549374319685,0.0635716310900695,-0.225831241181125,0.131987764361879,0.83548535956788
