"Posterior_Mean","Posterior_SD","Posterior_LB","Posterior_UB","prob"
-0.106726454689757,0.0464131624467925,-0.199387475508072,0.000496145010016422,0.975120237198625
