"Posterior_Mean","Posterior_SD","Posterior_LB","Posterior_UB","prob"
0.144559836664299,0.0812578587706845,-0.0248348542102504,0.308923603635748,0.0451743398733878
