"Posterior_Mean","Posterior_SD","Posterior_LB","Posterior_UB","prob"
0.015963690715096,0.0825047542486019,-0.146070875476647,0.175581138945298,0.424666666666667
