"Posterior_Mean","Posterior_SD","Posterior_LB","Posterior_UB","prob"
-0.169275053438779,0.048516060653048,-0.270194414386191,-0.0344732431234493,0.986266748402481
