"Posterior_Mean","Posterior_SD","Posterior_LB","Posterior_UB","prob"
-0.0690824468505487,0.0593671814316689,-0.186842462374815,0.0541770238971612,0.880141544553425
