"Posterior_Mean","Posterior_SD","Posterior_LB","Posterior_UB","prob"
-0.25740225297805,0.0477985522082005,-0.352678549759035,-0.15697154921132,0.999876193901892
