"Posterior_Mean","Posterior_SD","Posterior_LB","Posterior_UB","prob"
-0.0575773669634633,0.0793685473231446,-0.2580444297477,0.113406537688826,0.714523851808041
