"Posterior_Mean","Posterior_SD","Posterior_LB","Posterior_UB","prob"
-0.0106425312050366,0.07931135471194,-0.206400530171189,0.158770698011158,0.511075305290809
