"Posterior_Mean","Posterior_SD","Posterior_LB","Posterior_UB","prob"
0.0126305371001544,0.0638676921322209,-0.129359774597699,0.22493880417383,0.48679695761012
