"Posterior_Mean","Posterior_SD","Posterior_LB","Posterior_UB","prob"
-0.0581740809591414,0.061749744003483,-0.185324564934177,0.113575940835033,0.812820802689603
