"Posterior_Mean","Posterior_SD","Posterior_LB","Posterior_UB","prob"
-0.0916600092759701,0.061641571665814,-0.220868097858459,0.0817095002897089,0.906094745536696
