"Posterior_Mean","Posterior_SD","Posterior_LB","Posterior_UB","prob"
-0.0883080245406777,0.0606590874280931,-0.243052471695198,0.107027603967011,0.861553842127072
