"Posterior_Mean","Posterior_SD","Posterior_LB","Posterior_UB","prob"
0.0181518020035492,0.0966076124702552,-0.170241278552924,0.210460142408027,0.422333333333333
