"Posterior_Mean","Posterior_SD","Posterior_LB","Posterior_UB","prob"
-0.188444892643283,0.0470657809624291,-0.282380127514178,-0.0717104024997388,0.991069134203396
