"Posterior_Mean","Posterior_SD","Posterior_LB","Posterior_UB","prob"
-0.143327598505829,0.048553003431669,-0.235696477352275,-0.0372614846949873,0.991804184703464
