"Posterior_Mean","Posterior_SD","Posterior_LB","Posterior_UB","prob"
-0.128308325719825,0.063743786584891,-0.272980403557394,0.0742736791218318,0.901757881182044
