"Posterior_Mean","Posterior_SD","Posterior_LB","Posterior_UB","prob"
0.0977900639405978,0.0869416061219004,-0.074467454061434,0.267164246389901,0.131000005846732
