"Posterior_Mean","Posterior_SD","Posterior_LB","Posterior_UB","prob"
0.0458858213094381,0.0711856343019179,-0.105993171531019,0.231014582171413,0.328843851521571
