"Posterior_Mean","Posterior_SD","Posterior_LB","Posterior_UB","prob"
0.0549676544582417,0.0738426102830089,-0.139816104445063,0.25209134427341,0.330820403640058
