"Posterior_Mean","Posterior_SD","Posterior_LB","Posterior_UB","prob"
-0.106906235212386,0.0838687567761852,-0.273906725960993,0.0598817613180839,0.898833333333333
