"Posterior_Mean","Posterior_SD","Posterior_LB","Posterior_UB","prob"
0.0356567251738234,0.0801116657029274,-0.124083956873634,0.189970971467535,0.321833333333333
