"Posterior_Mean","Posterior_SD","Posterior_LB","Posterior_UB","prob"
0.0010344364556518,0.0748730179245467,-0.173079945167538,0.197597549594895,0.510335975997519
