"Posterior_Mean","Posterior_SD","Posterior_LB","Posterior_UB","prob"
0.17143071984813,0.0787204955190743,0.018016154467324,0.327495219490526,0.0163333333333333
