"Posterior_Mean","Posterior_SD","Posterior_LB","Posterior_UB","prob"
0.107897372756437,0.0811147129147929,-0.0552311707785644,0.267597216066338,0.0926666666666667
