"Posterior_Mean","Posterior_SD","Posterior_LB","Posterior_UB","prob"
-0.151909080585734,0.0849805891129126,-0.319933394567105,0.0187298317909139,0.961542406859415
