"Posterior_Mean","Posterior_SD","Posterior_LB","Posterior_UB","prob"
-0.0304129403749132,0.0841053315272827,-0.198659132784708,0.126073534039487,0.644805591177668
