"Posterior_Mean","Posterior_SD","Posterior_LB","Posterior_UB","prob"
-0.0252403272087235,0.07885065309754,-0.196857462695366,0.153200974277675,0.604551895070765
