"Posterior_Mean","Posterior_SD","Posterior_LB","Posterior_UB","prob"
0.0383507705325088,0.0838318850505151,-0.128490729699003,0.203558109359331,0.333862554947589
