"Posterior_Mean","Posterior_SD","Posterior_LB","Posterior_UB","prob"
-0.221881660323849,0.0490620368095251,-0.329092416617622,-0.0817498194626936,0.998535588682226
