"Posterior_Mean","Posterior_SD","Posterior_LB","Posterior_UB","prob"
-0.103130403838964,0.0937755752021538,-0.285540422486378,0.0793494904596061,0.864166666666667
