"Posterior_Mean","Posterior_SD","Posterior_LB","Posterior_UB","prob"
0.0679872342119754,0.0817155467707192,-0.0943033621347565,0.224140815491774,0.196569574595849
