"Posterior_Mean","Posterior_SD","Posterior_LB","Posterior_UB","prob"
0.0432972255680407,0.0829226228303265,-0.119242775883978,0.204949096862439,0.302666666666667
