"Posterior_Mean","Posterior_SD","Posterior_LB","Posterior_UB","prob"
0.0788175893736856,0.0752532074221834,-0.110111589711297,0.263687267679322,0.243835136156199
