"Posterior_Mean","Posterior_SD","Posterior_LB","Posterior_UB","prob"
-0.138716116388265,0.0643965940297148,-0.280342313291462,0.062033391824091,0.921958225278475
