"Posterior_Mean","Posterior_SD","Posterior_LB","Posterior_UB","prob"
-0.126237305529953,0.0478938225600928,-0.228192869472941,0.00398761480222472,0.972265518310949
