"Posterior_Mean","Posterior_SD","Posterior_LB","Posterior_UB","prob"
-0.0337428685541922,0.0823066832455521,-0.197929373608067,0.122549558107452,0.659665548135069
