"Posterior_Mean","Posterior_SD","Posterior_LB","Posterior_UB","prob"
0.0667553273751628,0.081788307944564,-0.112416619117029,0.229887982767179,0.227530101150887
