"Posterior_Mean","Posterior_SD","Posterior_LB","Posterior_UB","prob"
0.0590417156776347,0.0802748076404803,-0.118729112335126,0.233961954847671,0.258586120767006
