"Posterior_Mean","Posterior_SD","Posterior_LB","Posterior_UB","prob"
-0.219680566927922,0.0550103786774943,-0.33235895378938,-0.105879132995932,0.999177041453424
