"Posterior_Mean","Posterior_SD","Posterior_LB","Posterior_UB","prob"
-0.00753552841724599,0.0812031780956519,-0.177519017993334,0.170838467650197,0.545839474352028
