"Posterior_Mean","Posterior_SD","Posterior_LB","Posterior_UB","prob"
-0.110342974106916,0.0829543297994783,-0.273613372629189,0.0529990630069558,0.910666666666667
