"Posterior_Mean","Posterior_SD","Posterior_LB","Posterior_UB","prob"
-0.097114439039822,0.0525677926825101,-0.216764590795895,0.0405570816497027,0.927589559272909
