"Posterior_Mean","Posterior_SD","Posterior_LB","Posterior_UB","prob"
-0.117969052847098,0.0700261858745073,-0.26613654030478,0.0620869536871475,0.909192052285955
