"Posterior_Mean","Posterior_SD","Posterior_LB","Posterior_UB","prob"
-0.0735680988408561,0.0588877435673096,-0.191643902615828,0.041645512366983,0.893056332020292
