"Posterior_Mean","Posterior_SD","Posterior_LB","Posterior_UB","prob"
-0.172759371923899,0.0506373958829957,-0.327619845570079,-0.0100624191135721,0.980906819808046
