"Posterior_Mean","Posterior_SD","Posterior_LB","Posterior_UB","prob"
-0.0178958077454166,0.0963054072336931,-0.205884117825088,0.171803050573343,0.577833333333333
