"Posterior_Mean","Posterior_SD","Posterior_LB","Posterior_UB","prob"
-0.0409398967257742,0.0849052900081267,-0.211721677182593,0.120920304480297,0.68662311726014
