"Posterior_Mean","Posterior_SD","Posterior_LB","Posterior_UB","prob"
0.0615410596813644,0.0944993266474429,-0.122724306061908,0.246258663389181,0.252
