"Posterior_Mean","Posterior_SD","Posterior_LB","Posterior_UB","prob"
-0.189966136106016,0.047793314009359,-0.289304959637539,-0.0565965128579916,0.988419194007
