"Posterior_Mean","Posterior_SD","Posterior_LB","Posterior_UB","prob"
-0.0496953025622662,0.0622016685261786,-0.174673754449723,0.094262102729385,0.786436820069599
