"Posterior_Mean","Posterior_SD","Posterior_LB","Posterior_UB","prob"
0.0699672114584639,0.0850971529882255,-0.100316933510284,0.239049195244329,0.210333333333333
