"Posterior_Mean","Posterior_SD","Posterior_LB","Posterior_UB","prob"
-0.0907167174190413,0.05907042116484,-0.205517518260048,0.0336882924556121,0.927859813072627
