"Posterior_Mean","Posterior_SD","Posterior_LB","Posterior_UB","prob"
0.115614065530631,0.0819213465600577,-0.0430883149682976,0.27901426387218,0.0816082208344739
