"Posterior_Mean","Posterior_SD","Posterior_LB","Posterior_UB","prob"
-0.0765886071737052,0.0593833744802683,-0.222761607133212,0.142853796147588,0.813916488382926
