"Posterior_Mean","Posterior_SD","Posterior_LB","Posterior_UB","prob"
-0.157456817214233,0.0605674216220784,-0.274988847601174,-0.0348923193610889,0.993193124435894
