"Posterior_Mean","Posterior_SD","Posterior_LB","Posterior_UB","prob"
-0.0834376388804013,0.063037666019169,-0.209109646832062,0.0823959272636956,0.887817754789236
