"Posterior_Mean","Posterior_SD","Posterior_LB","Posterior_UB","prob"
0.0773590185267546,0.0952165292550378,-0.107144627119363,0.268687854229049,0.206666666666667
