"Posterior_Mean","Posterior_SD","Posterior_LB","Posterior_UB","prob"
-0.0574015546764464,0.059522715286976,-0.174252875190835,0.0753991157436964,0.832252575937345
