"Posterior_Mean","Posterior_SD","Posterior_LB","Posterior_UB","prob"
-0.048207086138672,0.0959889566020901,-0.23524357727801,0.137756683445922,0.685666666666667
