"Posterior_Mean","Posterior_SD","Posterior_LB","Posterior_UB","prob"
-0.228243356041171,0.0491789116391499,-0.329126463194385,-0.119249065554917,0.998900940243493
