"Posterior_Mean","Posterior_SD","Posterior_LB","Posterior_UB","prob"
0.0126778360046475,0.0815607865087707,-0.153472294709039,0.17554702481218,0.431147173947078
