"Posterior_Mean","Posterior_SD","Posterior_LB","Posterior_UB","prob"
0.0342782751523992,0.0846691735081789,-0.132971205303406,0.19995717692898,0.341833333333333
