"Posterior_Mean","Posterior_SD","Posterior_LB","Posterior_UB","prob"
-0.208106489907043,0.0438429528612959,-0.315912406212798,-0.054890580498272,0.994996260471485
