"Posterior_Mean","Posterior_SD","Posterior_LB","Posterior_UB","prob"
-0.190801665386563,0.0513047086275107,-0.30277575921253,0.0250841426707774,0.962983640646869
