"Posterior_Mean","Posterior_SD","Posterior_LB","Posterior_UB","prob"
0.242469905101454,0.0931625778134303,0.0600868365164759,0.425855984038426,0.00583333333333333
