"Posterior_Mean","Posterior_SD","Posterior_LB","Posterior_UB","prob"
-0.219077981461816,0.0489720179854077,-0.320364422066276,-0.0754084824425611,0.994128586683213
