"Posterior_Mean","Posterior_SD","Posterior_LB","Posterior_UB","prob"
-0.134534355938815,0.0580646198665086,-0.246185241954938,-0.0154679928749905,0.985537054923677
