"Posterior_Mean","Posterior_SD","Posterior_LB","Posterior_UB","prob"
0.00747070893029709,0.0791356223779485,-0.147562429378491,0.175162946333151,0.478919429142185
