"Posterior_Mean","Posterior_SD","Posterior_LB","Posterior_UB","prob"
-0.128517763985384,0.0571664475730918,-0.240157041695944,-0.0129590736727883,0.984792531136136
