"Posterior_Mean","Posterior_SD","Posterior_LB","Posterior_UB","prob"
-0.238585242562198,0.0493084933408024,-0.346977860773716,-0.100454091250769,0.999299036359367
