"Posterior_Mean","Posterior_SD","Posterior_LB","Posterior_UB","prob"
0.137329100131082,0.0938441009692322,-0.045083031662421,0.322818073949059,0.0745
