"Posterior_Mean","Posterior_SD","Posterior_LB","Posterior_UB","prob"
-0.0549300545212834,0.066791721482597,-0.188735994028874,0.0847693023580786,0.80008807173994
