"Posterior_Mean","Posterior_SD","Posterior_LB","Posterior_UB","prob"
-0.0521030471679521,0.0753817806974413,-0.200671675745166,0.11133707862597,0.757790422045701
