"Posterior_Mean","Posterior_SD","Posterior_LB","Posterior_UB","prob"
0.112869607422342,0.0811479128673933,-0.0446501271942325,0.27216032584008,0.0853333333333333
