"Posterior_Mean","Posterior_SD","Posterior_LB","Posterior_UB","prob"
-0.262205843577952,0.0472759432297718,-0.361037319241695,-0.155009858279067,0.99965634973858
