"Posterior_Mean","Posterior_SD","Posterior_LB","Posterior_UB","prob"
0.0360559707804937,0.0831395037708733,-0.140991553502462,0.194892186484698,0.32688808775389
