"Posterior_Mean","Posterior_SD","Posterior_LB","Posterior_UB","prob"
0.0445454343136098,0.0819239898183867,-0.119244291589229,0.203121371222505,0.294333333333333
