"Posterior_Mean","Posterior_SD","Posterior_LB","Posterior_UB","prob"
0.0261514873098843,0.0811499752548845,-0.134877539371027,0.187384450408465,0.3685
