"Posterior_Mean","Posterior_SD","Posterior_LB","Posterior_UB","prob"
-0.133138927394816,0.0539164991882224,-0.272088704588821,0.167857840487875,0.850312236837411
