"Posterior_Mean","Posterior_SD","Posterior_LB","Posterior_UB","prob"
-0.067477818903157,0.0990254555505301,-0.258097219083794,0.124875737967665,0.749666666666667
