"Posterior_Mean","Posterior_SD","Posterior_LB","Posterior_UB","prob"
0.168868160862152,0.0823493997473019,0.00710516088493168,0.328110295851181,0.0191666666666667
