"Posterior_Mean","Posterior_SD","Posterior_LB","Posterior_UB","prob"
0.0171378246716878,0.0609555639403597,-0.10318529541436,0.158918933281438,0.408601334933604
