"Posterior_Mean","Posterior_SD","Posterior_LB","Posterior_UB","prob"
-0.108898843732498,0.061094728192112,-0.243297973134356,0.0492833398429688,0.927595595854458
