"Posterior_Mean","Posterior_SD","Posterior_LB","Posterior_UB","prob"
-0.186873085803504,0.067927639712781,-0.32085060716197,-0.0359426453623838,0.988976134948777
