"Posterior_Mean","Posterior_SD","Posterior_LB","Posterior_UB","prob"
0.110937317094001,0.0821570812304552,-0.0447763541726688,0.274720169389502,0.0882358884983774
