"Posterior_Mean","Posterior_SD","Posterior_LB","Posterior_UB","prob"
-0.0736112776794881,0.0658727548076436,-0.214872341243607,0.129039799965957,0.819696792109477
