"Posterior_Mean","Posterior_SD","Posterior_LB","Posterior_UB","prob"
0.00560343169384544,0.0957071992151956,-0.179813363637431,0.185202404283922,0.479333333333333
