"Posterior_Mean","Posterior_SD","Posterior_LB","Posterior_UB","prob"
-0.0232419823594255,0.0675206696326354,-0.159820802118723,0.150692368675215,0.651308401503169
