"Posterior_Mean","Posterior_SD","Posterior_LB","Posterior_UB","prob"
-0.00544992671136263,0.0708878387092182,-0.145562599440814,0.134224206794276,0.527912952498305
