"Posterior_Mean","Posterior_SD","Posterior_LB","Posterior_UB","prob"
0.0406691007405531,0.0768632967211417,-0.161344930453854,0.23472813762694,0.354316526619298
