"Posterior_Mean","Posterior_SD","Posterior_LB","Posterior_UB","prob"
-0.101443320905917,0.0662847787789413,-0.275770915890855,0.133553978705457,0.77959117730051
