"Posterior_Mean","Posterior_SD","Posterior_LB","Posterior_UB","prob"
-0.0196560715395436,0.0667345178877646,-0.223327280115096,0.242960708977807,0.557764519276153
