"Posterior_Mean","Posterior_SD","Posterior_LB","Posterior_UB","prob"
-0.212204241672278,0.0512592302905684,-0.314341269484418,-0.0670228648121513,0.993649048364358
