"Posterior_Mean","Posterior_SD","Posterior_LB","Posterior_UB","prob"
-0.201632462907072,0.0477085027236017,-0.298084504607301,-0.1032419790145,0.998697531936678
