"Posterior_Mean","Posterior_SD","Posterior_LB","Posterior_UB","prob"
0.108962382936841,0.0787806289843262,-0.0773613190057437,0.275919109395732,0.124821577230088
