"Posterior_Mean","Posterior_SD","Posterior_LB","Posterior_UB","prob"
-0.113608648011147,0.0583374919343547,-0.228579057380649,0.00159731451674513,0.9744974674515
