"Posterior_Mean","Posterior_SD","Posterior_LB","Posterior_UB","prob"
-0.117736540430644,0.0462806824219262,-0.214563165729117,-0.0147706359446326,0.985411135255612
