"Posterior_Mean","Posterior_SD","Posterior_LB","Posterior_UB","prob"
-0.0770220019288258,0.0542301429411473,-0.207468644775729,0.0345325434643129,0.916163113179956
