"Posterior_Mean","Posterior_SD","Posterior_LB","Posterior_UB","prob"
0.128015131164588,0.0824570559099441,-0.0357059098684198,0.291197467720441,0.0635139503859282
