"Posterior_Mean","Posterior_SD","Posterior_LB","Posterior_UB","prob"
-0.17809671590065,0.0610173353180511,-0.300919059399437,-0.0182386272495769,0.982923502715797
