"Posterior_Mean","Posterior_SD","Posterior_LB","Posterior_UB","prob"
0.189335363440123,0.0828216866294774,0.0271956219500968,0.349288583161471,0.0121666666666667
