"Posterior_Mean","Posterior_SD","Posterior_LB","Posterior_UB","prob"
-0.0693884772608895,0.0767951951221085,-0.2695312352417,0.126410247250041,0.742978457339957
