"Posterior_Mean","Posterior_SD","Posterior_LB","Posterior_UB","prob"
-0.176046811319066,0.0466441884703863,-0.272546149438239,-0.0732062829560627,0.99593915477827
