"Posterior_Mean","Posterior_SD","Posterior_LB","Posterior_UB","prob"
-0.149054096726517,0.0632035549591333,-0.27408765086934,0.0127297459759359,0.964955972702794
