"Posterior_Mean","Posterior_SD","Posterior_LB","Posterior_UB","prob"
0.00504490318974414,0.0941954001831424,-0.17615909582907,0.188806509738516,0.4835
