"Posterior_Mean","Posterior_SD","Posterior_LB","Posterior_UB","prob"
0.129995389170438,0.0861384658868326,-0.03482144191921,0.296628517219241,0.0680175714568848
