"Posterior_Mean","Posterior_SD","Posterior_LB","Posterior_UB","prob"
-0.250447090601633,0.0474955678489307,-0.344184821760355,-0.154435899579863,0.99977943632755
