"Posterior_Mean","Posterior_SD","Posterior_LB","Posterior_UB","prob"
-0.0318896475172194,0.0820142207883156,-0.193511718789549,0.130432128692815,0.646333333333333
