"Posterior_Mean","Posterior_SD","Posterior_LB","Posterior_UB","prob"
-0.187842789705259,0.0487592358891358,-0.284589655178141,-0.0745586918060401,0.999011411955761
