"Posterior_Mean","Posterior_SD","Posterior_LB","Posterior_UB","prob"
-0.000360720018165881,0.0830017605368261,-0.168186727905803,0.167182458003701,0.497869503840985
