"Posterior_Mean","Posterior_SD","Posterior_LB","Posterior_UB","prob"
-0.171893238845957,0.0481280618807039,-0.267071165472385,-0.068226633364405,0.996155291959864
