"Posterior_Mean","Posterior_SD","Posterior_LB","Posterior_UB","prob"
0.122116423100128,0.0827710050443233,-0.0412849909766271,0.284811506434137,0.0708333333333333
