"Posterior_Mean","Posterior_SD","Posterior_LB","Posterior_UB","prob"
0.0181401674526587,0.0816903995303233,-0.1379164736854,0.172488035258251,0.411000145605473
