"Posterior_Mean","Posterior_SD","Posterior_LB","Posterior_UB","prob"
-0.0165718241149076,0.074265877617983,-0.167151147582299,0.13816241335198,0.590346961231413
