"Posterior_Mean","Posterior_SD","Posterior_LB","Posterior_UB","prob"
-0.264969565954983,0.0484378314463366,-0.365419404007596,-0.147104983023046,0.999340788727439
