"Posterior_Mean","Posterior_SD","Posterior_LB","Posterior_UB","prob"
-0.16779278940051,0.0532919642511442,-0.271924622431124,-0.0194526006315816,0.984142768833653
