"Posterior_Mean","Posterior_SD","Posterior_LB","Posterior_UB","prob"
-0.150093334731056,0.0473214631303606,-0.241799638567134,-0.0464636266189057,0.99216926449169
