"Posterior_Mean","Posterior_SD","Posterior_LB","Posterior_UB","prob"
0.167520798035871,0.0810755027715183,-0.00387798436830344,0.335870625649701,0.0274859268876399
