"Posterior_Mean","Posterior_SD","Posterior_LB","Posterior_UB","prob"
0.05238474549477,0.0958413108120311,-0.130293333667928,0.240520747379598,0.296833333333333
