"Posterior_Mean","Posterior_SD","Posterior_LB","Posterior_UB","prob"
0.260523213747606,0.0808433367013602,0.10381123950167,0.421413685585284,1.25427861138525e-05
