"Posterior_Mean","Posterior_SD","Posterior_LB","Posterior_UB","prob"
0.0876214745593648,0.0817633333319459,-0.0780609799177122,0.247927436781462,0.147079987328653
