"Posterior_Mean","Posterior_SD","Posterior_LB","Posterior_UB","prob"
-0.106835866449439,0.0507986227072515,-0.225798396431545,0.0302249439128674,0.936265450912494
