"Posterior_Mean","Posterior_SD","Posterior_LB","Posterior_UB","prob"
-0.00711237094838659,0.0704920016518852,-0.145827622247495,0.13674580388468,0.545154053540163
