"Posterior_Mean","Posterior_SD","Posterior_LB","Posterior_UB","prob"
0.0997522142990271,0.0833507552817722,-0.0672872962265273,0.259162055172247,0.118666666666667
