"Posterior_Mean","Posterior_SD","Posterior_LB","Posterior_UB","prob"
-0.0491639178143851,0.0592812364951146,-0.169210682292745,0.0764235808483715,0.801781643944261
