"Posterior_Mean","Posterior_SD","Posterior_LB","Posterior_UB","prob"
0.00587152791532426,0.0971819719989542,-0.187017562722579,0.1925587039466,0.473166666666667
