"Posterior_Mean","Posterior_SD","Posterior_LB","Posterior_UB","prob"
-0.0931122507158365,0.067865812083841,-0.226392226353515,0.0418044712234912,0.916181640229347
