"Posterior_Mean","Posterior_SD","Posterior_LB","Posterior_UB","prob"
0.00242008792834109,0.0786759724220812,-0.181728952274617,0.174806405532608,0.470122277492769
