"Posterior_Mean","Posterior_SD","Posterior_LB","Posterior_UB","prob"
-0.212304410273233,0.0499029489845273,-0.320628065160735,-0.0718380809135123,0.998259268597647
