"Posterior_Mean","Posterior_SD","Posterior_LB","Posterior_UB","prob"
-0.080162852944926,0.0849765727091728,-0.243344879712241,0.0837796655071652,0.820047020820294
