"Posterior_Mean","Posterior_SD","Posterior_LB","Posterior_UB","prob"
-0.17850029012021,0.0618000980855303,-0.304817382947901,-0.0179865902234674,0.98273881484605
