"Posterior_Mean","Posterior_SD","Posterior_LB","Posterior_UB","prob"
-0.187044199693096,0.0489707183270264,-0.293856821714467,-0.0586419993811381,0.997568979783652
