"Posterior_Mean","Posterior_SD","Posterior_LB","Posterior_UB","prob"
-0.0107079048667932,0.0830527661781631,-0.198872374989503,0.174647391236445,0.52705285023964
