"Posterior_Mean","Posterior_SD","Posterior_LB","Posterior_UB","prob"
0.0392216236284407,0.094823922599122,-0.14624451369605,0.22661895742051,0.345
