"Posterior_Mean","Posterior_SD","Posterior_LB","Posterior_UB","prob"
0.0305514344291936,0.081486949537861,-0.127060595077798,0.186774863656258,0.3615
