"Posterior_Mean","Posterior_SD","Posterior_LB","Posterior_UB","prob"
0.0255014097105791,0.0843381027260628,-0.14085981841244,0.192964491481197,0.375833333333333
