"Posterior_Mean","Posterior_SD","Posterior_LB","Posterior_UB","prob"
0.220770515903589,0.081724207527257,0.0567364888277705,0.37869302986124,0.00400188510150481
