"Posterior_Mean","Posterior_SD","Posterior_LB","Posterior_UB","prob"
-0.144806138405531,0.0628658430082378,-0.301346278805981,0.0651099420170545,0.919982377965397
