"Posterior_Mean","Posterior_SD","Posterior_LB","Posterior_UB","prob"
-0.162119857925865,0.0519889492766318,-0.272476187307657,0.0357203906350693,0.961083579416808
