"Posterior_Mean","Posterior_SD","Posterior_LB","Posterior_UB","prob"
0.0941056876500761,0.0796001600572617,-0.0728532767765505,0.246990048576338,0.127708058534115
