"Posterior_Mean","Posterior_SD","Posterior_LB","Posterior_UB","prob"
-0.0279217034176328,0.0741553537444973,-0.201629096818715,0.156223470973571,0.622704805384909
