"Posterior_Mean","Posterior_SD","Posterior_LB","Posterior_UB","prob"
-0.059162859080936,0.0719245277688099,-0.210420392428926,0.121081061283374,0.763001054185725
