"Posterior_Mean","Posterior_SD","Posterior_LB","Posterior_UB","prob"
0.0823536101299439,0.0856369046095492,-0.084560223674308,0.250602450891938,0.169500562176057
