"Posterior_Mean","Posterior_SD","Posterior_LB","Posterior_UB","prob"
0.00602549706890843,0.0606059323381218,-0.120745392441102,0.146683002269549,0.477080967794235
