"Posterior_Mean","Posterior_SD","Posterior_LB","Posterior_UB","prob"
0.00170486244605869,0.057517588042097,-0.135624229893743,0.12777428481503,0.480709331897877
