"Posterior_Mean","Posterior_SD","Posterior_LB","Posterior_UB","prob"
0.0252657377853161,0.0860354244889097,-0.146144126614776,0.192411971762576,0.382737015817845
