"Posterior_Mean","Posterior_SD","Posterior_LB","Posterior_UB","prob"
-0.200583716667639,0.0589383568262902,-0.314742244104726,-0.074665945369717,0.997613557214626
