"Posterior_Mean","Posterior_SD","Posterior_LB","Posterior_UB","prob"
-0.133303413593389,0.0513727607278729,-0.249209555716616,0.0285405213625504,0.953064955338504
