"Posterior_Mean","Posterior_SD","Posterior_LB","Posterior_UB","prob"
0.0349913297081385,0.0838208790109019,-0.129134226531174,0.197782661236845,0.336833333333333
