"Posterior_Mean","Posterior_SD","Posterior_LB","Posterior_UB","prob"
0.0807492783253964,0.0819770313709165,-0.0826934627522966,0.240808471796374,0.165833333333333
