"Posterior_Mean","Posterior_SD","Posterior_LB","Posterior_UB","prob"
0.00585809301734764,0.0831406254954583,-0.19837399567024,0.20946987399021,0.458272637974482
