"Posterior_Mean","Posterior_SD","Posterior_LB","Posterior_UB","prob"
-0.161804889055131,0.0578385780769194,-0.275808361985127,-0.0433686650599819,0.99350232644842
