"Posterior_Mean","Posterior_SD","Posterior_LB","Posterior_UB","prob"
-0.269867906067669,0.0466030367268568,-0.365807008553887,-0.169425246598206,0.999958010412794
