"Posterior_Mean","Posterior_SD","Posterior_LB","Posterior_UB","prob"
0.081162122303081,0.0819393577135974,-0.0753553679321625,0.242844147495627,0.157056071112085
