"Posterior_Mean","Posterior_SD","Posterior_LB","Posterior_UB","prob"
0.0091052795030203,0.080091621350249,-0.147173197650287,0.160716065455733,0.4525
