"Posterior_Mean","Posterior_SD","Posterior_LB","Posterior_UB","prob"
-0.203682907082989,0.0480325677415786,-0.299149908443645,-0.108184292516472,0.999837420957976
