"Posterior_Mean","Posterior_SD","Posterior_LB","Posterior_UB","prob"
0.0923294970067979,0.0864325882656111,-0.08038690489824,0.269579710096165,0.137507382769791
