"Posterior_Mean","Posterior_SD","Posterior_LB","Posterior_UB","prob"
-0.131479764583041,0.0505087248536621,-0.23207590215974,0.00921896743165636,0.971285177361475
