"Posterior_Mean","Posterior_SD","Posterior_LB","Posterior_UB","prob"
0.0139724339916745,0.0665172633075421,-0.151201680720686,0.224036620537572,0.501914961518105
