"Posterior_Mean","Posterior_SD","Posterior_LB","Posterior_UB","prob"
-0.0706742880661928,0.0579676654035703,-0.1855093811278,0.0510296362392462,0.887579694490899
