"Posterior_Mean","Posterior_SD","Posterior_LB","Posterior_UB","prob"
-0.0450585291306124,0.0583150799114651,-0.163852449900499,0.0707104689231649,0.770427399365922
