"Posterior_Mean","Posterior_SD","Posterior_LB","Posterior_UB","prob"
-0.126452839509284,0.0581361214689598,-0.240660590453548,-0.00939555491904671,0.981102167574944
