"Posterior_Mean","Posterior_SD","Posterior_LB","Posterior_UB","prob"
-0.143913245544931,0.0590554743385223,-0.262836205811359,-0.0181682696733323,0.984812446771793
