"Posterior_Mean","Posterior_SD","Posterior_LB","Posterior_UB","prob"
-0.0845495181353101,0.0601359317075157,-0.204971232524843,0.0496203022475151,0.910602470193904
