"Posterior_Mean","Posterior_SD","Posterior_LB","Posterior_UB","prob"
0.0536300411249125,0.0960038350121765,-0.139313090021808,0.240008522402153,0.289333333333333
