"Posterior_Mean","Posterior_SD","Posterior_LB","Posterior_UB","prob"
0.181033618183462,0.0953234413936076,-0.00435246871889863,0.368428590433369,0.0278333333333333
