"Posterior_Mean","Posterior_SD","Posterior_LB","Posterior_UB","prob"
0.0402959588109261,0.0824053279624453,-0.127057295392473,0.195978656772859,0.302898033853083
