"Posterior_Mean","Posterior_SD","Posterior_LB","Posterior_UB","prob"
-0.0860297776605035,0.081804121224553,-0.2520978518335,0.0744989520056111,0.857
