"Posterior_Mean","Posterior_SD","Posterior_LB","Posterior_UB","prob"
0.111467875668461,0.0968790863050472,-0.0758464475354825,0.299676528847111,0.126666666666667
