"Posterior_Mean","Posterior_SD","Posterior_LB","Posterior_UB","prob"
-0.002847385615742,0.0826002345107549,-0.164969045947625,0.161241692871899,0.511780089590723
