"Posterior_Mean","Posterior_SD","Posterior_LB","Posterior_UB","prob"
-0.0848835171836393,0.0566596839926872,-0.211976081819456,0.12200179143162,0.836743225428441
