"Posterior_Mean","Posterior_SD","Posterior_LB","Posterior_UB","prob"
0.0664203672980593,0.0855533447231345,-0.0993726441127324,0.232331232216949,0.215333333333333
