"Posterior_Mean","Posterior_SD","Posterior_LB","Posterior_UB","prob"
-0.252181486159562,0.0417964959114222,-0.344404515456623,-0.148856908249588,0.999974651668418
