"Posterior_Mean","Posterior_SD","Posterior_LB","Posterior_UB","prob"
0.0374990656845229,0.0820773355411745,-0.119619836492781,0.199746800644518,0.3225
