"Posterior_Mean","Posterior_SD","Posterior_LB","Posterior_UB","prob"
-0.0320631338192062,0.0829641196291188,-0.195536542876532,0.131367353319542,0.642184805709818
