"Posterior_Mean","Posterior_SD","Posterior_LB","Posterior_UB","prob"
-0.0368136661114844,0.0590500029743462,-0.158077865914039,0.0821704066971247,0.741841259281831
