"Posterior_Mean","Posterior_SD","Posterior_LB","Posterior_UB","prob"
-0.152088609986628,0.0474891971349077,-0.247223079463619,-0.0502882523338239,0.992838064342866
