"Posterior_Mean","Posterior_SD","Posterior_LB","Posterior_UB","prob"
-0.188861564846543,0.0567771659361143,-0.306594284158994,-0.00841211663673804,0.979970028190874
