"Posterior_Mean","Posterior_SD","Posterior_LB","Posterior_UB","prob"
0.113426342667019,0.0937452086543295,-0.0690363193522483,0.294969510446307,0.113666666666667
