"Posterior_Mean","Posterior_SD","Posterior_LB","Posterior_UB","prob"
0.0678373606112106,0.0815700235643405,-0.114509071876466,0.238337547111026,0.203701901176707
