"Posterior_Mean","Posterior_SD","Posterior_LB","Posterior_UB","prob"
0.088333996877872,0.0825296627084266,-0.0757724282106836,0.246905949461597,0.143666666666667
