"Posterior_Mean","Posterior_SD","Posterior_LB","Posterior_UB","prob"
-0.233089203022456,0.0471265872805022,-0.326288373186113,-0.13061782487434,0.999915207587399
