"Posterior_Mean","Posterior_SD","Posterior_LB","Posterior_UB","prob"
0.00636034130737756,0.0785687594204712,-0.148857319020795,0.165812370682742,0.460365675414248
