"Posterior_Mean","Posterior_SD","Posterior_LB","Posterior_UB","prob"
-0.033119733229016,0.0824642310484678,-0.199431413894001,0.130638162784828,0.652337541188962
