"Posterior_Mean","Posterior_SD","Posterior_LB","Posterior_UB","prob"
-0.187810368873345,0.0502152104478895,-0.305367475711198,-0.0475027128823081,0.994692567008781
