"Posterior_Mean","Posterior_SD","Posterior_LB","Posterior_UB","prob"
-0.179388523543154,0.0687818358614922,-0.312622407009329,-0.0311760468560569,0.988932666376366
