"Posterior_Mean","Posterior_SD","Posterior_LB","Posterior_UB","prob"
-0.107532990879601,0.0623267238511583,-0.288056432234414,0.0867167847402654,0.878366195040107
