"Posterior_Mean","Posterior_SD","Posterior_LB","Posterior_UB","prob"
0.166543373580598,0.0822573416131004,0.00713113254345723,0.32615505666837,0.0205009273584257
