"","Posterior_Mean","Posterior_SD","Posterior_LB","Posterior_UB"
"1",0.0563641303529477,0.0515021012919716,-0.0441702708879086,0.155926487096653
