"Posterior_Mean","Posterior_SD","Posterior_LB","Posterior_UB","prob"
-0.14377676213513,0.185530204348725,-0.514312540337046,0.269571718620536,0.777261555473358
