"Posterior_Mean","Posterior_SD","Posterior_LB","Posterior_UB","prob"
0.218207418330951,0.228466096928457,-0.22562430947557,0.714569267630106,0.180351969596368
