"Posterior_Mean","Posterior_SD","Posterior_LB","Posterior_UB","prob"
-0.0751587752551875,0.228591718965901,-0.532794065438708,0.376399961433683,0.628438241102048
