"Posterior_Mean","Posterior_SD","Posterior_LB","Posterior_UB","prob"
-0.601759698536841,0.231352104679615,-1.07290005589935,-0.151086418654861,0.995502525784551
