"Posterior_Mean","Posterior_SD","Posterior_LB","Posterior_UB","prob"
-0.314134551254141,0.196169129237407,-0.724561705200947,0.0905395736010089,0.942382448714668
