"Posterior_Mean","Posterior_SD","Posterior_LB","Posterior_UB","prob"
0.109471113689951,0.206005242433043,-0.28629747917786,0.535362496313086,0.318267108277654
