"Posterior_Mean","Posterior_SD","Posterior_LB","Posterior_UB","prob"
-0.27148241805405,0.206636980845561,-0.739348954581849,0.151367950662219,0.894381172487886
