"Posterior_Mean","Posterior_SD","Posterior_LB","Posterior_UB","prob"
0.0204909904887781,0.194701311341273,-0.442882053152519,0.558509640641124,0.49281612848908
