"Posterior_Mean","Posterior_SD","Posterior_LB","Posterior_UB","prob"
-0.381719980737792,0.200042698881124,-0.803830081503845,0.0222720776391991,0.969285751664252
