"Posterior_Mean","Posterior_SD","Posterior_LB","Posterior_UB","prob"
-0.240800617493953,0.249224194236402,-0.720273383387898,0.257162442207948,0.835961944717574
