"Posterior_Mean","Posterior_SD","Posterior_LB","Posterior_UB","prob"
-0.622777658939967,0.238402089595425,-1.12303399562935,-0.122461152740629,0.995310063650451
