"Posterior_Mean","Posterior_SD","Posterior_LB","Posterior_UB","prob"
0.141523234236205,0.204249038042963,-0.271923091127142,0.601401827248025,0.283774276648619
