"Posterior_Mean","Posterior_SD","Posterior_LB","Posterior_UB","prob"
0.16090255747869,0.219685052851487,-0.28212399433746,0.621180496368992,0.249377226090412
