"Posterior_Mean","Posterior_SD","Posterior_LB","Posterior_UB","prob"
0.117629439649732,0.0864919598583825,-0.0818023726016495,0.302681602347429,0.108065796215008
