"Posterior_Mean","Posterior_SD","Posterior_LB","Posterior_UB","prob"
-0.00853075025854611,0.075716101254292,-0.173204462174968,0.178699183747031,0.560679457592194
