"Posterior_Mean","Posterior_SD","Posterior_LB","Posterior_UB","prob"
-0.165621338718573,0.0740116350506765,-0.309427245647317,-0.0163166339228425,0.98531780239616
