"Posterior_Mean","Posterior_SD","Posterior_LB","Posterior_UB","prob"
-0.0508214524472189,0.0887751480735758,-0.237142314225491,0.120325605010238,0.7205676360033
