"Posterior_Mean","Posterior_SD","Posterior_LB","Posterior_UB","prob"
0.120944631856538,0.10453423965399,-0.0858594987357619,0.325171722710107,0.127
