"Posterior_Mean","Posterior_SD","Posterior_LB","Posterior_UB","prob"
0.274760490828496,0.10242574675098,0.0754059245240363,0.478592642225175,0.00166666666666667
