"Posterior_Mean","Posterior_SD","Posterior_LB","Posterior_UB","prob"
-0.130167711806499,0.0614778253927104,-0.251472337697216,-0.00901755290231061,0.980454720369865
