"Posterior_Mean","Posterior_SD","Posterior_LB","Posterior_UB","prob"
0.136023253339397,0.0898339202777268,-0.0391854520494942,0.313023746944891,0.0661666666666667
