"Posterior_Mean","Posterior_SD","Posterior_LB","Posterior_UB","prob"
0.0318938198351518,0.0889370454649077,-0.144891064408017,0.205243029524311,0.353833333333333
