"Posterior_Mean","Posterior_SD","Posterior_LB","Posterior_UB","prob"
0.0523291728652008,0.0882452446346785,-0.126287278885449,0.222304014604752,0.275666666666667
