"Posterior_Mean","Posterior_SD","Posterior_LB","Posterior_UB","prob"
0.0331970763039536,0.106719155915198,-0.173029996160484,0.243259495938966,0.371333333333333
