"Posterior_Mean","Posterior_SD","Posterior_LB","Posterior_UB","prob"
-0.147588946598399,0.0590763063896148,-0.262769259452341,-0.0278978091025518,0.991622777398317
