"Posterior_Mean","Posterior_SD","Posterior_LB","Posterior_UB","prob"
-0.0299216306634145,0.0910602926761112,-0.209564540027897,0.143659705621593,0.622423786256086
