"Posterior_Mean","Posterior_SD","Posterior_LB","Posterior_UB","prob"
-0.078238039763208,0.0879318525235789,-0.251296924472183,0.0978097256572903,0.805617404299285
