"Posterior_Mean","Posterior_SD","Posterior_LB","Posterior_UB","prob"
0.0435914837543752,0.0867664997929222,-0.188737332076304,0.256234938614532,0.33079208382047
