"Posterior_Mean","Posterior_SD","Posterior_LB","Posterior_UB","prob"
-0.206177082043633,0.0499372250585363,-0.317100809792581,-0.0946183154708536,0.999989733108483
