"Posterior_Mean","Posterior_SD","Posterior_LB","Posterior_UB","prob"
0.0072889957853998,0.106781523895381,-0.203182209157842,0.212727117381484,0.473
