"Posterior_Mean","Posterior_SD","Posterior_LB","Posterior_UB","prob"
0.0169199008424397,0.0888795924017783,-0.158018133944934,0.19323560247869,0.433333333333333
