"Posterior_Mean","Posterior_SD","Posterior_LB","Posterior_UB","prob"
-0.0424256976672714,0.0737952624527343,-0.228710789623885,0.167515201690898,0.654658930716279
