"Posterior_Mean","Posterior_SD","Posterior_LB","Posterior_UB","prob"
-0.200079608571024,0.0538214386454129,-0.30717631000332,-0.0746784124781852,0.996346906130557
