"Posterior_Mean","Posterior_SD","Posterior_LB","Posterior_UB","prob"
-0.170518329894893,0.0594740167775692,-0.298560843472786,-0.000195155611915346,0.975715763964732
