"Posterior_Mean","Posterior_SD","Posterior_LB","Posterior_UB","prob"
-0.0889859030584322,0.0624164957005592,-0.266142468064287,0.0904878874499902,0.857381522532312
