"Posterior_Mean","Posterior_SD","Posterior_LB","Posterior_UB","prob"
-0.0714148249380501,0.0533719695368814,-0.190407901568254,0.0507974434352918,0.886785764964144
