"Posterior_Mean","Posterior_SD","Posterior_LB","Posterior_UB","prob"
-0.148305630849155,0.0636378295835513,-0.308459504325557,0.054811472301378,0.939196381395317
