"Posterior_Mean","Posterior_SD","Posterior_LB","Posterior_UB","prob"
-0.011232519264802,0.0859393698756658,-0.1796834318453,0.158530057480058,0.546333333333333
