"Posterior_Mean","Posterior_SD","Posterior_LB","Posterior_UB","prob"
0.133198449739224,0.0894562768500578,-0.0378173118375889,0.308925610687609,0.0681666666666667
