"Posterior_Mean","Posterior_SD","Posterior_LB","Posterior_UB","prob"
-0.0932836710425675,0.057041915880042,-0.216817400549698,0.121517993863699,0.885677186672631
