"Posterior_Mean","Posterior_SD","Posterior_LB","Posterior_UB","prob"
-0.269093025172607,0.0508313985591828,-0.369490079886076,-0.169166218019472,0.999955850337838
