"Posterior_Mean","Posterior_SD","Posterior_LB","Posterior_UB","prob"
0.0107265566875336,0.076704008658672,-0.17999948724375,0.22087348851314,0.482877070838215
