"Posterior_Mean","Posterior_SD","Posterior_LB","Posterior_UB","prob"
0.0300509597995184,0.0810150734359074,-0.158165694876127,0.224937265055992,0.382953673679455
