"Posterior_Mean","Posterior_SD","Posterior_LB","Posterior_UB","prob"
0.0223777509438888,0.087697579583075,-0.147210887558586,0.201703408115733,0.396853076100224
