"Posterior_Mean","Posterior_SD","Posterior_LB","Posterior_UB","prob"
-0.225522345791645,0.0528728476138863,-0.333287176473923,-0.122246418889014,0.999596595491597
