"Posterior_Mean","Posterior_SD","Posterior_LB","Posterior_UB","prob"
-0.141871579863834,0.0592675406105872,-0.27110083905505,0.0766480820601495,0.927505366196828
