"Posterior_Mean","Posterior_SD","Posterior_LB","Posterior_UB","prob"
0.0367869215251865,0.0903394970238384,-0.141122379859514,0.20919496508818,0.353791666905977
