"Posterior_Mean","Posterior_SD","Posterior_LB","Posterior_UB","prob"
-0.0416261391473359,0.0867416858376044,-0.240856562754325,0.141729730700424,0.65274286195387
