"Posterior_Mean","Posterior_SD","Posterior_LB","Posterior_UB","prob"
0.0453994654289668,0.0636482326380126,-0.0850075525188078,0.201233751843399,0.254362337319372
