"Posterior_Mean","Posterior_SD","Posterior_LB","Posterior_UB","prob"
-0.0227537280652534,0.0888816674870378,-0.195956820406599,0.150354726274027,0.602833333333333
