"Posterior_Mean","Posterior_SD","Posterior_LB","Posterior_UB","prob"
0.0260069188653389,0.107543479633849,-0.181132086119348,0.238071126139922,0.406666666666667
