"Posterior_Mean","Posterior_SD","Posterior_LB","Posterior_UB","prob"
-0.0215814552849758,0.0902646630218816,-0.196822415121401,0.157895062110501,0.595333333333333
