"Posterior_Mean","Posterior_SD","Posterior_LB","Posterior_UB","prob"
0.107248870353742,0.0898667589307938,-0.0679393993811891,0.288008671695105,0.111295124324666
