"Posterior_Mean","Posterior_SD","Posterior_LB","Posterior_UB","prob"
-0.00667321983002884,0.0726855001436148,-0.163351303398338,0.170792051990396,0.556158514251015
