"Posterior_Mean","Posterior_SD","Posterior_LB","Posterior_UB","prob"
0.104974479479246,0.0866434232801323,-0.064759741638975,0.274610149662932,0.1115
