"Posterior_Mean","Posterior_SD","Posterior_LB","Posterior_UB","prob"
-0.0452331395115103,0.0832895028335171,-0.217225621150629,0.190235188488228,0.709098531128522
