"Posterior_Mean","Posterior_SD","Posterior_LB","Posterior_UB","prob"
0.103916009591679,0.0859323478435439,-0.0649357124448421,0.270137823669058,0.114833333333333
