"Posterior_Mean","Posterior_SD","Posterior_LB","Posterior_UB","prob"
-0.215683140003155,0.046725891806816,-0.305027836663809,-0.122539859010053,0.999883028995858
