"Posterior_Mean","Posterior_SD","Posterior_LB","Posterior_UB","prob"
-0.229627141200437,0.0519663180888362,-0.331373596534802,-0.120329582820857,0.999115870195012
