"Posterior_Mean","Posterior_SD","Posterior_LB","Posterior_UB","prob"
-0.147085403499396,0.0536849927838038,-0.261234691650106,0.0157157412048914,0.96896098777591
