"Posterior_Mean","Posterior_SD","Posterior_LB","Posterior_UB","prob"
-0.0897245031686547,0.0632395511124729,-0.215304335564326,0.0531395073460774,0.914006906407472
