"Posterior_Mean","Posterior_SD","Posterior_LB","Posterior_UB","prob"
-0.0398086046432504,0.0684878739994905,-0.185304336539986,0.163870673818478,0.720765305909555
