"Posterior_Mean","Posterior_SD","Posterior_LB","Posterior_UB","prob"
0.0256650873318267,0.0704173869431861,-0.124970631050316,0.229615330974231,0.418540572525652
