"Posterior_Mean","Posterior_SD","Posterior_LB","Posterior_UB","prob"
-0.0546481199426346,0.108205647241293,-0.265010110696062,0.157470114858658,0.689166666666667
