"Posterior_Mean","Posterior_SD","Posterior_LB","Posterior_UB","prob"
-0.10749540914758,0.0774964845414525,-0.262788110404398,0.110541902884106,0.888935202015582
