"Posterior_Mean","Posterior_SD","Posterior_LB","Posterior_UB","prob"
0.0394747578013313,0.0894848114971417,-0.133486691167079,0.216617077234821,0.3375
