"Posterior_Mean","Posterior_SD","Posterior_LB","Posterior_UB","prob"
-0.0244110614563243,0.0898406469337157,-0.203802968659462,0.152941778858979,0.602333333333333
