"Posterior_Mean","Posterior_SD","Posterior_LB","Posterior_UB","prob"
0.031320434572,0.0891837049248815,-0.143867697729669,0.205974892147487,0.366833333333333
