"Posterior_Mean","Posterior_SD","Posterior_LB","Posterior_UB","prob"
-0.0345689262390856,0.0634881324382594,-0.162268726289091,0.134895853137656,0.71887485118751
