"Posterior_Mean","Posterior_SD","Posterior_LB","Posterior_UB","prob"
-0.11007674010998,0.08440656024465,-0.278444184674467,0.0470664712597799,0.908552335885641
