"Posterior_Mean","Posterior_SD","Posterior_LB","Posterior_UB","prob"
0.148843726518198,0.0899451013173308,-0.024210530386098,0.327776645387159,0.049
