"Posterior_Mean","Posterior_SD","Posterior_LB","Posterior_UB","prob"
0.0301356041175915,0.0892902832805607,-0.146777777100445,0.202050317795884,0.369166666666667
