"Posterior_Mean","Posterior_SD","Posterior_LB","Posterior_UB","prob"
-0.0800375875104738,0.066666539806097,-0.213568254160961,0.0923730579466567,0.867317705302487
