"Posterior_Mean","Posterior_SD","Posterior_LB","Posterior_UB","prob"
-0.167826415797835,0.0496073093644118,-0.267092938668839,-0.0603560533991892,0.995448423754317
