"Posterior_Mean","Posterior_SD","Posterior_LB","Posterior_UB","prob"
-0.182241786373132,0.106333349864249,-0.386520570955229,0.0244747675657395,0.9565
