"Posterior_Mean","Posterior_SD","Posterior_LB","Posterior_UB","prob"
-0.218732182282916,0.0518227995304154,-0.32170769529292,-0.100535748004648,0.995927276329131
