"Posterior_Mean","Posterior_SD","Posterior_LB","Posterior_UB","prob"
-0.207846569088202,0.0747787822075042,-0.357144899684565,-0.016689560653547,0.980969266508898
