"Posterior_Mean","Posterior_SD","Posterior_LB","Posterior_UB","prob"
-0.00881482036417028,0.089206894840363,-0.185096462972194,0.162488341260531,0.532314938444074
