"Posterior_Mean","Posterior_SD","Posterior_LB","Posterior_UB","prob"
0.211035627104199,0.0900268878632624,0.0328534773644496,0.38717246606328,0.00966666666666667
