"Posterior_Mean","Posterior_SD","Posterior_LB","Posterior_UB","prob"
-0.230379402053916,0.0565129013863275,-0.359506288958329,0.0187817514224413,0.966697966576898
