"Posterior_Mean","Posterior_SD","Posterior_LB","Posterior_UB","prob"
0.226049908218441,0.0882893902812928,0.046216606673603,0.403408819748981,0.00779868895207893
