"Posterior_Mean","Posterior_SD","Posterior_LB","Posterior_UB","prob"
-0.13503795867871,0.0502665974922519,-0.236024133245974,-0.0375090992347954,0.995471705658323
