"Posterior_Mean","Posterior_SD","Posterior_LB","Posterior_UB","prob"
-0.123151048443614,0.0629683028188308,-0.246965342219993,0.0109166230687047,0.966975068749355
