"Posterior_Mean","Posterior_SD","Posterior_LB","Posterior_UB","prob"
-0.230265905141815,0.0517876445379224,-0.333368610069673,-0.119879160437293,0.999240757007982
