"Posterior_Mean","Posterior_SD","Posterior_LB","Posterior_UB","prob"
0.103176324935282,0.0861277817345799,-0.0670732403732774,0.263662382455059,0.113501057996378
