"Posterior_Mean","Posterior_SD","Posterior_LB","Posterior_UB","prob"
0.0537362780127247,0.0746472500721008,-0.103056257736044,0.253660041587609,0.301411619749589
