"Posterior_Mean","Posterior_SD","Posterior_LB","Posterior_UB","prob"
-0.137424272585173,0.0532935721034406,-0.264913727851,0.0217103238282578,0.957472733677293
