"Posterior_Mean","Posterior_SD","Posterior_LB","Posterior_UB","prob"
-0.0263232944496186,0.0625907190014809,-0.151396633313087,0.105801719849522,0.664243835704423
