"Posterior_Mean","Posterior_SD","Posterior_LB","Posterior_UB","prob"
0.0100781828644372,0.102155693482615,-0.185253777429156,0.21286590731642,0.460166666666667
