"Posterior_Mean","Posterior_SD","Posterior_LB","Posterior_UB","prob"
-0.115306576920438,0.0632206418711474,-0.239268763451706,0.00798438873611405,0.96624633181919
