"Posterior_Mean","Posterior_SD","Posterior_LB","Posterior_UB","prob"
-0.0155484778939339,0.0878461027285582,-0.20864655294341,0.159861664187049,0.568773507566818
