"Posterior_Mean","Posterior_SD","Posterior_LB","Posterior_UB","prob"
-0.0887837154389352,0.0771729415434129,-0.23884352208105,0.0874961586831862,0.837323680357265
