"Posterior_Mean","Posterior_SD","Posterior_LB","Posterior_UB","prob"
-0.048607070405591,0.103700921175304,-0.253697209333904,0.155254545256872,0.679833333333333
