"Posterior_Mean","Posterior_SD","Posterior_LB","Posterior_UB","prob"
-0.103993505586375,0.0663431767415652,-0.237801851597135,0.0846754969914766,0.904359151410062
