"Posterior_Mean","Posterior_SD","Posterior_LB","Posterior_UB","prob"
-0.18467083580211,0.0543864673845472,-0.328482804920522,-0.0261741679019228,0.989846306208154
