"Posterior_Mean","Posterior_SD","Posterior_LB","Posterior_UB","prob"
-0.223259275780283,0.0603871529612226,-0.348531218209715,-0.107216431265316,0.999976722644593
