"Posterior_Mean","Posterior_SD","Posterior_LB","Posterior_UB","prob"
0.0516714917225162,0.101249358345338,-0.146673774006019,0.249987292123179,0.309
