"Posterior_Mean","Posterior_SD","Posterior_LB","Posterior_UB","prob"
-0.00482877335926537,0.0673190941945937,-0.139522951695269,0.1582869235131,0.552328512913757
