"Posterior_Mean","Posterior_SD","Posterior_LB","Posterior_UB","prob"
-0.131501452344191,0.064619722782198,-0.25845672998973,0.0118175196321781,0.967201268192642
