"Posterior_Mean","Posterior_SD","Posterior_LB","Posterior_UB","prob"
-0.196210405196755,0.056328591845184,-0.325953008873382,-0.0454119654023488,0.991738181766375
