"Posterior_Mean","Posterior_SD","Posterior_LB","Posterior_UB","prob"
0.0813452416760828,0.0887880543566898,-0.0901110064682361,0.259528076684689,0.180333333333333
