"Posterior_Mean","Posterior_SD","Posterior_LB","Posterior_UB","prob"
0.245211881197527,0.10514127835267,0.0380388773836359,0.447906367595979,0.01
