"Posterior_Mean","Posterior_SD","Posterior_LB","Posterior_UB","prob"
-0.102182518390469,0.0624682975449619,-0.235590641003107,0.108452071211736,0.910901698117079
