"Posterior_Mean","Posterior_SD","Posterior_LB","Posterior_UB","prob"
-0.0322708129825786,0.0726141414936841,-0.186048739489097,0.134332969242917,0.67438414182779
