"Posterior_Mean","Posterior_SD","Posterior_LB","Posterior_UB","prob"
-0.0632661277442505,0.0521446005456376,-0.168215593577927,0.0543756309301765,0.876774706744003
