"Posterior_Mean","Posterior_SD","Posterior_LB","Posterior_UB","prob"
0.0723479903341208,0.0747464517359099,-0.105589568263178,0.264222804605029,0.206019906783737
