"Posterior_Mean","Posterior_SD","Posterior_LB","Posterior_UB","prob"
0.0811910763202735,0.103482221301549,-0.121790193957986,0.287766504047767,0.211833333333333
