"Posterior_Mean","Posterior_SD","Posterior_LB","Posterior_UB","prob"
-0.0228424660234214,0.106905011995711,-0.235096094416317,0.185089207299637,0.581
