"Posterior_Mean","Posterior_SD","Posterior_LB","Posterior_UB","prob"
-0.0718082306916331,0.0626432987443744,-0.19357806519741,0.0791409896467701,0.862266703614739
