"Posterior_Mean","Posterior_SD","Posterior_LB","Posterior_UB","prob"
-0.144354586887677,0.0547641939120126,-0.26127042129611,0.0813692999085228,0.935073051242962
