"Posterior_Mean","Posterior_SD","Posterior_LB","Posterior_UB","prob"
-0.129416939228029,0.0715450640173133,-0.283457965363756,0.0848597174617209,0.898618469414735
