"Posterior_Mean","Posterior_SD","Posterior_LB","Posterior_UB","prob"
-0.146835361005307,0.0538291206869752,-0.252273560528486,-0.0305067721512134,0.991791215542247
