"Posterior_Mean","Posterior_SD","Posterior_LB","Posterior_UB","prob"
0.0652238341771198,0.10414403378121,-0.141756710189857,0.273370910909649,0.264666666666667
