"Posterior_Mean","Posterior_SD","Posterior_LB","Posterior_UB","prob"
-0.0597244433351103,0.0761537488973647,-0.212101989053016,0.100925550223999,0.78249616484731
