"Posterior_Mean","Posterior_SD","Posterior_LB","Posterior_UB","prob"
-0.196711377239307,0.0502807746737593,-0.295189231096751,-0.0944807418340186,0.997456079222273
