"Posterior_Mean","Posterior_SD","Posterior_LB","Posterior_UB","prob"
-0.144871076196409,0.0683025513139381,-0.293746154307443,0.0787783385769811,0.913364418468565
