"Posterior_Mean","Posterior_SD","Posterior_LB","Posterior_UB","prob"
-0.0348187693460279,0.0636804772171967,-0.161810475604257,0.0946488700260373,0.710032493242302
