"Posterior_Mean","Posterior_SD","Posterior_LB","Posterior_UB","prob"
0.111766988148438,0.0875974191891007,-0.061991412495724,0.286241090469917,0.101333333333333
