"Posterior_Mean","Posterior_SD","Posterior_LB","Posterior_UB","prob"
-0.118016228174662,0.0620832005503747,-0.238908548924074,0.00699214698311227,0.96791289671225
