"Posterior_Mean","Posterior_SD","Posterior_LB","Posterior_UB","prob"
-0.0479917439486366,0.0901184499874456,-0.231025017767848,0.125130341453521,0.710022856748395
