"Posterior_Mean","Posterior_SD","Posterior_LB","Posterior_UB","prob"
-0.0435417948717146,0.0698704183713338,-0.182706090974163,0.131876503758659,0.731240267838383
