"Posterior_Mean","Posterior_SD","Posterior_LB","Posterior_UB","prob"
-0.0771783007661447,0.0696467355747298,-0.226658293422425,0.119517329964151,0.81212808818626
