"Posterior_Mean","Posterior_SD","Posterior_LB","Posterior_UB","prob"
0.0704438712321855,0.0892034560383251,-0.102829094038245,0.24441978917213,0.212166666666667
