"Posterior_Mean","Posterior_SD","Posterior_LB","Posterior_UB","prob"
-0.111099057500586,0.0518492167386879,-0.216117966482962,0.0103896011240844,0.965725155747924
