"Posterior_Mean","Posterior_SD","Posterior_LB","Posterior_UB","prob"
0.159970158143282,0.109235439200044,-0.049675771727176,0.372531327672125,0.0708333333333333
