"Posterior_Mean","Posterior_SD","Posterior_LB","Posterior_UB","prob"
-0.166650750654621,0.0507667871411263,-0.266757085756257,-0.0606002123813695,0.997031173384606
