"Posterior_Mean","Posterior_SD","Posterior_LB","Posterior_UB","prob"
0.0106499704520372,0.0931575912813615,-0.179001822410401,0.196258892460359,0.456064524326632
