"Posterior_Mean","Posterior_SD","Posterior_LB","Posterior_UB","prob"
-0.129030745734365,0.053687256541112,-0.23448565693945,-0.012679417691411,0.982853335393945
