"Posterior_Mean","Posterior_SD","Posterior_LB","Posterior_UB","prob"
0.037026388386137,0.0862648007833861,-0.129482358627185,0.207211956779467,0.337166666666667
