"Posterior_Mean","Posterior_SD","Posterior_LB","Posterior_UB","prob"
-0.102355724422175,0.0533042183075119,-0.209464542481361,0.0409466380559805,0.951614773407073
