"Posterior_Mean","Posterior_SD","Posterior_LB","Posterior_UB","prob"
-0.0220328777917766,0.0847345307592407,-0.193968403356213,0.156413196703503,0.605702770367094
