"Posterior_Mean","Posterior_SD","Posterior_LB","Posterior_UB","prob"
0.175995355465417,0.0847768002546677,-0.00465765573446347,0.353242211787152,0.0269054492785794
