"Posterior_Mean","Posterior_SD","Posterior_LB","Posterior_UB","prob"
0.0644382964194858,0.0895539578723065,-0.117961456030328,0.244678988332128,0.242647209554842
