"Posterior_Mean","Posterior_SD","Posterior_LB","Posterior_UB","prob"
-0.111117219550008,0.0542423100392633,-0.220142295580202,0.0318861075349987,0.953302972915518
