"Posterior_Mean","Posterior_SD","Posterior_LB","Posterior_UB","prob"
0.00884912584578341,0.0805434281179513,-0.183841135267374,0.20512078340179,0.470026924754524
