"Posterior_Mean","Posterior_SD","Posterior_LB","Posterior_UB","prob"
0.134222768709993,0.067907973107346,-0.00951144354763392,0.343026065660562,0.038127716851069
