"Posterior_Mean","Posterior_SD","Posterior_LB","Posterior_UB","prob"
0.104366413329212,0.0793282586806851,-0.0996685382257468,0.299276211862058,0.180812515926171
