"Posterior_Mean","Posterior_SD","Posterior_LB","Posterior_UB","prob"
-0.0235653397715871,0.079217291540312,-0.244075107989277,0.180241769541097,0.551054004270555
