"Posterior_Mean","Posterior_SD","Posterior_LB","Posterior_UB","prob"
-0.135618536605741,0.059738666620568,-0.26939122567134,0.0424601232752111,0.935543988381857
