"Posterior_Mean","Posterior_SD","Posterior_LB","Posterior_UB","prob"
-0.0425673999501716,0.0563712491609509,-0.167799243231217,0.0891236572478494,0.733334231504932
