"Posterior_Mean","Posterior_SD","Posterior_LB","Posterior_UB","prob"
-0.0797981726587774,0.0550432000387228,-0.196932418098813,0.141475624016607,0.888849761270539
