"Posterior_Mean","Posterior_SD","Posterior_LB","Posterior_UB","prob"
0.0173543035157218,0.0872909617798597,-0.152824270100359,0.188727635603495,0.426666666666667
