"Posterior_Mean","Posterior_SD","Posterior_LB","Posterior_UB","prob"
-0.0235879680197993,0.0886062523031981,-0.197338332597539,0.147979366210432,0.607166666666667
