"Posterior_Mean","Posterior_SD","Posterior_LB","Posterior_UB","prob"
-0.0285635855270568,0.0870171353615308,-0.192536760288913,0.144274035236236,0.627522701314764
