"Posterior_Mean","Posterior_SD","Posterior_LB","Posterior_UB","prob"
-0.0191125328732963,0.103102933629234,-0.218692825535257,0.179271001293391,0.5725
