"Posterior_Mean","Posterior_SD","Posterior_LB","Posterior_UB","prob"
-0.203810278785692,0.0514068375976661,-0.307542370051616,-0.0782084068663755,0.991998447413099
