"Posterior_Mean","Posterior_SD","Posterior_LB","Posterior_UB","prob"
-0.0992490995578721,0.0514024377964322,-0.20113436330952,0.0208185424739,0.955810493446952
