"Posterior_Mean","Posterior_SD","Posterior_LB","Posterior_UB","prob"
0.141332610837184,0.0881393151658721,-0.0293812182646881,0.315468784206829,0.0538333333333333
