"Posterior_Mean","Posterior_SD","Posterior_LB","Posterior_UB","prob"
0.0932301414705085,0.088268419666563,-0.07623078289792,0.267003940449189,0.1465
