"Posterior_Mean","Posterior_SD","Posterior_LB","Posterior_UB","prob"
-0.101453442094138,0.0752587671147363,-0.251511892352931,0.0483877183774426,0.910310649452936
