"Posterior_Mean","Posterior_SD","Posterior_LB","Posterior_UB","prob"
-0.00907405250788396,0.0695311771758345,-0.197650206011999,0.212323987776189,0.543137496089117
