"Posterior_Mean","Posterior_SD","Posterior_LB","Posterior_UB","prob"
0.0323206832995543,0.103834725831033,-0.170711390907772,0.23388748357871,0.381
