"Posterior_Mean","Posterior_SD","Posterior_LB","Posterior_UB","prob"
-0.00672989357132054,0.0857428670572368,-0.173887116288796,0.163647672190027,0.527833333333333
