"Posterior_Mean","Posterior_SD","Posterior_LB","Posterior_UB","prob"
-0.232880630523244,0.0634851603729677,-0.355161982761387,-0.0993798037503979,0.99862287033469
