"Posterior_Mean","Posterior_SD","Posterior_LB","Posterior_UB","prob"
-0.251955191165844,0.0534591166386989,-0.360998743032996,-0.136493205149005,0.998914477885225
