"Posterior_Mean","Posterior_SD","Posterior_LB","Posterior_UB","prob"
0.0380896210581759,0.0866163679227273,-0.13532048422588,0.211335475897593,0.342201657792857
