"Posterior_Mean","Posterior_SD","Posterior_LB","Posterior_UB","prob"
-0.158360074547311,0.0577411976986361,-0.289970276436137,0.040719272347394,0.945607555158724
