"Posterior_Mean","Posterior_SD","Posterior_LB","Posterior_UB","prob"
-0.0306030244117169,0.0800676145370552,-0.184318087357479,0.145822540281308,0.6610836290651
