"Posterior_Mean","Posterior_SD","Posterior_LB","Posterior_UB","prob"
-0.0756190087527447,0.0678556879973296,-0.22815023701011,0.156499430374593,0.799135532172318
