"Posterior_Mean","Posterior_SD","Posterior_LB","Posterior_UB","prob"
-0.0629549278219858,0.085655576969002,-0.267238427530571,0.12532342621968,0.717867598363872
