"Posterior_Mean","Posterior_SD","Posterior_LB","Posterior_UB","prob"
0.0357816358483388,0.102760767786823,-0.163562835069411,0.235422826636051,0.359833333333333
