"Posterior_Mean","Posterior_SD","Posterior_LB","Posterior_UB","prob"
0.0141753822560064,0.0869560425228893,-0.166035969160828,0.197744597005323,0.432714076827201
