"Posterior_Mean","Posterior_SD","Posterior_LB","Posterior_UB","prob"
0.139052071797881,0.086736417540636,-0.0376237702620177,0.30873343677106,0.0580027028908299
