"Posterior_Mean","Posterior_SD","Posterior_LB","Posterior_UB","prob"
0.00938273820777646,0.102850296571103,-0.185680662965054,0.210787649465852,0.4665
