"Posterior_Mean","Posterior_SD","Posterior_LB","Posterior_UB","prob"
-0.105501260214769,0.0603757512634119,-0.224475703096785,0.0157352970727481,0.953408270184558
