"Posterior_Mean","Posterior_SD","Posterior_LB","Posterior_UB","prob"
-0.100289958959355,0.0628598538622509,-0.222607988551415,0.04555065283432,0.930973853901183
