"Posterior_Mean","Posterior_SD","Posterior_LB","Posterior_UB","prob"
-0.184894295502105,0.0635785312290811,-0.332932306809091,0.152398117825404,0.917519783129556
