"Posterior_Mean","Posterior_SD","Posterior_LB","Posterior_UB","prob"
0.0226313583494121,0.103268902339979,-0.175769754196373,0.226020686753548,0.4225
