"Posterior_Mean","Posterior_SD","Posterior_LB","Posterior_UB","prob"
-0.190427997384308,0.0795890155399729,-0.379996033549057,0.0149299150668923,0.962943135323927
