"Posterior_Mean","Posterior_SD","Posterior_LB","Posterior_UB","prob"
-0.141305794444322,0.0596340066421423,-0.257003753891399,-0.0181607818480739,0.985949596566609
