"Posterior_Mean","Posterior_SD","Posterior_LB","Posterior_UB","prob"
-0.223664694232815,0.0631059923426737,-0.349316568391832,-0.0902607324415133,0.99772554960261
