"Posterior_Mean","Posterior_SD","Posterior_LB","Posterior_UB","prob"
-0.18959451404286,0.0626690448274341,-0.314122240423321,-0.0491071687350651,0.992263872461449
