"Posterior_Mean","Posterior_SD","Posterior_LB","Posterior_UB","prob"
-0.121493900704403,0.0632938227890492,-0.245019738101618,0.00810545221575387,0.967404277407151
