"Posterior_Mean","Posterior_SD","Posterior_LB","Posterior_UB","prob"
-0.05189151438156,0.0671226608474693,-0.187415293107656,0.115119112292458,0.781846559563451
