"Posterior_Mean","Posterior_SD","Posterior_LB","Posterior_UB","prob"
0.0633387196818296,0.087515199110457,-0.108266319035287,0.233383113172348,0.233
