"Posterior_Mean","Posterior_SD","Posterior_LB","Posterior_UB","prob"
-0.142938899647108,0.0695416375897484,-0.289441285347553,0.0664196823601874,0.927930892743015
