"Posterior_Mean","Posterior_SD","Posterior_LB","Posterior_UB","prob"
0.131524437132205,0.0900794359563787,-0.0466256038889621,0.306608776991642,0.073
