"Posterior_Mean","Posterior_SD","Posterior_LB","Posterior_UB","prob"
-0.203450540513657,0.0552337072933437,-0.312613871068007,-0.0874442915992097,0.999331298014382
