"Posterior_Mean","Posterior_SD","Posterior_LB","Posterior_UB","prob"
-0.0664917807187402,0.0787533176192158,-0.266970482367959,0.151816156057495,0.686505925138231
