"Posterior_Mean","Posterior_SD","Posterior_LB","Posterior_UB","prob"
0.0889201372301225,0.0840087329371637,-0.12459993629722,0.279626459748934,0.192896519781925
