"Posterior_Mean","Posterior_SD","Posterior_LB","Posterior_UB","prob"
0.13012298195053,0.0882253347060484,-0.0632398655297667,0.303312441951367,0.0787051716917263
