"Posterior_Mean","Posterior_SD","Posterior_LB","Posterior_UB","prob"
-0.254055039370285,0.0514098819835954,-0.355443425248339,-0.134539913462366,0.998142628358196
