"Posterior_Mean","Posterior_SD","Posterior_LB","Posterior_UB","prob"
-0.0293111121761765,0.105179199001873,-0.235652384676173,0.177019847992397,0.608333333333333
