"Posterior_Mean","Posterior_SD","Posterior_LB","Posterior_UB","prob"
-0.235644023023185,0.0675401327789323,-0.37543293752964,-0.0406195760013336,0.990301879886384
