"Posterior_Mean","Posterior_SD","Posterior_LB","Posterior_UB","prob"
-0.178617358810564,0.0522897039389931,-0.290756065474426,-0.0683056558786081,0.997488227974772
