"Posterior_Mean","Posterior_SD","Posterior_LB","Posterior_UB","prob"
0.131368321977389,0.0892006140447312,-0.0453739358357434,0.304772670446554,0.0715050934263172
