"Posterior_Mean","Posterior_SD","Posterior_LB","Posterior_UB","prob"
-0.0583250649016552,0.104013654134858,-0.260325183748715,0.143026994805713,0.7095
