"Posterior_Mean","Posterior_SD","Posterior_LB","Posterior_UB","prob"
-0.0457422415381007,0.0888592391270712,-0.22030152430461,0.125868035188357,0.694666666666667
