"Posterior_Mean","Posterior_SD","Posterior_LB","Posterior_UB","prob"
-0.274246893297873,0.0549710647057212,-0.386372508663756,-0.0994435823280355,0.996434943096158
