"Posterior_Mean","Posterior_SD","Posterior_LB","Posterior_UB","prob"
-0.117478530541028,0.0620748165059076,-0.239150352743063,0.00755082827546308,0.968677960468454
