"Posterior_Mean","Posterior_SD","Posterior_LB","Posterior_UB","prob"
-0.230685603437303,0.0456943166536145,-0.331367536776278,-0.0763915892433013,0.991032054786368
