"Posterior_Mean","Posterior_SD","Posterior_LB","Posterior_UB","prob"
-0.0942819028466726,0.0751176588018757,-0.244229884286278,0.0833893586778647,0.886012628114084
