"Posterior_Mean","Posterior_SD","Posterior_LB","Posterior_UB","prob"
-0.0854757412953058,0.103312938351128,-0.288425847444541,0.118335788522406,0.796666666666667
