"Posterior_Mean","Posterior_SD","Posterior_LB","Posterior_UB","prob"
-0.0324983559691807,0.0826434823385798,-0.21322701080395,0.146962441164838,0.628850237582454
