"Posterior_Mean","Posterior_SD","Posterior_LB","Posterior_UB","prob"
0.128810781800853,0.0874320022773369,-0.0377692047302953,0.298869058113943,0.0690133837743412
