"Posterior_Mean","Posterior_SD","Posterior_LB","Posterior_UB","prob"
-0.0585153900444115,0.0877101981938087,-0.234714281004711,0.111823165675072,0.728424464191538
