"Posterior_Mean","Posterior_SD","Posterior_LB","Posterior_UB","prob"
0.0734883095464157,0.08763230267342,-0.111599759389554,0.254276746828589,0.210129147808324
