"Posterior_Mean","Posterior_SD","Posterior_LB","Posterior_UB","prob"
0.0991957195259928,0.0870194062144485,-0.0872235531640123,0.276847588269195,0.125584245419816
