"Posterior_Mean","Posterior_SD","Posterior_LB","Posterior_UB","prob"
0.0043408126196313,0.0890670753111495,-0.17026066679758,0.184327941344949,0.484851090180325
