"Posterior_Mean","Posterior_SD","Posterior_LB","Posterior_UB","prob"
0.0455301314389073,0.0841197354159648,-0.161544243470511,0.232197686791318,0.31227115457171
