"Posterior_Mean","Posterior_SD","Posterior_LB","Posterior_UB","prob"
-0.0589700746292796,0.0899231595084591,-0.231658829543188,0.117358308333565,0.7355
