"Posterior_Mean","Posterior_SD","Posterior_LB","Posterior_UB","prob"
-0.16521413869847,0.0535517854198975,-0.302129736960314,0.0655036884895901,0.941578487861882
