"Posterior_Mean","Posterior_SD","Posterior_LB","Posterior_UB","prob"
0.10550982135772,0.0871404166826134,-0.0624819411631922,0.275070287156717,0.112333333333333
