"Posterior_Mean","Posterior_SD","Posterior_LB","Posterior_UB","prob"
0.0539374952250668,0.0766427412866273,-0.120662053862956,0.248509686718771,0.318671126819629
