"Posterior_Mean","Posterior_SD","Posterior_LB","Posterior_UB","prob"
0.144721818364625,0.105671267787264,-0.0658490827958589,0.349864792577728,0.0838333333333333
