"Posterior_Mean","Posterior_SD","Posterior_LB","Posterior_UB","prob"
-0.0144908338155554,0.0594171352560683,-0.12793939791956,0.10044782128078,0.597702263082651
