"Posterior_Mean","Posterior_SD","Posterior_LB","Posterior_UB","prob"
0.155395652343989,0.0880791899996035,-0.0143069301043715,0.330345394477993,0.0398333333333333
