"Posterior_Mean","Posterior_SD","Posterior_LB","Posterior_UB","prob"
-0.120726706766788,0.0666033873160664,-0.258555221626703,0.0356900147209559,0.950910464710717
