"Posterior_Mean","Posterior_SD","Posterior_LB","Posterior_UB","prob"
-0.0425016416955144,0.0737606121200387,-0.247072886220079,0.193650884557671,0.626072058248422
