"Posterior_Mean","Posterior_SD","Posterior_LB","Posterior_UB","prob"
0.105958761449867,0.08808088317606,-0.067521151848287,0.279868447707571,0.115166666666667
