"Posterior_Mean","Posterior_SD","Posterior_LB","Posterior_UB","prob"
0.0875400492232456,0.0861927529494061,-0.163665097513489,0.277455462441431,0.177096389037023
