"Posterior_Mean","Posterior_SD","Posterior_LB","Posterior_UB","prob"
-0.106198365312533,0.105846181727041,-0.311753126743107,0.10268457178318,0.845333333333333
