"Posterior_Mean","Posterior_SD","Posterior_LB","Posterior_UB","prob"
-0.00400146107992378,0.0873656928422883,-0.175829548154982,0.168239560395844,0.519833333333333
