"Posterior_Mean","Posterior_SD","Posterior_LB","Posterior_UB","prob"
0.0481918585680898,0.0806158707341157,-0.136456089710507,0.243873484772569,0.32219208393355
