"Posterior_Mean","Posterior_SD","Posterior_LB","Posterior_UB","prob"
0.0968111958266573,0.0890115734428068,-0.0804453844622019,0.270851360923547,0.133333333333333
