"Posterior_Mean","Posterior_SD","Posterior_LB","Posterior_UB","prob"
-0.0847242485420734,0.0744032175876781,-0.230224866104918,0.0700424568998007,0.873100554543097
