"Posterior_Mean","Posterior_SD","Posterior_LB","Posterior_UB","prob"
-0.0471322024815251,0.0912732128691959,-0.218684373881817,0.128231221853278,0.69235937641133
