"Posterior_Mean","Posterior_SD","Posterior_LB","Posterior_UB","prob"
-0.0141859360656167,0.0641960785903954,-0.142784557052573,0.132237688760996,0.59680584858973
