"Posterior_Mean","Posterior_SD","Posterior_LB","Posterior_UB","prob"
-0.00675648417551671,0.103743079903526,-0.21204153928353,0.199113375028975,0.530333333333333
