"Posterior_Mean","Posterior_SD","Posterior_LB","Posterior_UB","prob"
0.0331339175826353,0.0814311590391161,-0.159844893814738,0.22786218437201,0.382922176541139
