"Posterior_Mean","Posterior_SD","Posterior_LB","Posterior_UB","prob"
-0.0233307123468042,0.0897525918409158,-0.202095769639673,0.156373916615267,0.605166666666667
