"Posterior_Mean","Posterior_SD","Posterior_LB","Posterior_UB","prob"
-0.200942672790377,0.0599076604210203,-0.341083568322979,0.0486815526514195,0.943136939737292
