"Posterior_Mean","Posterior_SD","Posterior_LB","Posterior_UB","prob"
-0.12575566713831,0.0613495696869987,-0.246342948328761,-0.00681343340385299,0.979541316315751
