"Posterior_Mean","Posterior_SD","Posterior_LB","Posterior_UB","prob"
-0.00408442569715131,0.0865093408192673,-0.175816444923805,0.163887919387648,0.520666666666667
