"Posterior_Mean","Posterior_SD","Posterior_LB","Posterior_UB","prob"
-0.107649845628037,0.0710371878231535,-0.273801396101047,0.117926012559531,0.823128224474147
