"Posterior_Mean","Posterior_SD","Posterior_LB","Posterior_UB","prob"
-0.181593475689012,0.0627662672184074,-0.311123282484867,0.0185929659334591,0.965302838328721
