"Posterior_Mean","Posterior_SD","Posterior_LB","Posterior_UB","prob"
-0.0254007854972994,0.0890634720109088,-0.200975005746837,0.146386165793315,0.607666666666667
