"Posterior_Mean","Posterior_SD","Posterior_LB","Posterior_UB","prob"
-0.11989150182063,0.0588826025873882,-0.267123098974559,0.0065332244025651,0.970889236983557
