"Posterior_Mean","Posterior_SD","Posterior_LB","Posterior_UB","prob"
-0.0409378548995756,0.0849203022744828,-0.208405962145435,0.116745380975716,0.683422994913438
