"Posterior_Mean","Posterior_SD","Posterior_LB","Posterior_UB","prob"
-0.0596481737033299,0.0601234455087334,-0.180317364633648,0.0702506718496787,0.828658291179547
