"Posterior_Mean","Posterior_SD","Posterior_LB","Posterior_UB","prob"
-0.116890948008333,0.0813561997902271,-0.294806088258267,0.0753710499429193,0.88070991324999
