"Posterior_Mean","Posterior_SD","Posterior_LB","Posterior_UB","prob"
-0.051544008403487,0.0796262660334781,-0.211781384399248,0.136703926417364,0.744777059321744
