"Posterior_Mean","Posterior_SD","Posterior_LB","Posterior_UB","prob"
-0.0198393565923666,0.0813431452317953,-0.182308106752353,0.154568847032421,0.606572383791223
