"Posterior_Mean","Posterior_SD","Posterior_LB","Posterior_UB","prob"
-0.183160191430051,0.0514423979903895,-0.283947615206067,-0.0776605305843996,0.998917352857529
