"Posterior_Mean","Posterior_SD","Posterior_LB","Posterior_UB","prob"
-0.060793549226656,0.0738689544806006,-0.215802332351037,0.129786735435345,0.770462310368294
