"Posterior_Mean","Posterior_SD","Posterior_LB","Posterior_UB","prob"
-0.0584865743312192,0.0721023130365931,-0.203595022972369,0.0844601046786455,0.788421797040911
