"Posterior_Mean","Posterior_SD","Posterior_LB","Posterior_UB","prob"
-0.127426759963899,0.0516356379689587,-0.241012849650338,0.00290396870534968,0.973031156704593
