"Posterior_Mean","Posterior_SD","Posterior_LB","Posterior_UB","prob"
-0.0904071363100194,0.0697860929146931,-0.253111600744056,0.128280305326076,0.814627635786784
