"Posterior_Mean","Posterior_SD","Posterior_LB","Posterior_UB","prob"
-0.0143928418210125,0.0864606562196862,-0.188702971343863,0.163906882044877,0.568684708459399
