"Posterior_Mean","Posterior_SD","Posterior_LB","Posterior_UB","prob"
-0.0600288104530535,0.0831263534447964,-0.230512000394959,0.112737908792782,0.744102533060655
