"Posterior_Mean","Posterior_SD","Posterior_LB","Posterior_UB","prob"
0.0221460378613791,0.0879269336467475,-0.148929995110431,0.197247156354887,0.407833333333333
