"Posterior_Mean","Posterior_SD","Posterior_LB","Posterior_UB","prob"
-0.088907908124804,0.0897136060438098,-0.261816080782619,0.0880962451259951,0.830503423689862
