"Posterior_Mean","Posterior_SD","Posterior_LB","Posterior_UB","prob"
0.0759073345914404,0.0871297188838044,-0.0974643103790903,0.246014239448478,0.1975
