"Posterior_Mean","Posterior_SD","Posterior_LB","Posterior_UB","prob"
-0.0336746901475226,0.0896180987839829,-0.208952341707904,0.144407969593038,0.649
