"Posterior_Mean","Posterior_SD","Posterior_LB","Posterior_UB","prob"
-0.286498426318498,0.0508581159167791,-0.388734425243511,-0.180308163693531,0.998745365060508
