"Posterior_Mean","Posterior_SD","Posterior_LB","Posterior_UB","prob"
-0.0291289863811259,0.0835878128021638,-0.194262997883676,0.139438761773663,0.642053583864594
