"Posterior_Mean","Posterior_SD","Posterior_LB","Posterior_UB","prob"
-0.092698834762661,0.0700725585714573,-0.305247278832836,0.162643149290864,0.714576663074503
