"Posterior_Mean","Posterior_SD","Posterior_LB","Posterior_UB","prob"
-0.0402259732876803,0.0659535452731099,-0.173557726309765,0.129913716083756,0.73309170232534
