"Posterior_Mean","Posterior_SD","Posterior_LB","Posterior_UB","prob"
-0.126621320736655,0.0587564216887381,-0.256903042619739,0.0671414360729147,0.925306861804005
