"Posterior_Mean","Posterior_SD","Posterior_LB","Posterior_UB","prob"
-0.216767621337057,0.0538804971732067,-0.341078971471433,-0.0334213559564768,0.985566153594718
