"Posterior_Mean","Posterior_SD","Posterior_LB","Posterior_UB","prob"
-0.00279966182273116,0.0895451049092634,-0.182467001506455,0.173857181435233,0.503703767307864
