"Posterior_Mean","Posterior_SD","Posterior_LB","Posterior_UB","prob"
-0.255613942929804,0.0495447147039988,-0.352883108594484,-0.158663219851378,0.999986867310899
