"Posterior_Mean","Posterior_SD","Posterior_LB","Posterior_UB","prob"
-0.313282815096686,0.0749042546860355,-0.472210911730302,-0.152946922570355,0.99955852022349
