"Posterior_Mean","Posterior_SD","Posterior_LB","Posterior_UB","prob"
-0.235090580425842,0.121163681344334,-0.479881192233314,0.00757953102021122,0.973570416498863
