"Posterior_Mean","Posterior_SD","Posterior_LB","Posterior_UB","prob"
-0.291387812629423,0.117294837626823,-0.566956254876345,0.0147141409517989,0.968440478622342
