"Posterior_Mean","Posterior_SD","Posterior_LB","Posterior_UB","prob"
0.0389623187658401,0.126546558118196,-0.206589381161519,0.284193848331905,0.387666666666667
