"Posterior_Mean","Posterior_SD","Posterior_LB","Posterior_UB","prob"
-0.368304759488357,0.0855041349705112,-0.540765883914717,-0.183954562150262,0.999693214261153
