"Posterior_Mean","Posterior_SD","Posterior_LB","Posterior_UB","prob"
-0.094046358159162,0.133110951202463,-0.354180382141782,0.168561812701165,0.763166666666667
