"Posterior_Mean","Posterior_SD","Posterior_LB","Posterior_UB","prob"
0.0990772938573667,0.130063886828817,-0.150878214517495,0.353911818697628,0.231190636986848
