"Posterior_Mean","Posterior_SD","Posterior_LB","Posterior_UB","prob"
-0.0172476418917273,0.133123518525735,-0.279767485765583,0.244701673244799,0.5535
