"Posterior_Mean","Posterior_SD","Posterior_LB","Posterior_UB","prob"
-0.436249280149491,0.0745812977933727,-0.642659010156792,-0.233451314463423,1
