"Posterior_Mean","Posterior_SD","Posterior_LB","Posterior_UB","prob"
-0.2721785203037,0.0929705102064052,-0.457266428099539,-0.0887170223353924,0.996031178109894
