"Posterior_Mean","Posterior_SD","Posterior_LB","Posterior_UB","prob"
-0.327820057838201,0.11085821441236,-0.542266626799663,-0.0680000614940467,0.989788574470741
