"Posterior_Mean","Posterior_SD","Posterior_LB","Posterior_UB","prob"
-0.323791199772608,0.0974622955153068,-0.52204812626078,-0.135079964903534,0.99881859786647
