"Posterior_Mean","Posterior_SD","Posterior_LB","Posterior_UB","prob"
-0.404026147589896,0.0742359360480398,-0.599485778091789,-0.138558106111898,0.99926749116702
