"Posterior_Mean","Posterior_SD","Posterior_LB","Posterior_UB","prob"
-0.423843361792036,0.0756893317391212,-0.573931660202441,-0.269804355836218,0.999961957042673
