"Posterior_Mean","Posterior_SD","Posterior_LB","Posterior_UB","prob"
-0.369264024217257,0.130540835785472,-0.633256722333111,-0.115145069037883,0.997506676657585
