"Posterior_Mean","Posterior_SD","Posterior_LB","Posterior_UB","prob"
-0.472840063280021,0.13732780774968,-0.744533558812736,-0.205121056692571,0.999833333333333
