"Posterior_Mean","Posterior_SD","Posterior_LB","Posterior_UB","prob"
0.0165846286409208,0.135019032348245,-0.255856430424879,0.286102444818054,0.451
