"Posterior_Mean","Posterior_SD","Posterior_LB","Posterior_UB","prob"
-0.362727630060022,0.0766942149013207,-0.51440829125712,-0.203780935279015,0.999516794020841
