"Posterior_Mean","Posterior_SD","Posterior_LB","Posterior_UB","prob"
-0.396547132859045,0.0941849578315205,-0.580905155400934,-0.180200425149375,0.998867194587101
