"Posterior_Mean","Posterior_SD","Posterior_LB","Posterior_UB","prob"
-0.34242127117453,0.0969855475534394,-0.551190335716999,-0.0382197910392991,0.985504468417873
