"Posterior_Mean","Posterior_SD","Posterior_LB","Posterior_UB","prob"
-0.147131666574872,0.135928092929277,-0.421927562554867,0.115860940022109,0.859294661088754
