"Posterior_Mean","Posterior_SD","Posterior_LB","Posterior_UB","prob"
-0.266474165634412,0.0991092379759192,-0.464545878076357,-0.0712919156940703,0.994924212166836
