"Posterior_Mean","Posterior_SD","Posterior_LB","Posterior_UB","prob"
-0.347504885339847,0.0738479852717707,-0.51219342325019,-0.151686237601062,0.997306747974321
