"Posterior_Mean","Posterior_SD","Posterior_LB","Posterior_UB","prob"
0.0106154387128193,0.129252632350122,-0.244487713985532,0.258472523096089,0.464333333333333
