"Posterior_Mean","Posterior_SD","Posterior_LB","Posterior_UB","prob"
-0.113605641364068,0.131973567239835,-0.378816965250431,0.154045147554203,0.788144426849354
