"Posterior_Mean","Posterior_SD","Posterior_LB","Posterior_UB","prob"
-0.471857588435719,0.116353359415016,-0.72229297580775,-0.202082835971144,0.999665444783392
