"Posterior_Mean","Posterior_SD","Posterior_LB","Posterior_UB","prob"
-0.398994580598365,0.0938375557929111,-0.644507230641114,-0.15777624436433,0.998679671122806
