"Posterior_Mean","Posterior_SD","Posterior_LB","Posterior_UB","prob"
-0.39600731876653,0.0945072441599725,-0.584352839370826,-0.175290925426098,0.99831275778473
