"Posterior_Mean","Posterior_SD","Posterior_LB","Posterior_UB","prob"
-0.43861850521588,0.0849929254433612,-0.615387619442818,-0.122831653150965,0.995488453804426
