"Posterior_Mean","Posterior_SD","Posterior_LB","Posterior_UB","prob"
-0.25091116870148,0.0726395808515572,-0.42323016413296,-0.0811600996410088,0.996402825194638
