"Posterior_Mean","Posterior_SD","Posterior_LB","Posterior_UB","prob"
-0.332594138268459,0.0822585421858721,-0.509816556411084,-0.123589592617968,0.998434689852745
