"Posterior_Mean","Posterior_SD","Posterior_LB","Posterior_UB","prob"
-0.417365058856379,0.0951822107594241,-0.612017127068956,-0.19636569814812,0.999256549740085
