"Posterior_Mean","Posterior_SD","Posterior_LB","Posterior_UB","prob"
-0.199242052280102,0.107172570680882,-0.426122875967783,0.108799060327518,0.914932527908257
