"Posterior_Mean","Posterior_SD","Posterior_LB","Posterior_UB","prob"
-0.264257089090666,0.0931516216047047,-0.446877731435562,-0.0667207312690046,0.992663105688651
