"Posterior_Mean","Posterior_SD","Posterior_LB","Posterior_UB","prob"
-0.286823961407028,0.0766994063606956,-0.442489504979177,-0.108645004434083,0.997861154193147
