"Posterior_Mean","Posterior_SD","Posterior_LB","Posterior_UB","prob"
-0.368330931305106,0.13292182935808,-0.622095234722461,-0.115977758566895,0.998166666666667
