"Posterior_Mean","Posterior_SD","Posterior_LB","Posterior_UB","prob"
0.108508011003909,0.132679023997043,-0.151819503427421,0.368037044020555,0.206333333333333
