"Posterior_Mean","Posterior_SD","Posterior_LB","Posterior_UB","prob"
-0.492668164326714,0.0738899659957064,-0.680471067276892,-0.347805596903039,1
