"Posterior_Mean","Posterior_SD","Posterior_LB","Posterior_UB","prob"
-0.382161148332247,0.0764136002589735,-0.546488682166773,-0.149032618346071,0.996758424918065
