"Posterior_Mean","Posterior_SD","Posterior_LB","Posterior_UB","prob"
-0.366022042952017,0.0769238241841487,-0.515898645091579,-0.20129130495582,0.999376392072768
