"Posterior_Mean","Posterior_SD","Posterior_LB","Posterior_UB","prob"
-0.421854479672084,0.0785496562743334,-0.590598330094355,-0.271457955224168,1
