"Posterior_Mean","Posterior_SD","Posterior_LB","Posterior_UB","prob"
-0.468284500547391,0.0666122366137224,-0.596997068584994,-0.337385895466267,1
