"Posterior_Mean","Posterior_SD","Posterior_LB","Posterior_UB","prob"
-0.351152237051696,0.0813134006438294,-0.514141808352489,-0.156792453177801,0.997063516708245
