"Posterior_Mean","Posterior_SD","Posterior_LB","Posterior_UB","prob"
-0.511015636638664,0.0987009090513952,-0.709331942843468,-0.254483145697787,0.999835730461216
