"Posterior_Mean","Posterior_SD","Posterior_LB","Posterior_UB","prob"
-0.10135308099164,0.126200937838782,-0.349370087843122,0.147760302772255,0.794070833083608
