"Posterior_Mean","Posterior_SD","Posterior_LB","Posterior_UB","prob"
-0.356942087320503,0.0772852011407394,-0.529952035290307,-0.201126176076799,0.999945077794722
