"Posterior_Mean","Posterior_SD","Posterior_LB","Posterior_UB","prob"
0.0407998837829253,0.133573373922644,-0.220664907735915,0.303025964722019,0.3815
