"Posterior_Mean","Posterior_SD","Posterior_LB","Posterior_UB","prob"
-0.141018551451678,0.132676194798597,-0.400040513188767,0.111500893046819,0.859897938478265
