"Posterior_Mean","Posterior_SD","Posterior_LB","Posterior_UB","prob"
-0.219355338743646,0.130418100708577,-0.480913554101554,0.0340599785074604,0.954
