"Posterior_Mean","Posterior_SD","Posterior_LB","Posterior_UB","prob"
-0.334230851532438,0.0760057020006828,-0.481994522863614,-0.184001391366369,0.999952312632177
