"Posterior_Mean","Posterior_SD","Posterior_LB","Posterior_UB","prob"
-0.258523274526766,0.0939444406257386,-0.443885810719371,-0.0732532597023678,0.997835519213638
