"Posterior_Mean","Posterior_SD","Posterior_LB","Posterior_UB","prob"
-0.225971742021821,0.113809846830952,-0.47586833952487,0.0432028051821886,0.94353935671647
