"Posterior_Mean","Posterior_SD","Posterior_LB","Posterior_UB","prob"
-0.303910728161952,0.0832909524853687,-0.471145521105419,-0.111187260820649,0.995898550980296
