"Posterior_Mean","Posterior_SD","Posterior_LB","Posterior_UB","prob"
-0.366572829458042,0.109066077575174,-0.609303903386216,-0.0853391162983044,0.992683568333833
