"Posterior_Mean","Posterior_SD","Posterior_LB","Posterior_UB","prob"
-0.360999753444708,0.0755578687035669,-0.517844649099237,-0.209183290535533,0.999976750175809
