"Posterior_Mean","Posterior_SD","Posterior_LB","Posterior_UB","prob"
-0.371335690958761,0.124713273127587,-0.612706635696107,-0.121462199249948,0.999166666666667
