"Posterior_Mean","Posterior_SD","Posterior_LB","Posterior_UB","prob"
-0.384258907905705,0.0718792666954932,-0.539820393216483,-0.188596430977669,0.999701225997719
