"Posterior_Mean","Posterior_SD","Posterior_LB","Posterior_UB","prob"
-0.300930902123006,0.0969839310123728,-0.492857481335845,-0.0656300018286884,0.991599323444603
