"Posterior_Mean","Posterior_SD","Posterior_LB","Posterior_UB","prob"
-0.24910777343245,0.102856363662026,-0.452528025082333,-0.023348950509869,0.982863183729229
