"Posterior_Mean","Posterior_SD","Posterior_LB","Posterior_UB","prob"
-0.462305216640857,0.114624435401233,-0.682317190850203,-0.219592278591575,1
