"Posterior_Mean","Posterior_SD","Posterior_LB","Posterior_UB","prob"
-0.318563437509905,0.116026625813738,-0.574918964935678,-0.0551876119847056,0.991040255288521
