"Posterior_Mean","Posterior_SD","Posterior_LB","Posterior_UB","prob"
-0.268427319058413,0.0822912458486198,-0.461586048887201,-0.0355336238226005,0.988463174389801
