"Posterior_Mean","Posterior_SD","Posterior_LB","Posterior_UB","prob"
-0.05197564375977,0.115376106121127,-0.314569613547008,0.242954276677889,0.642424520628584
