"Posterior_Mean","Posterior_SD","Posterior_LB","Posterior_UB","prob"
-0.371354187162563,0.088027931621694,-0.544028580736841,-0.170392627032396,0.998739740099405
