"Posterior_Mean","Posterior_SD","Posterior_LB","Posterior_UB","prob"
-0.104583732978048,0.108983368285698,-0.31766124230496,0.128611124946991,0.82742788282211
