"Posterior_Mean","Posterior_SD","Posterior_LB","Posterior_UB","prob"
-0.419871992472221,0.0762948913210939,-0.571280185278733,-0.268259154906438,0.999998517149894
