"Posterior_Mean","Posterior_SD","Posterior_LB","Posterior_UB","prob"
-0.167419950176141,0.13307487936216,-0.425747095005129,0.0961338334596465,0.897333333333333
