"Posterior_Mean","Posterior_SD","Posterior_LB","Posterior_UB","prob"
-0.411788512504896,0.0803008873511949,-0.570267867612094,-0.226580193514045,0.999180849178721
