"Posterior_Mean","Posterior_SD","Posterior_LB","Posterior_UB","prob"
-0.308361803819589,0.13042661789812,-0.561842181777958,-0.0605473804950996,0.992152519777475
