"Posterior_Mean","Posterior_SD","Posterior_LB","Posterior_UB","prob"
-0.327343683169372,0.0789065901022457,-0.489815338696619,-0.114811939571119,0.994949099898051
