"Posterior_Mean","Posterior_SD","Posterior_LB","Posterior_UB","prob"
-0.225502245627672,0.0980008193949332,-0.415284129525524,-0.0277620803321482,0.986306473962339
