"Posterior_Mean","Posterior_SD","Posterior_LB","Posterior_UB","prob"
-0.0958629343159515,0.129847936996749,-0.351528963914379,0.156687767072804,0.769833333333333
