"Posterior_Mean","Posterior_SD","Posterior_LB","Posterior_UB","prob"
-0.238187570128838,0.105749125841724,-0.442964905042224,-0.00467173661885953,0.977583138775653
