"Posterior_Mean","Posterior_SD","Posterior_LB","Posterior_UB","prob"
-0.402135024525485,0.079576218091519,-0.559281755967264,-0.23953204969913,0.999699301427532
