"Posterior_Mean","Posterior_SD","Posterior_LB","Posterior_UB","prob"
0.0565275000148893,0.129545305891736,-0.193387315175094,0.31412627249676,0.325833333333333
