"Posterior_Mean","Posterior_SD","Posterior_LB","Posterior_UB","prob"
-0.387308800200866,0.0725401677749742,-0.538195345355687,-0.224342262681089,0.999946044541832
