"Posterior_Mean","Posterior_SD","Posterior_LB","Posterior_UB","prob"
-0.358136879237057,0.0771833056196803,-0.510278716072931,-0.185601825490786,0.998288400677102
