"Posterior_Mean","Posterior_SD","Posterior_LB","Posterior_UB","prob"
-0.514277221430792,0.0677896601640636,-0.656577203690004,-0.34801466173492,0.999965851203281
