"Posterior_Mean","Posterior_SD","Posterior_LB","Posterior_UB","prob"
-0.183326668765909,0.0898115228538102,-0.414391836893479,0.0411608569923024,0.95123359426838
