"Posterior_Mean","Posterior_SD","Posterior_LB","Posterior_UB","prob"
-0.292456587943686,0.0843682606207869,-0.483510006052524,0.0304125224359205,0.965395767794834
