"Posterior_Mean","Posterior_SD","Posterior_LB","Posterior_UB","prob"
-0.425589227961772,0.0999619630192118,-0.651274520184215,-0.208342746045036,1
