"Posterior_Mean","Posterior_SD","Posterior_LB","Posterior_UB","prob"
-0.314157660619496,0.0916853453221585,-0.509138869393369,-0.101988110496711,0.996925249180924
