"Posterior_Mean","Posterior_SD","Posterior_LB","Posterior_UB","prob"
-0.428892974564823,0.105240604943637,-0.680404388200904,-0.217446284898221,0.999789944958209
