"Posterior_Mean","Posterior_SD","Posterior_LB","Posterior_UB","prob"
-0.434485793662388,0.0751463826825589,-0.590403245917766,-0.274787647929259,0.999995039474366
