"Posterior_Mean","Posterior_SD","Posterior_LB","Posterior_UB","prob"
-0.228362389278522,0.0936258232483001,-0.416136113584117,-0.0452259627468257,0.991708395037389
