"Posterior_Mean","Posterior_SD","Posterior_LB","Posterior_UB","prob"
-0.249284477747739,0.134957173963091,-0.518169739290516,0.0155986350810641,0.966166666666667
