"Posterior_Mean","Posterior_SD","Posterior_LB","Posterior_UB","prob"
-0.212689392404024,0.0827972649786115,-0.386884837294048,0.0352222602243429,0.963846038517211
