"Posterior_Mean","Posterior_SD","Posterior_LB","Posterior_UB","prob"
-0.337166450938795,0.0915139869459141,-0.541387417990203,-0.00822248935824678,0.976968733802611
