"Posterior_Mean","Posterior_SD","Posterior_LB","Posterior_UB","prob"
-0.209383000776989,0.135962014227126,-0.468618384918187,0.0594331586499476,0.934083594229218
