"Posterior_Mean","Posterior_SD","Posterior_LB","Posterior_UB","prob"
-0.259191253509167,0.0981489552457141,-0.453206916221312,-0.0640683292317379,0.994505309377671
