"Posterior_Mean","Posterior_SD","Posterior_LB","Posterior_UB","prob"
0.036471604949954,0.132100496825327,-0.234167130254538,0.30364652667084,0.366575224823929
