"Posterior_Mean","Posterior_SD","Posterior_LB","Posterior_UB","prob"
-0.155472100801695,0.097732885469388,-0.349431351615772,0.0594629271037642,0.931705853804597
