"Posterior_Mean","Posterior_SD","Posterior_LB","Posterior_UB","prob"
-0.22149908659359,0.10618604368688,-0.429118271075566,0.0234608584012856,0.962766862024056
