"Posterior_Mean","Posterior_SD","Posterior_LB","Posterior_UB","prob"
-0.465901790942185,0.136281072277479,-0.733909896753805,-0.203552123986305,0.999985431665595
