"Posterior_Mean","Posterior_SD","Posterior_LB","Posterior_UB","prob"
-0.239653460377166,0.084243418990402,-0.419069914122824,0.000361516116280696,0.974783105967067
