"Posterior_Mean","Posterior_SD","Posterior_LB","Posterior_UB","prob"
-0.131144364539864,0.131073976358598,-0.390863848250962,0.136126706603492,0.829935208575343
