"Posterior_Mean","Posterior_SD","Posterior_LB","Posterior_UB","prob"
-0.444046533560944,0.134211470855257,-0.709721129760736,-0.184349334387273,1
