"Posterior_Mean","Posterior_SD","Posterior_LB","Posterior_UB","prob"
-0.177816179249782,0.0892447443156695,-0.387636922561922,0.0233286780703764,0.959535704582816
