"Posterior_Mean","Posterior_SD","Posterior_LB","Posterior_UB","prob"
-0.11298488197959,0.131830713065673,-0.365490998630529,0.152686331686846,0.802166666666667
