"Posterior_Mean","Posterior_SD","Posterior_LB","Posterior_UB","prob"
-0.31657481036658,0.130197372496181,-0.567596320860149,-0.0585637583536937,0.991666666666667
