"Posterior_Mean","Posterior_SD","Posterior_LB","Posterior_UB","prob"
-0.225007169609567,0.079310712582304,-0.381418550303675,-0.0214446938958615,0.981879937423691
