"Posterior_Mean","Posterior_SD","Posterior_LB","Posterior_UB","prob"
-0.319847814782491,0.103404344245294,-0.527248941154892,-0.116941444335296,0.997627557096608
