"Posterior_Mean","Posterior_SD","Posterior_LB","Posterior_UB","prob"
-0.430371173333588,0.0684278884758524,-0.584723195120462,-0.265969629950332,0.999998942914442
