"Posterior_Mean","Posterior_SD","Posterior_LB","Posterior_UB","prob"
-0.482460874441665,0.127210343897138,-0.733670377912657,-0.22786213067959,1
