"Posterior_Mean","Posterior_SD","Posterior_LB","Posterior_UB","prob"
-0.158227582278827,0.0889218628359238,-0.362644409075131,0.0302989606356864,0.943340342599552
