"Posterior_Mean","Posterior_SD","Posterior_LB","Posterior_UB","prob"
-0.296499706211638,0.0981506954387248,-0.486829436750858,-0.10387778156213,0.998330664703715
