"Posterior_Mean","Posterior_SD","Posterior_LB","Posterior_UB","prob"
-0.003973444388529,0.136437667951296,-0.273421492503057,0.254815763758338,0.5095
