"Posterior_Mean","Posterior_SD","Posterior_LB","Posterior_UB","prob"
-0.314610400184118,0.0990913705448832,-0.588216754722112,-0.114581242693484,0.999365550747623
