"Posterior_Mean","Posterior_SD","Posterior_LB","Posterior_UB","prob"
-0.201166626773657,0.114379845133554,-0.43658683783742,0.0757662958346979,0.927870557795677
