"Posterior_Mean","Posterior_SD","Posterior_LB","Posterior_UB","prob"
-0.125195390740407,0.121080807859674,-0.409322184990652,0.144056074039586,0.820636848200143
