"Posterior_Mean","Posterior_SD","Posterior_LB","Posterior_UB","prob"
-0.224828795203817,0.0977310598907375,-0.458351512441723,0.0524190323244818,0.95251092819882
