"Posterior_Mean","Posterior_SD","Posterior_LB","Posterior_UB","prob"
-0.411337041865351,0.0928250156935733,-0.606929677985273,-0.163024448425949,0.997910693741457
