"Posterior_Mean","Posterior_SD","Posterior_LB","Posterior_UB","prob"
-0.125608804357261,0.0935560677771954,-0.321643098324199,0.0636797826705193,0.909576694557361
