"Posterior_Mean","Posterior_SD","Posterior_LB","Posterior_UB","prob"
-0.454166758038552,0.0866663095643246,-0.708848120002636,-0.161156669782724,0.999387829460289
