"Posterior_Mean","Posterior_SD","Posterior_LB","Posterior_UB","prob"
-0.0258709853551132,0.1268771671463,-0.273256331861584,0.218711866654323,0.583166666666667
