"Posterior_Mean","Posterior_SD","Posterior_LB","Posterior_UB","prob"
-0.497284865273341,0.0725451493614001,-0.649852348484757,-0.289260450585319,0.999852413547341
