"Posterior_Mean","Posterior_SD","Posterior_LB","Posterior_UB","prob"
-0.198301705379329,0.130368249527742,-0.456908922365503,0.0750122395516863,0.924601575676273
