"Posterior_Mean","Posterior_SD","Posterior_LB","Posterior_UB","prob"
0.00587573282620403,0.129111617175186,-0.244522916542714,0.27276533328585,0.483278413594321
