"Posterior_Mean","Posterior_SD","Posterior_LB","Posterior_UB","prob"
-0.164616245176836,0.131507451003653,-0.451718868438861,0.122219833642822,0.863265601944114
