"Posterior_Mean","Posterior_SD","Posterior_LB","Posterior_UB","prob"
-0.440147053620974,0.0868582188284497,-0.628148038615894,-0.176628642296104,0.998355290887159
