"Posterior_Mean","Posterior_SD","Posterior_LB","Posterior_UB","prob"
-0.284932829926803,0.101616161906282,-0.508324610170289,0.00649057370175507,0.973973375677156
