"Posterior_Mean","Posterior_SD","Posterior_LB","Posterior_UB","prob"
-0.402521008521784,0.0920940681320722,-0.63411173678206,-0.199186192092407,1
