"Posterior_Mean","Posterior_SD","Posterior_LB","Posterior_UB","prob"
-0.126609818088196,0.13322556580944,-0.385517840681033,0.132242066480272,0.8275
