"Posterior_Mean","Posterior_SD","Posterior_LB","Posterior_UB","prob"
-0.0752342651703429,0.135158959604226,-0.334039133629163,0.194829274941085,0.711166666666667
