"Posterior_Mean","Posterior_SD","Posterior_LB","Posterior_UB","prob"
-0.281081524524808,0.10027041645635,-0.479701761734389,-0.0546034392225385,0.990011155287574
