"Posterior_Mean","Posterior_SD","Posterior_LB","Posterior_UB","prob"
-0.31288304675019,0.133387865564635,-0.577887394452963,-0.0409278711892203,0.985785079536852
