"Posterior_Mean","Posterior_SD","Posterior_LB","Posterior_UB","prob"
-0.398539388019539,0.0821515011838486,-0.569222932614576,-0.237702304909623,0.999980912125924
