"Posterior_Mean","Posterior_SD","Posterior_LB","Posterior_UB","prob"
-0.403391826054689,0.0704848956103002,-0.548766267940162,-0.22713365273089,0.999227711457344
