"Posterior_Mean","Posterior_SD","Posterior_LB","Posterior_UB","prob"
-0.621937923525501,0.0689879287193633,-0.762827537002835,-0.468551514821995,0.99997674126994
