"Posterior_Mean","Posterior_SD","Posterior_LB","Posterior_UB","prob"
-0.374069010170656,0.0675837631365727,-0.520258159032219,-0.215418754910222,0.999999679442886
