"Posterior_Mean","Posterior_SD","Posterior_LB","Posterior_UB","prob"
-0.246018772802506,0.0839650195314873,-0.433839334236486,-0.0448281561320732,0.989557167892974
