"Posterior_Mean","Posterior_SD","Posterior_LB","Posterior_UB","prob"
-0.0356316615692071,0.136133555040861,-0.299367240255262,0.232158847597707,0.6065
