"Posterior_Mean","Posterior_SD","Posterior_LB","Posterior_UB","prob"
-0.363801245594297,0.0884520065922333,-0.54124992726655,-0.127482545470097,0.996684596136776
