"Posterior_Mean","Posterior_SD","Posterior_LB","Posterior_UB","prob"
-0.0842656413045589,0.12673441529655,-0.342058957542283,0.162238824667359,0.735134405733154
