"Posterior_Mean","Posterior_SD","Posterior_LB","Posterior_UB","prob"
-0.379399878687694,0.0695567524930523,-0.520928700134951,-0.128305126595732,0.992520491435008
