"Posterior_Mean","Posterior_SD","Posterior_LB","Posterior_UB","prob"
-0.144225445108913,0.127727472297987,-0.391577639461778,0.10667490464052,0.873666666666667
