"Posterior_Mean","Posterior_SD","Posterior_LB","Posterior_UB","prob"
-0.409160401782757,0.068696726053373,-0.546895524062615,-0.255229194080159,0.999842641250433
