"Posterior_Mean","Posterior_SD","Posterior_LB","Posterior_UB","prob"
-0.0537905901399349,0.132430783749807,-0.308358936323267,0.203943776482866,0.659333333333333
