"Posterior_Mean","Posterior_SD","Posterior_LB","Posterior_UB","prob"
-0.205784053184889,0.0958996046478066,-0.397813417527385,0.000752699275168578,0.975003031749935
