"Posterior_Mean","Posterior_SD","Posterior_LB","Posterior_UB","prob"
-0.213127530154281,0.0855077069337664,-0.505510258023591,0.0205573124681358,0.957971875257686
