"Posterior_Mean","Posterior_SD","Posterior_LB","Posterior_UB","prob"
-0.292257149342708,0.077974699767411,-0.484702698168175,-0.0508060498559581,0.992561480484505
