"Posterior_Mean","Posterior_SD","Posterior_LB","Posterior_UB","prob"
-0.167200681326987,0.096273099357385,-0.36116179611825,0.0196239235980597,0.954888773602527
