"Posterior_Mean","Posterior_SD","Posterior_LB","Posterior_UB","prob"
-0.373272121402289,0.105022523415138,-0.608650643423695,-0.167101070859808,0.999863382033101
