"Posterior_Mean","Posterior_SD","Posterior_LB","Posterior_UB","prob"
-0.337495026669799,0.0813323841584529,-0.499203133096001,-0.167158924603824,0.999978125889158
