"Posterior_Mean","Posterior_SD","Posterior_LB","Posterior_UB","prob"
-0.334483461486572,0.0878063307559736,-0.526418302281262,-0.0677791085400249,0.990560718109338
