"Posterior_Mean","Posterior_SD","Posterior_LB","Posterior_UB","prob"
-0.383530913310264,0.0974067540342514,-0.57782802989541,-0.188119574114157,0.999807443878341
