"Posterior_Mean","Posterior_SD","Posterior_LB","Posterior_UB","prob"
-0.195383415902402,0.0993681260602369,-0.399892434498349,0.00296652442176772,0.97393703292431
