"Posterior_Mean","Posterior_SD","Posterior_LB","Posterior_UB","prob"
-0.151426407009173,0.125120010699758,-0.399896514310205,0.107442163717388,0.86746389913244
