"Posterior_Mean","Posterior_SD","Posterior_LB","Posterior_UB","prob"
-0.402109328355812,0.0802601224503711,-0.560756530070773,-0.228914512655745,0.999285523846364
