"Posterior_Mean","Posterior_SD","Posterior_LB","Posterior_UB","prob"
0.0412068135572334,0.136124254888343,-0.226814691725384,0.298112358975347,0.383502934367315
