"Posterior_Mean","Posterior_SD","Posterior_LB","Posterior_UB","prob"
0.0379501191053855,0.0938242292767274,-0.174449735538306,0.224013643753183,0.32879504996608
