"Posterior_Mean","Posterior_SD","Posterior_LB","Posterior_UB","prob"
-0.130308276695296,0.133719253013399,-0.393964650530162,0.122445111646803,0.827666666666667
