"","Posterior_Mean","Posterior_SD","Posterior_LB","Posterior_UB"
"1",-0.0893729222405974,0.0398526506474135,-0.169927695719746,-0.0104536539582325
