"","Posterior_Mean","Posterior_SD","Posterior_LB","Posterior_UB"
"1",-0.10060113005933,0.0406781928489853,-0.184047364815503,-0.0198853381786866
