"","Posterior_Mean","Posterior_SD","Posterior_LB","Posterior_UB"
"1",0.0582474854954258,0.041570374856469,-0.0235781033633178,0.139563542806992
