"","Posterior_Mean","Posterior_SD","Posterior_LB","Posterior_UB"
"1",-0.0449016479842144,0.0373694675581134,-0.11997786557904,0.0280473686912307
