"Posterior_Mean","Posterior_SD","Posterior_LB","Posterior_UB","prob"
-0.170922874839733,0.0952910592944513,-0.397239011375728,0.0822748180207011,0.91495853294495
