"Posterior_Mean","Posterior_SD","Posterior_LB","Posterior_UB","prob"
0.269803463970474,0.164870161790544,-0.0680242275813244,0.608436303079151,0.0532758047645332
