"Posterior_Mean","Posterior_SD","Posterior_LB","Posterior_UB","prob"
-0.191891782554741,0.133050953626918,-0.492378727852851,0.146781135491391,0.859675585979401
