"Posterior_Mean","Posterior_SD","Posterior_LB","Posterior_UB","prob"
-0.0628481597443238,0.153967274812346,-0.374234188608313,0.250810881692227,0.65774090824992
