"Posterior_Mean","Posterior_SD","Posterior_LB","Posterior_UB","prob"
-0.0994069192854635,0.169637076091597,-0.417755106136735,0.229774972028452,0.711799759397433
