"Posterior_Mean","Posterior_SD","Posterior_LB","Posterior_UB","prob"
-0.294037226811761,0.102678846847673,-0.50644058755344,-0.0851185492394277,0.995754774599489
