"Posterior_Mean","Posterior_SD","Posterior_LB","Posterior_UB","prob"
-0.339957578485628,0.160114704781087,-0.666492843269141,-0.0249273428635154,0.982190365143925
