"Posterior_Mean","Posterior_SD","Posterior_LB","Posterior_UB","prob"
0.0227665088933147,0.16960269793655,-0.306247607249326,0.363627370520965,0.451666666666667
