"Posterior_Mean","Posterior_SD","Posterior_LB","Posterior_UB","prob"
0.00707770467242207,0.132270831992941,-0.259767194855273,0.268726964264559,0.476229567448321
