"Posterior_Mean","Posterior_SD","Posterior_LB","Posterior_UB","prob"
0.11677364393502,0.159157067157455,-0.239809592434226,0.468125537673185,0.260917838864815
