"Posterior_Mean","Posterior_SD","Posterior_LB","Posterior_UB","prob"
0.163196020865842,0.165353907546047,-0.160603314057763,0.480774835231323,0.164166666666667
