"Posterior_Mean","Posterior_SD","Posterior_LB","Posterior_UB","prob"
-0.208084217448547,0.163650673068631,-0.536219684543874,0.117892222232654,0.89650011441674
