"Posterior_Mean","Posterior_SD","Posterior_LB","Posterior_UB","prob"
0.40657099693697,0.176011316142834,0.0667155637008345,0.752912943301697,0.00953093161581093
