"Posterior_Mean","Posterior_SD","Posterior_LB","Posterior_UB","prob"
0.208581233310017,0.162928459471257,-0.114367618781985,0.525002626944336,0.100666666666667
