"Posterior_Mean","Posterior_SD","Posterior_LB","Posterior_UB","prob"
-0.0606411027938252,0.171695979290239,-0.398575812110968,0.280531988784476,0.634333333333333
