"Posterior_Mean","Posterior_SD","Posterior_LB","Posterior_UB","prob"
0.356089532608835,0.162262391268792,0.041249262621874,0.674336927033919,0.0146666666666667
