"Posterior_Mean","Posterior_SD","Posterior_LB","Posterior_UB","prob"
-0.0145422374380394,0.151092909470755,-0.316545790834405,0.302071300017111,0.549367441959301
