"Posterior_Mean","Posterior_SD","Posterior_LB","Posterior_UB","prob"
0.0163989488045341,0.173975081934133,-0.320105822580105,0.356337261229074,0.461975324187538
