"Posterior_Mean","Posterior_SD","Posterior_LB","Posterior_UB","prob"
-0.283333120051117,0.107183515270892,-0.512192269117412,-0.0667103820565208,0.993368281133114
