"Posterior_Mean","Posterior_SD","Posterior_LB","Posterior_UB","prob"
-0.147501469872421,0.134735065084346,-0.415788061085838,0.138751645120744,0.86558075002491
