"Posterior_Mean","Posterior_SD","Posterior_LB","Posterior_UB","prob"
0.162532422355462,0.164154094821775,-0.152102558723511,0.486211502217183,0.164000109592997
