"Posterior_Mean","Posterior_SD","Posterior_LB","Posterior_UB","prob"
-0.253038385656626,0.168305115113214,-0.578705205871051,0.0784091719369227,0.931166666666667
