"Posterior_Mean","Posterior_SD","Posterior_LB","Posterior_UB","prob"
0.238786798277368,0.164262790244097,-0.069317738223086,0.569144375699791,0.0701052203235962
