"Posterior_Mean","Posterior_SD","Posterior_LB","Posterior_UB","prob"
-0.250891674439676,0.103932713510854,-0.485618664300532,-0.0246791721251145,0.983321357708194
