"Posterior_Mean","Posterior_SD","Posterior_LB","Posterior_UB","prob"
-0.338230215688375,0.0849186130091296,-0.514227443078146,-0.0776030871738253,0.990511732671652
