"Posterior_Mean","Posterior_SD","Posterior_LB","Posterior_UB","prob"
-0.188571376055084,0.128732297345063,-0.443716058603237,0.091494731869977,0.91687432356469
