"Posterior_Mean","Posterior_SD","Posterior_LB","Posterior_UB","prob"
-0.0973647154190073,0.169043369733668,-0.428080656687005,0.239317005053133,0.719666666666667
