"Posterior_Mean","Posterior_SD","Posterior_LB","Posterior_UB","prob"
0.0321191643641133,0.137452485191847,-0.26101585354752,0.305839481237461,0.401716533733384
