"Posterior_Mean","Posterior_SD","Posterior_LB","Posterior_UB","prob"
-0.235255936983111,0.153347001411917,-0.550035060295611,0.0619959461675985,0.932616515519153
