"Posterior_Mean","Posterior_SD","Posterior_LB","Posterior_UB","prob"
-0.124662963711233,0.169575164397164,-0.456073909822915,0.198541455516773,0.77
