"Posterior_Mean","Posterior_SD","Posterior_LB","Posterior_UB","prob"
0.202802370899129,0.163859405354198,-0.126071666790901,0.520175799421489,0.1010532822398
