"Posterior_Mean","Posterior_SD","Posterior_LB","Posterior_UB","prob"
-0.441970234204771,0.170770928980524,-0.773402217838271,-0.107323683482657,0.9955
