"Posterior_Mean","Posterior_SD","Posterior_LB","Posterior_UB","prob"
-0.326225171260465,0.160442663606343,-0.644455194079062,-0.0196910434795919,0.9805
