"Posterior_Mean","Posterior_SD","Posterior_LB","Posterior_UB","prob"
0.0518744493867319,0.162173176478198,-0.26270677018581,0.366276365093008,0.370833333333333
