"Posterior_Mean","Posterior_SD","Posterior_LB","Posterior_UB","prob"
-0.157589675512401,0.158394528334639,-0.470604211195628,0.158924812178994,0.843166666666667
