"Posterior_Mean","Posterior_SD","Posterior_LB","Posterior_UB","prob"
-0.0511144847365377,0.153447230477101,-0.374119643612917,0.286761536120032,0.612234253168027
