"Posterior_Mean","Posterior_SD","Posterior_LB","Posterior_UB","prob"
0.148480965638211,0.167688382435378,-0.174384684144396,0.4821206420611,0.1895
