"Posterior_Mean","Posterior_SD","Posterior_LB","Posterior_UB","prob"
-0.204040365706697,0.118540923008294,-0.435746182688318,0.0717053432400331,0.93455339220787
