"Posterior_Mean","Posterior_SD","Posterior_LB","Posterior_UB","prob"
-0.272197149390146,0.157137832964962,-0.596547704263809,0.0295541399548518,0.964124724803275
