"Posterior_Mean","Posterior_SD","Posterior_LB","Posterior_UB","prob"
0.386454441984488,0.168859172957404,0.0617697984186754,0.71860630596277,0.0100413470198606
