"Posterior_Mean","Posterior_SD","Posterior_LB","Posterior_UB","prob"
-0.100665311572379,0.1360198978518,-0.395997271863499,0.234702494934137,0.750860770646977
