"Posterior_Mean","Posterior_SD","Posterior_LB","Posterior_UB","prob"
-0.321388834013538,0.156619449736075,-0.633244653058582,-0.00347287045231953,0.977415098381519
