"Posterior_Mean","Posterior_SD","Posterior_LB","Posterior_UB","prob"
-0.0683759533582203,0.170310792184727,-0.407010177793005,0.26531850383802,0.660666666666667
