"Posterior_Mean","Posterior_SD","Posterior_LB","Posterior_UB","prob"
0.26879119651572,0.156483673946763,-0.0740840594419639,0.612549229310203,0.0626820444071615
