"Posterior_Mean","Posterior_SD","Posterior_LB","Posterior_UB","prob"
0.286256700385641,0.16327722213919,-0.0372716316280026,0.613618824899467,0.0403333333333333
