"Posterior_Mean","Posterior_SD","Posterior_LB","Posterior_UB","prob"
-0.207602373448343,0.114168703717381,-0.439049072755043,0.0753301297562938,0.936341877760411
