"Posterior_Mean","Posterior_SD","Posterior_LB","Posterior_UB","prob"
-0.0892601673289485,0.133428860126738,-0.366047305920931,0.219364834077119,0.736338576371404
