"Posterior_Mean","Posterior_SD","Posterior_LB","Posterior_UB","prob"
-0.00658454369910493,0.171472628220062,-0.313447081432387,0.332572640427571,0.526100142768764
