"Posterior_Mean","Posterior_SD","Posterior_LB","Posterior_UB","prob"
0.00670244045017533,0.146732650110206,-0.303269362561777,0.342824838649313,0.500871682494215
