"Posterior_Mean","Posterior_SD","Posterior_LB","Posterior_UB","prob"
-0.00343438431271213,0.164185351766659,-0.328104059122135,0.321440916374728,0.508208728934249
