"Posterior_Mean","Posterior_SD","Posterior_LB","Posterior_UB","prob"
0.125918214320614,0.171091095919553,-0.212458641795914,0.468783728234279,0.232511752755892
