"Posterior_Mean","Posterior_SD","Posterior_LB","Posterior_UB","prob"
-0.219558747719298,0.103724785829293,-0.443120030769604,0.018247529714226,0.965953591850474
