"Posterior_Mean","Posterior_SD","Posterior_LB","Posterior_UB","prob"
-0.147569822211295,0.167000125603557,-0.471836950103704,0.184160493293034,0.811666666666667
