"Posterior_Mean","Posterior_SD","Posterior_LB","Posterior_UB","prob"
0.101696022009522,0.118753279700299,-0.152437123740933,0.417090424335918,0.258453608535293
