"Posterior_Mean","Posterior_SD","Posterior_LB","Posterior_UB","prob"
-0.0509663682067818,0.161471293760528,-0.36739194497682,0.263290094631209,0.617803524374265
