"Posterior_Mean","Posterior_SD","Posterior_LB","Posterior_UB","prob"
0.21816950197546,0.161418433281017,-0.0914628774865081,0.529458564099754,0.0916666666666667
