"Posterior_Mean","Posterior_SD","Posterior_LB","Posterior_UB","prob"
-0.0711879545341432,0.17411088898992,-0.417818445673999,0.262746186364478,0.656833333333333
