"Posterior_Mean","Posterior_SD","Posterior_LB","Posterior_UB","prob"
-0.221940617511351,0.135898362714448,-0.48749080571414,0.107118171063199,0.920741626805898
