"Posterior_Mean","Posterior_SD","Posterior_LB","Posterior_UB","prob"
-0.103910374872115,0.122801265573147,-0.358040320121243,0.135850543141597,0.804594572983926
