"Posterior_Mean","Posterior_SD","Posterior_LB","Posterior_UB","prob"
0.108328476699864,0.168239697994049,-0.212838536859366,0.440760313388841,0.2615
