"Posterior_Mean","Posterior_SD","Posterior_LB","Posterior_UB","prob"
-0.0735639627664403,0.106409392227282,-0.2973395665994,0.172313341926052,0.745331238411464
