"Posterior_Mean","Posterior_SD","Posterior_LB","Posterior_UB","prob"
0.152679827880974,0.165430453383458,-0.173624762015224,0.474003644706802,0.173
