"Posterior_Mean","Posterior_SD","Posterior_LB","Posterior_UB","prob"
0.0514314962754967,0.162201582622167,-0.283516036799035,0.37944663236537,0.378437645872788
