"Posterior_Mean","Posterior_SD","Posterior_LB","Posterior_UB","prob"
0.106447723558939,0.153044342096694,-0.193476808834407,0.409693578304825,0.238995288248432
