"Posterior_Mean","Posterior_SD","Posterior_LB","Posterior_UB","prob"
0.225801139241862,0.159518827394061,-0.0931114958479554,0.540730113653754,0.0786666666666667
