"Posterior_Mean","Posterior_SD","Posterior_LB","Posterior_UB","prob"
0.249347630348998,0.159627162905174,-0.0618322879085876,0.558785790813971,0.06
