"Posterior_Mean","Posterior_SD","Posterior_LB","Posterior_UB","prob"
0.145000644832367,0.140144013001451,-0.175437824452602,0.54749014352238,0.255029625023627
