"Posterior_Mean","Posterior_SD","Posterior_LB","Posterior_UB","prob"
-0.198002738583065,0.163454825595483,-0.516978008965864,0.114791122552675,0.889833333333333
