"Posterior_Mean","Posterior_SD","Posterior_LB","Posterior_UB","prob"
-0.0303174066222148,0.175724673693382,-0.381464953990667,0.310584555500358,0.566666666666667
