"Posterior_Mean","Posterior_SD","Posterior_LB","Posterior_UB","prob"
0.218862179785757,0.170553894401314,-0.114482374895349,0.542178508097909,0.0971666666666667
