"Posterior_Mean","Posterior_SD","Posterior_LB","Posterior_UB","prob"
-0.0274413231886066,0.145385466062759,-0.357666430739458,0.314404466273889,0.561588290206838
