"Posterior_Mean","Posterior_SD","Posterior_LB","Posterior_UB","prob"
0.116974520916216,0.166274084874905,-0.212638160359293,0.448040420661656,0.245166666666667
