"Posterior_Mean","Posterior_SD","Posterior_LB","Posterior_UB","prob"
0.229139816483012,0.170577966112562,-0.101401157086896,0.565002727928659,0.0898333333333333
