"Posterior_Mean","Posterior_SD","Posterior_LB","Posterior_UB","prob"
-0.12653826200715,0.129831290321791,-0.411643777276043,0.19279330590519,0.793420561213964
