"Posterior_Mean","Posterior_SD","Posterior_LB","Posterior_UB","prob"
-0.306494504857167,0.132053543035885,-0.578296275550695,0.0348520174973919,0.959000719498472
