"Posterior_Mean","Posterior_SD","Posterior_LB","Posterior_UB","prob"
0.111099741137217,0.16527383841321,-0.211442224129191,0.428988960714268,0.255000224998074
