"Posterior_Mean","Posterior_SD","Posterior_LB","Posterior_UB","prob"
0.340984672943372,0.163043442540768,0.0220349606072955,0.653461894910272,0.0185
