"Posterior_Mean","Posterior_SD","Posterior_LB","Posterior_UB","prob"
-0.213329252029198,0.162579547292954,-0.543652556824278,0.132391876015026,0.894658717938941
