"Posterior_Mean","Posterior_SD","Posterior_LB","Posterior_UB","prob"
-0.131418065224784,0.126327443098928,-0.382671152457119,0.169482960650626,0.848759332292852
