"Posterior_Mean","Posterior_SD","Posterior_LB","Posterior_UB","prob"
-0.0679979405038182,0.164256338910355,-0.393904388343209,0.252986358622592,0.648977519905261
