"Posterior_Mean","Posterior_SD","Posterior_LB","Posterior_UB","prob"
-0.250752169801704,0.0905015135732575,-0.451069377953487,-0.0455550442306065,0.989050904138861
