"Posterior_Mean","Posterior_SD","Posterior_LB","Posterior_UB","prob"
0.133463096683467,0.17174279166317,-0.196238682539791,0.470842070202073,0.222333333333333
