"Posterior_Mean","Posterior_SD","Posterior_LB","Posterior_UB","prob"
-0.112273861793585,0.0975539654203849,-0.306816971588065,0.0870172217743204,0.875792906304639
