"Posterior_Mean","Posterior_SD","Posterior_LB","Posterior_UB","prob"
0.0119699900530431,0.149007170485518,-0.293104401422355,0.32106822628717,0.480817937702429
