"Posterior_Mean","Posterior_SD","Posterior_LB","Posterior_UB","prob"
0.0972049913859225,0.150047521725719,-0.208669290988106,0.443491150905687,0.29027975664781
