"Posterior_Mean","Posterior_SD","Posterior_LB","Posterior_UB","prob"
-0.040043172540165,0.156979604003411,-0.359148788690459,0.306649037712623,0.587501275446154
