"Posterior_Mean","Posterior_SD","Posterior_LB","Posterior_UB","prob"
-0.235529195890557,0.162611282739867,-0.550675743931311,0.108643846740704,0.918703125827559
