"Posterior_Mean","Posterior_SD","Posterior_LB","Posterior_UB","prob"
-0.132744940872033,0.140549129339805,-0.420128722769482,0.192830816698551,0.799438068843002
