"Posterior_Mean","Posterior_SD","Posterior_LB","Posterior_UB","prob"
-0.238442792830133,0.125997937390192,-0.517738646012917,0.0521623079013616,0.946069407763316
