"Posterior_Mean","Posterior_SD","Posterior_LB","Posterior_UB","prob"
-0.0832189314345017,0.114622901689692,-0.333910378366567,0.31181366102506,0.747120400586605
