"Posterior_Mean","Posterior_SD","Posterior_LB","Posterior_UB","prob"
0.145985328728998,0.158316769137036,-0.181627851295239,0.466898001231614,0.199045305342002
