"Posterior_Mean","Posterior_SD","Posterior_LB","Posterior_UB","prob"
0.301138070319302,0.167144032356306,-0.0424708552390374,0.637079831960921,0.041547517400748
