"Posterior_Mean","Posterior_SD","Posterior_LB","Posterior_UB","prob"
0.0599264811121453,0.16074320309825,-0.25407553030276,0.372142719778478,0.3595
