"Posterior_Mean","Posterior_SD","Posterior_LB","Posterior_UB","prob"
-0.30220320465328,0.143230327419554,-0.590513323727116,-0.00178762931687176,0.976325067779753
