"Posterior_Mean","Posterior_SD","Posterior_LB","Posterior_UB","prob"
0.126521361933657,0.16439095821593,-0.194044640570228,0.447253622747687,0.222833333333333
