"Posterior_Mean","Posterior_SD","Posterior_LB","Posterior_UB","prob"
-0.0357581416714583,0.170031785017768,-0.371402627756025,0.300149539803164,0.586
