"Posterior_Mean","Posterior_SD","Posterior_LB","Posterior_UB","prob"
-0.18214800471444,0.0967014288469845,-0.393532067806837,0.0879375117854284,0.929150347924067
