"Posterior_Mean","Posterior_SD","Posterior_LB","Posterior_UB","prob"
-0.0792851608727014,0.0998972586339301,-0.279027336682531,0.132297997114497,0.788243590179454
