"Posterior_Mean","Posterior_SD","Posterior_LB","Posterior_UB","prob"
-0.168601833445829,0.165675840017427,-0.503619892410756,0.177743306229896,0.845903794084213
