"Posterior_Mean","Posterior_SD","Posterior_LB","Posterior_UB","prob"
-0.0667674980948641,0.168326767061533,-0.39260230930799,0.260879919483304,0.652833333333333
