"Posterior_Mean","Posterior_SD","Posterior_LB","Posterior_UB","prob"
-0.241033382749241,0.131359030823767,-0.507759889627331,0.0172472259095888,0.965400190608301
