"Posterior_Mean","Posterior_SD","Posterior_LB","Posterior_UB","prob"
-0.251402151824093,0.134757046731986,-0.571015841828526,0.0234063472399511,0.965388614561033
