"Posterior_Mean","Posterior_SD","Posterior_LB","Posterior_UB","prob"
0.255915464195861,0.161546606389111,-0.0565972399237057,0.580788819952683,0.0490000002917249
