"Posterior_Mean","Posterior_SD","Posterior_LB","Posterior_UB","prob"
-0.0148169985607213,0.171418825439381,-0.348566976572103,0.325958790118262,0.532833333333333
