"Posterior_Mean","Posterior_SD","Posterior_LB","Posterior_UB","prob"
-0.0652313873590271,0.132863440897626,-0.325100977525687,0.221757683842139,0.69800965184105
