"Posterior_Mean","Posterior_SD","Posterior_LB","Posterior_UB","prob"
0.338404561677778,0.16212988884164,0.0232077046713364,0.655182779039406,0.0171666666666667
