"Posterior_Mean","Posterior_SD","Posterior_LB","Posterior_UB","prob"
0.19252740929949,0.160073392713789,-0.124851368951493,0.504275891273062,0.108166666666667
