"Posterior_Mean","Posterior_SD","Posterior_LB","Posterior_UB","prob"
-0.00374427522768405,0.128938302981941,-0.26834437478944,0.32660392737713,0.537965605810179
