"Posterior_Mean","Posterior_SD","Posterior_LB","Posterior_UB","prob"
-0.114816950601341,0.136135871891838,-0.39802932924596,0.260347392701921,0.748736843611551
