"Posterior_Mean","Posterior_SD","Posterior_LB","Posterior_UB","prob"
0.210992350395545,0.167295016203866,-0.118525698288057,0.534667074893034,0.104014201152298
