"Posterior_Mean","Posterior_SD","Posterior_LB","Posterior_UB","prob"
-0.25592081377523,0.127451596292195,-0.542961168013668,0.0728854548613545,0.945079507729042
