"Posterior_Mean","Posterior_SD","Posterior_LB","Posterior_UB","prob"
0.116548393703549,0.171061922873415,-0.217290052545807,0.453847879439034,0.245903236130634
