"Posterior_Mean","Posterior_SD","Posterior_LB","Posterior_UB","prob"
-0.0297608612470953,0.131877807145078,-0.288683126612361,0.246231707612607,0.595142398857834
