"Posterior_Mean","Posterior_SD","Posterior_LB","Posterior_UB","prob"
-0.171222830539685,0.126866807509614,-0.420784163481213,0.125341140951467,0.895486320465031
