"Posterior_Mean","Posterior_SD","Posterior_LB","Posterior_UB","prob"
0.230637033251838,0.161261760314155,-0.0897931868326818,0.553409517223865,0.076035291686285
