"Posterior_Mean","Posterior_SD","Posterior_LB","Posterior_UB","prob"
0.128538567929184,0.143398064194306,-0.197543660594405,0.482594153671887,0.255799887999419
