"Posterior_Mean","Posterior_SD","Posterior_LB","Posterior_UB","prob"
-0.127303074047193,0.162689342193026,-0.443763958281667,0.188816665459629,0.774105616506671
