"Posterior_Mean","Posterior_SD","Posterior_LB","Posterior_UB","prob"
0.0200921475922772,0.16445767225997,-0.300888485131691,0.343856093542935,0.4495
