"Posterior_Mean","Posterior_SD","Posterior_LB","Posterior_UB","prob"
-0.169652520151782,0.165932316632954,-0.506612895889893,0.172938911987986,0.848176019710835
