"Posterior_Mean","Posterior_SD","Posterior_LB","Posterior_UB","prob"
0.189638711157033,0.164705361789909,-0.134556501147219,0.511028655894087,0.126863673030002
