"Posterior_Mean","Posterior_SD","Posterior_LB","Posterior_UB","prob"
-0.017104423821302,0.132242990486772,-0.329662465249267,0.292780480049495,0.537270664038207
