"Posterior_Mean","Posterior_SD","Posterior_LB","Posterior_UB","prob"
0.0662432617008932,0.164235365656722,-0.252190978235707,0.387262820306402,0.347494210949479
