"Posterior_Mean","Posterior_SD","Posterior_LB","Posterior_UB","prob"
0.0527902510841823,0.158537108973323,-0.25215420604354,0.373109473939981,0.3715
