"Posterior_Mean","Posterior_SD","Posterior_LB","Posterior_UB","prob"
-0.113760066725122,0.168755163240389,-0.442986058616737,0.200080936521945,0.738002498105462
