"Posterior_Mean","Posterior_SD","Posterior_LB","Posterior_UB","prob"
-0.303157834420184,0.0834629677649006,-0.469798866478711,-0.138037775294383,0.999085419897863
