"Posterior_Mean","Posterior_SD","Posterior_LB","Posterior_UB","prob"
-0.179455969255537,0.15977811758725,-0.496479580433104,0.135267911404142,0.873449301510526
