"Posterior_Mean","Posterior_SD","Posterior_LB","Posterior_UB","prob"
-0.22032186808212,0.0921394391498209,-0.420689900460785,0.0207919438471231,0.967323561508523
