"Posterior_Mean","Posterior_SD","Posterior_LB","Posterior_UB","prob"
-0.0366713756336771,0.15050690995451,-0.334615854026784,0.298234853677496,0.613666032451201
