"Posterior_Mean","Posterior_SD","Posterior_LB","Posterior_UB","prob"
-0.0935268993938016,0.138078190599026,-0.37005500866217,0.228860566778447,0.746900700645842
