"Posterior_Mean","Posterior_SD","Posterior_LB","Posterior_UB","prob"
0.0391974986809004,0.177858730346312,-0.310082958018072,0.388027240966078,0.4155
