"Posterior_Mean","Posterior_SD","Posterior_LB","Posterior_UB","prob"
0.164590653782894,0.125574534564367,-0.0879266728905836,0.47030939615789,0.103288506720473
