"Posterior_Mean","Posterior_SD","Posterior_LB","Posterior_UB","prob"
0.147110510812253,0.167536025804778,-0.184278144464861,0.472708575813213,0.188166666666667
