"Posterior_Mean","Posterior_SD","Posterior_LB","Posterior_UB","prob"
-0.188426285119941,0.167223952143537,-0.510948113421917,0.145272134337926,0.867929876795712
