"Posterior_Mean","Posterior_SD","Posterior_LB","Posterior_UB","prob"
-0.32919810301794,0.0872867429447315,-0.513941519281899,-0.0619388524717912,0.987689668550951
