"Posterior_Mean","Posterior_SD","Posterior_LB","Posterior_UB","prob"
0.0372171647044506,0.132519480213632,-0.231027099584289,0.302013641572873,0.387830403532532
