"Posterior_Mean","Posterior_SD","Posterior_LB","Posterior_UB","prob"
0.167948235472871,0.161644057173296,-0.150419994117941,0.483594180375333,0.146
