"Posterior_Mean","Posterior_SD","Posterior_LB","Posterior_UB","prob"
0.118800517201512,0.158941688836269,-0.183497800217486,0.435622116580689,0.23250132375213
