"Posterior_Mean","Posterior_SD","Posterior_LB","Posterior_UB","prob"
-0.0482234897601812,0.0980748877729006,-0.250832751758126,0.148216446201932,0.687087848347364
