"Posterior_Mean","Posterior_SD","Posterior_LB","Posterior_UB","prob"
-0.00865766284241953,0.147053317572268,-0.307541608383136,0.315557235751217,0.536287924119343
