"Posterior_Mean","Posterior_SD","Posterior_LB","Posterior_UB","prob"
0.090906602230146,0.134159728883425,-0.205071607597274,0.434119532249569,0.303332536014492
