"Posterior_Mean","Posterior_SD","Posterior_LB","Posterior_UB","prob"
-0.161488281766293,0.137911903121375,-0.436360712546978,0.155513873622798,0.864008493042506
