"Posterior_Mean","Posterior_SD","Posterior_LB","Posterior_UB","prob"
0.0306953102780512,0.155942349082158,-0.294084635469803,0.378668753186964,0.428452626478927
