"Posterior_Mean","Posterior_SD","Posterior_LB","Posterior_UB","prob"
0.198434893581433,0.161819276672941,-0.113897356071952,0.520489740094604,0.108666666666667
