"Posterior_Mean","Posterior_SD","Posterior_LB","Posterior_UB","prob"
-0.223955894437701,0.155848217631376,-0.536039289987014,0.0821544648371368,0.914587371012371
