"Posterior_Mean","Posterior_SD","Posterior_LB","Posterior_UB","prob"
-0.245271052572592,0.0998078085343419,-0.448030256845775,-0.032002433111915,0.98583917416271
