"Posterior_Mean","Posterior_SD","Posterior_LB","Posterior_UB","prob"
0.0325642891094177,0.167046024593178,-0.297789292502906,0.374578217061116,0.419666487684152
