"Posterior_Mean","Posterior_SD","Posterior_LB","Posterior_UB","prob"
0.0348501794986968,0.163455238049472,-0.282871209883495,0.35104231671327,0.411833333333333
