"Posterior_Mean","Posterior_SD","Posterior_LB","Posterior_UB","prob"
0.0587028038686646,0.169306079526873,-0.270933693229142,0.384506573955936,0.358166666666667
