"Posterior_Mean","Posterior_SD","Posterior_LB","Posterior_UB","prob"
0.303417306336767,0.167687179548706,-0.0332393878285077,0.642121204604561,0.0380031707859626
