"Posterior_Mean","Posterior_SD","Posterior_LB","Posterior_UB","prob"
-0.0525906679762378,0.10260991933591,-0.262403193086473,0.281803293324256,0.722453218375058
