"Posterior_Mean","Posterior_SD","Posterior_LB","Posterior_UB","prob"
-0.0794472470642331,0.15590028392763,-0.388842601706702,0.23442785426116,0.693324068448552
