"Posterior_Mean","Posterior_SD","Posterior_LB","Posterior_UB","prob"
0.295033838754898,0.166723170036459,-0.0291936361723269,0.623500394714597,0.0373333333333333
