"Posterior_Mean","Posterior_SD","Posterior_LB","Posterior_UB","prob"
-0.020898055253997,0.151318983136413,-0.32128985285384,0.289602064517936,0.566232695971982
