"Posterior_Mean","Posterior_SD","Posterior_LB","Posterior_UB","prob"
0.222148300397546,0.172008171514947,-0.11324541099389,0.562418534132343,0.0980017215995873
