"Posterior_Mean","Posterior_SD","Posterior_LB","Posterior_UB","prob"
-0.0450053997934776,0.170708268423827,-0.387832976887929,0.315280309501105,0.591510335623121
