"Posterior_Mean","Posterior_SD","Posterior_LB","Posterior_UB","prob"
0.338044556552968,0.163392498236449,0.0111901430588431,0.662001693200582,0.0201534182470139
