"Posterior_Mean","Posterior_SD","Posterior_LB","Posterior_UB","prob"
-0.204015886659663,0.121806122368846,-0.467437645355662,0.0927193447969795,0.917912063841361
