"Posterior_Mean","Posterior_SD","Posterior_LB","Posterior_UB","prob"
-0.0658672779540803,0.172698219265821,-0.411475150518217,0.261859236377127,0.647040376973448
