"Posterior_Mean","Posterior_SD","Posterior_LB","Posterior_UB","prob"
-0.110068705875615,0.105868593912278,-0.339656159841376,0.253841878896223,0.810211808077913
