"Posterior_Mean","Posterior_SD","Posterior_LB","Posterior_UB","prob"
-0.159243238903593,0.165905776266403,-0.477674619370959,0.159699956193046,0.827166666666667
