"Posterior_Mean","Posterior_SD","Posterior_LB","Posterior_UB","prob"
-0.0660323267081665,0.173119439010597,-0.404082089138142,0.265258833626482,0.650333333333333
