"Posterior_Mean","Posterior_SD","Posterior_LB","Posterior_UB","prob"
-0.00172995483877325,0.166158561996072,-0.334616775302389,0.330839658073271,0.504
