"Posterior_Mean","Posterior_SD","Posterior_LB","Posterior_UB","prob"
-0.00698472846246683,0.16654390542034,-0.332780456148244,0.310197642504249,0.513280575995733
