"Posterior_Mean","Posterior_SD","Posterior_LB","Posterior_UB","prob"
-0.059997423583931,0.169363090529733,-0.399604980371276,0.275722127998475,0.641933771899302
