"Posterior_Mean","Posterior_SD","Posterior_LB","Posterior_UB","prob"
-0.298467555501819,0.0925282313916048,-0.479883159034576,-0.0910901526188934,0.993679095702802
