"Posterior_Mean","Posterior_SD","Posterior_LB","Posterior_UB","prob"
0.208497069984208,0.165126452317427,-0.11407668557945,0.539032728545749,0.100666666666667
