"Posterior_Mean","Posterior_SD","Posterior_LB","Posterior_UB","prob"
-0.178291241238403,0.114230586061802,-0.41413335052777,0.107421192578407,0.911274292656391
