"Posterior_Mean","Posterior_SD","Posterior_LB","Posterior_UB","prob"
0.172822231131043,0.170222201594424,-0.164494209205179,0.499486712066367,0.160009698653311
