"Posterior_Mean","Posterior_SD","Posterior_LB","Posterior_UB","prob"
-0.296582931626102,0.134743720196647,-0.574833787221926,-0.0285204152436872,0.984607806965832
