"Posterior_Mean","Posterior_SD","Posterior_LB","Posterior_UB","prob"
0.489749644885627,0.168750610562944,0.156049592036223,0.819342849538374,0.00200201476743953
