"Posterior_Mean","Posterior_SD","Posterior_LB","Posterior_UB","prob"
-0.240795570160372,0.115418061571585,-0.487946661201174,0.0310790714618453,0.962072964073552
