"Posterior_Mean","Posterior_SD","Posterior_LB","Posterior_UB","prob"
-0.0669537216551197,0.105287136450069,-0.272429407474164,0.186638213620657,0.748181530376839
