"Posterior_Mean","Posterior_SD","Posterior_LB","Posterior_UB","prob"
-0.151804351766068,0.150054490368034,-0.45960237183891,0.167440315965587,0.836466654956506
