"Posterior_Mean","Posterior_SD","Posterior_LB","Posterior_UB","prob"
-0.192719448792331,0.118998629586047,-0.464833673920286,0.16652709245216,0.877256847510043
