"Posterior_Mean","Posterior_SD","Posterior_LB","Posterior_UB","prob"
-0.174873342817161,0.116888464913677,-0.40993556306652,0.0663601317348682,0.931799191295249
