"Posterior_Mean","Posterior_SD","Posterior_LB","Posterior_UB","prob"
-0.165546355400106,0.12091261785601,-0.406797680298432,0.0676927909119434,0.912870439488277
