"Posterior_Mean","Posterior_SD","Posterior_LB","Posterior_UB","prob"
-0.0704164327562752,0.124020959953083,-0.326930871310962,0.211125723702861,0.702218503410832
