"Posterior_Mean","Posterior_SD","Posterior_LB","Posterior_UB","prob"
-0.0854281146445602,0.153419799456598,-0.404826418147539,0.219645686198609,0.694227075527006
