"Posterior_Mean","Posterior_SD","Posterior_LB","Posterior_UB","prob"
-0.292853114584112,0.0998781829339831,-0.489688524740042,-0.0615246370321094,0.989060339526208
