"Posterior_Mean","Posterior_SD","Posterior_LB","Posterior_UB","prob"
-0.12094828482631,0.125455093709358,-0.37397652632467,0.12641871684817,0.838781728063198
