"Posterior_Mean","Posterior_SD","Posterior_LB","Posterior_UB","prob"
0.0912494835929034,0.132352668479747,-0.202505485627662,0.427337641734152,0.293409227401574
