"Posterior_Mean","Posterior_SD","Posterior_LB","Posterior_UB","prob"
-0.0324191167788708,0.169502373788068,-0.363432379749082,0.298716069849167,0.586016794855109
