"Posterior_Mean","Posterior_SD","Posterior_LB","Posterior_UB","prob"
-0.158735831763925,0.0972375228720729,-0.354996541919473,0.0489101033172746,0.939548582132679
