"Posterior_Mean","Posterior_SD","Posterior_LB","Posterior_UB","prob"
-0.0995520452384716,0.171656580422764,-0.438675966278797,0.235022387103438,0.721333333333333
