"Posterior_Mean","Posterior_SD","Posterior_LB","Posterior_UB","prob"
-0.201399421326015,0.150937811058375,-0.557716934721692,0.122575397553952,0.878127712985491
