"Posterior_Mean","Posterior_SD","Posterior_LB","Posterior_UB","prob"
0.173137648392542,0.139843594740832,-0.128704586627058,0.518079671876066,0.137168642885604
