"Posterior_Mean","Posterior_SD","Posterior_LB","Posterior_UB","prob"
0.0079370364566506,0.165991419216703,-0.318419987357962,0.33078681520308,0.478
