"Posterior_Mean","Posterior_SD","Posterior_LB","Posterior_UB","prob"
-0.0681923424544038,0.177622091511428,-0.411874837466072,0.281713200366028,0.648
