"Posterior_Mean","Posterior_SD","Posterior_LB","Posterior_UB","prob"
0.0280165238935266,0.167928750253059,-0.305183639338225,0.353337951987649,0.430166666666667
