"Posterior_Mean","Posterior_SD","Posterior_LB","Posterior_UB","prob"
-0.109499699604519,0.145302932337453,-0.397478968132616,0.237917214443997,0.767225835584728
