"Posterior_Mean","Posterior_SD","Posterior_LB","Posterior_UB","prob"
0.11051267721384,0.15474445670339,-0.215881930011932,0.459539557218769,0.271679910643292
