"Posterior_Mean","Posterior_SD","Posterior_LB","Posterior_UB","prob"
-0.0538456782539155,0.164601436005205,-0.374551913098568,0.262660096194683,0.6235
