"Posterior_Mean","Posterior_SD","Posterior_LB","Posterior_UB","prob"
0.30938590953346,0.166350713347325,-0.011713031529775,0.625667048792316,0.0293000352481631
