"Posterior_Mean","Posterior_SD","Posterior_LB","Posterior_UB","prob"
-0.325493802154907,0.172522702685933,-0.661995973682671,0.00966129281096066,0.971166666666667
