"Posterior_Mean","Posterior_SD","Posterior_LB","Posterior_UB","prob"
0.119869056395974,0.169967255238589,-0.218542232887048,0.446892596277569,0.23451073185196
