"Posterior_Mean","Posterior_SD","Posterior_LB","Posterior_UB","prob"
-0.321061353289068,0.160703788112669,-0.641474619264584,0.00620826195681031,0.974113712528845
