"Posterior_Mean","Posterior_SD","Posterior_LB","Posterior_UB","prob"
-0.174790227710131,0.147596839779583,-0.461923826718942,0.154797909119686,0.866165587615303
