"Posterior_Mean","Posterior_SD","Posterior_LB","Posterior_UB","prob"
0.131020047722632,0.149118685506201,-0.211695813108184,0.474967006221489,0.239172628594806
