"Posterior_Mean","Posterior_SD","Posterior_LB","Posterior_UB","prob"
-0.210384427652236,0.165864808895899,-0.536025549682007,0.113062512176597,0.901833333333333
