"Posterior_Mean","Posterior_SD","Posterior_LB","Posterior_UB","prob"
-0.013776495806891,0.125884024601119,-0.264303209104668,0.260835247801406,0.557212980528551
