"Posterior_Mean","Posterior_SD","Posterior_LB","Posterior_UB","prob"
0.0547024884133203,0.166572533299472,-0.270876533983811,0.387303477315744,0.369333333333333
