"Posterior_Mean","Posterior_SD","Posterior_LB","Posterior_UB","prob"
-0.0471263004339514,0.126905600856766,-0.295630176919807,0.21783938818648,0.651560727331485
