"Posterior_Mean","Posterior_SD","Posterior_LB","Posterior_UB","prob"
0.0104916199837069,0.17505247068866,-0.339634940594417,0.345290168560738,0.472952730604112
