"Posterior_Mean","Posterior_SD","Posterior_LB","Posterior_UB","prob"
0.173903066252073,0.161776556058699,-0.140179824402725,0.491107665313659,0.138833333333333
