"Posterior_Mean","Posterior_SD","Posterior_LB","Posterior_UB","prob"
-0.0928630554089878,0.160508872681749,-0.408312798329103,0.224588701710641,0.720333333333333
