"Posterior_Mean","Posterior_SD","Posterior_LB","Posterior_UB","prob"
-0.315232597575196,0.118203754445014,-0.55061622995875,-0.060151645965444,0.989807844467567
