"Posterior_Mean","Posterior_SD","Posterior_LB","Posterior_UB","prob"
0.243254074372921,0.167325556790707,-0.0860213144260221,0.5826037553271,0.0758333333333333
