"Posterior_Mean","Posterior_SD","Posterior_LB","Posterior_UB","prob"
0.160972150015265,0.175374875707597,-0.187044248772963,0.501269027869769,0.180512532693393
