"Posterior_Mean","Posterior_SD","Posterior_LB","Posterior_UB","prob"
0.193488316894938,0.155432820336903,-0.121231793544724,0.496402467626819,0.110026829957429
