"Posterior_Mean","Posterior_SD","Posterior_LB","Posterior_UB","prob"
-0.0550482038804909,0.16258411174688,-0.366765987688462,0.290858041875138,0.639998166922628
