"Posterior_Mean","Posterior_SD","Posterior_LB","Posterior_UB","prob"
-0.0993302442326544,0.139881715980753,-0.36523466251038,0.215732425198459,0.760818991402007
