"Posterior_Mean","Posterior_SD","Posterior_LB","Posterior_UB","prob"
0.0351093509952555,0.169719208357649,-0.296393683461413,0.37776088796336,0.422833333333333
