"Posterior_Mean","Posterior_SD","Posterior_LB","Posterior_UB","prob"
-0.134153757739593,0.161272179893163,-0.457052867356614,0.17911016322231,0.801
