"","Posterior_Mean","Posterior_SD","Posterior_LB","Posterior_UB"
"1",0.0660077081550073,0.0367431975830189,-0.00531920284958338,0.138728255633694
