"","Posterior_Mean","Posterior_SD","Posterior_LB","Posterior_UB"
"1",0.0136121768412975,0.0373536069172922,-0.0563641443795287,0.0874821618277047
