"","Posterior_Mean","Posterior_SD","Posterior_LB","Posterior_UB"
"1",0.0254484318237968,0.0409223919792977,-0.0557575785593526,0.105295169337398
