"","Posterior_Mean","Posterior_SD","Posterior_LB","Posterior_UB"
"1",0.0246707142788069,0.0377522642598922,-0.0467985653686831,0.102151920526554
