"","Posterior_Mean","Posterior_SD","Posterior_LB","Posterior_UB"
"1",-0.000828198248346806,0.036772553128728,-0.0740597321429301,0.0708971601222398
