"","Posterior_Mean","Posterior_SD","Posterior_LB","Posterior_UB"
"1",-0.00477703785423091,0.0378279192392619,-0.0778610691009318,0.0675025253670969
