"","Posterior_Mean","Posterior_SD","Posterior_LB","Posterior_UB"
"1",-0.00502097025016024,0.0372446731751476,-0.0782043476055348,0.0666285792552062
