"","Posterior_Mean","Posterior_SD","Posterior_LB","Posterior_UB"
"1",-0.0290285978945402,0.0372362201995023,-0.10150768032512,0.0406837743526758
