"","Posterior_Mean","Posterior_SD","Posterior_LB","Posterior_UB"
"1",-0.0687404469304623,0.0360518298820058,-0.138789965626255,0.000506643582864709
