"","Posterior_Mean","Posterior_SD","Posterior_LB","Posterior_UB"
"1",-0.019775268197293,0.0374014354648853,-0.0924053666528107,0.0534587672267566
