"Posterior_Mean","Posterior_SD","Posterior_LB","Posterior_UB","prob"
-0.0619152070479317,0.0555465705150448,-0.178336454852525,0.0478454822316288,0.865441318158398
