"Posterior_Mean","Posterior_SD","Posterior_LB","Posterior_UB","prob"
-0.0581333640429778,0.058309651886658,-0.187741078270666,0.0941277429152801,0.803286669253673
