"Posterior_Mean","Posterior_SD","Posterior_LB","Posterior_UB","prob"
-0.0886614743714213,0.0735359151455186,-0.265486951434564,0.071427246058003,0.854722017925506
