"Posterior_Mean","Posterior_SD","Posterior_LB","Posterior_UB","prob"
-0.0546417327579972,0.0634640040512643,-0.210603735756093,0.0925986418839117,0.760641700091943
