"Posterior_Mean","Posterior_SD","Posterior_LB","Posterior_UB","prob"
-0.0568534995087164,0.0668537044591719,-0.21776588981552,0.101605536336705,0.744964885229404
