"Posterior_Mean","Posterior_SD","Posterior_LB","Posterior_UB","prob"
0.10928371231876,0.0705883673192028,-0.0634328147549255,0.249192510490663,0.0804506095010064
