"Posterior_Mean","Posterior_SD","Posterior_LB","Posterior_UB","prob"
-0.0188251261717784,0.0633584736932323,-0.158022308880519,0.118219606122415,0.597151974056372
