"Posterior_Mean","Posterior_SD","Posterior_LB","Posterior_UB","prob"
0.0128248892897792,0.0856018811453076,-0.25339261561252,0.222341566322964,0.427631128382091
