"Posterior_Mean","Posterior_SD","Posterior_LB","Posterior_UB","prob"
-0.0767582524830424,0.0564855826311831,-0.195488792500407,0.07080096384006,0.876898894849478
