"Posterior_Mean","Posterior_SD","Posterior_LB","Posterior_UB","prob"
-0.00525273027431168,0.0669346065527046,-0.16421334619809,0.137033931509625,0.514147292816819
