"Posterior_Mean","Posterior_SD","Posterior_LB","Posterior_UB","prob"
0.00897707034019755,0.0717170383112207,-0.148046427161531,0.149308505523153,0.444679401580339
