"Posterior_Mean","Posterior_SD","Posterior_LB","Posterior_UB","prob"
-0.0419591428875731,0.0631385181980231,-0.223413771611264,0.11497261378553,0.666225405928158
