"Posterior_Mean","Posterior_SD","Posterior_LB","Posterior_UB","prob"
-0.172842804990393,0.0485705424820138,-0.271027331187588,-0.0674211793537777,0.998455153734057
