"Posterior_Mean","Posterior_SD","Posterior_LB","Posterior_UB","prob"
0.0469243504303885,0.0714657184899171,-0.119687257317701,0.189684812477079,0.244441835928155
