"Posterior_Mean","Posterior_SD","Posterior_LB","Posterior_UB","prob"
0.105143534777815,0.0678554881311599,-0.111760992924006,0.266555423164752,0.136169024726265
