"Posterior_Mean","Posterior_SD","Posterior_LB","Posterior_UB","prob"
0.0428000972257655,0.0620793583643442,-0.107039783106164,0.215708876013923,0.331040852065682
