"Posterior_Mean","Posterior_SD","Posterior_LB","Posterior_UB","prob"
0.223214517482569,0.114555533127674,-0.0172616672543547,0.469804895049893,0.0369441703934122
