"Posterior_Mean","Posterior_SD","Posterior_LB","Posterior_UB","prob"
-0.0244230488673496,0.113096277431555,-0.264234968194705,0.210473898857782,0.583559272403015
