"Posterior_Mean","Posterior_SD","Posterior_LB","Posterior_UB","prob"
-0.0933039380903471,0.0955157794557472,-0.340614020950328,0.206869931872113,0.731451167841297
