"Posterior_Mean","Posterior_SD","Posterior_LB","Posterior_UB","prob"
-0.0619068578357889,0.0888066609793155,-0.233866789988684,0.125819041970857,0.764914171072768
