"Posterior_Mean","Posterior_SD","Posterior_LB","Posterior_UB","prob"
0.0181644263529658,0.0975294529132855,-0.192387000257331,0.288618992847753,0.490434858694546
