"Posterior_Mean","Posterior_SD","Posterior_LB","Posterior_UB","prob"
-0.0214957693972829,0.112157394822791,-0.244324145241695,0.218775851825434,0.573092941810551
