"Posterior_Mean","Posterior_SD","Posterior_LB","Posterior_UB","prob"
-0.164675144283499,0.10372845030101,-0.408803938985664,0.120273616070136,0.871371994371931
