"Posterior_Mean","Posterior_SD","Posterior_LB","Posterior_UB","prob"
-0.233207128244176,0.0879119557637869,-0.405245066728868,-0.0300716920871996,0.985679306310032
