"Posterior_Mean","Posterior_SD","Posterior_LB","Posterior_UB","prob"
0.10189891175477,0.107345105296142,-0.19260559403539,0.350573386095202,0.227397982226956
