"Posterior_Mean","Posterior_SD","Posterior_LB","Posterior_UB","prob"
0.0688538759814386,0.099673348781846,-0.130718514293059,0.316519098924814,0.278459472585968
