"Posterior_Mean","Posterior_SD","Posterior_LB","Posterior_UB","prob"
-0.103240278587728,0.0803542904974685,-0.297044225571809,0.125607559717541,0.844253825794496
