"Posterior_Mean","Posterior_SD","Posterior_LB","Posterior_UB","prob"
0.0833930134163387,0.120668190243328,-0.160270788248745,0.32752880666078,0.230347475035221
