"Posterior_Mean","Posterior_SD","Posterior_LB","Posterior_UB","prob"
0.0686958953847523,0.113704461346665,-0.165660877429584,0.308562310213447,0.276401340370412
