"","Posterior_Mean","Posterior_SD","Posterior_LB","Posterior_UB"
"1",-0.0167499263810087,0.0452439015949447,-0.103570107158119,0.0751834468876195
