"","Posterior_Mean","Posterior_SD","Posterior_LB","Posterior_UB"
"1",0.0456198104872491,0.0466131402047841,-0.0470555317512498,0.135663791330979
