"","Posterior_Mean","Posterior_SD","Posterior_LB","Posterior_UB"
"1",0.0245892293702704,0.0444192992239973,-0.063588575881972,0.109682573865181
