"","Posterior_Mean","Posterior_SD","Posterior_LB","Posterior_UB"
"1",-0.0116810916843155,0.0473597145235416,-0.106099388205849,0.0803710675201864
