"","Posterior_Mean","Posterior_SD","Posterior_LB","Posterior_UB"
"1",-0.0223020159144408,0.0493796612202743,-0.119667289457954,0.0782108495241153
