"Posterior_Mean","Posterior_SD","Posterior_LB","Posterior_UB","prob"
-0.251711390444054,0.0426662652357268,-0.338859844655028,-0.148119955795882,0.998357953034852
