"Posterior_Mean","Posterior_SD","Posterior_LB","Posterior_UB","prob"
0.169971410740914,0.0807738088625252,0.0138628357266456,0.33257229463598,0.0170026724234304
