"Posterior_Mean","Posterior_SD","Posterior_LB","Posterior_UB","prob"
-0.107840100947506,0.069303475142801,-0.245052427216416,0.0666222243430198,0.9056931894357
