"Posterior_Mean","Posterior_SD","Posterior_LB","Posterior_UB","prob"
-0.0341300188139449,0.0817597900067081,-0.204203498419777,0.146905205987513,0.66231741052145
