"Posterior_Mean","Posterior_SD","Posterior_LB","Posterior_UB","prob"
0.0158819373243714,0.0711263748521858,-0.185683373711221,0.221400049204427,0.454980003847931
