"Posterior_Mean","Posterior_SD","Posterior_LB","Posterior_UB","prob"
-0.10423311926144,0.0643538517923829,-0.247759811276872,0.0804298145682446,0.889750384297724
