"Posterior_Mean","Posterior_SD","Posterior_LB","Posterior_UB","prob"
0.0263962079605669,0.0847201693625471,-0.146922986192958,0.203730279887225,0.374799394058053
