"Posterior_Mean","Posterior_SD","Posterior_LB","Posterior_UB","prob"
0.109510871922068,0.0787298155868458,-0.0747832899745621,0.270473440676758,0.0910663038552604
