"Posterior_Mean","Posterior_SD","Posterior_LB","Posterior_UB","prob"
-0.0772626386269799,0.0612614284548283,-0.203291703798145,0.0419316859413974,0.90094191127344
