"Posterior_Mean","Posterior_SD","Posterior_LB","Posterior_UB","prob"
-0.00332579763244973,0.0782048207411711,-0.158712286884036,0.153223121239197,0.522449435642866
