"Posterior_Mean","Posterior_SD","Posterior_LB","Posterior_UB","prob"
0.0216069610653757,0.0607168506298174,-0.0995940241775419,0.180808111532764,0.403151704168706
