"Posterior_Mean","Posterior_SD","Posterior_LB","Posterior_UB","prob"
-0.0781880286133452,0.0484232233060056,-0.19147800471658,0.0817866478701912,0.868041077253895
