"Posterior_Mean","Posterior_SD","Posterior_LB","Posterior_UB","prob"
0.0960188010674373,0.0772750181093101,-0.0645975049581232,0.250951877744963,0.109601892516727
