"Posterior_Mean","Posterior_SD","Posterior_LB","Posterior_UB","prob"
-0.181020693082466,0.049846400417732,-0.284689572383373,-0.0254032678622482,0.984322895105195
