"Posterior_Mean","Posterior_SD","Posterior_LB","Posterior_UB","prob"
0.00183490604507637,0.0785017909908575,-0.185455247760354,0.180228273127004,0.471342132546044
