"Posterior_Mean","Posterior_SD","Posterior_LB","Posterior_UB","prob"
-0.179451093895659,0.0511987610458884,-0.286854043044962,0.0211465910460648,0.969718118827709
