"Posterior_Mean","Posterior_SD","Posterior_LB","Posterior_UB","prob"
-0.0423965330386864,0.083664627730122,-0.205353153269672,0.122172348278426,0.686480457206313
