"Posterior_Mean","Posterior_SD","Posterior_LB","Posterior_UB","prob"
-0.208892617358913,0.0583471845936143,-0.358109959846605,-0.0440558022767668,0.990586101009505
