"Posterior_Mean","Posterior_SD","Posterior_LB","Posterior_UB","prob"
-0.0640718034708686,0.0934675334063685,-0.379846213569453,0.188414301075625,0.618121566759303
