"Posterior_Mean","Posterior_SD","Posterior_LB","Posterior_UB","prob"
-0.217984457212039,0.0855543158622555,-0.400567672135084,-0.0180891542669391,0.982818677992279
