"Posterior_Mean","Posterior_SD","Posterior_LB","Posterior_UB","prob"
-0.143067258320382,0.102335459859908,-0.350754570075023,0.0699395625611127,0.915287616882572
