"Posterior_Mean","Posterior_SD","Posterior_LB","Posterior_UB","prob"
-0.180642355373823,0.0729984791980849,-0.358174429425122,-0.00277792224876557,0.975166667292386
