"Posterior_Mean","Posterior_SD","Posterior_LB","Posterior_UB","prob"
-0.303994141462501,0.0663196833468684,-0.434429426575563,-0.156559423040978,0.999360004091999
