"Posterior_Mean","Posterior_SD","Posterior_LB","Posterior_UB","prob"
0.0623989084053726,0.100053808659258,-0.139072390279713,0.258224357384541,0.262133434775123
