"Posterior_Mean","Posterior_SD","Posterior_LB","Posterior_UB","prob"
-0.159753154382328,0.0781812994592023,-0.31655574753093,0.0409270204426916,0.951920698737464
