"Posterior_Mean","Posterior_SD","Posterior_LB","Posterior_UB","prob"
0.0198688064764264,0.104055393060835,-0.176537985874138,0.234111758615347,0.428657442403703
