"Posterior_Mean","Posterior_SD","Posterior_LB","Posterior_UB","prob"
0.0282952738699069,0.106529664571492,-0.174587024773103,0.240897765768536,0.402146843987105
