"Posterior_Mean","Posterior_SD","Posterior_LB","Posterior_UB","prob"
-0.0194637222167078,0.0742155869707545,-0.179925507234577,0.138868722485839,0.592342795849363
