"Posterior_Mean","Posterior_SD","Posterior_LB","Posterior_UB","prob"
-0.026365680447828,0.103624539566238,-0.226147524337893,0.175792839596253,0.605493117738687
