"Posterior_Mean","Posterior_SD","Posterior_LB","Posterior_UB","prob"
-0.215275010916452,0.0634364610607884,-0.353607735331876,0.030825965800619,0.961351600233717
