"Posterior_Mean","Posterior_SD","Posterior_LB","Posterior_UB","prob"
-0.0938327901512721,0.0805909587661126,-0.26674799695162,0.10084240609379,0.853649287765653
