"Posterior_Mean","Posterior_SD","Posterior_LB","Posterior_UB","prob"
-0.0693016811337635,0.0753584532365499,-0.254272756307275,0.171622813687364,0.768138997203375
