"Posterior_Mean","Posterior_SD","Posterior_LB","Posterior_UB","prob"
-0.060745183668605,0.0963968625113477,-0.249185726692642,0.140046448128724,0.740542246273523
