"Posterior_Mean","Posterior_SD","Posterior_LB","Posterior_UB","prob"
-0.115557354703542,0.0688024151975832,-0.248073637266887,0.0285772577017762,0.938937102092142
