"Posterior_Mean","Posterior_SD","Posterior_LB","Posterior_UB","prob"
-0.0771820136315598,0.1048115680748,-0.298371374446861,0.140988540579173,0.758598023580914
