"Posterior_Mean","Posterior_SD","Posterior_LB","Posterior_UB","prob"
0.18474498498209,0.109398463999686,-0.0530371309579296,0.405948867157622,0.0582699979935854
