"Posterior_Mean","Posterior_SD","Posterior_LB","Posterior_UB","prob"
-0.230070228965887,0.110925439038662,-0.443095288264659,-0.0152721130914065,0.9816105342371
