"Posterior_Mean","Posterior_SD","Posterior_LB","Posterior_UB","prob"
-0.408223034164128,0.0902660925434666,-0.590647917639189,-0.225231628118602,0.99983788841352
