"Posterior_Mean","Posterior_SD","Posterior_LB","Posterior_UB","prob"
-0.273563458371627,0.113641434750231,-0.509531081463374,-0.0400238439597878,0.989637117227537
