"Posterior_Mean","Posterior_SD","Posterior_LB","Posterior_UB","prob"
-0.223468580304161,0.110085115133874,-0.45931138250087,0.0110315462226951,0.966230733421188
