"Posterior_Mean","Posterior_SD","Posterior_LB","Posterior_UB","prob"
-0.206481266425375,0.096739659577768,-0.425013466087598,0.0311732293606167,0.956716347751434
