"Posterior_Mean","Posterior_SD","Posterior_LB","Posterior_UB","prob"
-0.195393123980774,0.0774740966874398,-0.349704926789927,-0.0336090158925747,0.98812258696693
