"Posterior_Mean","Posterior_SD","Posterior_LB","Posterior_UB","prob"
-0.481292621672846,0.0634960992608914,-0.607830381452368,-0.343575712271219,0.999981788757477
