"Posterior_Mean","Posterior_SD","Posterior_LB","Posterior_UB","prob"
-0.310054866181429,0.0681151663346575,-0.44897130312488,-0.176958628489225,0.9999862125163
