"Posterior_Mean","Posterior_SD","Posterior_LB","Posterior_UB","prob"
-0.429397092830287,0.0773292716652502,-0.633481538191637,-0.231245310769114,1
