"Posterior_Mean","Posterior_SD","Posterior_LB","Posterior_UB","prob"
-0.412007751646732,0.0733191773607713,-0.566975997569791,-0.24016060769818,0.999989165013076
