"Posterior_Mean","Posterior_SD","Posterior_LB","Posterior_UB","prob"
-0.409107537104587,0.0706959299230535,-0.557060169239321,-0.240282177772499,0.999966206692866
