"Posterior_Mean","Posterior_SD","Posterior_LB","Posterior_UB","prob"
-0.437536187408654,0.0659784073203194,-0.576521307879741,-0.283556177485113,0.99998740411619
