"Posterior_Mean","Posterior_SD","Posterior_LB","Posterior_UB","prob"
-0.206909735747072,0.0959391110892284,-0.457962155591386,0.0773952547124259,0.912491545725548
