"Posterior_Mean","Posterior_SD","Posterior_LB","Posterior_UB","prob"
-0.352395151912735,0.0708846714806499,-0.539814249188396,-0.162983762231582,0.999786423471302
