"Posterior_Mean","Posterior_SD","Posterior_LB","Posterior_UB","prob"
-0.395914040993085,0.0882384752268481,-0.567573777686551,-0.220703069832974,1
