"Posterior_Mean","Posterior_SD","Posterior_LB","Posterior_UB","prob"
-0.311181143098096,0.0737457685534617,-0.463501753269529,-0.157016689539126,0.999430201847925
