"Posterior_Mean","Posterior_SD","Posterior_LB","Posterior_UB","prob"
0.224238588325232,0.11490131247,-0.00898949779265554,0.444732416563663,0.0282322312990999
