"Posterior_Mean","Posterior_SD","Posterior_LB","Posterior_UB","prob"
-0.447778193360841,0.0677389993238602,-0.587796587026006,-0.307820374168686,0.999942504268418
