"Posterior_Mean","Posterior_SD","Posterior_LB","Posterior_UB","prob"
-0.378362631036732,0.0790625744756089,-0.572473089804865,-0.174856056798986,0.999621440501773
