"Posterior_Mean","Posterior_SD","Posterior_LB","Posterior_UB","prob"
-0.353924069711764,0.0679754422811018,-0.490448994118207,-0.206578551050652,0.999414354903041
