"Posterior_Mean","Posterior_SD","Posterior_LB","Posterior_UB","prob"
-0.341402635512237,0.0722933384032094,-0.496965121928679,-0.179073372542204,0.999977280901095
