"Posterior_Mean","Posterior_SD","Posterior_LB","Posterior_UB","prob"
-0.215832626792787,0.0848242434877665,-0.403116193812874,0.00390840557181358,0.972455038609994
