"Posterior_Mean","Posterior_SD","Posterior_LB","Posterior_UB","prob"
-0.245359194031249,0.107999317374269,-0.464449712064147,-0.0198444754718262,0.982702374946046
