"Posterior_Mean","Posterior_SD","Posterior_LB","Posterior_UB","prob"
-0.371462637807347,0.0653857080564488,-0.50238902836414,-0.242068909486027,0.999961255747833
