"Posterior_Mean","Posterior_SD","Posterior_LB","Posterior_UB","prob"
-0.334821160703929,0.0683388805038561,-0.477717441254627,-0.149695463310034,0.996711177877235
