"Posterior_Mean","Posterior_SD","Posterior_LB","Posterior_UB","prob"
-0.367324148219049,0.0678492477580105,-0.506805970904533,-0.228808806201718,0.999987933280443
