"Posterior_Mean","Posterior_SD","Posterior_LB","Posterior_UB","prob"
-0.0667091194753086,0.102375323579791,-0.272647978272756,0.162505972761333,0.727826510062754
