"Posterior_Mean","Posterior_SD","Posterior_LB","Posterior_UB","prob"
-0.153839262674609,0.0897774142027495,-0.334387310457726,0.0208172279547213,0.959978292281048
