"Posterior_Mean","Posterior_SD","Posterior_LB","Posterior_UB","prob"
-0.0200622362971418,0.116446157687116,-0.243649475749122,0.201930152576921,0.572723205131673
