"Posterior_Mean","Posterior_SD","Posterior_LB","Posterior_UB","prob"
-0.390361632782728,0.0632899543271154,-0.518030460639505,-0.236696194978611,0.999934415988181
