"Posterior_Mean","Posterior_SD","Posterior_LB","Posterior_UB","prob"
-0.0167100265914688,0.117141061037293,-0.26324130969936,0.222622823801555,0.550130180839496
