"Posterior_Mean","Posterior_SD","Posterior_LB","Posterior_UB","prob"
-0.329507129137985,0.110288380052332,-0.551539867748656,-0.0820307610922472,0.996332720967298
