"Posterior_Mean","Posterior_SD","Posterior_LB","Posterior_UB","prob"
-0.232070215885833,0.0943924960598818,-0.426853287937911,-0.0229177411436187,0.984365783658994
