"Posterior_Mean","Posterior_SD","Posterior_LB","Posterior_UB","prob"
-0.228172946918546,0.0832492055477008,-0.393797313395265,-0.0559597502955128,0.992385286896269
