"Posterior_Mean","Posterior_SD","Posterior_LB","Posterior_UB","prob"
-0.114384433362431,0.0968113429064034,-0.395237131671648,0.196522175042383,0.725232152662748
