"Posterior_Mean","Posterior_SD","Posterior_LB","Posterior_UB","prob"
-0.122320467904813,0.0961981516737822,-0.311698698951653,0.104898021328484,0.875321799101786
