"Posterior_Mean","Posterior_SD","Posterior_LB","Posterior_UB","prob"
-0.225740820477919,0.10665783232053,-0.44304958476194,0.00710980068166106,0.971061474733048
