"Posterior_Mean","Posterior_SD","Posterior_LB","Posterior_UB","prob"
-0.230231419956331,0.0723432259051534,-0.458940011305212,-0.0214812532446014,0.98353077967566
