"Posterior_Mean","Posterior_SD","Posterior_LB","Posterior_UB","prob"
-0.238845974938105,0.0800398281069495,-0.437097688377266,-0.040448652659008,0.988687064500769
