"Posterior_Mean","Posterior_SD","Posterior_LB","Posterior_UB","prob"
-0.403583767654425,0.0653662888589809,-0.526970666538607,-0.268692651392663,1
