"Posterior_Mean","Posterior_SD","Posterior_LB","Posterior_UB","prob"
-0.128824642404884,0.0994837693702705,-0.344901423610859,0.1132817370991,0.845974225268651
