"Posterior_Mean","Posterior_SD","Posterior_LB","Posterior_UB","prob"
-0.342009300499173,0.0844853798831696,-0.511302377613633,-0.173894451588815,0.9997568662589
