"Posterior_Mean","Posterior_SD","Posterior_LB","Posterior_UB","prob"
-0.271492432955563,0.0975402220822688,-0.491516225072845,-0.0396340340648283,0.987833751964947
