"Posterior_Mean","Posterior_SD","Posterior_LB","Posterior_UB","prob"
-0.206455508484157,0.0975283544489581,-0.421914256442146,0.0465245339405198,0.948833133177494
