"Posterior_Mean","Posterior_SD","Posterior_LB","Posterior_UB","prob"
-0.301985831750585,0.0688196109598522,-0.442342994514771,-0.163510958263594,0.999910952079839
