"Posterior_Mean","Posterior_SD","Posterior_LB","Posterior_UB","prob"
-0.313242693909489,0.104582763547692,-0.527521617704315,-0.0746334586105531,0.996467791461237
