"Posterior_Mean","Posterior_SD","Posterior_LB","Posterior_UB","prob"
-0.311680314699297,0.0697842459467657,-0.447548754600424,-0.160237750548993,0.999244934303784
