"Posterior_Mean","Posterior_SD","Posterior_LB","Posterior_UB","prob"
0.0165642585937709,0.1052848472711,-0.270229264635233,0.280101881775917,0.416936025817197
