"Posterior_Mean","Posterior_SD","Posterior_LB","Posterior_UB","prob"
-0.271962403665763,0.0755523167571271,-0.422304455351795,-0.070500005262675,0.992090200999007
