"Posterior_Mean","Posterior_SD","Posterior_LB","Posterior_UB","prob"
-0.307597380090505,0.0839606022384282,-0.48019441241294,-0.12239755353239,0.999053178402015
