"Posterior_Mean","Posterior_SD","Posterior_LB","Posterior_UB","prob"
-0.463689411207627,0.0981995134628039,-0.670346137314284,-0.21350729988887,1
