"Posterior_Mean","Posterior_SD","Posterior_LB","Posterior_UB","prob"
-0.298772239243138,0.109285250434422,-0.544832927304005,-0.0784329747151296,0.995331854992055
