"Posterior_Mean","Posterior_SD","Posterior_LB","Posterior_UB","prob"
-0.237729703044251,0.0736298217914871,-0.41901358022847,-0.0331160421975145,0.988564865145126
