"Posterior_Mean","Posterior_SD","Posterior_LB","Posterior_UB","prob"
-0.488477151505484,0.0656080265631338,-0.695563100409377,-0.325148179842826,1
