"Posterior_Mean","Posterior_SD","Posterior_LB","Posterior_UB","prob"
-0.356166921501844,0.0706346828484405,-0.540108421317229,-0.14311371501785,0.999710895398271
