"Posterior_Mean","Posterior_SD","Posterior_LB","Posterior_UB","prob"
-0.485537491103684,0.0887778042212213,-0.66741582446278,-0.255285458003926,1
