"Posterior_Mean","Posterior_SD","Posterior_LB","Posterior_UB","prob"
-0.403842503504114,0.0781492275066509,-0.596064300015992,-0.188322378024523,0.999872066683426
