"Posterior_Mean","Posterior_SD","Posterior_LB","Posterior_UB","prob"
-0.282199483471103,0.0656869596202558,-0.414407722035134,-0.142830299047527,0.999397278791474
