"Posterior_Mean","Posterior_SD","Posterior_LB","Posterior_UB","prob"
-0.269390439572977,0.0807682722096115,-0.462747114189362,-0.090831086079263,0.998365433069659
