"Posterior_Mean","Posterior_SD","Posterior_LB","Posterior_UB","prob"
-0.261962007148056,0.0986744837225766,-0.478501059313326,-0.0263645271390015,0.986275544159842
