"Posterior_Mean","Posterior_SD","Posterior_LB","Posterior_UB","prob"
-0.347871046300208,0.0589547313178546,-0.469256848308444,-0.178149601781031,0.998327364968765
