"Posterior_Mean","Posterior_SD","Posterior_LB","Posterior_UB","prob"
-0.199216004316142,0.0911451532363636,-0.384004850566862,0.028467228664574,0.962144620921239
