"Posterior_Mean","Posterior_SD","Posterior_LB","Posterior_UB","prob"
-0.218965354509982,0.079099522079567,-0.437481963043048,-0.0242123804069382,0.985389370858228
