"Posterior_Mean","Posterior_SD","Posterior_LB","Posterior_UB","prob"
-0.371031419769339,0.0965214290480883,-0.567180167830474,-0.1450525630518,0.999065041843991
