"Posterior_Mean","Posterior_SD","Posterior_LB","Posterior_UB","prob"
-0.293158190574207,0.0700610803316707,-0.435324621826075,-0.109606314412948,0.99686145956582
