"Posterior_Mean","Posterior_SD","Posterior_LB","Posterior_UB","prob"
-0.313079715711378,0.105007166283484,-0.542978001807746,-0.0647617792226067,0.993202587962991
