"Posterior_Mean","Posterior_SD","Posterior_LB","Posterior_UB","prob"
-0.281163832529084,0.0777840479613354,-0.433473384902303,-0.04952241186365,0.988418697808363
