"Posterior_Mean","Posterior_SD","Posterior_LB","Posterior_UB","prob"
-0.330051679835905,0.0679708598855918,-0.466773349939158,-0.184486892352118,0.999401556404234
