"Posterior_Mean","Posterior_SD","Posterior_LB","Posterior_UB","prob"
-0.383927775107772,0.0814138743941099,-0.552910010920944,-0.21903878621837,1
