"Posterior_Mean","Posterior_SD","Posterior_LB","Posterior_UB","prob"
-0.288446388297852,0.0965830634416799,-0.507923948092651,-0.0548243171483294,0.993174396447519
