"Posterior_Mean","Posterior_SD","Posterior_LB","Posterior_UB","prob"
-0.330766638544436,0.086181201395697,-0.502551635392351,-0.126145020812918,0.998744755058272
