"Posterior_Mean","Posterior_SD","Posterior_LB","Posterior_UB","prob"
-0.154894609595399,0.08633920613556,-0.33089621753381,0.0681774354206133,0.936647230949345
