"Posterior_Mean","Posterior_SD","Posterior_LB","Posterior_UB","prob"
-0.294107170377795,0.0743821797291708,-0.440172984040362,-0.111255766208678,0.996700788257127
