"Posterior_Mean","Posterior_SD","Posterior_LB","Posterior_UB","prob"
-0.328546277445741,0.10416435288288,-0.56144771840707,-0.0715019029808193,0.992514186543949
