"Posterior_Mean","Posterior_SD","Posterior_LB","Posterior_UB","prob"
-0.266178195870535,0.0768750530006029,-0.455609356345825,0.00659968628563758,0.973550722496178
