"","Posterior_Mean","Posterior_SD","Posterior_LB","Posterior_UB"
"1",0.1029261295392,0.0434658574163839,0.018283193404283,0.189925026859673
