"","Posterior_Mean","Posterior_SD","Posterior_LB","Posterior_UB"
"1",0.0371750375706419,0.0423301555131859,-0.0466609956381777,0.118912116075128
