"","Posterior_Mean","Posterior_SD","Posterior_LB","Posterior_UB"
"1",-0.0180251022428816,0.0431388658469787,-0.103522111350453,0.0646919442786182
