"","Posterior_Mean","Posterior_SD","Posterior_LB","Posterior_UB"
"1",0.0227176348990289,0.0476353322373143,-0.0720961850776205,0.114483368691624
