"","Posterior_Mean","Posterior_SD","Posterior_LB","Posterior_UB"
"1",-0.0136621438771293,0.0458357001090962,-0.103565004807924,0.075792834468009
