"","Posterior_Mean","Posterior_SD","Posterior_LB","Posterior_UB"
"1",0.00605466133202049,0.0389338771743997,-0.0721627161652887,0.0817070846825757
