"","Posterior_Mean","Posterior_SD","Posterior_LB","Posterior_UB"
"1",-0.010593577736244,0.0456581835280901,-0.0990396782969656,0.079006637534346
