"Posterior_Mean","Posterior_SD","Posterior_LB","Posterior_UB","prob"
-0.228625075624783,0.0550792707487893,-0.356647300693513,-0.115793985358759,0.999879592727082
