"Posterior_Mean","Posterior_SD","Posterior_LB","Posterior_UB","prob"
-0.412330946475671,0.0685006465833002,-0.572065943051885,-0.230610679707812,1
