"Posterior_Mean","Posterior_SD","Posterior_LB","Posterior_UB","prob"
-0.279961818741378,0.0657193462228091,-0.410523306274654,-0.148245210764142,0.999994772037666
