"Posterior_Mean","Posterior_SD","Posterior_LB","Posterior_UB","prob"
-0.343077971085743,0.0534503207754056,-0.447017534029177,-0.236066824728649,1
