"Posterior_Mean","Posterior_SD","Posterior_LB","Posterior_UB","prob"
-0.346068952106308,0.0517652832938577,-0.449842528810804,-0.238507284458088,0.999999994535223
