"Posterior_Mean","Posterior_SD","Posterior_LB","Posterior_UB","prob"
-0.381828041365944,0.0511620145706877,-0.494978513132916,-0.236294607889116,0.99996935136085
