"Posterior_Mean","Posterior_SD","Posterior_LB","Posterior_UB","prob"
-0.237944781574894,0.0605273271985824,-0.362800605858802,-0.116673471937863,0.999763878741189
