"Posterior_Mean","Posterior_SD","Posterior_LB","Posterior_UB","prob"
-0.226611538730508,0.0538193250656476,-0.33607900450115,-0.107069748122052,0.999432754142512
