"Posterior_Mean","Posterior_SD","Posterior_LB","Posterior_UB","prob"
-0.280486307838226,0.0585133716928016,-0.398157264335724,-0.153425611921099,0.999260298862682
