"Posterior_Mean","Posterior_SD","Posterior_LB","Posterior_UB","prob"
-0.220906640554171,0.0575726325969144,-0.341283972569073,-0.0894249790555922,0.996311201781911
