"Posterior_Mean","Posterior_SD","Posterior_LB","Posterior_UB","prob"
-0.225965662806333,0.0573880801699002,-0.36675553087227,-0.109999050717765,0.999997599391727
