"Posterior_Mean","Posterior_SD","Posterior_LB","Posterior_UB","prob"
-0.315335587076996,0.0470221044418989,-0.41802296447104,-0.19863959589962,0.999994652137564
