"Posterior_Mean","Posterior_SD","Posterior_LB","Posterior_UB","prob"
-0.306336030270394,0.0736439499538568,-0.475760197916591,-0.16209782035558,1
