"Posterior_Mean","Posterior_SD","Posterior_LB","Posterior_UB","prob"
-0.360237966677475,0.0450908466780311,-0.450987128757395,-0.271830715495779,0.999999999002154
