"Posterior_Mean","Posterior_SD","Posterior_LB","Posterior_UB","prob"
-0.264041312680037,0.0468389619260999,-0.358605679738919,-0.152246744465183,0.999999705774751
