"Posterior_Mean","Posterior_SD","Posterior_LB","Posterior_UB","prob"
-0.400896286950327,0.0531100886263085,-0.506209426149397,-0.29395579451426,1
