"Posterior_Mean","Posterior_SD","Posterior_LB","Posterior_UB","prob"
-0.354202777073649,0.0445651930178707,-0.442244354216933,-0.258203820981727,0.999999946165707
