"Posterior_Mean","Posterior_SD","Posterior_LB","Posterior_UB","prob"
-0.267357394546455,0.0519997745850973,-0.386608221506601,-0.131936390732692,0.999886835867941
