"Posterior_Mean","Posterior_SD","Posterior_LB","Posterior_UB","prob"
-0.291285383546337,0.0549195814363702,-0.406118610478255,-0.169674815804508,0.999973094319886
