"Posterior_Mean","Posterior_SD","Posterior_LB","Posterior_UB","prob"
-0.335000777530255,0.0466541435648683,-0.426761527556666,-0.239604881978104,0.999999943310287
