"Posterior_Mean","Posterior_SD","Posterior_LB","Posterior_UB","prob"
-0.266927784368272,0.0955810292225535,-0.460590872856425,-0.0807775419262011,0.997551260253844
