"Posterior_Mean","Posterior_SD","Posterior_LB","Posterior_UB","prob"
-0.399493636862073,0.0494688308691216,-0.494898619885519,-0.297069398277014,1
