"Posterior_Mean","Posterior_SD","Posterior_LB","Posterior_UB","prob"
-0.172621057478014,0.0708738578554063,-0.306702262564256,-0.0155803344633709,0.980840271522079
