"Posterior_Mean","Posterior_SD","Posterior_LB","Posterior_UB","prob"
-0.395967368549134,0.0542295899276196,-0.502587885590497,-0.274630369112904,1
