"Posterior_Mean","Posterior_SD","Posterior_LB","Posterior_UB","prob"
-0.191772891430842,0.0681188655247454,-0.324152718064284,-0.0546969727707987,0.996808342338174
