"Posterior_Mean","Posterior_SD","Posterior_LB","Posterior_UB","prob"
-0.0858438029071371,0.0935776484061205,-0.265447776608171,0.0911839078896317,0.821403468272383
