"Posterior_Mean","Posterior_SD","Posterior_LB","Posterior_UB","prob"
-0.301574311268045,0.055296656562631,-0.413135502561136,-0.181586011537063,0.999999404353104
