"Posterior_Mean","Posterior_SD","Posterior_LB","Posterior_UB","prob"
-0.291808050853029,0.0491732211823553,-0.402822492797054,-0.188260421191069,1
