"Posterior_Mean","Posterior_SD","Posterior_LB","Posterior_UB","prob"
-0.232644898248858,0.0535827793265032,-0.34050859491657,-0.128298008874178,0.999994001350033
