"Posterior_Mean","Posterior_SD","Posterior_LB","Posterior_UB","prob"
-0.31081600667281,0.0549385379385407,-0.426975925958687,-0.153077691072456,0.997411794690674
