"Posterior_Mean","Posterior_SD","Posterior_LB","Posterior_UB","prob"
-0.176104965337376,0.0836478825437538,-0.345567503156839,-0.00358648008908465,0.977451338784484
