"Posterior_Mean","Posterior_SD","Posterior_LB","Posterior_UB","prob"
-0.231985034611755,0.0545281019184276,-0.337770996431177,-0.121829340532767,0.999909817095229
