"Posterior_Mean","Posterior_SD","Posterior_LB","Posterior_UB","prob"
-0.135306671926723,0.0652696061848626,-0.267452648051179,-0.00688483889914316,0.980511577090349
