"Posterior_Mean","Posterior_SD","Posterior_LB","Posterior_UB","prob"
-0.194665313112045,0.0702012170374393,-0.336265581596445,-0.0154421893470224,0.981328746393961
