"Posterior_Mean","Posterior_SD","Posterior_LB","Posterior_UB","prob"
-0.292775192738511,0.0539589077762594,-0.402032501234478,-0.187866889125512,0.999985654512495
