"Posterior_Mean","Posterior_SD","Posterior_LB","Posterior_UB","prob"
-0.283390087388825,0.0609928414408975,-0.416819745718764,-0.0701043715892049,0.993942598578962
