"Posterior_Mean","Posterior_SD","Posterior_LB","Posterior_UB","prob"
-0.0884013599618385,0.0947442619080628,-0.271221696599166,0.0961165056668773,0.8265
