"Posterior_Mean","Posterior_SD","Posterior_LB","Posterior_UB","prob"
-0.336701856312727,0.054101797275229,-0.443992071663148,-0.227487136081919,0.999997710401644
