"Posterior_Mean","Posterior_SD","Posterior_LB","Posterior_UB","prob"
-0.258707766595195,0.0582926704655264,-0.380774984983706,-0.115510710515878,0.99894948049369
