"Posterior_Mean","Posterior_SD","Posterior_LB","Posterior_UB","prob"
-0.257289071461981,0.0546885447995636,-0.366689586051987,-0.141499572698246,0.999951468031327
