"Posterior_Mean","Posterior_SD","Posterior_LB","Posterior_UB","prob"
-0.301529358104839,0.0536114330627673,-0.406189465215138,-0.195413223703802,0.999985718417484
