"Posterior_Mean","Posterior_SD","Posterior_LB","Posterior_UB","prob"
-0.240805478340066,0.0564450598010931,-0.373637963183969,-0.115437141044656,0.999523022677153
