"Posterior_Mean","Posterior_SD","Posterior_LB","Posterior_UB","prob"
-0.125075715136546,0.0674087069273315,-0.286277301154094,0.0259760138103098,0.940699045288218
