"Posterior_Mean","Posterior_SD","Posterior_LB","Posterior_UB","prob"
-0.384183125432896,0.0505599892670805,-0.495196641373024,-0.261099276042368,1
