"Posterior_Mean","Posterior_SD","Posterior_LB","Posterior_UB","prob"
-0.294339818051245,0.0483077160993933,-0.388482792404989,-0.185439014590356,0.99963600096577
