"Posterior_Mean","Posterior_SD","Posterior_LB","Posterior_UB","prob"
-0.381794306594544,0.0491481586497113,-0.491575592035486,-0.258452374243997,0.99999705174865
