"Posterior_Mean","Posterior_SD","Posterior_LB","Posterior_UB","prob"
-0.374381611734366,0.0488190237312708,-0.47642929027354,-0.258637266473744,0.999999830998021
