"Posterior_Mean","Posterior_SD","Posterior_LB","Posterior_UB","prob"
-0.187474054089318,0.0555774939051957,-0.293849117125394,-0.0772608638153464,0.99830958510113
