"Posterior_Mean","Posterior_SD","Posterior_LB","Posterior_UB","prob"
-0.197359221861938,0.0669265844312659,-0.330438911065937,-0.0650689325489094,0.998249178778153
