"Posterior_Mean","Posterior_SD","Posterior_LB","Posterior_UB","prob"
-0.0992479823692977,0.0897781311278364,-0.303204301006224,0.0898010103905781,0.84826848284784
