"Posterior_Mean","Posterior_SD","Posterior_LB","Posterior_UB","prob"
-0.210518873195386,0.0550340853375732,-0.317084625016519,-0.100717010292008,0.999787524382894
