"Posterior_Mean","Posterior_SD","Posterior_LB","Posterior_UB","prob"
-0.326104402029501,0.0467124664773128,-0.41753095873852,-0.230228480209329,0.999999961818422
