"Posterior_Mean","Posterior_SD","Posterior_LB","Posterior_UB","prob"
-0.0988184431823265,0.0685604253000395,-0.235256831999156,0.0596346354862934,0.911175418742703
