"Posterior_Mean","Posterior_SD","Posterior_LB","Posterior_UB","prob"
-0.238180137535675,0.054345708686396,-0.352184842029583,-0.136647030041379,0.999993491171766
