"Posterior_Mean","Posterior_SD","Posterior_LB","Posterior_UB","prob"
-0.423058586029974,0.0652085227416963,-0.615700212340305,-0.203488318558825,1
