"Posterior_Mean","Posterior_SD","Posterior_LB","Posterior_UB","prob"
-0.507133574987839,0.0606718665263984,-0.633462056649532,-0.343785884787491,1
