"Posterior_Mean","Posterior_SD","Posterior_LB","Posterior_UB","prob"
-0.00373492618277403,0.0933853020787595,-0.192384776038569,0.188009892364797,0.512980106255886
