"Posterior_Mean","Posterior_SD","Posterior_LB","Posterior_UB","prob"
-0.211692304082577,0.0629492184525846,-0.362705426874792,-0.0612680526398853,0.996056079507146
