"Posterior_Mean","Posterior_SD","Posterior_LB","Posterior_UB","prob"
-0.334827727773499,0.0465822338097456,-0.430377446974874,-0.244038543323582,1
