"Posterior_Mean","Posterior_SD","Posterior_LB","Posterior_UB","prob"
-0.380783601210207,0.060969994994439,-0.501990293467777,-0.254112181172426,1
