"Posterior_Mean","Posterior_SD","Posterior_LB","Posterior_UB","prob"
-0.307552764259409,0.0581632849312846,-0.431974449707072,-0.187155920721581,0.999997535536568
