"Posterior_Mean","Posterior_SD","Posterior_LB","Posterior_UB","prob"
-0.312274530621713,0.061816985911173,-0.476888005875574,-0.174110344802302,1
