"Posterior_Mean","Posterior_SD","Posterior_LB","Posterior_UB","prob"
-0.314201322844186,0.0538232653983192,-0.420964499805697,-0.209439899587926,0.999999972751948
