"Posterior_Mean","Posterior_SD","Posterior_LB","Posterior_UB","prob"
-0.245687572995723,0.0665812496949447,-0.381316292002721,-0.116063189529961,0.99982705997678
