"Posterior_Mean","Posterior_SD","Posterior_LB","Posterior_UB","prob"
-0.387570581926643,0.0552291801533093,-0.580944209030615,-0.22568031749897,1
