"Posterior_Mean","Posterior_SD","Posterior_LB","Posterior_UB","prob"
-0.159299653080093,0.0658090127523653,-0.289806862788089,-0.0314770254996424,0.992962184100442
