"Posterior_Mean","Posterior_SD","Posterior_LB","Posterior_UB","prob"
-0.326821324690325,0.0446411359468453,-0.421420340459439,-0.240757730544178,0.999999996115332
