"Posterior_Mean","Posterior_SD","Posterior_LB","Posterior_UB","prob"
-0.22542540692071,0.0871757013565298,-0.397731217818457,-0.0572453528875616,0.995414207443454
