"Posterior_Mean","Posterior_SD","Posterior_LB","Posterior_UB","prob"
-0.341405359112893,0.0549637498081835,-0.450606346194688,-0.22697446105538,0.99997435260303
