"Posterior_Mean","Posterior_SD","Posterior_LB","Posterior_UB","prob"
-0.172978528514391,0.0513328773720783,-0.268989677930935,-0.0708416978823946,0.998997040507154
