"Posterior_Mean","Posterior_SD","Posterior_LB","Posterior_UB","prob"
-0.426348590197546,0.0542306570930813,-0.534067954820567,-0.319940425475403,1
