"Posterior_Mean","Posterior_SD","Posterior_LB","Posterior_UB","prob"
-0.31148487882018,0.0464785582789887,-0.404638023542289,-0.214366017288588,0.999998463353349
