"Posterior_Mean","Posterior_SD","Posterior_LB","Posterior_UB","prob"
-0.344814130660641,0.0525725595683681,-0.508956889610291,-0.186390929008397,1
