"Posterior_Mean","Posterior_SD","Posterior_LB","Posterior_UB","prob"
-0.271991625468951,0.0768055989008442,-0.473457338321261,-0.108043878820523,0.999814278623431
