"Posterior_Mean","Posterior_SD","Posterior_LB","Posterior_UB","prob"
-0.292340496858392,0.070743895516109,-0.440059453587208,-0.149922399625579,1
