"Posterior_Mean","Posterior_SD","Posterior_LB","Posterior_UB","prob"
-0.18599602994301,0.0917571483278816,-0.369589607049949,-0.00122539773240771,0.976172476564952
