"Posterior_Mean","Posterior_SD","Posterior_LB","Posterior_UB","prob"
-0.314777872123964,0.0530418822467884,-0.429027701947742,-0.206568626929414,1
