"Posterior_Mean","Posterior_SD","Posterior_LB","Posterior_UB","prob"
-0.396641259022838,0.047876165951925,-0.492874910646545,-0.291327143850271,0.999998594938647
