"Posterior_Mean","Posterior_SD","Posterior_LB","Posterior_UB","prob"
-0.320431459491498,0.0522353047086507,-0.42507682445775,-0.210890959872856,0.999995139714387
