"Posterior_Mean","Posterior_SD","Posterior_LB","Posterior_UB","prob"
-0.264653473378624,0.0463950109838807,-0.360705280419204,-0.177746541828728,0.999999991187655
