"Posterior_Mean","Posterior_SD","Posterior_LB","Posterior_UB","prob"
-0.292754052599912,0.0543176128137506,-0.399474799652062,-0.181229279342813,0.99999997661236
