"Posterior_Mean","Posterior_SD","Posterior_LB","Posterior_UB","prob"
-0.157705739412664,0.0645043725351476,-0.282143253208227,-0.0260330072066002,0.988268254610752
