"Posterior_Mean","Posterior_SD","Posterior_LB","Posterior_UB","prob"
-0.34848576318317,0.0476420167199787,-0.443734308743509,-0.241469506004358,0.999999966357529
