"Posterior_Mean","Posterior_SD","Posterior_LB","Posterior_UB","prob"
-0.315211012323401,0.0501888754764138,-0.436194136842899,-0.183585150456096,0.999432224278097
