"Posterior_Mean","Posterior_SD","Posterior_LB","Posterior_UB","prob"
-0.264231272404997,0.0678179704691914,-0.39890163526287,-0.106014431775122,0.99737674863328
