"Posterior_Mean","Posterior_SD","Posterior_LB","Posterior_UB","prob"
-0.337670251474534,0.0531046037612469,-0.443129172394581,-0.228129684838197,0.999948692275371
