"Posterior_Mean","Posterior_SD","Posterior_LB","Posterior_UB","prob"
-0.254220411786885,0.0476424630916182,-0.361441687284323,-0.150256049172072,0.999964010855223
