"Posterior_Mean","Posterior_SD","Posterior_LB","Posterior_UB","prob"
-0.311534580728619,0.055632329580039,-0.429484708243012,-0.168084825366193,0.999996713796098
