"Posterior_Mean","Posterior_SD","Posterior_LB","Posterior_UB","prob"
-0.239795389177147,0.0534723119652126,-0.350566572374675,-0.140400660407711,0.999999212092324
