"Posterior_Mean","Posterior_SD","Posterior_LB","Posterior_UB","prob"
-0.291623675291569,0.0539106356442069,-0.40244995019478,-0.168493399023587,0.99967955188056
