"Posterior_Mean","Posterior_SD","Posterior_LB","Posterior_UB","prob"
-0.329822370562355,0.0486295969273438,-0.42672295819845,-0.214440091636376,0.999892921701567
