"Posterior_Mean","Posterior_SD","Posterior_LB","Posterior_UB","prob"
-0.250299506079347,0.0575964438272148,-0.365207830178052,-0.13030107963208,0.999835966232115
