"Posterior_Mean","Posterior_SD","Posterior_LB","Posterior_UB","prob"
-0.265184599514881,0.0572847626925004,-0.388052499051718,-0.151020037443668,0.999975443040397
