"Posterior_Mean","Posterior_SD","Posterior_LB","Posterior_UB","prob"
-0.315111405878346,0.0496358017268634,-0.427303440022132,-0.196462583019591,0.999999877460197
