"Posterior_Mean","Posterior_SD","Posterior_LB","Posterior_UB","prob"
-0.258288476624342,0.045920535924044,-0.350945571907781,-0.155521118239908,0.999993526464476
