"Posterior_Mean","Posterior_SD","Posterior_LB","Posterior_UB","prob"
-0.218826789604833,0.0547019662209331,-0.341038497684894,-0.0848316079604036,0.998112096377118
