"Posterior_Mean","Posterior_SD","Posterior_LB","Posterior_UB","prob"
-0.243543145608395,0.0641197986117983,-0.384348388498874,-0.106948869673583,0.999551802202404
