"Posterior_Mean","Posterior_SD","Posterior_LB","Posterior_UB","prob"
-0.295592323844653,0.0462557343834557,-0.391671898187313,-0.198648942293793,0.999999991268278
