"Posterior_Mean","Posterior_SD","Posterior_LB","Posterior_UB","prob"
-0.34618218757106,0.0559689239727799,-0.459619122156588,-0.219427531235128,0.99999304391461
