"Posterior_Mean","Posterior_SD","Posterior_LB","Posterior_UB","prob"
-0.377100072456833,0.0539396558508369,-0.488174134213987,-0.26241297029119,1
