"Posterior_Mean","Posterior_SD","Posterior_LB","Posterior_UB","prob"
-0.219512586108631,0.0562840719942803,-0.335280503062542,-0.0845762379965419,0.995885668821293
