"Posterior_Mean","Posterior_SD","Posterior_LB","Posterior_UB","prob"
-0.239038096059277,0.0538776993833363,-0.34520093281009,-0.129851681154766,0.999992636666633
