"Posterior_Mean","Posterior_SD","Posterior_LB","Posterior_UB","prob"
-0.432330520161615,0.05617513888744,-0.547977214782685,-0.30724031606049,0.999999698231221
