"Posterior_Mean","Posterior_SD","Posterior_LB","Posterior_UB","prob"
-0.381082266362251,0.0472094134576093,-0.474876558431022,-0.288004804712779,0.999999980389555
