"Posterior_Mean","Posterior_SD","Posterior_LB","Posterior_UB","prob"
-0.266249901820393,0.0954333682238684,-0.455540820320228,-0.0822030677690935,0.996666666666667
