"Posterior_Mean","Posterior_SD","Posterior_LB","Posterior_UB","prob"
-0.236252390939732,0.0486987841460852,-0.342563252593856,-0.0990856810915056,0.998786186018245
