"Posterior_Mean","Posterior_SD","Posterior_LB","Posterior_UB","prob"
-0.189433759835882,0.0552642920558729,-0.295262920902602,-0.0786861994090211,0.999612030965857
