"Posterior_Mean","Posterior_SD","Posterior_LB","Posterior_UB","prob"
-0.269886770311752,0.0547477299182298,-0.403316725103071,-0.14595350466272,0.999933187853631
