"Posterior_Mean","Posterior_SD","Posterior_LB","Posterior_UB","prob"
-0.252969944642902,0.052425966589055,-0.359207917945293,-0.136944625919251,0.999974071958176
