"Posterior_Mean","Posterior_SD","Posterior_LB","Posterior_UB","prob"
-0.0908957301758841,0.0679968666141108,-0.226641012028603,0.0439028966711579,0.910983858250585
