"Posterior_Mean","Posterior_SD","Posterior_LB","Posterior_UB","prob"
-0.344428675176995,0.0584564169137179,-0.480404190975725,-0.223680260954133,1
