"Posterior_Mean","Posterior_SD","Posterior_LB","Posterior_UB","prob"
-0.318083963923318,0.0538797555908841,-0.422729448442311,-0.212805747396798,0.999998314986428
