"Posterior_Mean","Posterior_SD","Posterior_LB","Posterior_UB","prob"
-0.302586043052695,0.0543171259991566,-0.409482451842853,-0.190450286580889,0.999995002550673
