"Posterior_Mean","Posterior_SD","Posterior_LB","Posterior_UB","prob"
-0.251502026209687,0.0518431720557553,-0.351201290118693,-0.147883081113881,0.999999973195512
