"Posterior_Mean","Posterior_SD","Posterior_LB","Posterior_UB","prob"
-0.257385279863459,0.0579854328386953,-0.377414260244616,-0.126028806544271,0.999934068387575
