"Posterior_Mean","Posterior_SD","Posterior_LB","Posterior_UB","prob"
-0.132753757208775,0.0541799787007932,-0.239516223013998,-0.0236800509822127,0.991758724875812
