"Posterior_Mean","Posterior_SD","Posterior_LB","Posterior_UB","prob"
-0.291516143840622,0.0606242264928889,-0.413383358971124,-0.169333642130007,0.99987871340466
