"Posterior_Mean","Posterior_SD","Posterior_LB","Posterior_UB","prob"
-0.290712039597902,0.0571327445688253,-0.409767318561042,-0.178768548842224,0.999997473258544
