"Posterior_Mean","Posterior_SD","Posterior_LB","Posterior_UB","prob"
-0.343746091327935,0.0472084141804015,-0.439684001368227,-0.234556653591184,0.999999913866117
