"Posterior_Mean","Posterior_SD","Posterior_LB","Posterior_UB","prob"
-0.376702239315442,0.0471032062736567,-0.470956982698828,-0.285299969126847,0.999999988856216
