"Posterior_Mean","Posterior_SD","Posterior_LB","Posterior_UB","prob"
-0.316651169660854,0.0479622213252813,-0.416496152384313,-0.218111276103547,0.999997497294372
