"Posterior_Mean","Posterior_SD","Posterior_LB","Posterior_UB","prob"
-0.228498617872462,0.0557589693023857,-0.337714489068686,-0.107012147994109,0.999535257086504
