"Posterior_Mean","Posterior_SD","Posterior_LB","Posterior_UB","prob"
-0.392029378662912,0.052349774319909,-0.499976517696615,-0.28339908191018,1
