"Posterior_Mean","Posterior_SD","Posterior_LB","Posterior_UB","prob"
-0.2521598043765,0.0545011749333498,-0.361405846974567,-0.12525397463063,0.999283256017878
