"Posterior_Mean","Posterior_SD","Posterior_LB","Posterior_UB","prob"
-0.334392961072902,0.0491181646328378,-0.461230480741592,-0.209610011903087,0.999999780694141
