"Posterior_Mean","Posterior_SD","Posterior_LB","Posterior_UB","prob"
-0.194241299073602,0.0785324872639353,-0.374981246926801,0.0111637500440757,0.967517192483542
