"Posterior_Mean","Posterior_SD","Posterior_LB","Posterior_UB","prob"
-0.159506990896568,0.0542561838049157,-0.269146144582675,-0.0497733421218686,0.997997443493518
