"Posterior_Mean","Posterior_SD","Posterior_LB","Posterior_UB","prob"
-0.235608368813127,0.046665499014013,-0.328586901962924,-0.138474422815676,0.999969235521133
