"Posterior_Mean","Posterior_SD","Posterior_LB","Posterior_UB","prob"
-0.303954621234284,0.0479353075813337,-0.417255965207985,-0.17096764862358,0.999965106228761
