"Posterior_Mean","Posterior_SD","Posterior_LB","Posterior_UB","prob"
-0.293186546877095,0.0924647670671956,-0.473828664564823,-0.105068468055627,0.999033411082728
