"Posterior_Mean","Posterior_SD","Posterior_LB","Posterior_UB","prob"
-0.154289037707755,0.0531386243821338,-0.255469600178182,-0.0480291012019427,0.997233711130534
