"Posterior_Mean","Posterior_SD","Posterior_LB","Posterior_UB","prob"
-0.291149262220302,0.0532372953757418,-0.411344059326877,-0.174545745851083,0.999997363633505
