"Posterior_Mean","Posterior_SD","Posterior_LB","Posterior_UB","prob"
-0.290156403240956,0.0540021597994776,-0.395853294609213,-0.183269965387736,0.999999955179353
