"Posterior_Mean","Posterior_SD","Posterior_LB","Posterior_UB","prob"
-0.215193437528886,0.058134806242595,-0.327389996677446,-0.100317508616109,0.999545794772088
