"Posterior_Mean","Posterior_SD","Posterior_LB","Posterior_UB","prob"
-0.190071110436893,0.0676664252690227,-0.326503409685761,-0.0591771462640508,0.997386982794249
