"Posterior_Mean","Posterior_SD","Posterior_LB","Posterior_UB","prob"
-0.220880313160249,0.0635419720484565,-0.359551457749855,-0.0905339846948776,0.999952084665565
