"Posterior_Mean","Posterior_SD","Posterior_LB","Posterior_UB","prob"
-0.132575672009033,0.0674679561490602,-0.264678950000898,-0.000459969779066823,0.975648965598671
