"Posterior_Mean","Posterior_SD","Posterior_LB","Posterior_UB","prob"
-0.139056581092386,0.0573319528197114,-0.266396358874807,0.0150217103322162,0.962834279610621
