"Posterior_Mean","Posterior_SD","Posterior_LB","Posterior_UB","prob"
-0.253213540461913,0.064057324517918,-0.391565862404062,-0.10722655348701,0.999198236278804
