"Posterior_Mean","Posterior_SD","Posterior_LB","Posterior_UB","prob"
-0.262777468937055,0.0594082036511137,-0.40790178002986,-0.132989120271074,0.999993580292589
