"Posterior_Mean","Posterior_SD","Posterior_LB","Posterior_UB","prob"
-0.322645342147294,0.0549471125112561,-0.431012285811014,-0.200110172182744,0.999195012783856
