"Posterior_Mean","Posterior_SD","Posterior_LB","Posterior_UB","prob"
-0.239633129694805,0.0548823906286095,-0.347415825131337,-0.127378190303478,0.99995658822596
