"Posterior_Mean","Posterior_SD","Posterior_LB","Posterior_UB","prob"
-0.239859614798087,0.054495000618924,-0.354599779017009,-0.127383635192523,0.999650687597472
