"Posterior_Mean","Posterior_SD","Posterior_LB","Posterior_UB","prob"
-0.281859041487641,0.0456384405363925,-0.373522486320128,-0.179532689036718,0.999999953672649
