"Posterior_Mean","Posterior_SD","Posterior_LB","Posterior_UB","prob"
-0.177594995062734,0.0587483457678811,-0.297327946894163,-0.0385852809083968,0.994180655314187
