"Posterior_Mean","Posterior_SD","Posterior_LB","Posterior_UB","prob"
-0.269433980614249,0.0501192011633692,-0.379943853465127,-0.143221583975225,0.999984684845924
