"Posterior_Mean","Posterior_SD","Posterior_LB","Posterior_UB","prob"
-0.277891570981689,0.0465852262407965,-0.370546734518477,-0.17759437501809,0.999999851098119
