"Posterior_Mean","Posterior_SD","Posterior_LB","Posterior_UB","prob"
-0.426955338000962,0.0629190878980312,-0.616619575085175,-0.211606924824964,1
