"Posterior_Mean","Posterior_SD","Posterior_LB","Posterior_UB","prob"
-0.291560118411816,0.0565531152033419,-0.405295576033671,-0.181241431228908,0.999998129394087
