"Posterior_Mean","Posterior_SD","Posterior_LB","Posterior_UB","prob"
-0.389254806700946,0.0494402248988666,-0.498180193433824,-0.253630089251668,0.999997683669484
