"Posterior_Mean","Posterior_SD","Posterior_LB","Posterior_UB","prob"
-0.323082442954878,0.0488192925245971,-0.424947967723485,-0.22066526594534,0.999997941335214
