"Posterior_Mean","Posterior_SD","Posterior_LB","Posterior_UB","prob"
-0.323418596955562,0.0567047767763761,-0.465271884119029,-0.17882166601092,0.999976593028887
