"Posterior_Mean","Posterior_SD","Posterior_LB","Posterior_UB","prob"
-0.340148797512873,0.0476513416244653,-0.433169557085028,-0.247751628858334,0.99999999996775
