"Posterior_Mean","Posterior_SD","Posterior_LB","Posterior_UB","prob"
-0.263708656395191,0.0547023129942368,-0.371822558380952,-0.152982309305996,0.999841900456165
