"Posterior_Mean","Posterior_SD","Posterior_LB","Posterior_UB","prob"
-0.319905737610417,0.0461645592374277,-0.414515743901446,-0.228218740467405,0.999999999863457
