"Posterior_Mean","Posterior_SD","Posterior_LB","Posterior_UB","prob"
-0.313002556727681,0.0561135575680921,-0.426809737218416,-0.20099989168514,1
