"Posterior_Mean","Posterior_SD","Posterior_LB","Posterior_UB","prob"
-0.257431318728072,0.0544287477559713,-0.366754865198759,-0.151041267804553,0.999995299790859
