"Posterior_Mean","Posterior_SD","Posterior_LB","Posterior_UB","prob"
-0.225620657198343,0.0557356054942943,-0.339776062059389,-0.0835933066252596,0.998409033882353
