"Posterior_Mean","Posterior_SD","Posterior_LB","Posterior_UB","prob"
-0.289717073849396,0.049691664503117,-0.392394547339662,-0.1680189668443,0.998302553495923
