"Posterior_Mean","Posterior_SD","Posterior_LB","Posterior_UB","prob"
-0.30772289100589,0.0493085683484916,-0.424851496151384,-0.18209216479129,0.999999185455718
