"Posterior_Mean","Posterior_SD","Posterior_LB","Posterior_UB","prob"
-0.230631674446561,0.0493217819636152,-0.34613569432106,-0.102321572966467,0.999997477263606
