"Posterior_Mean","Posterior_SD","Posterior_LB","Posterior_UB","prob"
-0.256640025186122,0.0582843728308495,-0.372757833298624,-0.138225767791858,0.999616208481526
