"Posterior_Mean","Posterior_SD","Posterior_LB","Posterior_UB","prob"
-0.258483610849473,0.0551878752129052,-0.373975380618945,-0.147480930185098,0.99998999855648
