"Posterior_Mean","Posterior_SD","Posterior_LB","Posterior_UB","prob"
-0.34464188451607,0.0758346720887839,-0.532087714144983,-0.193071634592652,1
