"Posterior_Mean","Posterior_SD","Posterior_LB","Posterior_UB","prob"
-0.289519823801964,0.0525142794302257,-0.396817096853853,-0.183825295963645,0.999999999536958
