"Posterior_Mean","Posterior_SD","Posterior_LB","Posterior_UB","prob"
-0.12466079699131,0.0649233151142619,-0.261711631985139,0.0168986324269361,0.959558832443015
