"Posterior_Mean","Posterior_SD","Posterior_LB","Posterior_UB","prob"
-0.188721039443441,0.0550380955887112,-0.300204984692787,-0.0799492865773367,0.999377420387167
