"Posterior_Mean","Posterior_SD","Posterior_LB","Posterior_UB","prob"
-0.231140351707413,0.0933600540532386,-0.408865072688647,-0.0440021853829048,0.992333333333333
