"Posterior_Mean","Posterior_SD","Posterior_LB","Posterior_UB","prob"
-0.349945478796759,0.0464823149092061,-0.451208513349938,-0.242156820848586,1
