"Posterior_Mean","Posterior_SD","Posterior_LB","Posterior_UB","prob"
-0.280175910734042,0.0551475989205241,-0.38771293683122,-0.168349865986424,0.999709105208077
