"Posterior_Mean","Posterior_SD","Posterior_LB","Posterior_UB","prob"
-0.316745640497581,0.056890298758932,-0.461527559611646,-0.197467246843774,1
