"Posterior_Mean","Posterior_SD","Posterior_LB","Posterior_UB","prob"
-0.175688228872467,0.0578955361564625,-0.30749960674166,-0.0131608210832605,0.982282957032552
