"Posterior_Mean","Posterior_SD","Posterior_LB","Posterior_UB","prob"
-0.360234898920115,0.0531330951819716,-0.483563634541568,-0.245046850961567,0.999999963928761
