"Posterior_Mean","Posterior_SD","Posterior_LB","Posterior_UB","prob"
-0.151122323342545,0.0661930763596484,-0.280726914040484,-0.0211829403220954,0.98803557351213
