"Posterior_Mean","Posterior_SD","Posterior_LB","Posterior_UB","prob"
-0.282772140329857,0.0473215280966693,-0.409820667087603,-0.170624076456913,0.999933166842417
