"Posterior_Mean","Posterior_SD","Posterior_LB","Posterior_UB","prob"
-0.110017726421519,0.0722871175059294,-0.255976276321854,0.0537678509563682,0.915908381942016
