"Posterior_Mean","Posterior_SD","Posterior_LB","Posterior_UB","prob"
-0.219581402646129,0.0582320591835375,-0.344737072938193,-0.090142081351167,0.998550891385374
