"Posterior_Mean","Posterior_SD","Posterior_LB","Posterior_UB","prob"
-0.203952966309324,0.0614280935784847,-0.391948321643119,-0.0381012110798893,0.994394905745379
