"Posterior_Mean","Posterior_SD","Posterior_LB","Posterior_UB","prob"
-0.410079387878491,0.0519786904193278,-0.511033748967867,-0.306883879534352,1
