"Posterior_Mean","Posterior_SD","Posterior_LB","Posterior_UB","prob"
-0.364753706115082,0.0571905066567731,-0.503468064385892,-0.146897012213558,0.99990149578789
