"Posterior_Mean","Posterior_SD","Posterior_LB","Posterior_UB","prob"
-0.218045884465611,0.0528890792766013,-0.328346202730944,-0.107098045504244,0.999441834291139
