"Posterior_Mean","Posterior_SD","Posterior_LB","Posterior_UB","prob"
-0.306260333883932,0.0545121226708144,-0.417765518573586,-0.175565664907219,0.999945258843279
