"Posterior_Mean","Posterior_SD","Posterior_LB","Posterior_UB","prob"
-0.133824486586194,0.0658252061626466,-0.267788715573979,-0.00809542012772148,0.980495669319593
