"Posterior_Mean","Posterior_SD","Posterior_LB","Posterior_UB","prob"
-0.323662697899945,0.09140706249113,-0.498393875803616,-0.143763462824973,1
