"Posterior_Mean","Posterior_SD","Posterior_LB","Posterior_UB","prob"
-0.315853736933052,0.0562323026132339,-0.425953152382935,-0.192191900927136,0.999806321395311
