"Posterior_Mean","Posterior_SD","Posterior_LB","Posterior_UB","prob"
-0.288158692558916,0.0551675840498926,-0.395038655800393,-0.176866916180366,0.999999879412522
