"Posterior_Mean","Posterior_SD","Posterior_LB","Posterior_UB","prob"
-0.413081497494864,0.0493711771556731,-0.516595911884544,-0.298607143228953,1
