"Posterior_Mean","Posterior_SD","Posterior_LB","Posterior_UB","prob"
-0.225251409551395,0.0535899417795278,-0.329967898243872,-0.120449256833642,0.999957745383092
