"Posterior_Mean","Posterior_SD","Posterior_LB","Posterior_UB","prob"
-0.238813954368565,0.0546583700266697,-0.347701226244555,-0.127089310787474,0.999850499747664
