"Posterior_Mean","Posterior_SD","Posterior_LB","Posterior_UB","prob"
-0.261226417888481,0.0554607139348785,-0.373787904190752,-0.143531102600153,0.999853774199473
