"Posterior_Mean","Posterior_SD","Posterior_LB","Posterior_UB","prob"
-0.26717487549511,0.0948232245658926,-0.454814592438762,-0.0845213002314649,0.996833333333333
