"Posterior_Mean","Posterior_SD","Posterior_LB","Posterior_UB","prob"
-0.417828911335002,0.0478843877074934,-0.513297636955078,-0.322195652596028,0.999999999454087
