"Posterior_Mean","Posterior_SD","Posterior_LB","Posterior_UB","prob"
-0.224668721109802,0.0764812461527052,-0.37856464981906,-0.0309804705581354,0.991500095463988
