"Posterior_Mean","Posterior_SD","Posterior_LB","Posterior_UB","prob"
-0.318920479553684,0.046479265211762,-0.414666517798044,-0.227645163094935,1
