"Posterior_Mean","Posterior_SD","Posterior_LB","Posterior_UB","prob"
-0.251206942554378,0.0535605565303222,-0.355373611957077,-0.147905597479154,0.999984536469564
