"Posterior_Mean","Posterior_SD","Posterior_LB","Posterior_UB","prob"
-0.25197708621215,0.0538313531837636,-0.358142424806134,-0.148632931463786,0.999999914328822
