"Posterior_Mean","Posterior_SD","Posterior_LB","Posterior_UB","prob"
-0.375851768323934,0.0553818497865109,-0.487879528769697,-0.259905215942,1
