"Posterior_Mean","Posterior_SD","Posterior_LB","Posterior_UB","prob"
-0.160848602342201,0.224381412840741,-0.609863213970936,0.297263052241552,0.764725047406913
