"Posterior_Mean","Posterior_SD","Posterior_LB","Posterior_UB","prob"
-0.283842631239522,0.220502017964069,-0.716159090688148,0.145225581546772,0.904666666666667
