"Posterior_Mean","Posterior_SD","Posterior_LB","Posterior_UB","prob"
-0.0590616644672992,0.2215705609445,-0.508425122544322,0.38981046914166,0.60044654437083
