"Posterior_Mean","Posterior_SD","Posterior_LB","Posterior_UB","prob"
-0.355060459162286,0.229621962289528,-0.821800635303029,0.0904844810722384,0.936340584815423
