"Posterior_Mean","Posterior_SD","Posterior_LB","Posterior_UB","prob"
-0.309469907846734,0.231646800600748,-0.75525668493033,0.143006713579563,0.909166666666667
