"Posterior_Mean","Posterior_SD","Posterior_LB","Posterior_UB","prob"
0.173986212615856,0.224057849444377,-0.283459021449123,0.636849147659903,0.237183611270283
