"Posterior_Mean","Posterior_SD","Posterior_LB","Posterior_UB","prob"
-0.181657996254158,0.23753225865852,-0.654602811810039,0.28338397831478,0.776666666666667
