"Posterior_Mean","Posterior_SD","Posterior_LB","Posterior_UB","prob"
-0.252504849979948,0.231060242398318,-0.733290924615725,0.212691651494966,0.861509503176363
