"Posterior_Mean","Posterior_SD","Posterior_LB","Posterior_UB","prob"
-0.317153303039807,0.225420977573919,-0.767613636652824,0.157792920836766,0.915643563135081
