"Posterior_Mean","Posterior_SD","Posterior_LB","Posterior_UB","prob"
-0.284099960858084,0.220067808375029,-0.719792676668242,0.143260420135557,0.900350395771796
