"Posterior_Mean","Posterior_SD","Posterior_LB","Posterior_UB","prob"
-0.279838395711963,0.235843043414306,-0.753752888626812,0.186797256738491,0.884833333333333
