"Posterior_Mean","Posterior_SD","Posterior_LB","Posterior_UB","prob"
0.313616373865243,0.216698466059666,-0.139896322021867,0.761572123872801,0.0889666045153169
