"Posterior_Mean","Posterior_SD","Posterior_LB","Posterior_UB","prob"
0.0336358705975282,0.233434613781115,-0.429082828366494,0.488271819277401,0.451792024931527
