"Posterior_Mean","Posterior_SD","Posterior_LB","Posterior_UB","prob"
-0.144047988768304,0.183830155729684,-0.515921137041143,0.266686596750422,0.769986280036516
