"Posterior_Mean","Posterior_SD","Posterior_LB","Posterior_UB","prob"
-0.245455093257129,0.239733583039069,-0.725743741363874,0.192143142906737,0.848000565446099
