"Posterior_Mean","Posterior_SD","Posterior_LB","Posterior_UB","prob"
-0.22286128174782,0.254069800933636,-0.72280895511204,0.273136231734999,0.812666666666667
