"Posterior_Mean","Posterior_SD","Posterior_LB","Posterior_UB","prob"
-0.0711048029954447,0.224767999020034,-0.500886815174501,0.363609856136806,0.63004071391726
