"Posterior_Mean","Posterior_SD","Posterior_LB","Posterior_UB","prob"
0.432146852024724,0.21343036061234,0.00871072811469364,0.853217179279706,0.0250011688650128
