"Posterior_Mean","Posterior_SD","Posterior_LB","Posterior_UB","prob"
-0.191521958169411,0.204390976884063,-0.603493684188655,0.234720866828691,0.824024563367639
