"Posterior_Mean","Posterior_SD","Posterior_LB","Posterior_UB","prob"
-0.315645763284674,0.252148138956494,-0.828776394727998,0.178780910328355,0.895678183507505
