"Posterior_Mean","Posterior_SD","Posterior_LB","Posterior_UB","prob"
-0.205907511015754,0.222934200831708,-0.649965475476392,0.237356230407561,0.817581968271218
