"Posterior_Mean","Posterior_SD","Posterior_LB","Posterior_UB","prob"
-0.0996068833080162,0.225161185823582,-0.544654546829767,0.348929789760106,0.672
