"Posterior_Mean","Posterior_SD","Posterior_LB","Posterior_UB","prob"
0.0168392664939716,0.226256584386066,-0.42448339876152,0.473827081544829,0.470833333333333
