"Posterior_Mean","Posterior_SD","Posterior_LB","Posterior_UB","prob"
-0.169571966123872,0.21410017562744,-0.599869163575075,0.262371048989633,0.78143548978691
