"Posterior_Mean","Posterior_SD","Posterior_LB","Posterior_UB","prob"
0.116136518427702,0.227531757482943,-0.335257690618447,0.552859072160498,0.303003805914557
