"Posterior_Mean","Posterior_SD","Posterior_LB","Posterior_UB","prob"
0.00886960651735757,0.230537543960341,-0.433751731181857,0.460254826986871,0.485833333333333
