"Posterior_Mean","Posterior_SD","Posterior_LB","Posterior_UB","prob"
0.0209702818408628,0.227220819610146,-0.430814950936909,0.457071688792418,0.454666666666667
