"Posterior_Mean","Posterior_SD","Posterior_LB","Posterior_UB","prob"
-0.14662398914298,0.218876192063425,-0.57172423583174,0.297473374335183,0.740493371509019
