"Posterior_Mean","Posterior_SD","Posterior_LB","Posterior_UB","prob"
-0.390767876066665,0.223439891908716,-0.838699739848017,0.066670311366148,0.957659203559369
