"Posterior_Mean","Posterior_SD","Posterior_LB","Posterior_UB","prob"
0.296243162300992,0.238585453333433,-0.163182447023589,0.75924439336364,0.108333333333333
