"Posterior_Mean","Posterior_SD","Posterior_LB","Posterior_UB","prob"
-0.169723724239303,0.226003859796752,-0.611543779481834,0.272598767383042,0.7775
