"Posterior_Mean","Posterior_SD","Posterior_LB","Posterior_UB","prob"
-0.400520171997836,0.222265484912371,-0.813866554671012,0.0503939956623545,0.962500081714467
