"Posterior_Mean","Posterior_SD","Posterior_LB","Posterior_UB","prob"
-0.1731894105238,0.175776529225073,-0.573206798962238,0.225173419381208,0.803608733745876
