"Posterior_Mean","Posterior_SD","Posterior_LB","Posterior_UB","prob"
0.273190802493259,0.227661156665029,-0.17216137864304,0.713146699109842,0.12
