"Posterior_Mean","Posterior_SD","Posterior_LB","Posterior_UB","prob"
-0.272365423641932,0.233380229578331,-0.737508897169759,0.188643127986745,0.882166666666667
