"Posterior_Mean","Posterior_SD","Posterior_LB","Posterior_UB","prob"
-0.295072058452213,0.256476181952369,-0.816622710514608,0.209963269814434,0.881975566088135
