"Posterior_Mean","Posterior_SD","Posterior_LB","Posterior_UB","prob"
-0.205640720825864,0.222678019043489,-0.646481041615128,0.230088972018663,0.820501917180584
