"Posterior_Mean","Posterior_SD","Posterior_LB","Posterior_UB","prob"
-0.188213401525468,0.229124080702065,-0.625051542456244,0.263225431195074,0.786847331599732
