"Posterior_Mean","Posterior_SD","Posterior_LB","Posterior_UB","prob"
0.312238328257754,0.228996541901441,-0.153067168573085,0.760258210523676,0.0868385120871782
