"Posterior_Mean","Posterior_SD","Posterior_LB","Posterior_UB","prob"
-0.673049311262719,0.197841286192647,-1.08364732257298,-0.268942907669826,0.998624028109276
