"Posterior_Mean","Posterior_SD","Posterior_LB","Posterior_UB","prob"
-0.137370941236256,0.190162119625874,-0.5304685434378,0.287298754945439,0.752854345039844
