"Posterior_Mean","Posterior_SD","Posterior_LB","Posterior_UB","prob"
-0.320112040642636,0.229663274248935,-0.778374420960688,0.136340681023191,0.920666666666667
