"Posterior_Mean","Posterior_SD","Posterior_LB","Posterior_UB","prob"
-0.173275328785648,0.214951618723473,-0.603110141494621,0.255599536960314,0.796023601135871
