"Posterior_Mean","Posterior_SD","Posterior_LB","Posterior_UB","prob"
0.138069050607982,0.220636753284978,-0.296429071187809,0.573755387590584,0.270833333333333
