"Posterior_Mean","Posterior_SD","Posterior_LB","Posterior_UB","prob"
-0.034240573707707,0.225152168833454,-0.47917193264034,0.41690525275346,0.557501682052314
