"Posterior_Mean","Posterior_SD","Posterior_LB","Posterior_UB","prob"
-0.200886424612646,0.225364079133345,-0.643995811034346,0.237097443995219,0.814833333333333
