"Posterior_Mean","Posterior_SD","Posterior_LB","Posterior_UB","prob"
-0.328780008080549,0.216207074974316,-0.756152326401292,0.0902999617706379,0.937500256570588
