"Posterior_Mean","Posterior_SD","Posterior_LB","Posterior_UB","prob"
-0.153936288733349,0.235490698604325,-0.607039031577846,0.317776025726077,0.748960919733387
