"Posterior_Mean","Posterior_SD","Posterior_LB","Posterior_UB","prob"
0.0502089155703302,0.212462694556548,-0.3832718503162,0.48037221724599,0.411461174070575
