"Posterior_Mean","Posterior_SD","Posterior_LB","Posterior_UB","prob"
-0.48296428599443,0.190015250975872,-0.881208161891979,-0.0750942470623391,0.986926070936315
