"Posterior_Mean","Posterior_SD","Posterior_LB","Posterior_UB","prob"
-0.646826501085464,0.239489570360454,-1.10555000932924,-0.181308122671126,0.996333333333333
