"Posterior_Mean","Posterior_SD","Posterior_LB","Posterior_UB","prob"
-0.203314178029736,0.201828229887596,-0.598136220790312,0.195411028547662,0.838938566399879
