"Posterior_Mean","Posterior_SD","Posterior_LB","Posterior_UB","prob"
-0.27045404308277,0.221683482066254,-0.700813538207487,0.17222840816397,0.875641927218798
