"Posterior_Mean","Posterior_SD","Posterior_LB","Posterior_UB","prob"
-0.0617611710900322,0.184628833427888,-0.437885363958909,0.391850372478333,0.637044700723826
