"Posterior_Mean","Posterior_SD","Posterior_LB","Posterior_UB","prob"
-0.410878277967522,0.219667734329126,-0.841087915754428,0.0229574758662666,0.9685
