"Posterior_Mean","Posterior_SD","Posterior_LB","Posterior_UB","prob"
-0.471105756419914,0.243118105539383,-0.94775940069693,-0.00381091205351173,0.976022164210586
