"Posterior_Mean","Posterior_SD","Posterior_LB","Posterior_UB","prob"
-0.180897862934967,0.204476687393541,-0.570410850547348,0.278239446279821,0.807327729948114
