"Posterior_Mean","Posterior_SD","Posterior_LB","Posterior_UB","prob"
-0.130370177759339,0.234582668124696,-0.591254381590013,0.328285559481104,0.707833333333333
