"Posterior_Mean","Posterior_SD","Posterior_LB","Posterior_UB","prob"
-0.00894264504718082,0.230132862700471,-0.472443636052769,0.449270465962686,0.510993412605968
