"Posterior_Mean","Posterior_SD","Posterior_LB","Posterior_UB","prob"
0.0927075605891193,0.233753970807241,-0.37482040852901,0.555309435918694,0.343666666666667
