"Posterior_Mean","Posterior_SD","Posterior_LB","Posterior_UB","prob"
-0.0335812555416387,0.230859800717922,-0.495047848454955,0.412797097257011,0.554666666666667
