"Posterior_Mean","Posterior_SD","Posterior_LB","Posterior_UB","prob"
-0.179534099475299,0.236270962217824,-0.637658773932634,0.27711790578909,0.774
