"Posterior_Mean","Posterior_SD","Posterior_LB","Posterior_UB","prob"
-0.44841652829787,0.230480118253697,-0.905244356785815,0.00529061181378605,0.9725
