"Posterior_Mean","Posterior_SD","Posterior_LB","Posterior_UB","prob"
-0.460578336916517,0.23072975017862,-0.919182781737343,-0.00709872061932887,0.977
