"Posterior_Mean","Posterior_SD","Posterior_LB","Posterior_UB","prob"
-0.254271109198889,0.217271280925446,-0.693047689947081,0.213900437778192,0.855783880008023
