"Posterior_Mean","Posterior_SD","Posterior_LB","Posterior_UB","prob"
-0.361382777819722,0.220105963500233,-0.81780964959899,0.0563041328494203,0.956507569426643
