"Posterior_Mean","Posterior_SD","Posterior_LB","Posterior_UB","prob"
-0.502358655071342,0.226251845504656,-0.954598513719629,-0.0548984058071791,0.986666666666667
