"Posterior_Mean","Posterior_SD","Posterior_LB","Posterior_UB","prob"
-0.187957069144166,0.232434581159483,-0.661946851115166,0.278896580842104,0.784632108781128
