"Posterior_Mean","Posterior_SD","Posterior_LB","Posterior_UB","prob"
-0.486486026683166,0.240209962071467,-0.961134317418113,-0.0357704260240432,0.981505702562849
