"Posterior_Mean","Posterior_SD","Posterior_LB","Posterior_UB","prob"
-0.417946296084125,0.217064955834637,-0.859513744931686,0.000288336102750295,0.97472565568061
