"Posterior_Mean","Posterior_SD","Posterior_LB","Posterior_UB","prob"
0.245011753938745,0.228557135219998,-0.208730669207194,0.698058524536199,0.13836984583079
