"Posterior_Mean","Posterior_SD","Posterior_LB","Posterior_UB","prob"
-0.302713307058569,0.181341650631352,-0.685608062138795,0.0908437878184848,0.938503703718482
