"Posterior_Mean","Posterior_SD","Posterior_LB","Posterior_UB","prob"
-0.321977160007244,0.22404891073414,-0.754551385737219,0.116174507082194,0.9225
