"Posterior_Mean","Posterior_SD","Posterior_LB","Posterior_UB","prob"
-0.216791899232529,0.234289262941399,-0.678648213841986,0.244701645634338,0.825166666666667
