"Posterior_Mean","Posterior_SD","Posterior_LB","Posterior_UB","prob"
0.122899116592856,0.230299598688704,-0.328656418523996,0.572442394302634,0.302333333333333
