"Posterior_Mean","Posterior_SD","Posterior_LB","Posterior_UB","prob"
-0.0251022501489088,0.236936499618375,-0.492659321526782,0.450730044860253,0.544833333333333
