"Posterior_Mean","Posterior_SD","Posterior_LB","Posterior_UB","prob"
-0.384893205470026,0.201594866171196,-0.791891516956794,0.0490888597173234,0.958917441069715
