"Posterior_Mean","Posterior_SD","Posterior_LB","Posterior_UB","prob"
-0.476595778991606,0.233052676776212,-0.93007060855633,-0.0240478697503991,0.980833333333333
