"Posterior_Mean","Posterior_SD","Posterior_LB","Posterior_UB","prob"
-0.070021904223417,0.23031426231128,-0.534897186538344,0.366925599462982,0.602832475617452
