"Posterior_Mean","Posterior_SD","Posterior_LB","Posterior_UB","prob"
-0.0969370922071807,0.227920524571147,-0.536177781497582,0.349356930527873,0.6675
