"Posterior_Mean","Posterior_SD","Posterior_LB","Posterior_UB","prob"
-0.3292088761466,0.238823458488401,-0.799237518366453,0.137980429797252,0.921833333333333
