"Posterior_Mean","Posterior_SD","Posterior_LB","Posterior_UB","prob"
-0.313082996498449,0.232817003896968,-0.761749495312275,0.127270993500375,0.912173264257783
