"Posterior_Mean","Posterior_SD","Posterior_LB","Posterior_UB","prob"
-0.136727070914499,0.226844420983993,-0.575243701355983,0.308153148183048,0.723333333333333
