"Posterior_Mean","Posterior_SD","Posterior_LB","Posterior_UB","prob"
-0.326106598321485,0.224144113300291,-0.769355616915176,0.0901296619029851,0.931500590847435
