"Posterior_Mean","Posterior_SD","Posterior_LB","Posterior_UB","prob"
0.0910999405474482,0.236755219538034,-0.385211394169296,0.570290940209253,0.360605212550002
