"Posterior_Mean","Posterior_SD","Posterior_LB","Posterior_UB","prob"
-0.465102195590495,0.227064699373738,-0.900451856127432,-0.00950652613989508,0.976833333333333
