"Posterior_Mean","Posterior_SD","Posterior_LB","Posterior_UB","prob"
-0.317818074021024,0.229075511510934,-0.778373259251129,0.130331494444405,0.915333333333333
