"Posterior_Mean","Posterior_SD","Posterior_LB","Posterior_UB","prob"
-0.152247751388898,0.23389217168242,-0.613017085797031,0.300762065396403,0.739333333333333
