"Posterior_Mean","Posterior_SD","Posterior_LB","Posterior_UB","prob"
-0.389004856383956,0.238754818794091,-0.870234394345264,0.0811220211807415,0.949
