"Posterior_Mean","Posterior_SD","Posterior_LB","Posterior_UB","prob"
-0.287800469970379,0.235079938815048,-0.744709909620502,0.184701924508078,0.890166666666667
