"Posterior_Mean","Posterior_SD","Posterior_LB","Posterior_UB","prob"
0.168128750067573,0.224194287195129,-0.257807750863449,0.612790743946283,0.228333333333333
