"Posterior_Mean","Posterior_SD","Posterior_LB","Posterior_UB","prob"
-0.0600056826887834,0.228262353267152,-0.518090194191355,0.391596314919626,0.6075
