"Posterior_Mean","Posterior_SD","Posterior_LB","Posterior_UB","prob"
-0.190939255125368,0.219513386590926,-0.629297952972188,0.238327068455588,0.806833333333333
