"Posterior_Mean","Posterior_SD","Posterior_LB","Posterior_UB","prob"
-0.755585985524935,0.242503763883392,-1.24056222062887,-0.261791900167933,0.998000000207132
