"Posterior_Mean","Posterior_SD","Posterior_LB","Posterior_UB","prob"
0.0248222459329135,0.231921058164161,-0.434980821615915,0.485287451843821,0.457333333333333
