"Posterior_Mean","Posterior_SD","Posterior_LB","Posterior_UB","prob"
-0.581950389767001,0.22671329853394,-1.01681729286759,-0.139525951900223,0.99549983654728
