"Posterior_Mean","Posterior_SD","Posterior_LB","Posterior_UB","prob"
-0.0940940905345116,0.204671259893332,-0.502782721502549,0.376519138704854,0.683834142101126
