"Posterior_Mean","Posterior_SD","Posterior_LB","Posterior_UB","prob"
-0.350128058424505,0.203365433675322,-0.755724048299421,0.081213212439306,0.948490580945123
