"Posterior_Mean","Posterior_SD","Posterior_LB","Posterior_UB","prob"
-0.281707433103772,0.20826635822138,-0.703951733082384,0.176772578194873,0.899195459795511
