"Posterior_Mean","Posterior_SD","Posterior_LB","Posterior_UB","prob"
-0.208313238098162,0.233946303674534,-0.657766798356331,0.2443134732014,0.814833333333333
