"Posterior_Mean","Posterior_SD","Posterior_LB","Posterior_UB","prob"
-0.0122890034289062,0.237317718185849,-0.482928874762825,0.44748498695851,0.514666666666667
