"Posterior_Mean","Posterior_SD","Posterior_LB","Posterior_UB","prob"
-0.368369880661855,0.235235490555494,-0.839856322500438,0.0923376858829651,0.942833333333333
