"Posterior_Mean","Posterior_SD","Posterior_LB","Posterior_UB","prob"
-0.12805973111317,0.230008660098945,-0.572128216389604,0.324209228725732,0.715504694182129
