"Posterior_Mean","Posterior_SD","Posterior_LB","Posterior_UB","prob"
-0.161708716093237,0.225051825948504,-0.5919566559985,0.287522486828357,0.756206838436177
