"Posterior_Mean","Posterior_SD","Posterior_LB","Posterior_UB","prob"
-0.21713682789194,0.219670111450539,-0.65022529299057,0.20845727025766,0.837
