"Posterior_Mean","Posterior_SD","Posterior_LB","Posterior_UB","prob"
-0.202458426144744,0.206485722891703,-0.624562758874802,0.245100086512315,0.814959602788349
