"Posterior_Mean","Posterior_SD","Posterior_LB","Posterior_UB","prob"
0.00138015899304219,0.229164421429288,-0.481803400097331,0.501287217541369,0.500262404323907
