"Posterior_Mean","Posterior_SD","Posterior_LB","Posterior_UB","prob"
-0.298480010284039,0.223124952899188,-0.743433579757947,0.171070730700805,0.898749080829549
