"Posterior_Mean","Posterior_SD","Posterior_LB","Posterior_UB","prob"
-0.411519229694527,0.228628066491722,-0.859709096704643,0.0555759628830136,0.961833333333333
