"Posterior_Mean","Posterior_SD","Posterior_LB","Posterior_UB","prob"
-0.272467909670324,0.227021356421337,-0.721636257543908,0.163208467997386,0.886439223757556
