"Posterior_Mean","Posterior_SD","Posterior_LB","Posterior_UB","prob"
-0.0963292014604266,0.172222527225654,-0.469130805851509,0.32151343394534,0.69325140678472
