"Posterior_Mean","Posterior_SD","Posterior_LB","Posterior_UB","prob"
-0.685688251949859,0.211639378029493,-1.1375448657372,-0.230257349232052,0.998699024209317
