"Posterior_Mean","Posterior_SD","Posterior_LB","Posterior_UB","prob"
-0.0251554202953176,0.234076089710429,-0.483159697838196,0.435023816908295,0.542
