"Posterior_Mean","Posterior_SD","Posterior_LB","Posterior_UB","prob"
-0.0200297827752611,0.219575231375857,-0.449283258292976,0.408792508252386,0.537833333333333
