"Posterior_Mean","Posterior_SD","Posterior_LB","Posterior_UB","prob"
-0.0230385108332853,0.208744021088278,-0.458573733811231,0.406964036211089,0.542467899611968
