"Posterior_Mean","Posterior_SD","Posterior_LB","Posterior_UB","prob"
-0.686539853023639,0.212273283440716,-1.17580092785799,-0.253391403127277,0.999256325955176
