"Posterior_Mean","Posterior_SD","Posterior_LB","Posterior_UB","prob"
0.0256795410245778,0.224888464816786,-0.41954711248349,0.466788300509848,0.453833333333333
