"Posterior_Mean","Posterior_SD","Posterior_LB","Posterior_UB","prob"
-0.541205295579397,0.238066799705926,-1.02465236688851,-0.0753211534199041,0.989
