"Posterior_Mean","Posterior_SD","Posterior_LB","Posterior_UB","prob"
-0.0737221250632795,0.238459723917395,-0.537034526590249,0.392935206845197,0.618166666666667
