"Posterior_Mean","Posterior_SD","Posterior_LB","Posterior_UB","prob"
-0.202936856576845,0.220656568530346,-0.644111736157249,0.259559590441729,0.825421198119739
