"Posterior_Mean","Posterior_SD","Posterior_LB","Posterior_UB","prob"
-0.462301754335438,0.21223457328832,-0.898772744304713,-0.0360167957429132,0.98411544490136
