"Posterior_Mean","Posterior_SD","Posterior_LB","Posterior_UB","prob"
-0.0971813873774877,0.218896252975603,-0.532586757027826,0.318898230959747,0.681513073991439
