"Posterior_Mean","Posterior_SD","Posterior_LB","Posterior_UB","prob"
0.00296101677791225,0.240157109760769,-0.468045801753719,0.461644758551203,0.48450339947888
