"Posterior_Mean","Posterior_SD","Posterior_LB","Posterior_UB","prob"
-0.408212282957305,0.224148486035519,-0.876071216149157,0.0404173635853008,0.964031581171988
