"Posterior_Mean","Posterior_SD","Posterior_LB","Posterior_UB","prob"
0.307470057241528,0.218314718121329,-0.116248632523334,0.750922432963967,0.0847633140431982
