"Posterior_Mean","Posterior_SD","Posterior_LB","Posterior_UB","prob"
-0.37439542524394,0.227793483528146,-0.821386719999981,0.0675731647604761,0.949333333333333
