"Posterior_Mean","Posterior_SD","Posterior_LB","Posterior_UB","prob"
0.137468550011666,0.226734335401742,-0.312367166636123,0.575654832862402,0.274
