"Posterior_Mean","Posterior_SD","Posterior_LB","Posterior_UB","prob"
-0.277725071609092,0.220964758723677,-0.712583394661421,0.160896572969058,0.897166666666667
