"Posterior_Mean","Posterior_SD","Posterior_LB","Posterior_UB","prob"
0.289444638220463,0.218119565941106,-0.187202976472481,0.734641202424907,0.111377879572092
