"Posterior_Mean","Posterior_SD","Posterior_LB","Posterior_UB","prob"
-0.0217434178747386,0.224797723991788,-0.469092644899731,0.416062509235228,0.537166666666667
