"Posterior_Mean","Posterior_SD","Posterior_LB","Posterior_UB","prob"
-0.4904336429327,0.229155759414437,-0.937268449995144,-0.0445089851085548,0.984833333333333
