"Posterior_Mean","Posterior_SD","Posterior_LB","Posterior_UB","prob"
-0.277970343515921,0.208302186008847,-0.704475583140534,0.164038780452697,0.896912906153993
