"Posterior_Mean","Posterior_SD","Posterior_LB","Posterior_UB","prob"
0.184915536402617,0.229533544114101,-0.293667566885938,0.650894250974134,0.216660058250773
