"Posterior_Mean","Posterior_SD","Posterior_LB","Posterior_UB","prob"
-0.000449445083678575,0.233969357726255,-0.459233484629686,0.461888848600716,0.51
