"Posterior_Mean","Posterior_SD","Posterior_LB","Posterior_UB","prob"
-0.0268446698675004,0.228117604833951,-0.474114838126384,0.426155967562526,0.555962093682783
