"Posterior_Mean","Posterior_SD","Posterior_LB","Posterior_UB","prob"
-0.253268969133431,0.223223737433153,-0.695887838679307,0.185457870447444,0.873666666666667
