"Posterior_Mean","Posterior_SD","Posterior_LB","Posterior_UB","prob"
-0.149222297079687,0.187298409422059,-0.552043324268666,0.34069197725316,0.734903767527339
