"Posterior_Mean","Posterior_SD","Posterior_LB","Posterior_UB","prob"
-0.469716231631509,0.22942214260844,-0.931375857891855,-0.0242894477029833,0.982833333333333
