"Posterior_Mean","Posterior_SD","Posterior_LB","Posterior_UB","prob"
-0.0210073236321576,0.233213225120122,-0.470191539731137,0.449416109489622,0.543941424750211
