"Posterior_Mean","Posterior_SD","Posterior_LB","Posterior_UB","prob"
-0.361459093513992,0.215099866562223,-0.776654131281286,0.0587025513494809,0.953538239432042
