"Posterior_Mean","Posterior_SD","Posterior_LB","Posterior_UB","prob"
-0.140850368447204,0.212151001540356,-0.564170170712228,0.2891330028939,0.727612112978385
