"Posterior_Mean","Posterior_SD","Posterior_LB","Posterior_UB","prob"
-0.290570592843941,0.22361257154481,-0.733151651401807,0.14106210477772,0.905166666666667
