"Posterior_Mean","Posterior_SD","Posterior_LB","Posterior_UB","prob"
-0.316492553040542,0.23660440361023,-0.771277526157093,0.157456645371822,0.908666666666667
