"Posterior_Mean","Posterior_SD","Posterior_LB","Posterior_UB","prob"
-0.198203296015187,0.228239312623314,-0.64763178415866,0.248468940861015,0.808
