"Posterior_Mean","Posterior_SD","Posterior_LB","Posterior_UB","prob"
0.026313071237278,0.234543903370613,-0.438405592915925,0.494415881317358,0.463265475541826
