"Posterior_Mean","Posterior_SD","Posterior_LB","Posterior_UB","prob"
-0.128537241682493,0.195019547488457,-0.532602912381421,0.322031634563154,0.727568051512483
