"Posterior_Mean","Posterior_SD","Posterior_LB","Posterior_UB","prob"
-0.198099715948039,0.22205286788002,-0.625250063467053,0.249340416984861,0.804557958209206
