"Posterior_Mean","Posterior_SD","Posterior_LB","Posterior_UB","prob"
-0.173374393150595,0.247965519456588,-0.676499223887072,0.314446427482673,0.754000016090137
