"Posterior_Mean","Posterior_SD","Posterior_LB","Posterior_UB","prob"
-0.347697021706149,0.226333360088371,-0.779968796355185,0.115078582766231,0.930882179706682
