"Posterior_Mean","Posterior_SD","Posterior_LB","Posterior_UB","prob"
-0.39152580977319,0.232229107316366,-0.843807183503175,0.0575015153067673,0.949182350623775
