"Posterior_Mean","Posterior_SD","Posterior_LB","Posterior_UB","prob"
0.00159084760294706,0.223163639145561,-0.423918939667124,0.447023753118594,0.503924850665859
