"Posterior_Mean","Posterior_SD","Posterior_LB","Posterior_UB","prob"
-0.136688147946132,0.228631366986056,-0.591613906272343,0.315123447751373,0.725166666666667
