"Posterior_Mean","Posterior_SD","Posterior_LB","Posterior_UB","prob"
-0.0353708783530031,0.223255043398819,-0.472110904289231,0.407864886870111,0.553129897976309
