"Posterior_Mean","Posterior_SD","Posterior_LB","Posterior_UB","prob"
-0.0973721807063805,0.230955235340978,-0.545614082843881,0.352037683997932,0.6655
