"Posterior_Mean","Posterior_SD","Posterior_LB","Posterior_UB","prob"
-0.065569250731602,0.226282110567271,-0.506414196205626,0.385699435611078,0.619833333333333
