"Posterior_Mean","Posterior_SD","Posterior_LB","Posterior_UB","prob"
-0.262788059293859,0.162758473572145,-0.584897009386225,0.140209957529953,0.921047331068784
