"Posterior_Mean","Posterior_SD","Posterior_LB","Posterior_UB","prob"
-0.288604373038511,0.223763579237568,-0.75865000090506,0.15941105001617,0.891821930483207
