"Posterior_Mean","Posterior_SD","Posterior_LB","Posterior_UB","prob"
0.124146005230312,0.221969519129088,-0.313072135076031,0.560946027963185,0.286666666666667
