"Posterior_Mean","Posterior_SD","Posterior_LB","Posterior_UB","prob"
-0.0728127441109652,0.224178047347915,-0.513124243936687,0.365381237038257,0.617500958473297
