"Posterior_Mean","Posterior_SD","Posterior_LB","Posterior_UB","prob"
-0.152995123793161,0.238014007056149,-0.614845046351058,0.30792875532057,0.739833333333333
