"Posterior_Mean","Posterior_SD","Posterior_LB","Posterior_UB","prob"
-0.146236547392435,0.218122803668772,-0.569613346542942,0.269246373555243,0.750000016602877
