"Posterior_Mean","Posterior_SD","Posterior_LB","Posterior_UB","prob"
-0.180381163078012,0.235399414931246,-0.632022412672336,0.286081480520684,0.782000405060773
