"Posterior_Mean","Posterior_SD","Posterior_LB","Posterior_UB","prob"
-0.281774775710968,0.240199112567003,-0.75358922890818,0.180675726480057,0.8815
