"Posterior_Mean","Posterior_SD","Posterior_LB","Posterior_UB","prob"
-0.479705231756476,0.235238610480977,-0.937369617079188,-0.0195937067657024,0.979166666666667
