"Posterior_Mean","Posterior_SD","Posterior_LB","Posterior_UB","prob"
-0.358246662427814,0.22722614360748,-0.827865709478683,0.0936907242957363,0.940553502730554
