"Posterior_Mean","Posterior_SD","Posterior_LB","Posterior_UB","prob"
-0.209831341591349,0.226171380785257,-0.652394020773403,0.228791849791035,0.8255
