"Posterior_Mean","Posterior_SD","Posterior_LB","Posterior_UB","prob"
-0.606799266601471,0.251283847100195,-1.12513311517535,-0.138360988925721,0.99300067104966
