"Posterior_Mean","Posterior_SD","Posterior_LB","Posterior_UB","prob"
-0.328975647537287,0.224027012588501,-0.780570991060821,0.108854659894397,0.9295
