"Posterior_Mean","Posterior_SD","Posterior_LB","Posterior_UB","prob"
0.279348106395201,0.225796808084348,-0.169801138305639,0.708009508248083,0.107519508130414
