"Posterior_Mean","Posterior_SD","Posterior_LB","Posterior_UB","prob"
-0.259902608474698,0.209462619208755,-0.693710493321556,0.156621929878893,0.888117619285897
