"Posterior_Mean","Posterior_SD","Posterior_LB","Posterior_UB","prob"
-0.48017034516712,0.197097640670033,-0.884074879866539,-0.0818440707475792,0.988914495647244
