"Posterior_Mean","Posterior_SD","Posterior_LB","Posterior_UB","prob"
-0.311990943160675,0.241931095667889,-0.80075597890925,0.161666025049586,0.901283604183511
