"Posterior_Mean","Posterior_SD","Posterior_LB","Posterior_UB","prob"
0.229096210794601,0.216566145530288,-0.190687713428309,0.645132067896808,0.146503366632886
