"Posterior_Mean","Posterior_SD","Posterior_LB","Posterior_UB","prob"
0.141700187193216,0.222369670785513,-0.312707272606289,0.585454109864532,0.260507608253238
