"Posterior_Mean","Posterior_SD","Posterior_LB","Posterior_UB","prob"
-0.182993816607372,0.238962318049394,-0.653858479547081,0.278059778409725,0.770833333333333
