"Posterior_Mean","Posterior_SD","Posterior_LB","Posterior_UB","prob"
-0.179359391868762,0.237561339433049,-0.643804349657235,0.290288155354188,0.765509121929753
