"Posterior_Mean","Posterior_SD","Posterior_LB","Posterior_UB","prob"
-0.0255427862825241,0.22716244138704,-0.472597386365034,0.408673630827373,0.541333333333333
