"Posterior_Mean","Posterior_SD","Posterior_LB","Posterior_UB","prob"
0.0615716047155829,0.233867097651195,-0.389507614602316,0.521851011132109,0.397833333333333
