"Posterior_Mean","Posterior_SD","Posterior_LB","Posterior_UB","prob"
-0.347408301686391,0.188945298211585,-0.757858483948474,0.0455891005384877,0.959659628668048
