"Posterior_Mean","Posterior_SD","Posterior_LB","Posterior_UB","prob"
-0.024969855936725,0.230499163436205,-0.478523615019651,0.431772067431131,0.5485
