"Posterior_Mean","Posterior_SD","Posterior_LB","Posterior_UB","prob"
-0.260891942056932,0.222195047303327,-0.710418878031573,0.181785655919886,0.879500182922488
