"Posterior_Mean","Posterior_SD","Posterior_LB","Posterior_UB","prob"
0.368571152459779,0.219512935109704,-0.065601453256468,0.793287053026348,0.0471487429489377
