"Posterior_Mean","Posterior_SD","Posterior_LB","Posterior_UB","prob"
-0.206090491022128,0.211931507594845,-0.634374160408275,0.211243763220175,0.835707771322508
