"Posterior_Mean","Posterior_SD","Posterior_LB","Posterior_UB","prob"
-0.323541828405975,0.227663975559078,-0.77435158650337,0.12554153216849,0.924166666666667
