"Posterior_Mean","Posterior_SD","Posterior_LB","Posterior_UB","prob"
-0.18377996046046,0.227474372663254,-0.62993561287492,0.259239511292947,0.785833333333333
