"Posterior_Mean","Posterior_SD","Posterior_LB","Posterior_UB","prob"
0.044514134485733,0.228983623858947,-0.402568949832864,0.502566971396293,0.4255
