"Posterior_Mean","Posterior_SD","Posterior_LB","Posterior_UB","prob"
-0.330773036111604,0.197303806912282,-0.798153048013389,0.0654646600398831,0.945062415088539
