"Posterior_Mean","Posterior_SD","Posterior_LB","Posterior_UB","prob"
0.128191095493478,0.221884426462563,-0.297648453899735,0.583893133254829,0.283645241246333
