"Posterior_Mean","Posterior_SD","Posterior_LB","Posterior_UB","prob"
-0.359671085749247,0.219517159713515,-0.786012340743378,0.0681407359929711,0.949333333333333
