"Posterior_Mean","Posterior_SD","Posterior_LB","Posterior_UB","prob"
-0.190689964070504,0.21411264510162,-0.607821274006344,0.241477976818233,0.806468863585689
