"Posterior_Mean","Posterior_SD","Posterior_LB","Posterior_UB","prob"
-0.372113363145538,0.221677574402648,-0.811272315611244,0.0780893579102401,0.953666666666667
