"Posterior_Mean","Posterior_SD","Posterior_LB","Posterior_UB","prob"
0.0869567674332718,0.223659397351197,-0.352230243768023,0.526419472044617,0.353333333333333
