"Posterior_Mean","Posterior_SD","Posterior_LB","Posterior_UB","prob"
-0.414531606445467,0.22861004851647,-0.843218982044244,0.0430071698798558,0.961513191407642
