"Posterior_Mean","Posterior_SD","Posterior_LB","Posterior_UB","prob"
-0.161304658885544,0.214887587712204,-0.576298523331151,0.270932346298674,0.775964084343252
