"Posterior_Mean","Posterior_SD","Posterior_LB","Posterior_UB","prob"
-0.174051159174868,0.225737949631758,-0.613784313068539,0.270897910756102,0.781
