"Posterior_Mean","Posterior_SD","Posterior_LB","Posterior_UB","prob"
-0.0021058060071288,0.216304829212084,-0.430461562499907,0.443108555628414,0.502326718996997
