"Posterior_Mean","Posterior_SD","Posterior_LB","Posterior_UB","prob"
-0.20368078299285,0.203686065404601,-0.597252253903834,0.215703897799315,0.836747990885896
