"Posterior_Mean","Posterior_SD","Posterior_LB","Posterior_UB","prob"
-0.755210757784757,0.244089870241767,-1.23721535473931,-0.294203136829202,0.998500611280784
