"Posterior_Mean","Posterior_SD","Posterior_LB","Posterior_UB","prob"
-0.104146644631059,0.199463392366068,-0.498105124984959,0.304856624103826,0.702173401411521
