"Posterior_Mean","Posterior_SD","Posterior_LB","Posterior_UB","prob"
-0.00156447860003455,0.210698617923684,-0.41772796004339,0.436142167061721,0.509658324860393
