"Posterior_Mean","Posterior_SD","Posterior_LB","Posterior_UB","prob"
-0.172696295811708,0.230076419903713,-0.641749770299967,0.270073589254299,0.777666666666667
