"Posterior_Mean","Posterior_SD","Posterior_LB","Posterior_UB","prob"
-0.198786813143655,0.218576824242599,-0.630625054873009,0.225049612319086,0.821345802247479
