"Posterior_Mean","Posterior_SD","Posterior_LB","Posterior_UB","prob"
-0.115625762642009,0.0498167636162472,-0.223665881325409,0.0268566854345649,0.949524656510625
