"Posterior_Mean","Posterior_SD","Posterior_LB","Posterior_UB","prob"
0.00932910186129602,0.0824903268480051,-0.152717236880847,0.177180933720633,0.45670895106014
