"Posterior_Mean","Posterior_SD","Posterior_LB","Posterior_UB","prob"
-0.149384897898927,0.0649402403219582,-0.276435797563305,0.00606422493064063,0.971464935798328
