"Posterior_Mean","Posterior_SD","Posterior_LB","Posterior_UB","prob"
0.00982384877946754,0.0633311987716895,-0.119428017149142,0.164168651124748,0.473969540906339
