"Posterior_Mean","Posterior_SD","Posterior_LB","Posterior_UB","prob"
-0.062523779036996,0.0634855460051583,-0.192465174653848,0.116550589798354,0.819782167285204
