"Posterior_Mean","Posterior_SD","Posterior_LB","Posterior_UB","prob"
0.0270356219974252,0.0802225510643948,-0.189331926479648,0.200326523439883,0.353611595907722
