"Posterior_Mean","Posterior_SD","Posterior_LB","Posterior_UB","prob"
0.0104502265985155,0.078606278620646,-0.145163899429904,0.17990826936222,0.474468777787921
