"Posterior_Mean","Posterior_SD","Posterior_LB","Posterior_UB","prob"
0.0929408265407708,0.0738874997988287,-0.108686988414803,0.265587997762423,0.174704430724195
