"Posterior_Mean","Posterior_SD","Posterior_LB","Posterior_UB","prob"
0.139633593645137,0.080469286433572,-0.0555476262388633,0.330850679087789,0.0918475517687335
