"Posterior_Mean","Posterior_SD","Posterior_LB","Posterior_UB","prob"
-0.0814753146705376,0.0821916403004361,-0.239590279332959,0.0828276275121539,0.838997307207883
