"Posterior_Mean","Posterior_SD","Posterior_LB","Posterior_UB","prob"
-0.0131047507284799,0.0806864015176384,-0.195623107156976,0.162040126898696,0.54801553513283
