"Posterior_Mean","Posterior_SD","Posterior_LB","Posterior_UB","prob"
-0.074248747893731,0.0596692181330576,-0.19148831130548,0.0653109100448539,0.87505356665639
