"Posterior_Mean","Posterior_SD","Posterior_LB","Posterior_UB","prob"
-0.0541939929983806,0.0640822662542177,-0.200018454672552,0.116088261022026,0.766739679614346
