"Posterior_Mean","Posterior_SD","Posterior_LB","Posterior_UB","prob"
0.0587885900526033,0.0809932717306299,-0.141375269477336,0.225011031587892,0.230052201850585
