"Posterior_Mean","Posterior_SD","Posterior_LB","Posterior_UB","prob"
0.0230753130601279,0.07810076613835,-0.203751416815685,0.201682409811604,0.362872500194223
