"Posterior_Mean","Posterior_SD","Posterior_LB","Posterior_UB","prob"
-0.145101036885042,0.0592665634032122,-0.267105819193603,-0.0332744420399309,0.994576009586884
