"Posterior_Mean","Posterior_SD","Posterior_LB","Posterior_UB","prob"
-0.106971509347814,0.0541052460538779,-0.234183031215143,0.0443968819710905,0.915935344176958
