"Posterior_Mean","Posterior_SD","Posterior_LB","Posterior_UB","prob"
-0.302235131625846,0.0474424729986227,-0.407517698471208,-0.106367128521231,0.999275505613103
