"Posterior_Mean","Posterior_SD","Posterior_LB","Posterior_UB","prob"
-0.198523526863354,0.0575879435598837,-0.314094815938371,-0.0648557451474437,0.996446591672875
