"Posterior_Mean","Posterior_SD","Posterior_LB","Posterior_UB","prob"
-0.341958309359528,0.0499310317123864,-0.482606003299741,-0.212961629128907,1
