"Posterior_Mean","Posterior_SD","Posterior_LB","Posterior_UB","prob"
-0.321434639218206,0.0502358998169125,-0.438202129190867,-0.200117888509187,0.999978767063114
