"Posterior_Mean","Posterior_SD","Posterior_LB","Posterior_UB","prob"
-0.293423112416023,0.0500279603079268,-0.398180573524797,-0.189276485734629,1
