"Posterior_Mean","Posterior_SD","Posterior_LB","Posterior_UB","prob"
-0.246875297979589,0.0588460222028939,-0.385872706670995,-0.0881503054815602,0.998630612952644
