"Posterior_Mean","Posterior_SD","Posterior_LB","Posterior_UB","prob"
-0.233010764097547,0.0652274431246325,-0.363396006664968,-0.102948649517815,0.999679260587776
