"Posterior_Mean","Posterior_SD","Posterior_LB","Posterior_UB","prob"
-0.383114844281596,0.0433595266080613,-0.469222280882659,-0.282016886873456,1
