"Posterior_Mean","Posterior_SD","Posterior_LB","Posterior_UB","prob"
-0.291605797252812,0.0519495411749771,-0.3996735431816,-0.182191404072235,1
