"Posterior_Mean","Posterior_SD","Posterior_LB","Posterior_UB","prob"
-0.16926231291485,0.0509033429800425,-0.271557983576234,-0.0628882614379723,0.99860416613658
