"","Posterior_Mean","Posterior_SD","Posterior_LB","Posterior_UB"
"1",-0.0278398678791326,0.0375612467713057,-0.104387112248285,0.0457180308740383
