"Posterior_Mean","Posterior_SD","Posterior_LB","Posterior_UB","prob"
-0.124698399584275,0.0686525008940903,-0.305952507651622,0.0236073889249355,0.940017419134656
