"Posterior_Mean","Posterior_SD","Posterior_LB","Posterior_UB","prob"
-0.313519356791942,0.051745597678635,-0.46563214055326,-0.119197623081782,0.999876681697135
