"Posterior_Mean","Posterior_SD","Posterior_LB","Posterior_UB","prob"
-0.136390367614747,0.0648792842119795,-0.308525066205812,0.0354923837181125,0.933110009609851
