"Posterior_Mean","Posterior_SD","Posterior_LB","Posterior_UB","prob"
-0.31225234995356,0.0508677252214265,-0.408163055857279,-0.205448827115033,0.999984948830713
