"Posterior_Mean","Posterior_SD","Posterior_LB","Posterior_UB","prob"
-0.361644234678777,0.0426657375096936,-0.446562940823022,-0.269992769702755,1
