"Posterior_Mean","Posterior_SD","Posterior_LB","Posterior_UB","prob"
-0.275891871545693,0.0537184376280644,-0.386955459338514,-0.127458685488893,0.998964169382542
