"","Posterior_Mean","Posterior_SD","Posterior_LB","Posterior_UB"
"1",-0.0872794386471388,0.03522615419416,-0.158461574123402,-0.0200610659771059
