"Posterior_Mean","Posterior_SD","Posterior_LB","Posterior_UB","prob"
-0.129700917170447,0.0691102753101355,-0.267541032008959,0.0139639927735594,0.962769400784586
