"Posterior_Mean","Posterior_SD","Posterior_LB","Posterior_UB","prob"
-0.353210681231407,0.0535054420164493,-0.460864594873446,-0.212162080100159,1
