"Posterior_Mean","Posterior_SD","Posterior_LB","Posterior_UB","prob"
-0.289366968380648,0.0602234754984655,-0.413539045161102,-0.16095329075458,1
