"Posterior_Mean","Posterior_SD","Posterior_LB","Posterior_UB","prob"
-0.449077066123648,0.0424767041774805,-0.538535947522735,-0.346250032878807,1
