"Posterior_Mean","Posterior_SD","Posterior_LB","Posterior_UB","prob"
-0.314704900431199,0.0685742707378066,-0.449827379804064,-0.177900397189424,1
