"Posterior_Mean","Posterior_SD","Posterior_LB","Posterior_UB","prob"
-0.326270127426428,0.047060633276921,-0.453126535977748,-0.217487350563178,1
