"Posterior_Mean","Posterior_SD","Posterior_LB","Posterior_UB","prob"
-0.245866289460615,0.0660692164393481,-0.408620821590902,-0.0834922644282319,0.999629630984955
