"Posterior_Mean","Posterior_SD","Posterior_LB","Posterior_UB","prob"
-0.302582982591388,0.0532449558069977,-0.434466005867206,-0.0979063137305317,0.998779457305772
