"Posterior_Mean","Posterior_SD","Posterior_LB","Posterior_UB","prob"
-0.242346480873159,0.0531192419046518,-0.343462665985096,-0.128512148098706,0.999938671093293
