"Posterior_Mean","Posterior_SD","Posterior_LB","Posterior_UB","prob"
-0.258633459217142,0.0515481813997613,-0.36144661242607,-0.131704440582459,0.999627585271994
