"Posterior_Mean","Posterior_SD","Posterior_LB","Posterior_UB","prob"
-0.1833326307116,0.0539323186443553,-0.341259518046467,0.0296087808011356,0.95115561373631
