"Posterior_Mean","Posterior_SD","Posterior_LB","Posterior_UB","prob"
-0.280306951313384,0.0407753836842459,-0.359995981654133,-0.19587058516848,0.999998878459451
