"","Posterior_Mean","Posterior_SD","Posterior_LB","Posterior_UB"
"1",0.0467959450989107,0.040395510092335,-0.0297325221116845,0.127809140697478
