"Posterior_Mean","Posterior_SD","Posterior_LB","Posterior_UB","prob"
-0.173241894296186,0.0619330299010479,-0.315589462563074,0.00120305836026043,0.973457565264649
