"Posterior_Mean","Posterior_SD","Posterior_LB","Posterior_UB","prob"
-0.22392555689529,0.0629908673887511,-0.349858081780937,-0.0696104753516184,0.997499444414214
