"Posterior_Mean","Posterior_SD","Posterior_LB","Posterior_UB","prob"
-0.0656575133312298,0.0681533401122755,-0.231612264805948,0.0952668440632262,0.764796910182263
