"Posterior_Mean","Posterior_SD","Posterior_LB","Posterior_UB","prob"
-0.313348819288857,0.0486001564917564,-0.415294671999487,-0.196643979946544,1
