"Posterior_Mean","Posterior_SD","Posterior_LB","Posterior_UB","prob"
-0.36301320896419,0.0500545158350833,-0.476190335799306,-0.246059580404224,1
