"Posterior_Mean","Posterior_SD","Posterior_LB","Posterior_UB","prob"
-0.356051992872754,0.0490732533657985,-0.464733426593677,-0.17508354186107,0.999921705478658
