"Posterior_Mean","Posterior_SD","Posterior_LB","Posterior_UB","prob"
-0.207733102030832,0.0508504521217424,-0.30782442536544,-0.104627954485987,0.999972916787565
