"Posterior_Mean","Posterior_SD","Posterior_LB","Posterior_UB","prob"
-0.112609217194275,0.0712209385726965,-0.263311246057222,0.0342243736582143,0.939968326417694
