"Posterior_Mean","Posterior_SD","Posterior_LB","Posterior_UB","prob"
-0.204654328115947,0.0521209614768822,-0.310241125474061,-0.0597311610196167,0.994110584614888
