"Posterior_Mean","Posterior_SD","Posterior_LB","Posterior_UB","prob"
-0.344862367043576,0.0458085118390855,-0.441631895499495,-0.243367765948752,1
