"Posterior_Mean","Posterior_SD","Posterior_LB","Posterior_UB","prob"
-0.280861952134481,0.0543561144714838,-0.415214291476799,-0.0877003069376176,0.998274975922913
