"Posterior_Mean","Posterior_SD","Posterior_LB","Posterior_UB","prob"
-0.316831070792349,0.0539875135076395,-0.454801243118896,-0.116636108441571,1
