"Posterior_Mean","Posterior_SD","Posterior_LB","Posterior_UB","prob"
-0.358549399484738,0.0420471278662165,-0.448232846649455,-0.254686281552216,1
