"Posterior_Mean","Posterior_SD","Posterior_LB","Posterior_UB","prob"
-0.30016632204949,0.0529238269543161,-0.407519924566409,-0.177221547274053,0.999929050821161
