"Posterior_Mean","Posterior_SD","Posterior_LB","Posterior_UB","prob"
-0.379865410298212,0.0444882170109296,-0.477197804768513,-0.257266672046415,1
