"Posterior_Mean","Posterior_SD","Posterior_LB","Posterior_UB","prob"
-0.071572172454168,0.0677524964046237,-0.237727235970931,0.072157426910373,0.841653551911604
