"Posterior_Mean","Posterior_SD","Posterior_LB","Posterior_UB","prob"
-0.278215871303204,0.0551839167361394,-0.421078538762337,-0.0978527442105193,0.999457713255733
