"Posterior_Mean","Posterior_SD","Posterior_LB","Posterior_UB","prob"
-0.321620711049809,0.0520115984232488,-0.437163594032098,-0.141244605514697,0.999470676137145
