"Posterior_Mean","Posterior_SD","Posterior_LB","Posterior_UB","prob"
-0.17268643295582,0.052321680886507,-0.285824870288719,-0.057968259802081,0.997308122549288
