"Posterior_Mean","Posterior_SD","Posterior_LB","Posterior_UB","prob"
-0.403194899997539,0.0523260337401877,-0.504885694255908,-0.292193810907624,1
