"Posterior_Mean","Posterior_SD","Posterior_LB","Posterior_UB","prob"
-0.282322814386222,0.0608734836147211,-0.414493767734221,-0.145715132882756,1
