"Posterior_Mean","Posterior_SD","Posterior_LB","Posterior_UB","prob"
-0.223191942994053,0.0540354805070852,-0.333387900301948,-0.0798593930351525,0.996987049808264
