"Posterior_Mean","Posterior_SD","Posterior_LB","Posterior_UB","prob"
-0.348151366562377,0.0420806017130511,-0.434481122412159,-0.265114218931628,1
