"Posterior_Mean","Posterior_SD","Posterior_LB","Posterior_UB","prob"
-0.302044732237705,0.0494645699274638,-0.425520561645138,-0.197446983586929,0.999996897444506
