"Posterior_Mean","Posterior_SD","Posterior_LB","Posterior_UB","prob"
-0.193382584242809,0.0663624469043554,-0.374938913627456,-0.0304903492971821,0.991917121007434
