"Posterior_Mean","Posterior_SD","Posterior_LB","Posterior_UB","prob"
-0.234931281834624,0.0533980615959461,-0.34407623074679,-0.131486907687779,0.999964508289106
