"Posterior_Mean","Posterior_SD","Posterior_LB","Posterior_UB","prob"
-0.228887736857753,0.0536752626726942,-0.375287112247559,-0.0227656601457926,0.986147992155814
