"Posterior_Mean","Posterior_SD","Posterior_LB","Posterior_UB","prob"
-0.240810952510452,0.0621442578006005,-0.386883216245859,-0.0752884261832172,0.998552974486542
