"Posterior_Mean","Posterior_SD","Posterior_LB","Posterior_UB","prob"
-0.429968152279237,0.0466233569087921,-0.537580242851929,-0.228923455334577,1
