"Posterior_Mean","Posterior_SD","Posterior_LB","Posterior_UB","prob"
-0.30039406082723,0.0436356815506997,-0.386436401792582,-0.209651860335443,0.999954057201224
