"Posterior_Mean","Posterior_SD","Posterior_LB","Posterior_UB","prob"
-0.158358934889452,0.069053974221773,-0.35926064752486,-5.36836915793577e-05,0.975104445370309
