"Posterior_Mean","Posterior_SD","Posterior_LB","Posterior_UB","prob"
-0.197962406601048,0.0518003639382926,-0.315138331607975,-0.0369865895024612,0.990237388248348
