"Posterior_Mean","Posterior_SD","Posterior_LB","Posterior_UB","prob"
-0.414108562493228,0.0444772605494451,-0.504667157199263,-0.293391078698373,1
