"Posterior_Mean","Posterior_SD","Posterior_LB","Posterior_UB","prob"
-0.236527357742235,0.0524054136143614,-0.34013019890926,-0.121367157858259,0.999543704365253
