"Posterior_Mean","Posterior_SD","Posterior_LB","Posterior_UB","prob"
-0.223982774255063,0.0513275210651286,-0.328197414887754,-0.108246612955561,0.998564054014832
