"Posterior_Mean","Posterior_SD","Posterior_LB","Posterior_UB","prob"
-0.177571163907705,0.0649026879536698,-0.337547115884552,-0.0024622802408342,0.976214504516328
