"Posterior_Mean","Posterior_SD","Posterior_LB","Posterior_UB","prob"
-0.273516300952727,0.0557729444541561,-0.385536946234724,-0.146504831744901,0.999856869389504
