"Posterior_Mean","Posterior_SD","Posterior_LB","Posterior_UB","prob"
-0.325108073702802,0.0582949723568577,-0.458020739735137,-0.135259198295661,0.999818324473798
