"Posterior_Mean","Posterior_SD","Posterior_LB","Posterior_UB","prob"
-0.296585043339452,0.0557447102408225,-0.410870455370023,-0.150737854428795,0.999897361923775
