"Posterior_Mean","Posterior_SD","Posterior_LB","Posterior_UB","prob"
-0.285569089650425,0.0522946439735543,-0.389691893044877,-0.176088119393171,1
