"Posterior_Mean","Posterior_SD","Posterior_LB","Posterior_UB","prob"
-0.305047416371991,0.0593704215868375,-0.438215088439308,-0.151070884350706,1
