"","Posterior_Mean","Posterior_SD","Posterior_LB","Posterior_UB"
"1",0.0237905017452808,0.0366148656805548,-0.047449446393651,0.0928569933861077
