"Posterior_Mean","Posterior_SD","Posterior_LB","Posterior_UB","prob"
-0.271830732605155,0.045406431867846,-0.366236916474708,-0.160023677667648,1
