"Posterior_Mean","Posterior_SD","Posterior_LB","Posterior_UB","prob"
-0.252805151926897,0.0677083129510877,-0.394109930185359,-0.122834711729389,0.999623210229629
