"Posterior_Mean","Posterior_SD","Posterior_LB","Posterior_UB","prob"
-0.332211950331321,0.0431994885513358,-0.418674790010388,-0.243655764317213,0.999999791606171
