"Posterior_Mean","Posterior_SD","Posterior_LB","Posterior_UB","prob"
-0.227834147350414,0.0712355227977649,-0.415117498664099,-0.0615598906940358,0.995858612535147
