"Posterior_Mean","Posterior_SD","Posterior_LB","Posterior_UB","prob"
-0.32701121805763,0.0523654071865947,-0.42877191776267,-0.222125262516847,1
