"Posterior_Mean","Posterior_SD","Posterior_LB","Posterior_UB","prob"
-0.392459927686426,0.0449430700773832,-0.494969270626338,-0.271118830090102,1
