"Posterior_Mean","Posterior_SD","Posterior_LB","Posterior_UB","prob"
-0.280197460095781,0.0507157556087617,-0.37622752429633,-0.174118004647706,0.999896013777519
