"Posterior_Mean","Posterior_SD","Posterior_LB","Posterior_UB","prob"
-0.303635495925934,0.0516131638917917,-0.406989213234165,-0.199845461991307,0.999988022457826
