"Posterior_Mean","Posterior_SD","Posterior_LB","Posterior_UB","prob"
0.00952149103645213,0.0558916862368602,-0.107474425744804,0.129510968883873,0.451318783044962
