"","Posterior_Mean","Posterior_SD","Posterior_LB","Posterior_UB"
"1",-0.0512694868683282,0.0538286458431587,-0.155776903157269,0.0547315090387943
