"","Posterior_Mean","Posterior_SD","Posterior_LB","Posterior_UB"
"1",-0.0411319410322845,0.0570296082620142,-0.15724825827962,0.068835572860077
