"Posterior_Mean","Posterior_SD","Posterior_LB","Posterior_UB","prob"
0.081315389147727,0.0598506407055361,-0.0489192001583148,0.202319726631512,0.097530511694517
