"Posterior_Mean","Posterior_SD","Posterior_LB","Posterior_UB","prob"
0.00980506799726548,0.0559532470111527,-0.108481460378527,0.130778332858308,0.438083906511237
