"Posterior_Mean","Posterior_SD","Posterior_LB","Posterior_UB","prob"
-0.0886968524018598,0.0534856289203453,-0.20385588557315,0.0186347344308734,0.947102737550488
