"Posterior_Mean","Posterior_SD","Posterior_LB","Posterior_UB","prob"
-0.0579804472587107,0.0542043827294266,-0.175764969876599,0.0503458605156914,0.840405820211299
