"Posterior_Mean","Posterior_SD","Posterior_LB","Posterior_UB","prob"
-0.068229017342364,0.0606231420073113,-0.203710983721003,0.0598373410631905,0.837453491439455
