"Posterior_Mean","Posterior_SD","Posterior_LB","Posterior_UB","prob"
-0.0326002117844012,0.0520604119768341,-0.13618454439155,0.0727840266051498,0.72751000597761
