"Posterior_Mean","Posterior_SD","Posterior_LB","Posterior_UB","prob"
-0.0163152515097661,0.0543976932120303,-0.125162044718945,0.0957476839966013,0.631479405627934
