"Posterior_Mean","Posterior_SD","Posterior_LB","Posterior_UB","prob"
0.00584996248730393,0.0571308869670742,-0.112106699019322,0.135375828701814,0.476305818699275
