"Posterior_Mean","Posterior_SD","Posterior_LB","Posterior_UB","prob"
-0.0753442419150434,0.0544384517703398,-0.184505337747334,0.037910985541941,0.907439056840347
