"Posterior_Mean","Posterior_SD","Posterior_LB","Posterior_UB","prob"
-0.0160095979694592,0.0600088508465377,-0.136881389866505,0.103963066058072,0.592436780717877
