"","Posterior_Mean","Posterior_SD","Posterior_LB","Posterior_UB"
"1",0.0406098441922778,0.0515927571288414,-0.0605529562134256,0.139369925836736
