"","Posterior_Mean","Posterior_SD","Posterior_LB","Posterior_UB"
"1",-0.017136657870529,0.0548101544594072,-0.123132739797312,0.090473906355215
