"Posterior_Mean","Posterior_SD","Posterior_LB","Posterior_UB","prob"
-0.0824812613662047,0.0555070132405723,-0.19520134366545,0.0302260326077284,0.926479912326721
