"N","Mean","Sd","Prob","bias","mse","lcl","ucl","model"
50,0.00262661233623429,0.223938725189583,0.954,0.00262661233623429,0.0501554517319004,-0.415478865143096,0.487612730279805,"MCMC-Uniform"
