"Posterior_Mean","Posterior_SD","Posterior_LB","Posterior_UB","prob"
-0.219197927697723,0.145740919789826,-0.511765194488802,0.0795628471557713,0.929586921222842
