"Posterior_Mean","Posterior_SD","Posterior_LB","Posterior_UB","prob"
-0.27437792599546,0.126506724093216,-0.535148500951609,-0.00678597714613383,0.976548541574906
