"Posterior_Mean","Posterior_SD","Posterior_LB","Posterior_UB","prob"
-0.318142397408324,0.0896827103934244,-0.504471583780731,-0.142601498794196,0.999519454643465
