"Posterior_Mean","Posterior_SD","Posterior_LB","Posterior_UB","prob"
-0.229830503795219,0.105119780883533,-0.483107458516629,-0.0129704001986748,0.981134450144624
