"Posterior_Mean","Posterior_SD","Posterior_LB","Posterior_UB","prob"
-0.158504830725914,0.102966741175651,-0.380562926836187,0.0871082696062332,0.911762234722027
