"Posterior_Mean","Posterior_SD","Posterior_LB","Posterior_UB","prob"
-0.278550194523868,0.102727323298779,-0.536916047077538,-0.0633337323900142,0.995240233561757
