"Posterior_Mean","Posterior_SD","Posterior_LB","Posterior_UB","prob"
-0.247850798214197,0.0943567502355891,-0.440665508259949,-0.0613966927114956,0.994571633883991
