"Posterior_Mean","Posterior_SD","Posterior_LB","Posterior_UB","prob"
-0.227844506988734,0.123773814865426,-0.519914525991067,0.0258935475319914,0.957618508074417
