"Posterior_Mean","Posterior_SD","Posterior_LB","Posterior_UB","prob"
-0.135356912713598,0.0942039762407218,-0.325379049054629,0.0652701577258547,0.919446031744248
