"Posterior_Mean","Posterior_SD","Posterior_LB","Posterior_UB","prob"
-0.248476637634138,0.0966669424184699,-0.45161813209926,-0.0544017388257258,0.992426307697853
