"Posterior_Mean","Posterior_SD","Posterior_LB","Posterior_UB","prob"
-0.369348215785945,0.0844897491698755,-0.53466935704918,-0.190778974362716,0.999551434699055
