"Posterior_Mean","Posterior_SD","Posterior_LB","Posterior_UB","prob"
0.0463119848244385,0.157248068717662,-0.251917732319336,0.357272647846576,0.386500055641394
