"Posterior_Mean","Posterior_SD","Posterior_LB","Posterior_UB","prob"
-0.135582761345904,0.121756246592255,-0.375902015320168,0.163537769730561,0.84636006887733
