"Posterior_Mean","Posterior_SD","Posterior_LB","Posterior_UB","prob"
-0.173359605480646,0.107759496544395,-0.431430365100918,0.0524474363602929,0.935883201081831
