"Posterior_Mean","Posterior_SD","Posterior_LB","Posterior_UB","prob"
-0.0866429042520112,0.160421364594828,-0.401997314950582,0.221890811650063,0.694000016581122
