"Posterior_Mean","Posterior_SD","Posterior_LB","Posterior_UB","prob"
-0.236733978147147,0.103158478385848,-0.460133995964154,-0.00172062329316774,0.976035755119903
