"Posterior_Mean","Posterior_SD","Posterior_LB","Posterior_UB","prob"
-0.261898675583382,0.113646541075474,-0.507205990892961,-0.0232139697232426,0.984239480096245
