"Posterior_Mean","Posterior_SD","Posterior_LB","Posterior_UB","prob"
-0.313136787475611,0.0865543896517318,-0.495417671492768,-0.114277848417918,0.998688480012505
