"Posterior_Mean","Posterior_SD","Posterior_LB","Posterior_UB","prob"
-0.183309201335023,0.0937017011968409,-0.391191995628038,0.012137251223713,0.967907641076331
