"Posterior_Mean","Posterior_SD","Posterior_LB","Posterior_UB","prob"
-0.116806674163173,0.10891246284944,-0.349145633198656,0.140559956184427,0.839893393744832
