"Posterior_Mean","Posterior_SD","Posterior_LB","Posterior_UB","prob"
-0.291133092311963,0.0931826990961261,-0.502649502998285,-0.109863089801127,0.999096374854569
