"Posterior_Mean","Posterior_SD","Posterior_LB","Posterior_UB","prob"
-0.000886168503414357,0.145421584482675,-0.314243050233473,0.325767772839143,0.509461726157661
