"Posterior_Mean","Posterior_SD","Posterior_LB","Posterior_UB","prob"
-0.190308892871893,0.111838910858275,-0.423219935825227,0.0819603753298122,0.929752519318782
