"Posterior_Mean","Posterior_SD","Posterior_LB","Posterior_UB","prob"
-0.0869841106895627,0.153143987092088,-0.383566229165319,0.227021028183717,0.717266794799845
