"Posterior_Mean","Posterior_SD","Posterior_LB","Posterior_UB","prob"
-0.292663630837153,0.131442534069401,-0.583174318260428,-0.0276477915303239,0.983285165505555
