"Posterior_Mean","Posterior_SD","Posterior_LB","Posterior_UB","prob"
-0.288710244129238,0.0846776368830877,-0.459421011510397,-0.12101726782288,0.998942327319665
