"Posterior_Mean","Posterior_SD","Posterior_LB","Posterior_UB","prob"
-0.248005628902003,0.112997476443263,-0.479888583080834,0.046429357400068,0.957893589657851
