"Posterior_Mean","Posterior_SD","Posterior_LB","Posterior_UB","prob"
-0.175752370035713,0.0921984097304521,-0.368414341798419,0.00694489148238012,0.967618671903148
