"Posterior_Mean","Posterior_SD","Posterior_LB","Posterior_UB","prob"
-0.16304973733074,0.106759852086314,-0.396016719438544,0.098390986559038,0.898407997310994
