"Posterior_Mean","Posterior_SD","Posterior_LB","Posterior_UB","prob"
-0.184673873352533,0.136884705444402,-0.494607609621567,0.0764169370803936,0.914032944272035
