"Posterior_Mean","Posterior_SD","Posterior_LB","Posterior_UB","prob"
-0.246828068838092,0.0893152178024534,-0.424428613786431,-0.0720229889919302,0.9941169083305
