"Posterior_Mean","Posterior_SD","Posterior_LB","Posterior_UB","prob"
-0.0449874112084962,0.130099344405782,-0.32507999244912,0.261012562167041,0.633905028972316
