"Posterior_Mean","Posterior_SD","Posterior_LB","Posterior_UB","prob"
-0.304629175829332,0.135604469418061,-0.63964963316013,-0.00811799809080425,0.979208091321299
