"Posterior_Mean","Posterior_SD","Posterior_LB","Posterior_UB","prob"
-0.166540356146102,0.117627222835597,-0.417885958451442,0.17888778325752,0.86083938886651
