"Posterior_Mean","Posterior_SD","Posterior_LB","Posterior_UB","prob"
-0.240360793077113,0.116216498755861,-0.493061417432019,0.0110229112525508,0.969033017529261
