"Posterior_Mean","Posterior_SD","Posterior_LB","Posterior_UB","prob"
-0.213270193209551,0.161790524331266,-0.536770663471795,0.09252553761074,0.912961502983982
