"Posterior_Mean","Posterior_SD","Posterior_LB","Posterior_UB","prob"
-0.278211675640476,0.109109225838147,-0.541477022357568,-0.0560182174418332,0.991602963438161
