"Posterior_Mean","Posterior_SD","Posterior_LB","Posterior_UB","prob"
-0.0535608588278271,0.148947911847965,-0.34561317162482,0.245813056677535,0.636947411932411
