"Posterior_Mean","Posterior_SD","Posterior_LB","Posterior_UB","prob"
-0.219908167979793,0.119348742757261,-0.485612253445127,0.0342696726547319,0.95391158704289
