"Posterior_Mean","Posterior_SD","Posterior_LB","Posterior_UB","prob"
-0.378577335159141,0.0815222270027403,-0.542294764419225,-0.220536633468465,0.999992845431939
