"Posterior_Mean","Posterior_SD","Posterior_LB","Posterior_UB","prob"
-0.274473490332254,0.0878866894974415,-0.463692813456353,-0.0965016290156066,0.998897331716616
