"Posterior_Mean","Posterior_SD","Posterior_LB","Posterior_UB","prob"
-0.254776259180485,0.0895343209106899,-0.476111728194418,-0.0690249266209024,0.995905886011494
