"Posterior_Mean","Posterior_SD","Posterior_LB","Posterior_UB","prob"
-0.013629866611042,0.159746318807711,-0.327000524767169,0.304901913091229,0.536888894270015
