"Posterior_Mean","Posterior_SD","Posterior_LB","Posterior_UB","prob"
-0.230309101072191,0.11579887875539,-0.48032122344894,0.000276661593318048,0.974058741902275
