"Posterior_Mean","Posterior_SD","Posterior_LB","Posterior_UB","prob"
-0.257615151094698,0.112709239546951,-0.483972135641532,0.00642127269515919,0.971704189347014
