"Posterior_Mean","Posterior_SD","Posterior_LB","Posterior_UB","prob"
-0.111222340558015,0.115208674405363,-0.38836156181694,0.187982218387165,0.782950352770793
