"Posterior_Mean","Posterior_SD","Posterior_LB","Posterior_UB","prob"
-0.407938167536167,0.126638921278181,-0.719712462550559,-0.152885386384184,0.999716163002401
