"Posterior_Mean","Posterior_SD","Posterior_LB","Posterior_UB","prob"
-0.104723848009627,0.130461183753488,-0.402308267410073,0.208565119146898,0.74602911216814
