"Posterior_Mean","Posterior_SD","Posterior_LB","Posterior_UB","prob"
-0.226504491312137,0.114659438539022,-0.472988125343967,0.00445966341743378,0.972642711033636
