"Posterior_Mean","Posterior_SD","Posterior_LB","Posterior_UB","prob"
-0.436398836938388,0.147182878193377,-0.769914369089707,-0.138217735821949,0.998623985927137
