"Posterior_Mean","Posterior_SD","Posterior_LB","Posterior_UB","prob"
-0.275818789383364,0.100266771502821,-0.503644749207037,-0.064746770050084,0.995059413616568
