"Posterior_Mean","Posterior_SD","Posterior_LB","Posterior_UB","prob"
0.152072560911563,0.165983219562893,-0.177053498505079,0.493199124992402,0.173762096820225
