"Posterior_Mean","Posterior_SD","Posterior_LB","Posterior_UB","prob"
-0.117541167943741,0.130778480998712,-0.382749211474328,0.157464019721567,0.803487991232826
