"Posterior_Mean","Posterior_SD","Posterior_LB","Posterior_UB","prob"
0.103723802505763,0.152972930975222,-0.175508447997045,0.415343843310746,0.250002717836572
