"Posterior_Mean","Posterior_SD","Posterior_LB","Posterior_UB","prob"
-0.201807005558763,0.156201015742861,-0.501388865110629,0.117216230661389,0.898152183523572
