"Posterior_Mean","Posterior_SD","Posterior_LB","Posterior_UB","prob"
-0.164444351174394,0.100954604065602,-0.370828447758883,0.0330421807099448,0.944912578171451
