"Posterior_Mean","Posterior_SD","Posterior_LB","Posterior_UB","prob"
-0.311596486166325,0.0892167047331483,-0.493260891469981,-0.131221112083789,0.999102752376293
