"Posterior_Mean","Posterior_SD","Posterior_LB","Posterior_UB","prob"
-0.170651728715347,0.10106659808387,-0.383219936478737,0.0261674294748684,0.954039888182957
