"Posterior_Mean","Posterior_SD","Posterior_LB","Posterior_UB","prob"
-0.265506537813758,0.13725245295153,-0.591319498896121,0.00832489467842759,0.971197306359801
