"Posterior_Mean","Posterior_SD","Posterior_LB","Posterior_UB","prob"
-0.222731777022698,0.104803881051679,-0.451947250325309,0.0789645938989642,0.941400229485367
