"Posterior_Mean","Posterior_SD","Posterior_LB","Posterior_UB","prob"
-0.227303428131359,0.115206329477029,-0.473377838130338,0.00625386324641351,0.971671365759564
