"Posterior_Mean","Posterior_SD","Posterior_LB","Posterior_UB","prob"
-0.226693467116972,0.0991724992386563,-0.428954925375617,0.00594672169878644,0.972918599520837
