"Posterior_Mean","Posterior_SD","Posterior_LB","Posterior_UB","prob"
-0.22656350735006,0.0892712217913502,-0.431779171330426,-0.0403645008086972,0.990650474656264
