"Posterior_Mean","Posterior_SD","Posterior_LB","Posterior_UB","prob"
-0.2199364942041,0.107165502853534,-0.488920749306786,0.00433061091766667,0.971889150795654
