"Posterior_Mean","Posterior_SD","Posterior_LB","Posterior_UB","prob"
-0.241187639746343,0.0934836164503764,-0.426672794500512,-0.0346940503805823,0.986991727416992
