"Posterior_Mean","Posterior_SD","Posterior_LB","Posterior_UB","prob"
-0.335156585403391,0.135134460378449,-0.614145102875036,-0.0693843541391217,0.993831155074479
