"Posterior_Mean","Posterior_SD","Posterior_LB","Posterior_UB","prob"
-0.375650414376988,0.158563555504796,-0.703098508710698,-0.0584290166849871,0.990011396899116
