"Posterior_Mean","Posterior_SD","Posterior_LB","Posterior_UB","prob"
-0.192561755753431,0.168286887890275,-0.533215250092706,0.124210021674097,0.87646039786734
