"Posterior_Mean","Posterior_SD","Posterior_LB","Posterior_UB","prob"
-0.258780383012786,0.0943954311165348,-0.494186398186761,-0.0400488781171038,0.988498764566208
