"Posterior_Mean","Posterior_SD","Posterior_LB","Posterior_UB","prob"
-0.291922400760003,0.087523574578029,-0.466838608239547,-0.115343847057993,0.99873943184987
