"Posterior_Mean","Posterior_SD","Posterior_LB","Posterior_UB","prob"
-0.237441220667023,0.0923133658671758,-0.415964082360645,-0.0403661958145539,0.987816745424183
