"Posterior_Mean","Posterior_SD","Posterior_LB","Posterior_UB","prob"
-0.179615296491566,0.0923279772071858,-0.389778650092478,0.0865201344552583,0.925911891570001
