"Posterior_Mean","Posterior_SD","Posterior_LB","Posterior_UB","prob"
-0.313822579657873,0.0993031962406333,-0.521221012301023,-0.0826764429289622,0.992121098257919
