"Posterior_Mean","Posterior_SD","Posterior_LB","Posterior_UB","prob"
-0.272814088602214,0.123857402106911,-0.608658701462347,0.0337817331452749,0.956174359520005
