"Posterior_Mean","Posterior_SD","Posterior_LB","Posterior_UB","prob"
-0.331071310663528,0.144382258234028,-0.616839146691786,-0.0192473860757253,0.983165361381869
