"Posterior_Mean","Posterior_SD","Posterior_LB","Posterior_UB","prob"
0.00983528813861094,0.138729125565899,-0.305111479017139,0.35976636312318,0.490218377288978
