"Posterior_Mean","Posterior_SD","Posterior_LB","Posterior_UB","prob"
-0.0389075402347643,0.155534622771831,-0.351257100747555,0.26741135006196,0.600445296534052
