"Posterior_Mean","Posterior_SD","Posterior_LB","Posterior_UB","prob"
-0.270026363095964,0.155528299124194,-0.586367030868237,0.0451897979732006,0.954167606161413
