"Posterior_Mean","Posterior_SD","Posterior_LB","Posterior_UB","prob"
-0.390710529922331,0.10024987543884,-0.659611740154755,-0.157974087726367,0.99958142878263
