"Posterior_Mean","Posterior_SD","Posterior_LB","Posterior_UB","prob"
-0.217597511705781,0.102311070156796,-0.421875505877565,0.060898826499098,0.949039160799638
