"Posterior_Mean","Posterior_SD","Posterior_LB","Posterior_UB","prob"
-0.467574949003638,0.163388743231298,-0.797849207907094,-0.143901205960252,0.999065491349787
