"Posterior_Mean","Posterior_SD","Posterior_LB","Posterior_UB","prob"
-0.1690736190377,0.109546314447989,-0.41963765596688,0.0728156430377119,0.919654572986319
