"Posterior_Mean","Posterior_SD","Posterior_LB","Posterior_UB","prob"
-0.178373460831495,0.159860296129953,-0.50520188765751,0.134681583437744,0.860581947656995
