"Posterior_Mean","Posterior_SD","Posterior_LB","Posterior_UB","prob"
-0.181965307577386,0.0870805999569625,-0.346255678918593,0.00552441934688637,0.970700116294534
