"Posterior_Mean","Posterior_SD","Posterior_LB","Posterior_UB","prob"
-0.254261295157423,0.119278875288213,-0.515394368544708,0.0084835538989995,0.972644060657872
