"Posterior_Mean","Posterior_SD","Posterior_LB","Posterior_UB","prob"
-0.316206232206888,0.112602786376643,-0.59692376398101,-0.0953491983675348,0.995741564679539
