"Posterior_Mean","Posterior_SD","Posterior_LB","Posterior_UB","prob"
-0.294609889377189,0.132382202110092,-0.622514507808524,-0.0284449053744063,0.984651345720258
