"Posterior_Mean","Posterior_SD","Posterior_LB","Posterior_UB","prob"
-0.265336619656788,0.11500267648959,-0.509300267450802,-0.0285291398584769,0.984691300946596
