"Posterior_Mean","Posterior_SD","Posterior_LB","Posterior_UB","prob"
-0.214768974004263,0.106908541006687,-0.427369111578731,0.0805006606166761,0.943823234351535
