"Posterior_Mean","Posterior_SD","Posterior_LB","Posterior_UB","prob"
-0.0236860427668722,0.13819296824974,-0.321397699669442,0.289207308895126,0.568894654330365
