"Posterior_Mean","Posterior_SD","Posterior_LB","Posterior_UB","prob"
-0.0610068421356997,0.0873977616422498,-0.238723342087233,0.131176751315684,0.754883889742306
