"Posterior_Mean","Posterior_SD","Posterior_LB","Posterior_UB","prob"
-0.296455756351896,0.0959182388425376,-0.50953918835229,-0.107787305704162,0.99880893869672
