"Posterior_Mean","Posterior_SD","Posterior_LB","Posterior_UB","prob"
-0.0727329244044277,0.157799804375551,-0.375154331579498,0.248206272419182,0.680911511378342
