"Posterior_Mean","Posterior_SD","Posterior_LB","Posterior_UB","prob"
-0.371835606914181,0.109605580948489,-0.72563075153432,-0.115375092802488,0.998982461644239
