"Posterior_Mean","Posterior_SD","Posterior_LB","Posterior_UB","prob"
-0.111234201698843,0.125814417556539,-0.370945459576976,0.194428994679063,0.784405519567636
