"Posterior_Mean","Posterior_SD","Posterior_LB","Posterior_UB","prob"
-0.239145534320178,0.0958855492251512,-0.428794303798796,-0.0249318756134386,0.983620489744972
