"Posterior_Mean","Posterior_SD","Posterior_LB","Posterior_UB","prob"
-0.300856861026022,0.101818040810265,-0.520757565746394,-0.0664244492264556,0.993369239746298
