"Posterior_Mean","Posterior_SD","Posterior_LB","Posterior_UB","prob"
-0.324473288944644,0.108540055147611,-0.575148173040727,-0.0934170411641929,0.996414271996666
