"Posterior_Mean","Posterior_SD","Posterior_LB","Posterior_UB","prob"
-0.128412842651341,0.100309028593059,-0.351169578284134,0.0898776553956827,0.886674162808091
