"Posterior_Mean","Posterior_SD","Posterior_LB","Posterior_UB","prob"
-0.306199677704129,0.155534224690565,-0.624556282861366,-0.0106428504347979,0.978663033223537
