"Posterior_Mean","Posterior_SD","Posterior_LB","Posterior_UB","prob"
-0.482725863724555,0.144948789635387,-0.778282996557316,-0.184525603903339,0.999040455912126
