"Posterior_Mean","Posterior_SD","Posterior_LB","Posterior_UB","prob"
-0.328876288965964,0.0895410545603853,-0.525788681927142,-0.140740743803363,0.999314235032046
