"Posterior_Mean","Posterior_SD","Posterior_LB","Posterior_UB","prob"
-0.308471940050614,0.152224318423474,-0.631800121333427,-0.00889114065792708,0.978282841337062
