"Posterior_Mean","Posterior_SD","Posterior_LB","Posterior_UB","prob"
-0.222895604584092,0.112670946719468,-0.456219009222306,0.0748174362217333,0.938941350593301
