"Posterior_Mean","Posterior_SD","Posterior_LB","Posterior_UB","prob"
-0.254142246838343,0.090352310041976,-0.460121807785551,-0.0780885720725669,0.998339356125304
