"Posterior_Mean","Posterior_SD","Posterior_LB","Posterior_UB","prob"
-0.178461687116725,0.157937772747066,-0.505180137075475,0.130693393237224,0.861190676286785
