"Posterior_Mean","Posterior_SD","Posterior_LB","Posterior_UB","prob"
-0.399888854976393,0.110491239003931,-0.704013172508892,-0.129760905385207,0.998577664493208
