"Posterior_Mean","Posterior_SD","Posterior_LB","Posterior_UB","prob"
-0.1900564172907,0.0924626647883995,-0.386148056375222,-0.00247811171921916,0.977940604296947
