"Posterior_Mean","Posterior_SD","Posterior_LB","Posterior_UB","prob"
-0.1807732641902,0.107621595803953,-0.413316504756042,0.0516918023802293,0.939049311382286
