"Posterior_Mean","Posterior_SD","Posterior_LB","Posterior_UB","prob"
-0.205156030966592,0.0965187001195672,-0.411805368199102,-0.01360305467594,0.980539120749743
