"Posterior_Mean","Posterior_SD","Posterior_LB","Posterior_UB","prob"
-0.103067741045237,0.159762409097653,-0.417238210235279,0.211049571055967,0.741157459217246
