"Posterior_Mean","Posterior_SD","Posterior_LB","Posterior_UB","prob"
-0.129133655985838,0.108647261051983,-0.364553538408044,0.108448974811776,0.873324944606598
