"Posterior_Mean","Posterior_SD","Posterior_LB","Posterior_UB","prob"
-0.299618528212655,0.168655462295545,-0.632561608834749,0.0340815715591596,0.962085692566237
