"Posterior_Mean","Posterior_SD","Posterior_LB","Posterior_UB","prob"
-0.417518874604264,0.160147617085193,-0.755426242446385,-0.0966960207274364,0.996859928623736
