"Posterior_Mean","Posterior_SD","Posterior_LB","Posterior_UB","prob"
-0.222392703051087,0.0915089379685139,-0.402872450240665,-0.0276396834843061,0.985102357948236
