"Posterior_Mean","Posterior_SD","Posterior_LB","Posterior_UB","prob"
-0.192140570123623,0.0981329779431932,-0.408164706682058,0.0929941478606265,0.927699583382184
