"Posterior_Mean","Posterior_SD","Posterior_LB","Posterior_UB","prob"
-0.315152908386492,0.0993516987779512,-0.538277789805686,-0.116710610030034,0.998796644011203
