"Posterior_Mean","Posterior_SD","Posterior_LB","Posterior_UB","prob"
-0.21299937455342,0.0975604524121266,-0.43693825867489,-0.0157642720341434,0.982728979041978
