"Posterior_Mean","Posterior_SD","Posterior_LB","Posterior_UB","prob"
-0.484069591310488,0.121521683567068,-0.757916746200121,-0.222992746687238,0.999831842232768
