"Posterior_Mean","Posterior_SD","Posterior_LB","Posterior_UB","prob"
0.0600944620662046,0.154874707526315,-0.242086501634159,0.375022200737853,0.3631009881524
