"Posterior_Mean","Posterior_SD","Posterior_LB","Posterior_UB","prob"
-0.380833806652625,0.159663196863876,-0.692919668565272,-0.0663649576042531,0.993488638572156
