"Posterior_Mean","Posterior_SD","Posterior_LB","Posterior_UB","prob"
-0.254544117154338,0.0805404979373274,-0.41667779107978,-0.0942343177611029,0.999814497094546
