"Posterior_Mean","Posterior_SD","Posterior_LB","Posterior_UB","prob"
-0.191872099103133,0.0890720598670549,-0.375290292840396,-0.0140414424456347,0.982980246520896
