"Posterior_Mean","Posterior_SD","Posterior_LB","Posterior_UB","prob"
-0.0633721380744866,0.140162726105135,-0.346159686457671,0.230030808489586,0.680313292873751
