"Posterior_Mean","Posterior_SD","Posterior_LB","Posterior_UB","prob"
0.0698324489105503,0.154327837541643,-0.242271404933742,0.392993203522635,0.328333380651664
