"Posterior_Mean","Posterior_SD","Posterior_LB","Posterior_UB","prob"
-0.318688624967765,0.155477156048068,-0.632762961668966,-0.00924900179998699,0.977284911138744
