"Posterior_Mean","Posterior_SD","Posterior_LB","Posterior_UB","prob"
-0.183257513562188,0.239413451260227,-0.658260925931521,0.281398467913215,0.784003710699686
