"Posterior_Mean","Posterior_SD","Posterior_LB","Posterior_UB","prob"
0.0602678618521497,0.230754816076915,-0.379993569404189,0.515988052913796,0.406076841288937
