"Posterior_Mean","Posterior_SD","Posterior_LB","Posterior_UB","prob"
-0.390206008968185,0.198664691519327,-0.853524286863168,0.0142452645647283,0.97176729379952
