"Posterior_Mean","Posterior_SD","Posterior_LB","Posterior_UB","prob"
-0.291154800848397,0.236096254050953,-0.763880828890271,0.162359272216688,0.894983727109839
