"Posterior_Mean","Posterior_SD","Posterior_LB","Posterior_UB","prob"
-0.419654866752297,0.190346587117307,-0.842439888770805,-0.0420260884380973,0.983982588180696
