"Posterior_Mean","Posterior_SD","Posterior_LB","Posterior_UB","prob"
-0.517271806208751,0.231970820698604,-0.983374264815057,-0.0698233490064317,0.98847552259663
