"Posterior_Mean","Posterior_SD","Posterior_LB","Posterior_UB","prob"
-0.118220790425538,0.191204273080818,-0.499965204408258,0.311874387085068,0.734416150120146
