"Posterior_Mean","Posterior_SD","Posterior_LB","Posterior_UB","prob"
-0.585893914289,0.249452657459567,-1.04895664795867,-0.0814014220359233,0.989601791323464
