"Posterior_Mean","Posterior_SD","Posterior_LB","Posterior_UB","prob"
-0.619278292692199,0.218771657381559,-1.06616593754176,-0.203505079907874,0.997063772751084
