"Posterior_Mean","Posterior_SD","Posterior_LB","Posterior_UB","prob"
-0.0709720056877031,0.216027485525571,-0.518211143725916,0.376902332260615,0.635643940633187
