"Posterior_Mean","Posterior_SD","Posterior_LB","Posterior_UB","prob"
-0.106621085461863,0.224079216553296,-0.566550019307439,0.340989335648924,0.674222031081463
