"Posterior_Mean","Posterior_SD","Posterior_LB","Posterior_UB","prob"
0.136547246179958,0.219524273670726,-0.294724212168141,0.579644358412677,0.266385357112455
