"Posterior_Mean","Posterior_SD","Posterior_LB","Posterior_UB","prob"
-0.24527751805594,0.213137524734363,-0.664941220533551,0.181404959699686,0.866124251122655
