"Posterior_Mean","Posterior_SD","Posterior_LB","Posterior_UB","prob"
-0.33444654416731,0.224606367514921,-0.817057408200483,0.107844507061884,0.93319447816735
