"Posterior_Mean","Posterior_SD","Posterior_LB","Posterior_UB","prob"
-0.303299660949216,0.22958157674994,-0.737123409956659,0.163284865059336,0.900433158129054
