"Posterior_Mean","Posterior_SD","Posterior_LB","Posterior_UB","prob"
-0.722599033830599,0.231347865819139,-1.19078366698324,-0.258520481377834,0.999773629610449
