"Posterior_Mean","Posterior_SD","Posterior_LB","Posterior_UB","prob"
-0.323433356474243,0.24343607401141,-0.815692287399525,0.15222180130345,0.915050728038413
