"Posterior_Mean","Posterior_SD","Posterior_LB","Posterior_UB","prob"
-0.145034430377676,0.215322811887531,-0.54851543386153,0.286084043321111,0.756999958611345
