"Posterior_Mean","Posterior_SD","Posterior_LB","Posterior_UB","prob"
-0.674923556218415,0.227628867997769,-1.12548991772918,-0.239117279958642,0.999027179865684
