"Posterior_Mean","Posterior_SD","Posterior_LB","Posterior_UB","prob"
0.0447918648031874,0.180661661328898,-0.319598025292738,0.435915993889528,0.411270206984484
