"Posterior_Mean","Posterior_SD","Posterior_LB","Posterior_UB","prob"
-0.623356944215291,0.222733682373446,-1.07085760359716,-0.173833535714982,0.998500018416646
