"Posterior_Mean","Posterior_SD","Posterior_LB","Posterior_UB","prob"
-0.277494409447813,0.228753871554473,-0.730563232944548,0.169296184005031,0.889038188080564
