"Posterior_Mean","Posterior_SD","Posterior_LB","Posterior_UB","prob"
0.230483801109781,0.228073014585353,-0.235439930754188,0.661799593154245,0.14752016112168
