"Posterior_Mean","Posterior_SD","Posterior_LB","Posterior_UB","prob"
-0.357281933092225,0.235222731881842,-0.820451429984034,0.109409108978236,0.930428795023543
