"Posterior_Mean","Posterior_SD","Posterior_LB","Posterior_UB","prob"
-0.133174059916569,0.177166998952077,-0.509020113020214,0.267793072546595,0.763222387664684
