"Posterior_Mean","Posterior_SD","Posterior_LB","Posterior_UB","prob"
0.107024108932292,0.217751649946897,-0.32262619777631,0.565401037649828,0.311487023739654
