"Posterior_Mean","Posterior_SD","Posterior_LB","Posterior_UB","prob"
0.26911524844162,0.221995256849844,-0.175899033606452,0.722399002830072,0.119317565466037
