"Posterior_Mean","Posterior_SD","Posterior_LB","Posterior_UB","prob"
0.0864787330221074,0.226938873928242,-0.357815161091696,0.5384585954735,0.338821119707876
