"Posterior_Mean","Posterior_SD","Posterior_LB","Posterior_UB","prob"
-0.0832521120928677,0.188806007424224,-0.483651579345533,0.284106573987332,0.665766574037782
