"Posterior_Mean","Posterior_SD","Posterior_LB","Posterior_UB","prob"
-0.226535849928011,0.199483712969798,-0.634051174055275,0.175095981482619,0.875085178191922
