"Posterior_Mean","Posterior_SD","Posterior_LB","Posterior_UB","prob"
-0.151158074802979,0.228207978711366,-0.589781870976854,0.306762910708005,0.750999999885246
