"Posterior_Mean","Posterior_SD","Posterior_LB","Posterior_UB","prob"
-0.322375505694233,0.191335214172766,-0.71303601445622,0.0896212132945263,0.934333688494782
