"Posterior_Mean","Posterior_SD","Posterior_LB","Posterior_UB","prob"
-0.351291567444006,0.232437737052018,-0.809923989867435,0.0856568698358017,0.93717929073556
