"Posterior_Mean","Posterior_SD","Posterior_LB","Posterior_UB","prob"
-0.32933324857943,0.225504961077012,-0.772717824069637,0.136813119726718,0.931491222896264
