"Posterior_Mean","Posterior_SD","Posterior_LB","Posterior_UB","prob"
-0.702039631976655,0.231758915144059,-1.14198214151378,-0.260228592832402,0.999962658084919
