"Posterior_Mean","Posterior_SD","Posterior_LB","Posterior_UB","prob"
-0.0158031018159395,0.216244369626309,-0.437293672833148,0.422992143849333,0.526310143798894
