"Posterior_Mean","Posterior_SD","Posterior_LB","Posterior_UB","prob"
-0.300811279324261,0.216455906811077,-0.721214201799034,0.137316066661484,0.909139350235575
