"Posterior_Mean","Posterior_SD","Posterior_LB","Posterior_UB","prob"
0.210877049108472,0.224526491197322,-0.251817254541086,0.697809621415357,0.206767636092225
