"Posterior_Mean","Posterior_SD","Posterior_LB","Posterior_UB","prob"
-0.877255426716206,0.229161234423316,-1.3290163677865,-0.421012690396378,0.999997428071869
