"Posterior_Mean","Posterior_SD","Posterior_LB","Posterior_UB","prob"
-0.152045902172377,0.17076923019273,-0.519534671885994,0.199867941094705,0.81896137528776
