"Posterior_Mean","Posterior_SD","Posterior_LB","Posterior_UB","prob"
-0.390838068290166,0.206319611470455,-0.796545463120704,0.0208937924992105,0.965439869044967
