"Posterior_Mean","Posterior_SD","Posterior_LB","Posterior_UB","prob"
0.0622459067904692,0.210819600327854,-0.359560561646275,0.485012985512928,0.390346580901475
