"Posterior_Mean","Posterior_SD","Posterior_LB","Posterior_UB","prob"
-0.353882855778106,0.207602254497939,-0.767592576524821,0.0474466453248389,0.956477398021746
