"Posterior_Mean","Posterior_SD","Posterior_LB","Posterior_UB","prob"
-0.210954277175064,0.193860784129843,-0.667681447112676,0.174306341508958,0.859749201353382
