"Posterior_Mean","Posterior_SD","Posterior_LB","Posterior_UB","prob"
0.117183743752002,0.2146583959791,-0.292553156707124,0.540379303043114,0.291578570115717
