"Posterior_Mean","Posterior_SD","Posterior_LB","Posterior_UB","prob"
-0.197700401890118,0.242316389353737,-0.669603120807524,0.307359429738076,0.794484852894409
