"Posterior_Mean","Posterior_SD","Posterior_LB","Posterior_UB","prob"
-0.475396947114945,0.240969867599893,-0.954955999921673,0.0140141896090341,0.971499984514642
