"Posterior_Mean","Posterior_SD","Posterior_LB","Posterior_UB","prob"
-0.673391383748488,0.199306777038542,-1.14602947418997,-0.249786487884165,0.99952323925177
