"Posterior_Mean","Posterior_SD","Posterior_LB","Posterior_UB","prob"
0.180462712373875,0.212171994340803,-0.253590641402765,0.594377025112778,0.208270868691673
