"Posterior_Mean","Posterior_SD","Posterior_LB","Posterior_UB","prob"
-0.0744479358947522,0.165825397439151,-0.430374886014022,0.28650693903684,0.673536265753525
