"Posterior_Mean","Posterior_SD","Posterior_LB","Posterior_UB","prob"
0.265250127576989,0.228805202198966,-0.199349805290902,0.759301708319617,0.132059168501737
