"Posterior_Mean","Posterior_SD","Posterior_LB","Posterior_UB","prob"
-0.0990025097350063,0.20910290945388,-0.541708139681759,0.309416416707766,0.669765438117345
