"Posterior_Mean","Posterior_SD","Posterior_LB","Posterior_UB","prob"
-0.574221280780059,0.243330280277889,-1.04950411060128,-0.104341903614285,0.990000011454729
