"Posterior_Mean","Posterior_SD","Posterior_LB","Posterior_UB","prob"
-0.0567411921282471,0.232473165262354,-0.511620071917246,0.396082925223892,0.60057414405547
