"Posterior_Mean","Posterior_SD","Posterior_LB","Posterior_UB","prob"
-0.290331947100128,0.215519618319643,-0.717353382134052,0.122323427892981,0.90662099144394
