"Posterior_Mean","Posterior_SD","Posterior_LB","Posterior_UB","prob"
-0.30561092504018,0.225521048025588,-0.779856126948164,0.150200125024477,0.914148203527305
