"Posterior_Mean","Posterior_SD","Posterior_LB","Posterior_UB","prob"
0.1755725609661,0.23548383452519,-0.286065212637788,0.63950865016502,0.230460954394714
