"Posterior_Mean","Posterior_SD","Posterior_LB","Posterior_UB","prob"
-0.294946651781684,0.215725478409835,-0.726942793047418,0.13222200645652,0.905360750610333
