"Posterior_Mean","Posterior_SD","Posterior_LB","Posterior_UB","prob"
-0.145308838090982,0.22302312422416,-0.604715880320733,0.308262406157502,0.747669760895326
