"Posterior_Mean","Posterior_SD","Posterior_LB","Posterior_UB","prob"
-0.0376509971778934,0.220321569555295,-0.485223854268125,0.406568448555983,0.558071035216394
