"Posterior_Mean","Posterior_SD","Posterior_LB","Posterior_UB","prob"
-0.31447801245579,0.222555198571333,-0.753917005822469,0.126399814605834,0.928296120501408
