"Posterior_Mean","Posterior_SD","Posterior_LB","Posterior_UB","prob"
-0.47369703747658,0.221975781588046,-0.904745103465939,-0.0341578273568555,0.982837984527359
