"Posterior_Mean","Posterior_SD","Posterior_LB","Posterior_UB","prob"
-0.336855001773291,0.184760109579451,-0.695821022886818,0.087564402233023,0.944956379473602
