"Posterior_Mean","Posterior_SD","Posterior_LB","Posterior_UB","prob"
-0.245402835741594,0.198661113456593,-0.668052826373365,0.147902864269284,0.885026732571745
