"Posterior_Mean","Posterior_SD","Posterior_LB","Posterior_UB","prob"
-0.401715956330185,0.193369592965392,-0.797516780722107,0.0084622036415663,0.972053840203764
