"Posterior_Mean","Posterior_SD","Posterior_LB","Posterior_UB","prob"
-0.0891837863274997,0.236388193524994,-0.563423158601518,0.374858872960152,0.638080582399725
