"Posterior_Mean","Posterior_SD","Posterior_LB","Posterior_UB","prob"
-0.452917298695409,0.22485656370413,-0.877413572864273,-0.0082551046826454,0.976493444535447
