"Posterior_Mean","Posterior_SD","Posterior_LB","Posterior_UB","prob"
-0.334992826819123,0.205873513456868,-0.801027273889116,0.0826692160319657,0.939777494019086
