"Posterior_Mean","Posterior_SD","Posterior_LB","Posterior_UB","prob"
-0.129121713200475,0.203369101581779,-0.55443681389728,0.284634475454138,0.741668223799434
