"Posterior_Mean","Posterior_SD","Posterior_LB","Posterior_UB","prob"
-0.394133505216875,0.224970861229808,-0.827601859885819,0.0531445545199798,0.957607448059631
