"Posterior_Mean","Posterior_SD","Posterior_LB","Posterior_UB","prob"
-0.218722334504059,0.207698649504008,-0.639433674148817,0.191498942248697,0.855362658507929
