"Posterior_Mean","Posterior_SD","Posterior_LB","Posterior_UB","prob"
-0.270111491266311,0.212683277851622,-0.700533721509944,0.155378437969247,0.885026896166073
