"Posterior_Mean","Posterior_SD","Posterior_LB","Posterior_UB","prob"
-0.153431818856688,0.222052006735926,-0.590381664745797,0.288211165190609,0.759713301916912
