"Posterior_Mean","Posterior_SD","Posterior_LB","Posterior_UB","prob"
-0.20637143438504,0.197491807945291,-0.638308572179696,0.195136296412907,0.839886771975538
