"Posterior_Mean","Posterior_SD","Posterior_LB","Posterior_UB","prob"
-0.453495633907088,0.21183420100727,-0.855588494358508,-0.0387856610308778,0.982133458472824
