"Posterior_Mean","Posterior_SD","Posterior_LB","Posterior_UB","prob"
-0.708732846504859,0.224451877346032,-1.17897564421807,-0.262743919687885,0.999463583753778
