"Posterior_Mean","Posterior_SD","Posterior_LB","Posterior_UB","prob"
0.363295980747326,0.242654548261414,-0.11233347284507,0.85515933969859,0.0680093011874517
