"Posterior_Mean","Posterior_SD","Posterior_LB","Posterior_UB","prob"
-0.116365972894395,0.190163132014406,-0.501954548462389,0.345375618025296,0.713845752510788
