"Posterior_Mean","Posterior_SD","Posterior_LB","Posterior_UB","prob"
-0.175234549923091,0.224618625516366,-0.608099383038384,0.26341612554737,0.775860313850515
