"Posterior_Mean","Posterior_SD","Posterior_LB","Posterior_UB","prob"
-0.415144164761645,0.205051681921672,-0.832164535076275,-0.0225466772642495,0.980206225240865
