"Posterior_Mean","Posterior_SD","Posterior_LB","Posterior_UB","prob"
-0.4330520453436,0.214567810983854,-0.896476711423964,0.00463256574721266,0.97369260829238
