"Posterior_Mean","Posterior_SD","Posterior_LB","Posterior_UB","prob"
-0.604739873797035,0.238823997304551,-1.08574403721642,-0.125856472519945,0.995483773441275
