"Posterior_Mean","Posterior_SD","Posterior_LB","Posterior_UB","prob"
0.268210064701882,0.218264979480563,-0.182721449001633,0.705069171400079,0.118605587316629
