"Posterior_Mean","Posterior_SD","Posterior_LB","Posterior_UB","prob"
-0.316537018394037,0.22316047567736,-0.757457223347698,0.122790796045143,0.907648400911788
