"Posterior_Mean","Posterior_SD","Posterior_LB","Posterior_UB","prob"
-0.215054881015804,0.199796249313933,-0.607942075250089,0.24571999242204,0.836371048637272
