"Posterior_Mean","Posterior_SD","Posterior_LB","Posterior_UB","prob"
-0.163787363000729,0.202416511326194,-0.563099192186025,0.272955153803683,0.787395686443837
