"Posterior_Mean","Posterior_SD","Posterior_LB","Posterior_UB","prob"
-0.208990060796483,0.180313879758101,-0.560397138876162,0.196579932798588,0.865766148523366
