"Posterior_Mean","Posterior_SD","Posterior_LB","Posterior_UB","prob"
-0.133395482636921,0.228182578116914,-0.593899089831444,0.307855949148366,0.72110309555202
