"Posterior_Mean","Posterior_SD","Posterior_LB","Posterior_UB","prob"
-0.282429241719723,0.181098989515779,-0.637563177248024,0.128396848023313,0.924223472881589
