"Posterior_Mean","Posterior_SD","Posterior_LB","Posterior_UB","prob"
-0.421092010526019,0.225453536835468,-0.866264620973701,0.0251543740172798,0.967253436420412
