"Posterior_Mean","Posterior_SD","Posterior_LB","Posterior_UB","prob"
0.22681214984946,0.236042232523146,-0.238493867898464,0.685639791723138,0.171779487134013
