"Posterior_Mean","Posterior_SD","Posterior_LB","Posterior_UB","prob"
0.0393474490072719,0.201271931055147,-0.373827815256135,0.492728209618123,0.444269126496028
