"Posterior_Mean","Posterior_SD","Posterior_LB","Posterior_UB","prob"
-0.586181763517083,0.223721623628999,-1.03812082262187,-0.143971555259599,0.997838135629623
