"Posterior_Mean","Posterior_SD","Posterior_LB","Posterior_UB","prob"
-0.00424922336108418,0.2286942286836,-0.456383098280622,0.447913254529926,0.521481586006375
