"Posterior_Mean","Posterior_SD","Posterior_LB","Posterior_UB","prob"
-0.0662745268447483,0.193061304225989,-0.45202696688442,0.354976084353433,0.634678820942008
