"Posterior_Mean","Posterior_SD","Posterior_LB","Posterior_UB","prob"
-0.263489497905599,0.221976885497181,-0.71446635398617,0.169091501425928,0.885491067394972
