"Posterior_Mean","Posterior_SD","Posterior_LB","Posterior_UB","prob"
-0.659389275744593,0.237505141570612,-1.14398569124325,-0.179072635335701,0.99765645539731
