"Posterior_Mean","Posterior_SD","Posterior_LB","Posterior_UB","prob"
0.228257629985028,0.234305715695172,-0.244603891058402,0.682011087504707,0.167643581477439
