"Posterior_Mean","Posterior_SD","Posterior_LB","Posterior_UB","prob"
-0.204497342237273,0.227081255137219,-0.648285102832237,0.237997827375225,0.821502427931443
