"Posterior_Mean","Posterior_SD","Posterior_LB","Posterior_UB","prob"
-0.322855535236306,0.223860096426832,-0.777022662816718,0.109403499405654,0.919654813967716
