"Posterior_Mean","Posterior_SD","Posterior_LB","Posterior_UB","prob"
-0.123059918006686,0.185374238933365,-0.501049318437677,0.28946484918767,0.754173130484136
