"Posterior_Mean","Posterior_SD","Posterior_LB","Posterior_UB","prob"
-0.369303802661051,0.198791796885465,-0.784981757908945,0.0349042667110378,0.962942071216813
