"Posterior_Mean","Posterior_SD","Posterior_LB","Posterior_UB","prob"
-0.173313311396488,0.220892567243206,-0.597141131566952,0.269476218960608,0.793011571221079
