"Posterior_Mean","Posterior_SD","Posterior_LB","Posterior_UB","prob"
-0.0199349142547806,0.205587148189124,-0.413640121561025,0.405954909515636,0.551994058034471
