"Posterior_Mean","Posterior_SD","Posterior_LB","Posterior_UB","prob"
-0.388840113706912,0.22714533199287,-0.814229080527907,0.0529350454765872,0.94840688402164
