"Posterior_Mean","Posterior_SD","Posterior_LB","Posterior_UB","prob"
-0.580225246293348,0.218996398142662,-1.01415419125491,-0.152484558535969,0.995242345474283
