"Posterior_Mean","Posterior_SD","Posterior_LB","Posterior_UB","prob"
-0.321333197548147,0.23371104705956,-0.766564881618018,0.146476285230504,0.905378127242376
