"Posterior_Mean","Posterior_SD","Posterior_LB","Posterior_UB","prob"
-0.347022722122377,0.225382631112874,-0.805980243730251,0.0940731796007964,0.942012525005213
