"Posterior_Mean","Posterior_SD","Posterior_LB","Posterior_UB","prob"
-0.408015075377476,0.208243566901076,-0.849605179378641,-0.00494518094512569,0.977207529058874
