"Posterior_Mean","Posterior_SD","Posterior_LB","Posterior_UB","prob"
-0.0708715098212603,0.24170819159844,-0.558214895985867,0.412007311885522,0.613654789859464
