"Posterior_Mean","Posterior_SD","Posterior_LB","Posterior_UB","prob"
-0.231677585245036,0.16669286845267,-0.600501906466782,0.116326502221643,0.902330186052459
