"Posterior_Mean","Posterior_SD","Posterior_LB","Posterior_UB","prob"
-0.181529556110962,0.209064494114085,-0.601393500926796,0.287162900103998,0.794007911529172
