"Posterior_Mean","Posterior_SD","Posterior_LB","Posterior_UB","prob"
-0.32051072663456,0.168253716068389,-0.717168215308204,0.0252333364882888,0.965401243202016
