"Posterior_Mean","Posterior_SD","Posterior_LB","Posterior_UB","prob"
0.198208563348741,0.20247844587705,-0.226206243825081,0.631107937572767,0.17166053955371
