"Posterior_Mean","Posterior_SD","Posterior_LB","Posterior_UB","prob"
-0.173070001254022,0.196869971402047,-0.580172782077797,0.27591135148039,0.785176563134995
