"Posterior_Mean","Posterior_SD","Posterior_LB","Posterior_UB","prob"
0.100710343834755,0.222306530269144,-0.358194039166276,0.569056470265851,0.321232714182612
