"Posterior_Mean","Posterior_SD","Posterior_LB","Posterior_UB","prob"
0.157493443043283,0.221378609965089,-0.280126008194307,0.599373579882984,0.241283844925746
