"Posterior_Mean","Posterior_SD","Posterior_LB","Posterior_UB","prob"
-0.180374525273724,0.220548673088835,-0.603472957301554,0.242112381806754,0.793970396308004
