"Posterior_Mean","Posterior_SD","Posterior_LB","Posterior_UB","prob"
0.278536562303037,0.2264334380836,-0.157671392348999,0.721065593540386,0.112525021775871
