"Posterior_Mean","Posterior_SD","Posterior_LB","Posterior_UB","prob"
-0.342969476247051,0.221314822580237,-0.803948071128666,0.100930688911031,0.931389466400092
