"Posterior_Mean","Posterior_SD","Posterior_LB","Posterior_UB","prob"
-0.332254216385475,0.190920514081549,-0.709896135106679,0.0801404944910167,0.945479131210201
