"Posterior_Mean","Posterior_SD","Posterior_LB","Posterior_UB","prob"
-0.16191867046328,0.222694739757056,-0.591620714639284,0.290533140448908,0.754006299708159
