"Posterior_Mean","Posterior_SD","Posterior_LB","Posterior_UB","prob"
-0.341572380683879,0.205185493029626,-0.754757158698334,0.150684072243429,0.925710258801878
