"Posterior_Mean","Posterior_SD","Posterior_LB","Posterior_UB","prob"
-0.0278843313528382,0.221261297305772,-0.478068166914906,0.427072311968623,0.545025948173823
