"Posterior_Mean","Posterior_SD","Posterior_LB","Posterior_UB","prob"
-0.12581798296285,0.232196325098061,-0.585285758059266,0.320886213913877,0.707500764037986
