"Posterior_Mean","Posterior_SD","Posterior_LB","Posterior_UB","prob"
-0.384572953994979,0.210951514244051,-0.820893558834606,0.0370414161610353,0.964236476117254
