"Posterior_Mean","Posterior_SD","Posterior_LB","Posterior_UB","prob"
-0.326378372066924,0.244615633733578,-0.796213470582936,0.151868241208197,0.91377243769802
