"Posterior_Mean","Posterior_SD","Posterior_LB","Posterior_UB","prob"
-0.0308620897340735,0.237227777776538,-0.481616871248854,0.42580601183624,0.553443601927895
