"","Posterior_Mean","Posterior_SD","Posterior_LB","Posterior_UB"
"1",0.0118167199324275,0.0432061107580012,-0.0705940611413813,0.096406714379953
