"","Posterior_Mean","Posterior_SD","Posterior_LB","Posterior_UB"
"1",0.0108646235785329,0.0455071256486538,-0.0784866101585889,0.0988302374565356
