"","Posterior_Mean","Posterior_SD","Posterior_LB","Posterior_UB"
"1",0.0448261344495196,0.0443577908572486,-0.0415058032713769,0.13171443613005
