"","Posterior_Mean","Posterior_SD","Posterior_LB","Posterior_UB"
"1",0.0141553376049802,0.044934290792114,-0.0743785334118435,0.10229135033163
