"","Posterior_Mean","Posterior_SD","Posterior_LB","Posterior_UB"
"1",-0.0440604136909016,0.0459657318727242,-0.135152144102947,0.0452154810643919
