"","Posterior_Mean","Posterior_SD","Posterior_LB","Posterior_UB"
"1",0.0688504359486089,0.0441389577501241,-0.015995276409016,0.154215667071267
