"","Posterior_Mean","Posterior_SD","Posterior_LB","Posterior_UB"
"1",-0.0805891177805633,0.0720665302442776,-0.221335536274873,0.0612872690792887
