"","Posterior_Mean","Posterior_SD","Posterior_LB","Posterior_UB"
"1",0.0349667879810627,0.0495107933691341,-0.0601132683684108,0.129133628621889
