"","Posterior_Mean","Posterior_SD","Posterior_LB","Posterior_UB"
"1",0.0158001244865731,0.0504499915999813,-0.0813812745794616,0.116372831862706
