"","Posterior_Mean","Posterior_SD","Posterior_LB","Posterior_UB"
"1",-0.0570131177964219,0.042853529052142,-0.141402291714631,0.0301067026427135
