"Posterior_Mean","Posterior_SD","Posterior_LB","Posterior_UB","prob"
0.0202772827964289,0.0945201485523425,-0.161611901732414,0.213100061814152,0.420086201607998
