"Posterior_Mean","Posterior_SD","Posterior_LB","Posterior_UB","prob"
-0.158400734628176,0.0873271010501429,-0.335555238596626,0.0846905925588892,0.919183065448526
