"Posterior_Mean","Posterior_SD","Posterior_LB","Posterior_UB","prob"
-0.280871440375256,0.0605444839070347,-0.405182940477767,-0.139447385014116,0.99551248594162
