"Posterior_Mean","Posterior_SD","Posterior_LB","Posterior_UB","prob"
-0.0637963508076509,0.106629075257451,-0.283241069133312,0.181236760921685,0.704765933367236
