"Posterior_Mean","Posterior_SD","Posterior_LB","Posterior_UB","prob"
0.322209355438005,0.114718023892923,0.0910025788849774,0.550242430474712,0.00163207388664558
