"Posterior_Mean","Posterior_SD","Posterior_LB","Posterior_UB","prob"
0.124394059452562,0.111023722167682,-0.0944139091833994,0.345731871050371,0.13440361880459
