"Posterior_Mean","Posterior_SD","Posterior_LB","Posterior_UB","prob"
0.0242045231678938,0.110571341723547,-0.261056357261149,0.281147842632661,0.409660438364484
