"Posterior_Mean","Posterior_SD","Posterior_LB","Posterior_UB","prob"
-0.0213359429559104,0.0915260406256396,-0.204361658402525,0.217403731323962,0.610343378679528
