"Posterior_Mean","Posterior_SD","Posterior_LB","Posterior_UB","prob"
-0.00270146833363373,0.114979210704444,-0.236902339900857,0.232497205219727,0.504283502673566
