"Posterior_Mean","Posterior_SD","Posterior_LB","Posterior_UB","prob"
-0.0161776598557699,0.0838939490563399,-0.185584369217992,0.14385289567261,0.576530418619288
