"Posterior_Mean","Posterior_SD","Posterior_LB","Posterior_UB","prob"
-0.153094132204321,0.0824853244131648,-0.31450036422955,0.0424911772517197,0.94742095858321
