"Posterior_Mean","Posterior_SD","Posterior_LB","Posterior_UB","prob"
0.0127448015031154,0.117729394959365,-0.22023774630399,0.248253449421602,0.446663551893054
