"Posterior_Mean","Posterior_SD","Posterior_LB","Posterior_UB","prob"
-0.127716904313952,0.0759126163294508,-0.285237640915564,0.0857206840505853,0.908575252317341
