"Posterior_Mean","Posterior_SD","Posterior_LB","Posterior_UB","prob"
-0.175055452952955,0.0617361787031283,-0.301102233865609,-0.0366524282603489,0.992932528198566
