"Posterior_Mean","Posterior_SD","Posterior_LB","Posterior_UB","prob"
-0.0971351066934277,0.107639375748077,-0.318247903709628,0.143020449042499,0.775676672847238
