"Posterior_Mean","Posterior_SD","Posterior_LB","Posterior_UB","prob"
-0.118764455248973,0.100664968140941,-0.383542506618473,0.135967568626579,0.796953787322127
