"Posterior_Mean","Posterior_SD","Posterior_LB","Posterior_UB","prob"
-0.0721193284323734,0.0863542316071497,-0.273606771221496,0.249561228993306,0.741792682805825
