"Posterior_Mean","Posterior_SD","Posterior_LB","Posterior_UB","prob"
0.140240903359573,0.116679195009655,-0.113647426299187,0.375677335029431,0.130246514770063
