"Posterior_Mean","Posterior_SD","Posterior_LB","Posterior_UB","prob"
-0.189346687283693,0.097845155773032,-0.377458807816004,0.0340968138703954,0.952670696498651
