"Posterior_Mean","Posterior_SD","Posterior_LB","Posterior_UB","prob"
0.0756582663213582,0.0976884906007383,-0.112840984875552,0.265003073850153,0.224
