"Posterior_Mean","Posterior_SD","Posterior_LB","Posterior_UB","prob"
0.0531161168341517,0.0683194572327744,-0.0798412041563045,0.19119003535951,0.219717668999782
