"Posterior_Mean","Posterior_SD","Posterior_LB","Posterior_UB","prob"
-0.0411726158251505,0.0577622766157666,-0.167568629398921,0.0946087433401239,0.749959509469761
