"Posterior_Mean","Posterior_SD","Posterior_LB","Posterior_UB","prob"
-0.167864106467847,0.0545957126412909,-0.272793028353907,-0.0578867975683506,0.997556747331989
