"Posterior_Mean","Posterior_SD","Posterior_LB","Posterior_UB","prob"
-0.120117684099844,0.0640164048056697,-0.247817925059775,0.016726674832047,0.958024765167528
