"Posterior_Mean","Posterior_SD","Posterior_LB","Posterior_UB","prob"
0.0662660372523089,0.057615368517345,-0.0532442740445628,0.183583184114707,0.128937224442728
