"Posterior_Mean","Posterior_SD","Posterior_LB","Posterior_UB","prob"
0.0936660086804116,0.0933000092273759,-0.0793084813383704,0.271764237995651,0.172595833615481
