"Posterior_Mean","Posterior_SD","Posterior_LB","Posterior_UB","prob"
0.0432976337121808,0.0699888941394247,-0.0931665872805551,0.195000631939525,0.276173738653634
