"Posterior_Mean","Posterior_SD","Posterior_LB","Posterior_UB","prob"
0.132481479648468,0.0923062801367198,-0.0515545855793392,0.317002093966031,0.0756965397556546
