"Posterior_Mean","Posterior_SD","Posterior_LB","Posterior_UB","prob"
0.104569758346123,0.0889275521887148,-0.0780707141132861,0.277759798434748,0.131049815410487
