"Posterior_Mean","Posterior_SD","Posterior_LB","Posterior_UB","prob"
0.0126950557220886,0.0540832983863068,-0.0987626809129324,0.120102661604907,0.40117589982103
