"Posterior_Mean","Posterior_SD","Posterior_LB","Posterior_UB","prob"
-0.151331755952935,0.068324695029056,-0.285546522997627,-0.00592010174054993,0.978260950011785
