"Posterior_Mean","Posterior_SD","Posterior_LB","Posterior_UB","prob"
-0.0709571768857274,0.0601403771095694,-0.201844725814892,0.0836285888017592,0.838464764317943
