"Posterior_Mean","Posterior_SD","Posterior_LB","Posterior_UB","prob"
-0.192464161648153,0.0500967718186546,-0.300983885603063,-0.0846595604775293,0.99846584228544
