"Posterior_Mean","Posterior_SD","Posterior_LB","Posterior_UB","prob"
-0.189433103623435,0.0569828258502663,-0.317213824540142,0.0060241580767119,0.971550472386192
