"Posterior_Mean","Posterior_SD","Posterior_LB","Posterior_UB","prob"
0.149295980800291,0.0765518084911035,-0.00231663717382703,0.348449795473819,0.0266444818005759
