"Posterior_Mean","Posterior_SD","Posterior_LB","Posterior_UB","prob"
0.170163316461784,0.0719127233214747,0.0262053324906203,0.315346535492626,0.0104946478270872
