"Posterior_Mean","Posterior_SD","Posterior_LB","Posterior_UB","prob"
-0.0156428484822298,0.0726126361712919,-0.156782562442505,0.155673073161861,0.606731494274327
