"Posterior_Mean","Posterior_SD","Posterior_LB","Posterior_UB","prob"
-0.133256536273765,0.0484615181651366,-0.229042518309841,-0.0362875381684198,0.995694581973119
