"Posterior_Mean","Posterior_SD","Posterior_LB","Posterior_UB","prob"
-0.00221573074662462,0.0663519318732248,-0.135931113308929,0.132304525848003,0.519945546531289
