"Posterior_Mean","Posterior_SD","Posterior_LB","Posterior_UB","prob"
-0.052536547129708,0.0518138000209602,-0.161400986159634,0.0687898851907018,0.817135866723933
