"Posterior_Mean","Posterior_SD","Posterior_LB","Posterior_UB","prob"
-0.0364593220317754,0.0771780245597637,-0.194410395241476,0.172974055477603,0.682264746449395
