"Posterior_Mean","Posterior_SD","Posterior_LB","Posterior_UB","prob"
0.0638979535244477,0.0934133943542159,-0.105663219440298,0.252892201182503,0.256912494609814
