"Posterior_Mean","Posterior_SD","Posterior_LB","Posterior_UB","prob"
-0.0677967147860817,0.0686274455844345,-0.217272832519972,0.0937189110436567,0.808614368934515
