"Posterior_Mean","Posterior_SD","Posterior_LB","Posterior_UB","prob"
-0.111823799362523,0.0660794654220994,-0.24412864073252,0.0205953259429611,0.948568919801217
