"Posterior_Mean","Posterior_SD","Posterior_LB","Posterior_UB","prob"
0.0706588452602111,0.0855857167402616,-0.108885429203086,0.247757772815295,0.19829973535614
