"Posterior_Mean","Posterior_SD","Posterior_LB","Posterior_UB","prob"
0.00423854165841236,0.0953349037729772,-0.176574119976834,0.189457753364591,0.486102647279236
