"Posterior_Mean","Posterior_SD","Posterior_LB","Posterior_UB","prob"
0.0765104602570161,0.0959351704666234,-0.108698171747591,0.262049055546281,0.21109764236048
