"Posterior_Mean","Posterior_SD","Posterior_LB","Posterior_UB","prob"
-0.199236175527321,0.0543187233270657,-0.326251274635537,-0.0562579656032221,0.991980357308004
