"Posterior_Mean","Posterior_SD","Posterior_LB","Posterior_UB","prob"
-0.0970013085960676,0.0544903931552093,-0.203413004273071,0.0119029856232242,0.960572225811177
