"Posterior_Mean","Posterior_SD","Posterior_LB","Posterior_UB","prob"
0.00382205889683086,0.0946935295664546,-0.184967785583403,0.18767189609868,0.485666666666667
