"Posterior_Mean","Posterior_SD","Posterior_LB","Posterior_UB","prob"
-0.0538555393532413,0.0530044900723255,-0.168094974336199,0.0508847172280536,0.833876089339555
