"Posterior_Mean","Posterior_SD","Posterior_LB","Posterior_UB","prob"
-0.147628972822335,0.0532661932158959,-0.299845371695947,0.0233657148734274,0.956302247656691
