"Posterior_Mean","Posterior_SD","Posterior_LB","Posterior_UB","prob"
0.0106181803109272,0.0676759718722954,-0.125581723161434,0.141806982278648,0.433803594784611
