"Posterior_Mean","Posterior_SD","Posterior_LB","Posterior_UB","prob"
0.16553671255819,0.0816205206351294,-0.0201090915080775,0.341552313565237,0.0370815600488047
