"Posterior_Mean","Posterior_SD","Posterior_LB","Posterior_UB","prob"
-0.0986340820941901,0.0567358884144969,-0.216918026066995,0.0294681047837092,0.944158007966441
