"Posterior_Mean","Posterior_SD","Posterior_LB","Posterior_UB","prob"
-0.194921293573648,0.0544277515022362,-0.321788332054539,-0.0203888055504756,0.983815692873179
