"Posterior_Mean","Posterior_SD","Posterior_LB","Posterior_UB","prob"
-0.07729450604009,0.0574387886681019,-0.192379284208518,0.0350175302876568,0.904847422318243
