"Posterior_Mean","Posterior_SD","Posterior_LB","Posterior_UB","prob"
-0.066556651672073,0.0695201585189148,-0.255503824401349,0.11667152490157,0.74945445224274
