"Posterior_Mean","Posterior_SD","Posterior_LB","Posterior_UB","prob"
-0.0546101110106651,0.0557981380377723,-0.172211179675026,0.0577831194624272,0.830557409556471
