"Posterior_Mean","Posterior_SD","Posterior_LB","Posterior_UB","prob"
-0.01153714275539,0.0840814637940626,-0.194210573978727,0.171758498811074,0.545141370068534
