"Posterior_Mean","Posterior_SD","Posterior_LB","Posterior_UB","prob"
-0.0578052436386215,0.0694327394803111,-0.194654890934881,0.0756520438746988,0.800425460090581
