"Posterior_Mean","Posterior_SD","Posterior_LB","Posterior_UB","prob"
-0.184998858256122,0.0487922008166953,-0.283453082709851,-0.0793667074918569,0.997105253268356
