"Posterior_Mean","Posterior_SD","Posterior_LB","Posterior_UB","prob"
-0.0431415858927517,0.061444110166679,-0.222703327771797,0.122966233125009,0.673135753635171
