"Posterior_Mean","Posterior_SD","Posterior_LB","Posterior_UB","prob"
-0.098090992308758,0.0680758319814176,-0.232901392683782,0.0367344023134184,0.92374611691949
