"Posterior_Mean","Posterior_SD","Posterior_LB","Posterior_UB","prob"
0.166107029548028,0.0820727029901306,-0.000956615389217805,0.375460578728952,0.0260653329337149
