"Posterior_Mean","Posterior_SD","Posterior_LB","Posterior_UB","prob"
0.070215106129106,0.070041994516512,-0.0674919332809885,0.226161185309031,0.167409155037062
