"Posterior_Mean","Posterior_SD","Posterior_LB","Posterior_UB","prob"
0.00209583245627964,0.0671828397176257,-0.126339536976823,0.13446130901406,0.485263253578768
