"Posterior_Mean","Posterior_SD","Posterior_LB","Posterior_UB","prob"
-0.0607274865645266,0.0553736474343036,-0.169964974616573,0.0468957822945133,0.858473718443659
