"Posterior_Mean","Posterior_SD","Posterior_LB","Posterior_UB","prob"
-0.0580600433012382,0.0524055306883795,-0.189730188075159,0.104377310320471,0.812190412859986
