"Posterior_Mean","Posterior_SD","Posterior_LB","Posterior_UB","prob"
-0.0206352139936639,0.0716821538427488,-0.209457358576438,0.140880060176618,0.575698425821142
