"Posterior_Mean","Posterior_SD","Posterior_LB","Posterior_UB","prob"
-0.0734921305921636,0.0612432368888084,-0.197404219067224,0.0465795112313665,0.890749770441118
