"Posterior_Mean","Posterior_SD","Posterior_LB","Posterior_UB","prob"
0.077907391650647,0.0668873422209983,-0.0521440240872854,0.211216274271566,0.120561551733799
