"Posterior_Mean","Posterior_SD","Posterior_LB","Posterior_UB","prob"
-0.108460090520912,0.0506358315873497,-0.224089652075785,0.0133340632311855,0.962039007144928
