"Posterior_Mean","Posterior_SD","Posterior_LB","Posterior_UB","prob"
-0.301648942124586,0.0561562779575759,-0.415270048322144,-0.168957771765451,0.999137407139018
