"Posterior_Mean","Posterior_SD","Posterior_LB","Posterior_UB","prob"
-0.116812112646324,0.048445720619319,-0.213853758509782,-0.00607435019196338,0.979551679508419
