"Posterior_Mean","Posterior_SD","Posterior_LB","Posterior_UB","prob"
-0.13131817893015,0.0542434222834293,-0.254310064779611,-0.0176479643351907,0.988515119645318
