"Posterior_Mean","Posterior_SD","Posterior_LB","Posterior_UB","prob"
0.0193862155740256,0.0829325262209572,-0.156174199927742,0.209726627638055,0.446272008679631
