"Posterior_Mean","Posterior_SD","Posterior_LB","Posterior_UB","prob"
-0.0224404142027865,0.0688715651048787,-0.161483542962783,0.116141939010301,0.625511145608683
