"Posterior_Mean","Posterior_SD","Posterior_LB","Posterior_UB","prob"
-0.0310200070565904,0.0607786613801893,-0.151512030967175,0.100180497528237,0.69331525796339
