"Posterior_Mean","Posterior_SD","Posterior_LB","Posterior_UB","prob"
0.0744263485775693,0.071378602130111,-0.0689940859370276,0.231044677393688,0.151129767600224
