"Posterior_Mean","Posterior_SD","Posterior_LB","Posterior_UB","prob"
-0.0400751567589012,0.0694929669616767,-0.179398799705849,0.123447212593836,0.72877378277153
