"Posterior_Mean","Posterior_SD","Posterior_LB","Posterior_UB","prob"
-0.268286030378927,0.0937360091636737,-0.451816509597421,-0.0834084645023648,0.998166666666667
