"Posterior_Mean","Posterior_SD","Posterior_LB","Posterior_UB","prob"
-0.0760838902350459,0.0550493387340037,-0.183676064310364,0.0354012701794027,0.912251984406816
