"Posterior_Mean","Posterior_SD","Posterior_LB","Posterior_UB","prob"
-0.139298982612015,0.0566834941218448,-0.278964665698329,0.0681932599928914,0.919925378831949
