"Posterior_Mean","Posterior_SD","Posterior_LB","Posterior_UB","prob"
-0.0611020529898225,0.0560100877682398,-0.179408566691483,0.0503273913766414,0.858128308886043
