"Posterior_Mean","Posterior_SD","Posterior_LB","Posterior_UB","prob"
0.105174083852934,0.0698587405158347,-0.0360739468743018,0.240554135041142,0.0669320263063144
