"Posterior_Mean","Posterior_SD","Posterior_LB","Posterior_UB","prob"
0.0841896560110346,0.0664347564001642,-0.0451597050855988,0.216429717083143,0.10114537574829
