"Posterior_Mean","Posterior_SD","Posterior_LB","Posterior_UB","prob"
-0.0201226009095569,0.0671585072461097,-0.151400122845938,0.118257825596604,0.624326984754275
