"Posterior_Mean","Posterior_SD","Posterior_LB","Posterior_UB","prob"
-0.0471184017713575,0.070687699450108,-0.187949564316837,0.0925473985875586,0.750466280061688
