"Posterior_Mean","Posterior_SD","Posterior_LB","Posterior_UB","prob"
-0.0546202551445605,0.0550513083743324,-0.163712372226998,0.0635930762468063,0.838481603964473
