"Posterior_Mean","Posterior_SD","Posterior_LB","Posterior_UB","prob"
0.128130694669718,0.0978763011896125,-0.0691041365961817,0.326783371903284,0.0965377299663582
