"Posterior_Mean","Posterior_SD","Posterior_LB","Posterior_UB","prob"
-0.0278038611749694,0.0738755028073236,-0.18266167780398,0.185194404564452,0.672177042567321
