"Posterior_Mean","Posterior_SD","Posterior_LB","Posterior_UB","prob"
0.0106771977284833,0.0667272339400629,-0.121796359387411,0.144855278765817,0.435101614130648
