"Posterior_Mean","Posterior_SD","Posterior_LB","Posterior_UB","prob"
0.00680472859299397,0.07427933963742,-0.144285700774903,0.159041556449806,0.466916565654297
