"Posterior_Mean","Posterior_SD","Posterior_LB","Posterior_UB","prob"
0.0504499917388521,0.0697550953405665,-0.104036636611849,0.195459349505984,0.232548263385048
