"Posterior_Mean","Posterior_SD","Posterior_LB","Posterior_UB","prob"
-0.0687860831481068,0.0639342088630601,-0.240812177576554,0.0872813390111336,0.809370879905403
