"Posterior_Mean","Posterior_SD","Posterior_LB","Posterior_UB","prob"
-0.0812786091830843,0.0687936275137413,-0.21995202578712,0.115789027063416,0.866146829114007
