"Posterior_Mean","Posterior_SD","Posterior_LB","Posterior_UB","prob"
-0.0529668332799614,0.0501586906318307,-0.158794851667917,0.0564796600068049,0.846439315705072
