"Posterior_Mean","Posterior_SD","Posterior_LB","Posterior_UB","prob"
-0.0344550101003303,0.055689096398282,-0.228018198172914,0.10514872413298,0.635566867567177
