"Posterior_Mean","Posterior_SD","Posterior_LB","Posterior_UB","prob"
-0.148805768790879,0.054148753363185,-0.25510717243081,-0.0396055701405773,0.993880488155098
