"Posterior_Mean","Posterior_SD","Posterior_LB","Posterior_UB","prob"
0.0664712676469926,0.0671216274156095,-0.0649158956919616,0.200740654534863,0.15971617155044
