"Posterior_Mean","Posterior_SD","Posterior_LB","Posterior_UB","prob"
0.0917233737231703,0.0892845007376587,-0.107689010692521,0.273171478903268,0.163324689098318
