"Posterior_Mean","Posterior_SD","Posterior_LB","Posterior_UB","prob"
-0.0147882317813996,0.0611592227934531,-0.164867439122465,0.183352719290278,0.603576149170329
