"Posterior_Mean","Posterior_SD","Posterior_LB","Posterior_UB","prob"
-0.0597368241815183,0.0692304242020018,-0.303911286932488,0.159035485802129,0.619832732786472
