"Posterior_Mean","Posterior_SD","Posterior_LB","Posterior_UB","prob"
-0.0530801730618444,0.0619672641945264,-0.206172775627017,0.121015280463997,0.727106278322996
