"Posterior_Mean","Posterior_SD","Posterior_LB","Posterior_UB","prob"
-0.124247594327905,0.0594682001398764,-0.242704126791537,0.000655749141893119,0.974408936489681
