"Posterior_Mean","Posterior_SD","Posterior_LB","Posterior_UB","prob"
-0.132611165546989,0.0546922585263503,-0.279815458809604,0.0579185692819824,0.921162809014839
