"Posterior_Mean","Posterior_SD","Posterior_LB","Posterior_UB","prob"
0.0629395146043936,0.0742022474685243,-0.12724724656162,0.213748414157159,0.207569176269389
