"Posterior_Mean","Posterior_SD","Posterior_LB","Posterior_UB","prob"
0.208466156072186,0.0977144111658673,0.0178820659637943,0.396697334875526,0.0155000126081329
