"Posterior_Mean","Posterior_SD","Posterior_LB","Posterior_UB","prob"
-0.192130137863178,0.100996117237367,-0.399274676564873,-0.00103696044290207,0.975903834618077
