"Posterior_Mean","Posterior_SD","Posterior_LB","Posterior_UB","prob"
0.0376914215334035,0.0715591758181217,-0.106485085905457,0.215996050785862,0.320276605126595
