"Posterior_Mean","Posterior_SD","Posterior_LB","Posterior_UB","prob"
-0.00932316972951754,0.0685137869809374,-0.143966038186916,0.132603330660545,0.557642799955975
