"Posterior_Mean","Posterior_SD","Posterior_LB","Posterior_UB","prob"
-0.206226069006422,0.0499954619358988,-0.337967047689693,-0.0912453461779038,0.99965366332585
