"Posterior_Mean","Posterior_SD","Posterior_LB","Posterior_UB","prob"
-0.0959599060522649,0.0545609085776884,-0.205541881963628,0.012755434166277,0.958909877255542
