"Posterior_Mean","Posterior_SD","Posterior_LB","Posterior_UB","prob"
-0.109744126835861,0.0674825978408247,-0.242553837668191,0.0199367692287165,0.94844032998633
