"Posterior_Mean","Posterior_SD","Posterior_LB","Posterior_UB","prob"
-0.0161833609889987,0.0523866956648338,-0.130006702017767,0.104555608752403,0.61156166866495
