"Posterior_Mean","Posterior_SD","Posterior_LB","Posterior_UB","prob"
-0.183154350517904,0.0557731935971359,-0.29526001657492,-0.0684639495467184,0.997305221409892
