"Posterior_Mean","Posterior_SD","Posterior_LB","Posterior_UB","prob"
-0.127133581866065,0.0555121715730735,-0.238629994203791,-0.0141852964301141,0.987908112353895
