"Posterior_Mean","Posterior_SD","Posterior_LB","Posterior_UB","prob"
-0.0316399162130439,0.0971569550176834,-0.221639681880555,0.159413811152804,0.624343544912832
