"Posterior_Mean","Posterior_SD","Posterior_LB","Posterior_UB","prob"
-0.0566705627209969,0.0505945994024274,-0.165615075256782,0.059213058813126,0.82620409129888
