"Posterior_Mean","Posterior_SD","Posterior_LB","Posterior_UB","prob"
-0.0358744155646657,0.0586044749490975,-0.161779519817481,0.106885303152261,0.719800488291508
