"Posterior_Mean","Posterior_SD","Posterior_LB","Posterior_UB","prob"
-0.0740298180659253,0.053263643321465,-0.187884394258844,0.0424402440708413,0.901810045738691
