"Posterior_Mean","Posterior_SD","Posterior_LB","Posterior_UB","prob"
-0.0929614738762217,0.0607816346135673,-0.228535912328379,0.0468215700981307,0.9131225453463
