"Posterior_Mean","Posterior_SD","Posterior_LB","Posterior_UB","prob"
-0.0893614621834179,0.0673283022110365,-0.299298138580758,0.0542506942000517,0.863868273218313
