"Posterior_Mean","Posterior_SD","Posterior_LB","Posterior_UB","prob"
-0.162758355967161,0.0515375190577715,-0.281327197205464,-0.000979968708613145,0.975119574609584
