"Posterior_Mean","Posterior_SD","Posterior_LB","Posterior_UB","prob"
0.0164951064275114,0.0649912702500094,-0.112539973900112,0.142757694784863,0.399361272220398
