"Posterior_Mean","Posterior_SD","Posterior_LB","Posterior_UB","prob"
0.0162323215567313,0.057840795328849,-0.102733328981835,0.151486818061525,0.410793698233919
