"Posterior_Mean","Posterior_SD","Posterior_LB","Posterior_UB","prob"
-0.00168521885108374,0.0672309506539228,-0.129959969418459,0.130948691543406,0.506111520675457
