"Posterior_Mean","Posterior_SD","Posterior_LB","Posterior_UB","prob"
0.132410000016299,0.0980989049439843,-0.0577314643249417,0.319327871762259,0.0887218385446861
