"Posterior_Mean","Posterior_SD","Posterior_LB","Posterior_UB","prob"
0.104678096848387,0.0697388157831602,-0.0492399344649638,0.249935827966757,0.0756575400219706
