"Posterior_Mean","Posterior_SD","Posterior_LB","Posterior_UB","prob"
0.0753779012110117,0.0873425713758888,-0.152513232414232,0.294600771169296,0.288013628750681
