"Posterior_Mean","Posterior_SD","Posterior_LB","Posterior_UB","prob"
-0.11498073490053,0.0689122256274473,-0.277754518183269,0.113911826068327,0.865060623719229
