"Posterior_Mean","Posterior_SD","Posterior_LB","Posterior_UB","prob"
-0.118329428747494,0.0546183684863736,-0.254538985622405,0.0106247804529408,0.964377271143988
