"Posterior_Mean","Posterior_SD","Posterior_LB","Posterior_UB","prob"
-0.00670476854264249,0.101623654576759,-0.206170063347757,0.184165031702049,0.516148318684876
