"Posterior_Mean","Posterior_SD","Posterior_LB","Posterior_UB","prob"
-0.0150068685779443,0.072452734363159,-0.187722578753968,0.179508953711167,0.573172595087395
