"Posterior_Mean","Posterior_SD","Posterior_LB","Posterior_UB","prob"
-0.00939425662109135,0.0566987372023942,-0.123611989626768,0.103021849886662,0.572612394333073
