"Posterior_Mean","Posterior_SD","Posterior_LB","Posterior_UB","prob"
-0.0883463414233261,0.0560338224150865,-0.205783442876088,0.0426040416690196,0.919384319106396
