"Posterior_Mean","Posterior_SD","Posterior_LB","Posterior_UB","prob"
-0.243509558466221,0.0553138795995651,-0.355918836268786,-0.115148560303026,0.996625512594192
