"Posterior_Mean","Posterior_SD","Posterior_LB","Posterior_UB","prob"
-0.0473715389979079,0.0761878853415041,-0.207197329310069,0.147994414408657,0.727313864341607
