"Posterior_Mean","Posterior_SD","Posterior_LB","Posterior_UB","prob"
-0.00714819222224388,0.0686432599206837,-0.140934388292046,0.126576475819845,0.542771152901615
