"Posterior_Mean","Posterior_SD","Posterior_LB","Posterior_UB","prob"
-0.0491778786422443,0.0668597197433059,-0.214844965406768,0.0954972125706417,0.738765099412504
