"Posterior_Mean","Posterior_SD","Posterior_LB","Posterior_UB","prob"
-0.025102553332556,0.0550546953308062,-0.132415565798363,0.0880859542851477,0.675387843714685
