"Posterior_Mean","Posterior_SD","Posterior_LB","Posterior_UB","prob"
-0.14504273028002,0.0554642587821505,-0.334959520008149,0.0655001854473768,0.880736236957423
