"Posterior_Mean","Posterior_SD","Posterior_LB","Posterior_UB","prob"
0.0112698446435261,0.0676248319969576,-0.140671495429758,0.152581973774362,0.418665177119743
