"Posterior_Mean","Posterior_SD","Posterior_LB","Posterior_UB","prob"
-0.085671400089141,0.0556365311083135,-0.200190982497992,0.0259094575378184,0.931860726838941
