"Posterior_Mean","Posterior_SD","Posterior_LB","Posterior_UB","prob"
0.00296116219184914,0.0609867341402722,-0.139023830339756,0.175935555152261,0.524984566580284
