"Posterior_Mean","Posterior_SD","Posterior_LB","Posterior_UB","prob"
0.0268586096850832,0.0558532842914204,-0.0849632720291207,0.144836361748631,0.319544316871233
