"Posterior_Mean","Posterior_SD","Posterior_LB","Posterior_UB","prob"
-0.032690162979631,0.0577515887754269,-0.146114977466918,0.0824661815876469,0.715308212904967
