"Posterior_Mean","Posterior_SD","Posterior_LB","Posterior_UB","prob"
-0.128456723123802,0.0592823458697754,-0.245940431875512,-0.00763086140052317,0.983730828327735
