"Posterior_Mean","Posterior_SD","Posterior_LB","Posterior_UB","prob"
-0.243261680905787,0.0536513131920466,-0.395130894669604,-0.0362372538215751,0.989034217865742
