"Posterior_Mean","Posterior_SD","Posterior_LB","Posterior_UB","prob"
-0.105063326910067,0.0650917308928355,-0.263860350480583,0.0532106788733502,0.913247071436514
