"Posterior_Mean","Posterior_SD","Posterior_LB","Posterior_UB","prob"
0.00878842880463792,0.0632812445494868,-0.117106999532647,0.147015114611955,0.462525512065737
