"Posterior_Mean","Posterior_SD","Posterior_LB","Posterior_UB","prob"
0.0623070643457899,0.0600788004969985,-0.0713023590469599,0.311930707402727,0.23523796312764
