"Posterior_Mean","Posterior_SD","Posterior_LB","Posterior_UB","prob"
-0.177175538543344,0.0534751226742764,-0.282067743736009,-0.0675942918455405,0.998611197532263
