"Posterior_Mean","Posterior_SD","Posterior_LB","Posterior_UB","prob"
-0.0407570972132043,0.0567865759601813,-0.163076697506091,0.0808496096430853,0.748813885560969
