"Posterior_Mean","Posterior_SD","Posterior_LB","Posterior_UB","prob"
-0.131874103442347,0.0544987114531393,-0.238817127092538,-0.0257611488879982,0.992292338583364
