"Posterior_Mean","Posterior_SD","Posterior_LB","Posterior_UB","prob"
0.0249698527123726,0.0904159843852453,-0.169429808135664,0.206452152293458,0.400202632054813
