"Posterior_Mean","Posterior_SD","Posterior_LB","Posterior_UB","prob"
0.0514249146623065,0.0705544238216546,-0.0907478316097333,0.189916517504835,0.22695403095534
