"Posterior_Mean","Posterior_SD","Posterior_LB","Posterior_UB","prob"
-0.0511219664257343,0.0567822949683632,-0.170054371041139,0.072472450487765,0.809181390431675
