"Posterior_Mean","Posterior_SD","Posterior_LB","Posterior_UB","prob"
0.0892764476323757,0.0536171563094317,-0.0183024703832074,0.196327596097765,0.0515232958227848
