"Posterior_Mean","Posterior_SD","Posterior_LB","Posterior_UB","prob"
0.108163674398913,0.0711687989957224,-0.0332579568320463,0.256210241253695,0.0674700205139139
