"Posterior_Mean","Posterior_SD","Posterior_LB","Posterior_UB","prob"
-0.0910187331341798,0.0477048963320163,-0.185770881647906,0.00655627510649846,0.968328813836239
