"Posterior_Mean","Posterior_SD","Posterior_LB","Posterior_UB","prob"
-0.16235181053777,0.0499988171092408,-0.280907998377999,-0.0530329616479738,0.997757127669365
