"Posterior_Mean","Posterior_SD","Posterior_LB","Posterior_UB","prob"
-0.104675759237831,0.0690951033603912,-0.252746703740122,0.0347924525601785,0.934157669667291
