"Posterior_Mean","Posterior_SD","Posterior_LB","Posterior_UB","prob"
-0.243269666843853,0.0550747682614731,-0.356460160741811,-0.13143297374994,0.998413879411363
