"Posterior_Mean","Posterior_SD","Posterior_LB","Posterior_UB","prob"
-0.0398038120884445,0.0863924602128528,-0.213221938131822,0.127936125035437,0.676864515613846
