"Posterior_Mean","Posterior_SD","Posterior_LB","Posterior_UB","prob"
-0.0119329227567874,0.0680627489331835,-0.149723054180512,0.121055188690773,0.568061289674576
