"Posterior_Mean","Posterior_SD","Posterior_LB","Posterior_UB","prob"
-0.0332562335293994,0.0679702239325985,-0.175194017664177,0.0997742955871191,0.684022377516768
