"Posterior_Mean","Posterior_SD","Posterior_LB","Posterior_UB","prob"
-0.0116524234312618,0.0700047171954123,-0.14905285021186,0.12686642898696,0.568280245056619
