"Posterior_Mean","Posterior_SD","Posterior_LB","Posterior_UB","prob"
-0.195059921549532,0.0527356673573838,-0.322357505041777,-0.0421247755931989,0.991779418135422
