"Posterior_Mean","Posterior_SD","Posterior_LB","Posterior_UB","prob"
0.025958780635727,0.0677708167581765,-0.157063158512551,0.176981534590109,0.355695830013081
