"Posterior_Mean","Posterior_SD","Posterior_LB","Posterior_UB","prob"
-0.202581707181253,0.0553491416515711,-0.309214204366843,-0.0920611000960924,0.999217820484319
