"Posterior_Mean","Posterior_SD","Posterior_LB","Posterior_UB","prob"
0.103200986259221,0.068885881234247,-0.0696809622829118,0.380029768194944,0.176716761346253
