"Posterior_Mean","Posterior_SD","Posterior_LB","Posterior_UB","prob"
0.0553334446625405,0.069529711149054,-0.0815579940511636,0.19412932252244,0.208699054911395
