"Posterior_Mean","Posterior_SD","Posterior_LB","Posterior_UB","prob"
-0.246625458049821,0.0553336970796934,-0.357471577418836,-0.133477255782022,0.998508432906132
