"Posterior_Mean","Posterior_SD","Posterior_LB","Posterior_UB","prob"
0.0780892539922422,0.0696530781699094,-0.0569355294796915,0.216089796092558,0.131394867704795
