"Posterior_Mean","Posterior_SD","Posterior_LB","Posterior_UB","prob"
-0.0713225891097268,0.0550338239498971,-0.205765714509382,0.0673504211379279,0.849517211740944
