"Posterior_Mean","Posterior_SD","Posterior_LB","Posterior_UB","prob"
-0.0452615413345447,0.0874927027588232,-0.241800256036236,0.13012841090882,0.677274248180447
