"Posterior_Mean","Posterior_SD","Posterior_LB","Posterior_UB","prob"
-0.187729581954274,0.0549354832268662,-0.311798579181839,-0.0371000692895927,0.990025940439507
