"Posterior_Mean","Posterior_SD","Posterior_LB","Posterior_UB","prob"
0.110229794836529,0.0684855992430109,-0.020403023053846,0.245424811207386,0.0521264424982874
