"Posterior_Mean","Posterior_SD","Posterior_LB","Posterior_UB","prob"
0.00350782260131646,0.0589878821954701,-0.114548518381962,0.118598139357922,0.469000686603767
