"Posterior_Mean","Posterior_SD","Posterior_LB","Posterior_UB","prob"
-0.0890210068186454,0.0582984551014436,-0.245700827046741,0.118870008230206,0.798689764092866
