"Posterior_Mean","Posterior_SD","Posterior_LB","Posterior_UB","prob"
-0.145970887107443,0.0548368571884771,-0.254230092095788,-0.0331578523509555,0.991862510758999
