"Posterior_Mean","Posterior_SD","Posterior_LB","Posterior_UB","prob"
0.0434693622970866,0.0680486992844472,-0.11614745358914,0.188713868913479,0.290664377366047
