"Posterior_Mean","Posterior_SD","Posterior_LB","Posterior_UB","prob"
-0.0233443398498515,0.0970333159074475,-0.208619301058526,0.168927351821244,0.5915
