"Posterior_Mean","Posterior_SD","Posterior_LB","Posterior_UB","prob"
0.0571215590635439,0.081281858927995,-0.135373184096242,0.284869397033441,0.336452711243329
