"Posterior_Mean","Posterior_SD","Posterior_LB","Posterior_UB","prob"
-0.107640658114148,0.055342939501933,-0.216649825471133,0.0106374701586196,0.964101099005378
