"Posterior_Mean","Posterior_SD","Posterior_LB","Posterior_UB","prob"
0.0144710727026708,0.0672094502643669,-0.122476730034411,0.146935223701989,0.412559878192439
