"Posterior_Mean","Posterior_SD","Posterior_LB","Posterior_UB","prob"
-0.0527346816297963,0.054027839883276,-0.210790008977489,0.0822628029868412,0.742568551821569
