"Posterior_Mean","Posterior_SD","Posterior_LB","Posterior_UB","prob"
0.0365009195999188,0.0717851080176087,-0.143538705661898,0.184758820951287,0.305062993788193
