"Posterior_Mean","Posterior_SD","Posterior_LB","Posterior_UB","prob"
-0.0596995484194244,0.0657021862574712,-0.198914709822334,0.0874218424585556,0.789684470488379
