"Posterior_Mean","Posterior_SD","Posterior_LB","Posterior_UB","prob"
-0.0300341969577552,0.0685086003230663,-0.20693684050657,0.122804634281362,0.628485682622454
