"Posterior_Mean","Posterior_SD","Posterior_LB","Posterior_UB","prob"
0.00564034579090899,0.0581283610821902,-0.12796483016753,0.171343522869966,0.505972408410616
