"Posterior_Mean","Posterior_SD","Posterior_LB","Posterior_UB","prob"
0.148596153609835,0.0743832353688552,0.00122120349220631,0.301947543276578,0.0240969887647525
