"Posterior_Mean","Posterior_SD","Posterior_LB","Posterior_UB","prob"
-0.0840994893570326,0.0487581182433323,-0.200477860314016,0.0430730051963294,0.8981288065322
