"Posterior_Mean","Posterior_SD","Posterior_LB","Posterior_UB","prob"
0.0091959977691522,0.0934114532267272,-0.185998760302622,0.191484678336765,0.449967693943629
