"Posterior_Mean","Posterior_SD","Posterior_LB","Posterior_UB","prob"
-0.0868591300168835,0.0488279033771045,-0.190507990082232,0.0350426361170212,0.923097684580088
