"Posterior_Mean","Posterior_SD","Posterior_LB","Posterior_UB","prob"
-0.0711804075885819,0.0644952877160968,-0.223517546379444,0.104375238092124,0.810256704143592
