"Posterior_Mean","Posterior_SD","Posterior_LB","Posterior_UB","prob"
0.00792873184565142,0.0949470268437292,-0.181928355153489,0.193571978590664,0.463666666666667
