"Posterior_Mean","Posterior_SD","Posterior_LB","Posterior_UB","prob"
-0.141192270643117,0.0766042027786581,-0.371101845497776,0.0604177912381596,0.880342012503271
