"Posterior_Mean","Posterior_SD","Posterior_LB","Posterior_UB","prob"
0.046007394136744,0.0761349066850077,-0.153834843830469,0.2300284817173,0.309516915924663
