"Posterior_Mean","Posterior_SD","Posterior_LB","Posterior_UB","prob"
0.0472674739639106,0.0887433485239404,-0.13139617000065,0.220470662985634,0.295496546361768
