"Posterior_Mean","Posterior_SD","Posterior_LB","Posterior_UB","prob"
-0.0269371200309953,0.0946864552268317,-0.216345086285399,0.154591750121136,0.603484602834449
