"Posterior_Mean","Posterior_SD","Posterior_LB","Posterior_UB","prob"
0.00507480382617824,0.0880629308883949,-0.169033713140634,0.198480168633634,0.497848921591647
