"Posterior_Mean","Posterior_SD","Posterior_LB","Posterior_UB","prob"
0.120171159715858,0.0676029940189171,-0.0779048738963711,0.261786377098609,0.0739686708321253
