"Posterior_Mean","Posterior_SD","Posterior_LB","Posterior_UB","prob"
-0.0736481804360055,0.055319201747747,-0.185303488265872,0.0419898596848913,0.901439104515387
