"Posterior_Mean","Posterior_SD","Posterior_LB","Posterior_UB","prob"
0.0541632402475395,0.0680282545898983,-0.104751998036394,0.204083215681042,0.240843666239753
