"Posterior_Mean","Posterior_SD","Posterior_LB","Posterior_UB","prob"
-0.102879732284446,0.0665407001286809,-0.265422436225794,0.0610886692714945,0.895495778517179
