"Posterior_Mean","Posterior_SD","Posterior_LB","Posterior_UB","prob"
-0.0891852977916042,0.0574163899199423,-0.23053558492365,0.0792277166657829,0.873967420050124
