"Posterior_Mean","Posterior_SD","Posterior_LB","Posterior_UB","prob"
-0.128727653096711,0.0580266184024183,-0.243816830139031,-0.00515047523699825,0.978913305320401
