"Posterior_Mean","Posterior_SD","Posterior_LB","Posterior_UB","prob"
-0.147933731039717,0.0710363803693704,-0.286718487179701,-0.00121010036989612,0.974871011109587
