"Posterior_Mean","Posterior_SD","Posterior_LB","Posterior_UB","prob"
0.104620276035292,0.0714721824057828,-0.0631937208977363,0.263113043522166,0.0860247897289221
