"Posterior_Mean","Posterior_SD","Posterior_LB","Posterior_UB","prob"
0.00663196226390824,0.0544375505413832,-0.102442383976968,0.124011042898525,0.463444114743724
