"Posterior_Mean","Posterior_SD","Posterior_LB","Posterior_UB","prob"
0.0250622555175899,0.0580095343548039,-0.0880288251162489,0.147255017822951,0.330520834163718
