"Posterior_Mean","Posterior_SD","Posterior_LB","Posterior_UB","prob"
0.0329313452774574,0.0629741630638386,-0.1350909575771,0.187715273999498,0.325645212197233
