"Posterior_Mean","Posterior_SD","Posterior_LB","Posterior_UB","prob"
0.0368588430125059,0.0864386793351912,-0.129734741393443,0.217939887263542,0.336093296931196
