"Posterior_Mean","Posterior_SD","Posterior_LB","Posterior_UB","prob"
0.0319399460841328,0.0677789144510533,-0.102122489438083,0.168323340844239,0.319731329127612
