"Posterior_Mean","Posterior_SD","Posterior_LB","Posterior_UB","prob"
-0.027898304812062,0.0746279600311873,-0.203027957135463,0.204112187581532,0.646450388733298
