"Posterior_Mean","Posterior_SD","Posterior_LB","Posterior_UB","prob"
-0.173755699543606,0.0955207765545095,-0.363259001365474,0.0123261033219665,0.965950031852375
