"Posterior_Mean","Posterior_SD","Posterior_LB","Posterior_UB","prob"
-0.0604613306282713,0.0662432032890191,-0.193310945047575,0.0700048183623021,0.81217837000484
