"Posterior_Mean","Posterior_SD","Posterior_LB","Posterior_UB","prob"
0.132750908442688,0.0674033659031636,0.00184560610081225,0.267639207746267,0.0234280661019551
