"Posterior_Mean","Posterior_SD","Posterior_LB","Posterior_UB","prob"
-0.0705836936134139,0.0564082564938761,-0.19229722113224,0.0547322765304216,0.869534854346454
