"Posterior_Mean","Posterior_SD","Posterior_LB","Posterior_UB","prob"
-0.094052232046414,0.0698790353815671,-0.239536318680798,0.0781837238697201,0.87046633162399
