"Posterior_Mean","Posterior_SD","Posterior_LB","Posterior_UB","prob"
0.0746534942117532,0.0949265366303494,-0.112194005159031,0.253441550905131,0.205532284200877
