"Posterior_Mean","Posterior_SD","Posterior_LB","Posterior_UB","prob"
0.0131676315910813,0.0767842136377981,-0.145529846757275,0.166668878280953,0.423395028485385
