"Posterior_Mean","Posterior_SD","Posterior_LB","Posterior_UB","prob"
-0.10985078652774,0.200509417932573,-0.515924624494539,0.298955287914145,0.711446774748857
