"Posterior_Mean","Posterior_SD","Posterior_LB","Posterior_UB","prob"
-0.103681028641072,0.186385734697666,-0.52931999663557,0.25594269217304,0.693125882216201
