"Posterior_Mean","Posterior_SD","Posterior_LB","Posterior_UB","prob"
0.118065535005722,0.223097667923079,-0.3431925992585,0.560712458410271,0.29405700245662
