"Posterior_Mean","Posterior_SD","Posterior_LB","Posterior_UB","prob"
-0.182208075216421,0.207833367019673,-0.594743621298897,0.240762397918771,0.798952146097078
