"Posterior_Mean","Posterior_SD","Posterior_LB","Posterior_UB","prob"
-0.0672537445722207,0.202051640299635,-0.475918285973823,0.323235769705087,0.621849160113095
