"Posterior_Mean","Posterior_SD","Posterior_LB","Posterior_UB","prob"
-0.582745578632467,0.237738986657811,-1.07874918492802,-0.111102097546181,0.989966665415822
