"Posterior_Mean","Posterior_SD","Posterior_LB","Posterior_UB","prob"
-0.160928664355204,0.20182443525114,-0.554754333456306,0.250225862943481,0.782304660852134
