"Posterior_Mean","Posterior_SD","Posterior_LB","Posterior_UB","prob"
-0.143131717284878,0.212244291287811,-0.552923495278376,0.26768801623505,0.742943616464358
