"Posterior_Mean","Posterior_SD","Posterior_LB","Posterior_UB","prob"
-0.180714070857206,0.212352572866897,-0.605886694697321,0.257237918534753,0.792181859286161
