"Posterior_Mean","Posterior_SD","Posterior_LB","Posterior_UB","prob"
-0.297607608424311,0.212614992964419,-0.73245425586984,0.11590120170558,0.919005069274363
