"Posterior_Mean","Posterior_SD","Posterior_LB","Posterior_UB","prob"
-0.291146515805701,0.227697265343025,-0.770827689707451,0.138550286242138,0.898850429315577
