"Posterior_Mean","Posterior_SD","Posterior_LB","Posterior_UB","prob"
-0.51559380357854,0.178938798135105,-0.933837144774233,-0.162695399741593,0.997449474281491
