"Posterior_Mean","Posterior_SD","Posterior_LB","Posterior_UB","prob"
-0.245194222213861,0.167824667153425,-0.586082980156316,0.137764316650579,0.912500665368227
