"Posterior_Mean","Posterior_SD","Posterior_LB","Posterior_UB","prob"
-0.0918769125795186,0.193534441908249,-0.505323266737486,0.296250829626533,0.678639737004944
