"Posterior_Mean","Posterior_SD","Posterior_LB","Posterior_UB","prob"
-0.361349804416152,0.214496668889189,-0.830721449526412,0.0584280970554515,0.954989885623435
