"Posterior_Mean","Posterior_SD","Posterior_LB","Posterior_UB","prob"
-0.236376261679516,0.191024206020119,-0.62756650299953,0.151375795306623,0.888902330923491
