"Posterior_Mean","Posterior_SD","Posterior_LB","Posterior_UB","prob"
-0.236134978069218,0.230415027387969,-0.707996195865227,0.211847269011344,0.842623935857159
