"Posterior_Mean","Posterior_SD","Posterior_LB","Posterior_UB","prob"
-0.140970125315292,0.170667038701047,-0.485701135545129,0.2242390472242,0.795413161085596
