"Posterior_Mean","Posterior_SD","Posterior_LB","Posterior_UB","prob"
-0.173433616730117,0.204862329590225,-0.576989798757014,0.241204690865517,0.79653119147645
