"Posterior_Mean","Posterior_SD","Posterior_LB","Posterior_UB","prob"
-0.127777754755186,0.236696509283158,-0.590608269202784,0.354423884192118,0.721603676191925
