"Posterior_Mean","Posterior_SD","Posterior_LB","Posterior_UB","prob"
-0.0279028368322088,0.237010606757599,-0.509031359802403,0.434960192761679,0.539411614411851
