"Posterior_Mean","Posterior_SD","Posterior_LB","Posterior_UB","prob"
-0.24307818283774,0.0402045871493507,-0.322848924739732,-0.161645102485378,0.999999107819966
