"Posterior_Mean","Posterior_SD","Posterior_LB","Posterior_UB","prob"
-0.294832488612023,0.0391274605622825,-0.373324362169755,-0.210352340608285,1
