"Posterior_Mean","Posterior_SD","Posterior_LB","Posterior_UB","prob"
-0.207306988602887,0.0406821098236358,-0.285352804678885,-0.12746731519867,0.999999979586161
