"Posterior_Mean","Posterior_SD","Posterior_LB","Posterior_UB","prob"
-0.235977602372289,0.0412796872466363,-0.327988823812432,-0.146403280945088,0.9999458598765
