"Posterior_Mean","Posterior_SD","Posterior_LB","Posterior_UB","prob"
-0.25712323363281,0.0428981797016404,-0.371030616497223,-0.166338096337505,0.999996197300451
