"Posterior_Mean","Posterior_SD","Posterior_LB","Posterior_UB","prob"
-0.267299060260771,0.0429525013951735,-0.354063558201942,-0.185540890239237,1
