"Posterior_Mean","Posterior_SD","Posterior_LB","Posterior_UB","prob"
-0.191349620350718,0.0447597632103129,-0.283292566203982,-0.069385837252682,0.995792609367589
