"Posterior_Mean","Posterior_SD","Posterior_LB","Posterior_UB","prob"
-0.284842582926481,0.0471368812453095,-0.400351586959549,-0.173509562843091,1
