"Posterior_Mean","Posterior_SD","Posterior_LB","Posterior_UB","prob"
-0.184816582742959,0.048184709357809,-0.346601579492584,-0.0613188036448405,0.999274686391387
