"Posterior_Mean","Posterior_SD","Posterior_LB","Posterior_UB","prob"
-0.170076383039241,0.0521784050200777,-0.280838945241965,-0.0628933194169184,0.999643618787478
