"Posterior_Mean","Posterior_SD","Posterior_LB","Posterior_UB","prob"
-0.288387032372149,0.039104147036426,-0.382771790864555,-0.185841878014831,1
