"Posterior_Mean","Posterior_SD","Posterior_LB","Posterior_UB","prob"
-0.0947783737129378,0.0503386431262662,-0.195510117188217,0.00694664447271871,0.96788055837227
