"Posterior_Mean","Posterior_SD","Posterior_LB","Posterior_UB","prob"
-0.282569405954572,0.0413508101120057,-0.395708972512118,-0.15564862115497,0.999999652902199
