"Posterior_Mean","Posterior_SD","Posterior_LB","Posterior_UB","prob"
-0.323698028371333,0.044540391105932,-0.444056222345272,-0.189653514758374,1
