"Posterior_Mean","Posterior_SD","Posterior_LB","Posterior_UB","prob"
-0.181936043386316,0.0476443451642536,-0.294901740977042,-0.0559493686788796,0.996317915037756
