"Posterior_Mean","Posterior_SD","Posterior_LB","Posterior_UB","prob"
-0.259697440189312,0.0430480948391163,-0.354268912584457,-0.170297304359953,1
