"Posterior_Mean","Posterior_SD","Posterior_LB","Posterior_UB","prob"
-0.167837722125052,0.049982990066708,-0.360848841914987,-0.0370204442684434,0.995514411000829
