"Posterior_Mean","Posterior_SD","Posterior_LB","Posterior_UB","prob"
-0.269060989700678,0.0431963819308064,-0.358464991802125,-0.188891390014754,0.99999946071601
