"Posterior_Mean","Posterior_SD","Posterior_LB","Posterior_UB","prob"
-0.181350888401464,0.0530129326124823,-0.303411808777648,-0.051272675689215,0.993878806024879
