"Posterior_Mean","Posterior_SD","Posterior_LB","Posterior_UB","prob"
-0.224768021195797,0.0423125287837006,-0.311237100414654,-0.137796952730565,0.999734359807492
