"Posterior_Mean","Posterior_SD","Posterior_LB","Posterior_UB","prob"
-0.210717991364815,0.0477706746947183,-0.329917320274803,-0.0898777035678608,0.999658765940671
