"Posterior_Mean","Posterior_SD","Posterior_LB","Posterior_UB","prob"
-0.272769590009288,0.0416466220121791,-0.354731146508047,-0.184249056367943,0.999999857126987
