"Posterior_Mean","Posterior_SD","Posterior_LB","Posterior_UB","prob"
-0.294911980909104,0.0441246164197843,-0.394230971568147,-0.19808289180797,1
