"Posterior_Mean","Posterior_SD","Posterior_LB","Posterior_UB","prob"
-0.212347837067997,0.0424149984023514,-0.296484752281769,-0.12622023707488,0.999971857890565
