"Posterior_Mean","Posterior_SD","Posterior_LB","Posterior_UB","prob"
-0.30264460703162,0.0432424253174739,-0.419619092450156,-0.191668008277109,1
