"Posterior_Mean","Posterior_SD","Posterior_LB","Posterior_UB","prob"
-0.241616702904169,0.0394066905609326,-0.321234101966059,-0.163454224068926,0.999999716647906
