"Posterior_Mean","Posterior_SD","Posterior_LB","Posterior_UB","prob"
-0.237791632316036,0.188867432388538,-0.626385999388911,0.173360987773949,0.883094696544485
