"Posterior_Mean","Posterior_SD","Posterior_LB","Posterior_UB","prob"
0.0180687139683052,0.250435445978646,-0.471290831902172,0.515593040310365,0.457917973181265
