"Posterior_Mean","Posterior_SD","Posterior_LB","Posterior_UB","prob"
0.116384582043474,0.242616819500523,-0.329215828081452,0.598725287951236,0.327503106903491
