"Posterior_Mean","Posterior_SD","Posterior_LB","Posterior_UB","prob"
0.00380113142236378,0.209632672456237,-0.437108694601468,0.474915318124193,0.505479506577608
