"Posterior_Mean","Posterior_SD","Posterior_LB","Posterior_UB","prob"
0.242437857074936,0.234940040749991,-0.207238597814891,0.708013261171838,0.150523297073812
