"Posterior_Mean","Posterior_SD","Posterior_LB","Posterior_UB","prob"
0.232578425641458,0.23895423090761,-0.258131900389797,0.732187238310014,0.165089079921018
