"Posterior_Mean","Posterior_SD","Posterior_LB","Posterior_UB","prob"
0.215026238222437,0.222978022442194,-0.245680025735315,0.687727282267209,0.189876742122746
