"Posterior_Mean","Posterior_SD","Posterior_LB","Posterior_UB","prob"
-0.159512298190408,0.229240948769811,-0.622158495628807,0.305340156573541,0.756167557931986
