"Posterior_Mean","Posterior_SD","Posterior_LB","Posterior_UB","prob"
0.233018203278467,0.251977566181472,-0.257345741719453,0.74434781951131,0.180433631922319
