"Posterior_Mean","Posterior_SD","Posterior_LB","Posterior_UB","prob"
-0.280137248565202,0.236378930572343,-0.755800179039998,0.197129185082246,0.882993781265539
