"Posterior_Mean","Posterior_SD","Posterior_LB","Posterior_UB","prob"
0.487082795392561,0.233961875416181,0.0204081433356887,0.946219108401723,0.0201078299956751
