"Posterior_Mean","Posterior_SD","Posterior_LB","Posterior_UB","prob"
0.243155052501836,0.212400279402313,-0.187112031084647,0.734653581463422,0.147247477162403
