"Posterior_Mean","Posterior_SD","Posterior_LB","Posterior_UB","prob"
-0.0450478338663693,0.189999509218369,-0.419454576376433,0.378699708333721,0.607578828156176
