"Posterior_Mean","Posterior_SD","Posterior_LB","Posterior_UB","prob"
-0.108049739985912,0.220474671161863,-0.555421375483524,0.353082532059868,0.695991168855809
