"Posterior_Mean","Posterior_SD","Posterior_LB","Posterior_UB","prob"
-0.0411634678837712,0.240149671107682,-0.501831319220343,0.424992113650211,0.562127562308699
