"Posterior_Mean","Posterior_SD","Posterior_LB","Posterior_UB","prob"
-0.180836302439304,0.190302788582002,-0.562685303033257,0.218041515668337,0.832213124101307
