"Posterior_Mean","Posterior_SD","Posterior_LB","Posterior_UB","prob"
-0.151729309662738,0.229900380395494,-0.616905270753533,0.291687424199527,0.735547873597828
