"Posterior_Mean","Posterior_SD","Posterior_LB","Posterior_UB","prob"
-0.0130925031638979,0.24379843844874,-0.466014639307461,0.471775928434112,0.524347827816242
