"Posterior_Mean","Posterior_SD","Posterior_LB","Posterior_UB","prob"
-0.240174852900088,0.177651423775089,-0.596786974110073,0.159963819626691,0.896356166071029
