"Posterior_Mean","Posterior_SD","Posterior_LB","Posterior_UB","prob"
0.671093699387062,0.236235850297823,0.188365095016112,1.13164950746672,0.00255265640122032
