"Posterior_Mean","Posterior_SD","Posterior_LB","Posterior_UB","prob"
0.0789028800310415,0.215433915480271,-0.359861299401339,0.523249982627142,0.362986138951222
