"Posterior_Mean","Posterior_SD","Posterior_LB","Posterior_UB","prob"
-0.290206733195459,0.204655277443826,-0.696001849616621,0.148681015198728,0.909160172886379
