"Posterior_Mean","Posterior_SD","Posterior_LB","Posterior_UB","prob"
-0.367211034555712,0.233664353689218,-0.835414411600844,0.100168047197305,0.938558275759022
