"Posterior_Mean","Posterior_SD","Posterior_LB","Posterior_UB","prob"
-0.174170749169188,0.205027014452878,-0.604948930702026,0.261409807590451,0.791429349590491
