"Posterior_Mean","Posterior_SD","Posterior_LB","Posterior_UB","prob"
0.126722301911914,0.230558089548597,-0.329710561211222,0.603696961669234,0.317120894285476
