"Posterior_Mean","Posterior_SD","Posterior_LB","Posterior_UB","prob"
-0.101080163254057,0.208728032647492,-0.520597396460342,0.346679615864296,0.691220945275534
