"Posterior_Mean","Posterior_SD","Posterior_LB","Posterior_UB","prob"
-0.0114428516249916,0.220735678398012,-0.506402798503208,0.517050633335388,0.525113207639869
