"","Posterior_Mean","Posterior_SD","Posterior_LB","Posterior_UB"
"1",-0.0601496489653612,0.0545260156215817,-0.163307566364123,0.0441483837860862
