"","Posterior_Mean","Posterior_SD","Posterior_LB","Posterior_UB"
"1",-0.00662836798849187,0.0612589458618042,-0.124394078453647,0.112031219032605
