"Posterior_Mean","Posterior_SD","Posterior_LB","Posterior_UB","prob"
0.0880046877621496,0.0567526938611026,-0.0274651901047903,0.19881448726392,0.0619741159958606
