"Posterior_Mean","Posterior_SD","Posterior_LB","Posterior_UB","prob"
0.040680960233857,0.0603115162936165,-0.0811024814814565,0.215418154860248,0.308590795597588
