"Posterior_Mean","Posterior_SD","Posterior_LB","Posterior_UB","prob"
-0.0547666150291588,0.0538761830850707,-0.164105132181963,0.0507747382211547,0.830095679068049
