"Posterior_Mean","Posterior_SD","Posterior_LB","Posterior_UB","prob"
0.0360919678928689,0.0524075898953291,-0.0696940632857156,0.141963362560815,0.239964161396762
