"Posterior_Mean","Posterior_SD","Posterior_LB","Posterior_UB","prob"
-0.0628188228775534,0.0523570704046355,-0.173561152353112,0.0447281019944313,0.880959576405744
