"Posterior_Mean","Posterior_SD","Posterior_LB","Posterior_UB","prob"
-0.1142174071596,0.0532008991533307,-0.222482072525489,-0.00237963399355537,0.977820058140073
