"Posterior_Mean","Posterior_SD","Posterior_LB","Posterior_UB","prob"
0.0271698944716333,0.0504078406706176,-0.0672396072841278,0.125859890568289,0.301730946198848
