"Posterior_Mean","Posterior_SD","Posterior_LB","Posterior_UB","prob"
0.0510949199854024,0.0537243815459851,-0.0544857676138056,0.1606747784042,0.169075344660139
