"Posterior_Mean","Posterior_SD","Posterior_LB","Posterior_UB","prob"
0.0678512539587408,0.0552055766419897,-0.0431753090639567,0.192928143383145,0.130420796514668
