"Posterior_Mean","Posterior_SD","Posterior_LB","Posterior_UB","prob"
0.00520212983264901,0.0541157461073587,-0.118348310816486,0.121750467515127,0.455329121417561
