"Posterior_Mean","Posterior_SD","Posterior_LB","Posterior_UB","prob"
0.0130327894630732,0.0528856473053137,-0.0876410886162777,0.115710440494777,0.407543202781956
