"Posterior_Mean","Posterior_SD","Posterior_LB","Posterior_UB","prob"
-0.09019012464359,0.0541272836946645,-0.19618762914405,0.0125234999995392,0.95809359576604
