"Posterior_Mean","Posterior_SD","Posterior_LB","Posterior_UB","prob"
-0.0508697021070853,0.053492307619177,-0.155184814959543,0.0556807963327212,0.829561802736332
