"Posterior_Mean","Posterior_SD","Posterior_LB","Posterior_UB","prob"
-0.0162436134128277,0.0530401707207246,-0.119684168599975,0.0894229935740911,0.624619604537838
