"Posterior_Mean","Posterior_SD","Posterior_LB","Posterior_UB","prob"
0.0676678639834001,0.0523215679156934,-0.0325566685356862,0.173408763474075,0.0972892306837743
