"Posterior_Mean","Posterior_SD","Posterior_LB","Posterior_UB","prob"
0.0409763923384454,0.0630542238972251,-0.111998297584219,0.192096786908306,0.292681968220618
