"Posterior_Mean","Posterior_SD","Posterior_LB","Posterior_UB","prob"
-0.00341241154873164,0.0533652377526436,-0.11213325057281,0.10286098246817,0.520436584968772
