"Posterior_Mean","Posterior_SD","Posterior_LB","Posterior_UB","prob"
0.0519149140270252,0.0496567686219384,-0.0468809901035334,0.151166933240017,0.15454583220087
