"Posterior_Mean","Posterior_SD","Posterior_LB","Posterior_UB","prob"
-0.05051952672346,0.0597385118634196,-0.177566421749912,0.0697643035445183,0.786151671788402
