"Posterior_Mean","Posterior_SD","Posterior_LB","Posterior_UB","prob"
0.0106981186007444,0.0508565931950903,-0.0893759741920384,0.114141204101616,0.423399222648935
