"Posterior_Mean","Posterior_SD","Posterior_LB","Posterior_UB","prob"
0.0372699379960403,0.0574525000108099,-0.0815623704060324,0.157916776449538,0.264572220646219
