"Posterior_Mean","Posterior_SD","Posterior_LB","Posterior_UB","prob"
-0.0955493442828879,0.0564883260867469,-0.216794330123385,0.0183117462159762,0.95039821938662
