"Posterior_Mean","Posterior_SD","Posterior_LB","Posterior_UB","prob"
0.0320374316522149,0.0532934989989265,-0.0805393040646012,0.138780712181966,0.27662404100304
