"Posterior_Mean","Posterior_SD","Posterior_LB","Posterior_UB","prob"
-0.0645742637981173,0.0595855079504891,-0.210211385155719,0.104853258961907,0.804371634319709
