"Posterior_Mean","Posterior_SD","Posterior_LB","Posterior_UB","prob"
0.0404467751732126,0.0508739677466472,-0.0576792299054567,0.141940928425101,0.215971904513417
