"Posterior_Mean","Posterior_SD","Posterior_LB","Posterior_UB","prob"
0.0701672232938828,0.0546096883717988,-0.0369656569723952,0.186456683834353,0.0956595600369101
