"Posterior_Mean","Posterior_SD","Posterior_LB","Posterior_UB","prob"
0.0543071346520044,0.0614920671391873,-0.0760889120891259,0.181951540640786,0.205192412927839
