"Posterior_Mean","Posterior_SD","Posterior_LB","Posterior_UB","prob"
0.0083559532951966,0.0527640466397985,-0.0971905829097819,0.116990986327264,0.448295373387017
