"Posterior_Mean","Posterior_SD","Posterior_LB","Posterior_UB","prob"
0.0362847125549539,0.0596929778716514,-0.0991199292175119,0.155584880632437,0.26243188683555
