"Posterior_Mean","Posterior_SD","Posterior_LB","Posterior_UB","prob"
-0.0803391503166901,0.0533391855995245,-0.191467117304658,0.0216737474381884,0.935545484208786
