"Posterior_Mean","Posterior_SD","Posterior_LB","Posterior_UB","prob"
0.0133535560280846,0.0524821799058369,-0.093511741678234,0.111797505217377,0.393165364380397
