"Posterior_Mean","Posterior_SD","Posterior_LB","Posterior_UB","prob"
0.0668570086330429,0.0516639613644279,-0.0375533740740052,0.167661501081831,0.0945244692726854
