"Posterior_Mean","Posterior_SD","Posterior_LB","Posterior_UB","prob"
0.1004231923498,0.0964997537222522,-0.0913101589781584,0.298807489546276,0.154330487484897
