"Posterior_Mean","Posterior_SD","Posterior_LB","Posterior_UB","prob"
0.0662111427106135,0.050666814320053,-0.0368852761541732,0.168822006976285,0.104140900347281
