"Posterior_Mean","Posterior_SD","Posterior_LB","Posterior_UB","prob"
-0.0342139775791203,0.0541674068738422,-0.143142405723777,0.0734239823535611,0.730542550567301
