"Posterior_Mean","Posterior_SD","Posterior_LB","Posterior_UB","prob"
-0.0367365006894798,0.0553170612743697,-0.14999334558134,0.0735846307848879,0.748340022328368
