"Posterior_Mean","Posterior_SD","Posterior_LB","Posterior_UB","prob"
0.00528014777317571,0.077306292830322,-0.160090507499819,0.234847330023387,0.527537205467673
