"Posterior_Mean","Posterior_SD","Posterior_LB","Posterior_UB","prob"
-0.062653066455659,0.0517078722107299,-0.171680499829921,0.0392865562348516,0.884467461757528
