"Posterior_Mean","Posterior_SD","Posterior_LB","Posterior_UB","prob"
0.0601453955000661,0.0616386814794121,-0.068389058271891,0.186500219763036,0.178789209153888
