"Posterior_Mean","Posterior_SD","Posterior_LB","Posterior_UB","prob"
-0.039709523288564,0.0531354473334345,-0.147047758120138,0.0634051975089481,0.764924510673085
