"Posterior_Mean","Posterior_SD","Posterior_LB","Posterior_UB","prob"
0.0246660651258203,0.0536242930860171,-0.0774139417432715,0.131045086087972,0.330157211718803
