"Posterior_Mean","Posterior_SD","Posterior_LB","Posterior_UB","prob"
0.0518153091806571,0.0519772085280581,-0.052327910550277,0.151112162719056,0.156677203103051
