"Posterior_Mean","Posterior_SD","Posterior_LB","Posterior_UB","prob"
-0.0504751992697015,0.0549714056974259,-0.195057643749788,0.0742537749645779,0.76230482245792
