"Posterior_Mean","Posterior_SD","Posterior_LB","Posterior_UB","prob"
0.0267742879843645,0.0528977280455952,-0.087100127704505,0.137826429113773,0.311334376123607
