"Posterior_Mean","Posterior_SD","Posterior_LB","Posterior_UB","prob"
0.0325279863916286,0.0553391986902836,-0.0785526860332672,0.144805215727412,0.281675114138641
