"Posterior_Mean","Posterior_SD","Posterior_LB","Posterior_UB","prob"
-0.0414157790167012,0.0514278374600791,-0.148522732647925,0.0588277893901496,0.789765803011574
