"Posterior_Mean","Posterior_SD","Posterior_LB","Posterior_UB","prob"
0.0879248527137459,0.0551653148931812,-0.0191750424060642,0.196905291726058,0.0580017717276494
