"Posterior_Mean","Posterior_SD","Posterior_LB","Posterior_UB","prob"
-0.305398212584681,0.0830244262600779,-0.571358077093372,-0.103787225144535,0.999473510565029
