"Posterior_Mean","Posterior_SD","Posterior_LB","Posterior_UB","prob"
0.0478941614532636,0.0605146947567857,-0.076915420870443,0.172721666472378,0.218292845914189
