"Posterior_Mean","Posterior_SD","Posterior_LB","Posterior_UB","prob"
0.000941009681019429,0.05248348956145,-0.105306189413933,0.10807435230418,0.488523307667384
