"Posterior_Mean","Posterior_SD","Posterior_LB","Posterior_UB","prob"
0.00626643081286743,0.0541822881123244,-0.0988780668041065,0.115366917036605,0.466230329530171
