"Posterior_Mean","Posterior_SD","Posterior_LB","Posterior_UB","prob"
-0.0626567708986554,0.0540781132859401,-0.169234639837107,0.0432237172329385,0.87516133372539
