"Posterior_Mean","Posterior_SD","Posterior_LB","Posterior_UB","prob"
-0.0361698050792663,0.0551757539619287,-0.146750994963053,0.0757299234514435,0.743063368914572
