"Posterior_Mean","Posterior_SD","Posterior_LB","Posterior_UB","prob"
0.0461916034084094,0.0841403488840684,-0.120044918786971,0.217270152953408,0.29017270882739
