"Posterior_Mean","Posterior_SD","Posterior_LB","Posterior_UB","prob"
-0.00367367943689655,0.0546683828007055,-0.109365253039586,0.1081769840149,0.522436875047328
