"Posterior_Mean","Posterior_SD","Posterior_LB","Posterior_UB","prob"
0.044298718497491,0.0545454036184331,-0.0633621881775207,0.156284679667394,0.204941739657322
