"Posterior_Mean","Posterior_SD","Posterior_LB","Posterior_UB","prob"
-0.0302834728580601,0.05089236645018,-0.12819363228939,0.0706102193754554,0.731512889319324
