"Posterior_Mean","Posterior_SD","Posterior_LB","Posterior_UB","prob"
-0.0185364225544315,0.0562860226638891,-0.130849128030842,0.0989915670718075,0.628223052392586
