"Posterior_Mean","Posterior_SD","Posterior_LB","Posterior_UB","prob"
0.0288380260292829,0.0518940034501198,-0.072430116237425,0.130861874594176,0.293358450079446
