"Posterior_Mean","Posterior_SD","Posterior_LB","Posterior_UB","prob"
0.0340932634604287,0.0633061714409363,-0.107759517920585,0.311171041937731,0.430192310386151
