"Posterior_Mean","Posterior_SD","Posterior_LB","Posterior_UB","prob"
-0.018484317684745,0.0526745836386466,-0.128623127954996,0.0890543426750016,0.636693077925618
