"Posterior_Mean","Posterior_SD","Posterior_LB","Posterior_UB","prob"
9.18937899689863e-05,0.0506965496768922,-0.0988313451079314,0.0964840560203829,0.508904036156475
