"Posterior_Mean","Posterior_SD","Posterior_LB","Posterior_UB","prob"
-0.0936356598973873,0.079079562318574,-0.330174713928993,0.0787037057251215,0.819043087435777
