"Posterior_Mean","Posterior_SD","Posterior_LB","Posterior_UB","prob"
-0.0765746658490589,0.053874823903519,-0.193467823897824,0.0316636233398823,0.914512044002997
