"Posterior_Mean","Posterior_SD","Posterior_LB","Posterior_UB","prob"
0.0332622906251926,0.0526634546245193,-0.0944823364450795,0.150204468421382,0.263411259692554
