"Posterior_Mean","Posterior_SD","Posterior_LB","Posterior_UB","prob"
0.00853981929632844,0.0552372959633443,-0.111107613260988,0.121845982711525,0.434081527660406
