"Posterior_Mean","Posterior_SD","Posterior_LB","Posterior_UB","prob"
-0.0217930437181392,0.0504107467323032,-0.124012641742634,0.0782221433899835,0.664679291953501
