"Posterior_Mean","Posterior_SD","Posterior_LB","Posterior_UB","prob"
-0.0490695865857177,0.0506028579407649,-0.151010104959098,0.0487295348721866,0.83234632374581
