"Posterior_Mean","Posterior_SD","Posterior_LB","Posterior_UB","prob"
0.0351186489204605,0.0543147918724158,-0.0736951690150178,0.154284994915615,0.278001221318656
