"Posterior_Mean","Posterior_SD","Posterior_LB","Posterior_UB","prob"
-0.001186543786418,0.0536460567535399,-0.116813995852779,0.105567360777452,0.499478114653013
