"Posterior_Mean","Posterior_SD","Posterior_LB","Posterior_UB","prob"
-0.219372436372642,0.0957037390656013,-0.444015672801698,0.00471596435743971,0.972136566895854
