"Posterior_Mean","Posterior_SD","Posterior_LB","Posterior_UB","prob"
0.00248039237986081,0.0530311084897445,-0.101378733471295,0.107810421215478,0.470273866628196
