"Posterior_Mean","Posterior_SD","Posterior_LB","Posterior_UB","prob"
0.0320552475899334,0.0538144649310393,-0.075987859156785,0.147168925115987,0.28735419738242
