"Posterior_Mean","Posterior_SD","Posterior_LB","Posterior_UB","prob"
-0.0357669910673673,0.0569587956988097,-0.178644659859298,0.0887879101258025,0.706196479068067
