"Posterior_Mean","Posterior_SD","Posterior_LB","Posterior_UB","prob"
-0.0474383776639759,0.053028720110405,-0.152450605127113,0.0551157125478298,0.816923225088751
