"Posterior_Mean","Posterior_SD","Posterior_LB","Posterior_UB","prob"
-0.0675568553587259,0.0614702649374825,-0.193975328900521,0.0475063003992668,0.861615251002852
