"Posterior_Mean","Posterior_SD","Posterior_LB","Posterior_UB","prob"
0.0662675670040319,0.0505325685004473,-0.0310245076901734,0.16732585277797,0.0941498740488621
