"Posterior_Mean","Posterior_SD","Posterior_LB","Posterior_UB","prob"
0.0672926330884974,0.0538706304874217,-0.0459609555549314,0.177819929253146,0.115202559976258
