"Posterior_Mean","Posterior_SD","Posterior_LB","Posterior_UB","prob"
0.0191309286125375,0.0528542054490788,-0.090106887788862,0.123186047051675,0.362475926911162
