"Posterior_Mean","Posterior_SD","Posterior_LB","Posterior_UB","prob"
0.0308602683873921,0.0553574542452624,-0.085896711112879,0.146782978271626,0.299808715864579
