"Posterior_Mean","Posterior_SD","Posterior_LB","Posterior_UB","prob"
0.126271388836984,0.058225324457546,0.0110894415756195,0.248216939109128,0.0170619767103877
