"Posterior_Mean","Posterior_SD","Posterior_LB","Posterior_UB","prob"
0.02811983525139,0.0550014066927492,-0.0808620243407781,0.134301329455403,0.30601621587248
