"Posterior_Mean","Posterior_SD","Posterior_LB","Posterior_UB","prob"
-0.0910497033662007,0.0542674291936714,-0.19928789872627,0.0190983479897873,0.947588477124518
