"Posterior_Mean","Posterior_SD","Posterior_LB","Posterior_UB","prob"
-0.0697659291385263,0.0535128961767386,-0.176976406600388,0.0382581578659148,0.893823287493029
