"Posterior_Mean","Posterior_SD","Posterior_LB","Posterior_UB","prob"
-0.0513448934232244,0.0550629824473759,-0.160741400170112,0.06482081022927,0.824260942569958
