"Posterior_Mean","Posterior_SD","Posterior_LB","Posterior_UB","prob"
-0.0780550574175727,0.0546768738719122,-0.188843720494336,0.0286001662508431,0.928550597834374
