"Posterior_Mean","Posterior_SD","Posterior_LB","Posterior_UB","prob"
0.0370872850832089,0.0526692330130016,-0.0679481611348728,0.139670619539567,0.247422051816412
