"Posterior_Mean","Posterior_SD","Posterior_LB","Posterior_UB","prob"
0.011372069613797,0.0509788810988361,-0.0902294934577123,0.117590074484875,0.426674364735648
