"Posterior_Mean","Posterior_SD","Posterior_LB","Posterior_UB","prob"
-0.0310204227894135,0.0578350001794209,-0.178121332016381,0.0853762989751523,0.66876160998405
