"Posterior_Mean","Posterior_SD","Posterior_LB","Posterior_UB","prob"
-0.0925639979237014,0.0507252688456794,-0.192046196236356,0.00610098983795823,0.965764672500964
