"Posterior_Mean","Posterior_SD","Posterior_LB","Posterior_UB","prob"
-0.0562101314569765,0.0670805300541287,-0.206094258534995,0.0747456027919398,0.793765839060034
