"Posterior_Mean","Posterior_SD","Posterior_LB","Posterior_UB","prob"
-0.0273273461264776,0.0811149965367378,-0.22030171649297,0.13781681602359,0.608611072393148
