"Posterior_Mean","Posterior_SD","Posterior_LB","Posterior_UB","prob"
0.0411675659711973,0.0539065361226204,-0.0738237435673476,0.161984922364625,0.240166216731789
