"Posterior_Mean","Posterior_SD","Posterior_LB","Posterior_UB","prob"
0.0360735618857684,0.0545071672722095,-0.0712375635808255,0.144153345394054,0.254839382971932
