"Posterior_Mean","Posterior_SD","Posterior_LB","Posterior_UB","prob"
-0.0335353540357689,0.0517252531778505,-0.136486458954813,0.0697196801325049,0.745586564025589
