"Posterior_Mean","Posterior_SD","Posterior_LB","Posterior_UB","prob"
0.0334257794974608,0.0638482918881094,-0.127541665156565,0.225702953358064,0.363232009683884
