"Posterior_Mean","Posterior_SD","Posterior_LB","Posterior_UB","prob"
-0.00882937788073079,0.0514481688879369,-0.113839815017254,0.101899898526634,0.572334824078197
