"Posterior_Mean","Posterior_SD","Posterior_LB","Posterior_UB","prob"
0.13193512444796,0.0684604048900222,-0.011007372233762,0.291058525549468,0.0358104136782713
