"Posterior_Mean","Posterior_SD","Posterior_LB","Posterior_UB","prob"
0.138533660632313,0.058306116932225,0.0203566595757926,0.258107813759302,0.0114897196195021
