"Posterior_Mean","Posterior_SD","Posterior_LB","Posterior_UB","prob"
-0.0961020613772156,0.0621025438848836,-0.260384158984685,0.033606039466949,0.923841507505859
