"Posterior_Mean","Posterior_SD","Posterior_LB","Posterior_UB","prob"
0.0283148033345783,0.0528079928583769,-0.0888471706769402,0.144256150519369,0.314768308625575
