"Posterior_Mean","Posterior_SD","Posterior_LB","Posterior_UB","prob"
-0.0219250175318979,0.0562391154003902,-0.143150839734083,0.0906254980693946,0.638104416355744
