"","Posterior_Mean","Posterior_SD","Posterior_LB","Posterior_UB"
"1",0.00866648699619425,0.0368518291092805,-0.0621637324048465,0.0815379153930183
