"","Posterior_Mean","Posterior_SD","Posterior_LB","Posterior_UB"
"1",-0.0816345007005181,0.0350242865120102,-0.150223794429774,-0.0118488293082717
