"","Posterior_Mean","Posterior_SD","Posterior_LB","Posterior_UB"
"1",0.0350690861770098,0.0401579905527129,-0.0463675547908164,0.11434540097328
