"","Posterior_Mean","Posterior_SD","Posterior_LB","Posterior_UB"
"1",0.0624083255579841,0.0382570415234413,-0.00931457683963614,0.139931547098469
