"","Posterior_Mean","Posterior_SD","Posterior_LB","Posterior_UB"
"1",-0.0387619571504878,0.037967282075304,-0.110244491948472,0.038441438313681
