"","Posterior_Mean","Posterior_SD","Posterior_LB","Posterior_UB"
"1",0.0634238685438221,0.0451694154607186,-0.0239087754757242,0.149704110921989
