"","Posterior_Mean","Posterior_SD","Posterior_LB","Posterior_UB"
"1",-0.0552611862162756,0.0383446370894829,-0.129755370486268,0.0169171022011153
