"","Posterior_Mean","Posterior_SD","Posterior_LB","Posterior_UB"
"1",0.0269580057047244,0.0381786611625982,-0.0493695227314884,0.099276745979861
