"","Posterior_Mean","Posterior_SD","Posterior_LB","Posterior_UB"
"1",0.0293660585246211,0.0565796149758465,-0.0786215332060683,0.144255685722881
