"","Posterior_Mean","Posterior_SD","Posterior_LB","Posterior_UB"
"1",-0.0155845627682074,0.0596157329407376,-0.131504996227845,0.0997175110298602
