"Posterior_Mean","Posterior_SD","Posterior_LB","Posterior_UB","prob"
-0.26748789022032,0.0473728523365377,-0.384342291539474,-0.0653513982774501,0.995265787741586
