"Posterior_Mean","Posterior_SD","Posterior_LB","Posterior_UB","prob"
-0.27146283902203,0.0504680637202299,-0.384371066218435,-0.161952791845354,0.999947568401746
