"Posterior_Mean","Posterior_SD","Posterior_LB","Posterior_UB","prob"
-0.0675430664509614,0.0719150628699675,-0.220214501468725,0.0804482387265415,0.800395417783405
