"","Posterior_Mean","Posterior_SD","Posterior_LB","Posterior_UB"
"1",0.0360990108545233,0.037437584110339,-0.0362403811396508,0.110365874246465
