"Posterior_Mean","Posterior_SD","Posterior_LB","Posterior_UB","prob"
-0.290529355933864,0.0405795698049712,-0.371776044030429,-0.208036022078723,0.999999826333843
