"Posterior_Mean","Posterior_SD","Posterior_LB","Posterior_UB","prob"
-0.339163587123517,0.0558952171311988,-0.461628466979904,-0.158887534386894,0.999922945218102
