"Posterior_Mean","Posterior_SD","Posterior_LB","Posterior_UB","prob"
-0.266349611199272,0.052299593664866,-0.372127451108803,-0.134627569481665,0.998929787598861
