"Posterior_Mean","Posterior_SD","Posterior_LB","Posterior_UB","prob"
-0.309574838090163,0.0498397134131887,-0.407571904642202,-0.213063340180335,1
