"Posterior_Mean","Posterior_SD","Posterior_LB","Posterior_UB","prob"
-0.170685369019976,0.0733455325123893,-0.309518650980389,-0.0291139360785711,0.990002130929278
