"Posterior_Mean","Posterior_SD","Posterior_LB","Posterior_UB","prob"
-0.195081992223834,0.0577674563817543,-0.32188466182586,-0.0239890503020664,0.987335388503871
