"Posterior_Mean","Posterior_SD","Posterior_LB","Posterior_UB","prob"
-0.257163882887352,0.0710844671361084,-0.396062437754746,-0.120500176488583,1
