"Posterior_Mean","Posterior_SD","Posterior_LB","Posterior_UB","prob"
-0.137772855974961,0.0494494948558572,-0.23372245263432,-0.0396505174807581,0.996841303725582
