"Posterior_Mean","Posterior_SD","Posterior_LB","Posterior_UB","prob"
-0.32502832646022,0.0420271420709044,-0.408397222231383,-0.24242759648939,0.999991747975445
