"Posterior_Mean","Posterior_SD","Posterior_LB","Posterior_UB","prob"
-0.337568980111612,0.0510954548615617,-0.438257327548813,-0.236840048430879,1
