"Posterior_Mean","Posterior_SD","Posterior_LB","Posterior_UB","prob"
-0.261710661683452,0.0471496854728564,-0.376449195197944,-0.122637692869104,0.998542383977945
