"Posterior_Mean","Posterior_SD","Posterior_LB","Posterior_UB","prob"
-0.0935069294206628,0.0721645709132815,-0.235086238903244,0.0506403427244587,0.901
