"Posterior_Mean","Posterior_SD","Posterior_LB","Posterior_UB","prob"
-0.24660646063754,0.0503812853409382,-0.343961902116459,-0.148720761208752,1
