"Posterior_Mean","Posterior_SD","Posterior_LB","Posterior_UB","prob"
-0.300328657949363,0.0544335670460678,-0.420036283609707,-0.106864516506422,0.998879904332276
