"Posterior_Mean","Posterior_SD","Posterior_LB","Posterior_UB","prob"
-0.269351637332854,0.0716055310287404,-0.409821256972618,-0.132153448939244,1
