"Posterior_Mean","Posterior_SD","Posterior_LB","Posterior_UB","prob"
-0.20985010279645,0.0523617819332379,-0.314870880790355,-0.0858725655941196,0.997187343270818
