"Posterior_Mean","Posterior_SD","Posterior_LB","Posterior_UB","prob"
-0.285373334631289,0.0540516897804924,-0.392879038720079,-0.159189571783626,0.99987121097476
