"Posterior_Mean","Posterior_SD","Posterior_LB","Posterior_UB","prob"
-0.298692871008602,0.0495232639271329,-0.396594299566104,-0.203215646940263,0.9999993971588
