"Posterior_Mean","Posterior_SD","Posterior_LB","Posterior_UB","prob"
-0.392924805919051,0.0444537581349838,-0.532568234421734,-0.240300756652851,1
