"Posterior_Mean","Posterior_SD","Posterior_LB","Posterior_UB","prob"
-0.244336222072026,0.0519852461037823,-0.346002149614041,-0.127391000331236,0.999350493891607
