"Posterior_Mean","Posterior_SD","Posterior_LB","Posterior_UB","prob"
-0.295217759769223,0.0509291194285764,-0.396193559232384,-0.190256813096483,0.999975910941369
