"","Posterior_Mean","Posterior_SD","Posterior_LB","Posterior_UB"
"1",-0.0306196335951028,0.0360897312613236,-0.100530182824141,0.0417347270205542
