"Posterior_Mean","Posterior_SD","Posterior_LB","Posterior_UB","prob"
-0.173681755788978,0.0717155639176238,-0.315261551631527,-0.0344341915796827,0.991333333333333
