"Posterior_Mean","Posterior_SD","Posterior_LB","Posterior_UB","prob"
-0.179087837996333,0.0507086367285953,-0.279666752525115,-0.0809037724058673,0.999142776752742
