"Posterior_Mean","Posterior_SD","Posterior_LB","Posterior_UB","prob"
-0.28436540430483,0.0511496776739541,-0.385630566144128,-0.184455310745299,0.999988497707556
