"Posterior_Mean","Posterior_SD","Posterior_LB","Posterior_UB","prob"
-0.208562103496604,0.0703390062448914,-0.367086651803427,-0.0615622408702966,0.999548880398256
