"Posterior_Mean","Posterior_SD","Posterior_LB","Posterior_UB","prob"
-0.225779668786298,0.0502060672650926,-0.362007987044024,-0.112871126914847,0.999942725853011
