"Posterior_Mean","Posterior_SD","Posterior_LB","Posterior_UB","prob"
-0.282238259267418,0.0449552444457019,-0.370068195141556,-0.186930589652967,1
