"Posterior_Mean","Posterior_SD","Posterior_LB","Posterior_UB","prob"
-0.347731295400976,0.0461176912914432,-0.445669059636162,-0.235711508440955,1
