"Posterior_Mean","Posterior_SD","Posterior_LB","Posterior_UB","prob"
-0.436865515015902,0.0402664112833793,-0.517730065469557,-0.356940148630642,1
