"Posterior_Mean","Posterior_SD","Posterior_LB","Posterior_UB","prob"
-0.30425977321487,0.0447816492358484,-0.416376888072228,-0.16752831982084,0.999999908682155
