"Posterior_Mean","Posterior_SD","Posterior_LB","Posterior_UB","prob"
-0.234918800429742,0.0512036045617911,-0.335172822982037,-0.135183477099603,0.999987967543807
