"Posterior_Mean","Posterior_SD","Posterior_LB","Posterior_UB","prob"
-0.341075266522469,0.0452543093523323,-0.458925772848366,-0.202723954703732,1
