"Posterior_Mean","Posterior_SD","Posterior_LB","Posterior_UB","prob"
-0.197333531091732,0.0498466561137899,-0.295813459404541,-0.0985975995563947,0.999850453813499
