"Posterior_Mean","Posterior_SD","Posterior_LB","Posterior_UB","prob"
-0.307595706513056,0.051706502929377,-0.407860980705851,-0.204372344303388,1
