"Posterior_Mean","Posterior_SD","Posterior_LB","Posterior_UB","prob"
-0.249728112158143,0.0556921589247774,-0.378502874639324,-0.0591597391984673,0.995927809028716
