"Posterior_Mean","Posterior_SD","Posterior_LB","Posterior_UB","prob"
-0.267094776444425,0.0510010812863876,-0.366429738199427,-0.162658267896917,0.999963931851191
