"Posterior_Mean","Posterior_SD","Posterior_LB","Posterior_UB","prob"
-0.173867082401062,0.0679293015329354,-0.339348711215213,-0.0203416547114705,0.986678469694948
