"Posterior_Mean","Posterior_SD","Posterior_LB","Posterior_UB","prob"
-0.3218943097659,0.0517358155143078,-0.422366620609811,-0.218586839577366,0.999998168478025
