"Posterior_Mean","Posterior_SD","Posterior_LB","Posterior_UB","prob"
-0.288101120937699,0.0524975420606043,-0.403239555566616,-0.138838335078599,0.999471550047699
