"Posterior_Mean","Posterior_SD","Posterior_LB","Posterior_UB","prob"
-0.246141899833719,0.063714689107924,-0.37036836314507,-0.116215195423082,0.999695305714905
