"Posterior_Mean","Posterior_SD","Posterior_LB","Posterior_UB","prob"
-0.0464150787086803,0.0713723238497385,-0.185313600250713,0.0936828623667553,0.7485
