"Posterior_Mean","Posterior_SD","Posterior_LB","Posterior_UB","prob"
-0.365159751094619,0.0418339268676467,-0.444012437114239,-0.279656932537876,1
