"Posterior_Mean","Posterior_SD","Posterior_LB","Posterior_UB","prob"
-0.357828497243985,0.0514067314614234,-0.455414281126695,-0.255230705507358,1
