"Posterior_Mean","Posterior_SD","Posterior_LB","Posterior_UB","prob"
-0.276574461841754,0.0527263471058592,-0.380828181420006,-0.158423949441933,0.999848187246701
