"Posterior_Mean","Posterior_SD","Posterior_LB","Posterior_UB","prob"
-0.0455786809393718,0.0725165252217842,-0.203144579955148,0.105398188447822,0.711143202521212
