"Posterior_Mean","Posterior_SD","Posterior_LB","Posterior_UB","prob"
-0.377604682134781,0.0429527492526426,-0.469112640253555,-0.268452516235086,1
