"Posterior_Mean","Posterior_SD","Posterior_LB","Posterior_UB","prob"
-0.274892368461173,0.0732485763255061,-0.417066575100441,-0.130826326310974,0.999666666666667
