"Posterior_Mean","Posterior_SD","Posterior_LB","Posterior_UB","prob"
-0.289553757629872,0.0484841634823149,-0.409135666740909,-0.15935119001848,0.999617654815004
