"Posterior_Mean","Posterior_SD","Posterior_LB","Posterior_UB","prob"
-0.327751109367518,0.0428377557701887,-0.41965998462519,-0.207390455077809,0.999940225216436
