"Posterior_Mean","Posterior_SD","Posterior_LB","Posterior_UB","prob"
-0.366794159524319,0.0440566204616814,-0.455374949014998,-0.249319999142726,0.999985992240196
