"","Posterior_Mean","Posterior_SD","Posterior_LB","Posterior_UB"
"1",-0.0293954033905394,0.0374503640464351,-0.108279860050052,0.0406871448316147
