"Posterior_Mean","Posterior_SD","Posterior_LB","Posterior_UB","prob"
-0.401956938932213,0.0435762896866078,-0.493019386909559,-0.280545375045016,0.999996206249745
