"Posterior_Mean","Posterior_SD","Posterior_LB","Posterior_UB","prob"
-0.284730329905105,0.0498418811963204,-0.38104550237356,-0.188327967073701,1
