"Posterior_Mean","Posterior_SD","Posterior_LB","Posterior_UB","prob"
-0.295066609135573,0.0502309579102252,-0.394501272131869,-0.19154145566698,0.999975751896779
