"Posterior_Mean","Posterior_SD","Posterior_LB","Posterior_UB","prob"
-0.353166511854574,0.041696955685834,-0.436696259604273,-0.266638542043319,0.999999883362796
