"Posterior_Mean","Posterior_SD","Posterior_LB","Posterior_UB","prob"
-0.312805005556628,0.0514197667706048,-0.415405632977552,-0.212883528051634,1
