"Posterior_Mean","Posterior_SD","Posterior_LB","Posterior_UB","prob"
-0.349539386747066,0.0478757983043944,-0.456316386432832,-0.233696686342109,1
