"Posterior_Mean","Posterior_SD","Posterior_LB","Posterior_UB","prob"
-0.230557646698765,0.055289152693433,-0.346421795867246,-0.0688946328781972,0.997363220743492
