"Posterior_Mean","Posterior_SD","Posterior_LB","Posterior_UB","prob"
-0.238285283105522,0.0610480680986458,-0.370254262725176,-0.115903129792499,1
