"Posterior_Mean","Posterior_SD","Posterior_LB","Posterior_UB","prob"
-0.192689002144059,0.0703457142195004,-0.334509102279969,-0.0548034496119262,0.995265781799999
