"Posterior_Mean","Posterior_SD","Posterior_LB","Posterior_UB","prob"
-0.389301432511116,0.0437438956737789,-0.483931795705861,-0.25049451414045,0.999984436591768
