"Posterior_Mean","Posterior_SD","Posterior_LB","Posterior_UB","prob"
-0.363109584827546,0.0488394310384444,-0.461886043186603,-0.244664680886784,1
