"Posterior_Mean","Posterior_SD","Posterior_LB","Posterior_UB","prob"
-0.184853479672955,0.0723119235321076,-0.326392126094392,-0.0429446402914143,0.995
