"Posterior_Mean","Posterior_SD","Posterior_LB","Posterior_UB","prob"
-0.318147791369532,0.0468245026687793,-0.420478969535138,-0.20374611260725,0.999999364197766
