"","Posterior_Mean","Posterior_SD","Posterior_LB","Posterior_UB"
"1",-0.0203707498394981,0.0357377834468577,-0.0896764266394747,0.0487504836111718
