"Posterior_Mean","Posterior_SD","Posterior_LB","Posterior_UB","prob"
-0.214793682316642,0.0742199939143355,-0.360653919355883,-0.0682462991165443,0.998
