"Posterior_Mean","Posterior_SD","Posterior_LB","Posterior_UB","prob"
-0.288344303677153,0.0509704266667043,-0.387586202787194,-0.183668183855998,0.999924034965404
