"Posterior_Mean","Posterior_SD","Posterior_LB","Posterior_UB","prob"
-0.321674611754727,0.0449660884867385,-0.42906442230463,-0.196885525366647,0.999992550594425
