"Posterior_Mean","Posterior_SD","Posterior_LB","Posterior_UB","prob"
-0.353201800024877,0.0484180503980016,-0.479272614267217,-0.231084311241728,1
