"Posterior_Mean","Posterior_SD","Posterior_LB","Posterior_UB","prob"
-0.153277427571087,0.0722877580896842,-0.294108730603751,-0.0102102435924974,0.980666666666667
