"Posterior_Mean","Posterior_SD","Posterior_LB","Posterior_UB","prob"
-0.251367847618332,0.0580762955058702,-0.372670484938119,-0.0936695767914851,0.999244353440279
