"Posterior_Mean","Posterior_SD","Posterior_LB","Posterior_UB","prob"
-0.430497670579877,0.0416769337012789,-0.511747611072034,-0.341194882350224,1
