"Posterior_Mean","Posterior_SD","Posterior_LB","Posterior_UB","prob"
-0.363635096576327,0.0426363573366194,-0.449052990225806,-0.267430379729857,1
