"Posterior_Mean","Posterior_SD","Posterior_LB","Posterior_UB","prob"
-0.337586242106313,0.0410376208434133,-0.418673820729321,-0.255585186527038,1
