"Posterior_Mean","Posterior_SD","Posterior_LB","Posterior_UB","prob"
-0.356873760394877,0.0509918900202563,-0.464009894285643,-0.230817335833643,1
