"Posterior_Mean","Posterior_SD","Posterior_LB","Posterior_UB","prob"
-0.262240642556547,0.0530665535752111,-0.373270022966131,-0.158788148684185,1
