"","Posterior_Mean","Posterior_SD","Posterior_LB","Posterior_UB"
"1",-0.0267069994167923,0.0359582278982188,-0.0994294179501393,0.0415770296654855
