"Posterior_Mean","Posterior_SD","Posterior_LB","Posterior_UB","prob"
-0.32866754054846,0.0435552116029424,-0.421604472452759,-0.218013164127048,0.999995607697119
