"Posterior_Mean","Posterior_SD","Posterior_LB","Posterior_UB","prob"
-0.293516266145025,0.0543864320352794,-0.400192744143036,-0.185527578845228,1
