"Posterior_Mean","Posterior_SD","Posterior_LB","Posterior_UB","prob"
-0.258573893305226,0.0517975198696388,-0.36107571502534,-0.152612002555084,0.999931564866821
