"Posterior_Mean","Posterior_SD","Posterior_LB","Posterior_UB","prob"
-0.144210804269551,0.0714714750377686,-0.282162088627617,-2.53145747501904e-05,0.976
