"Posterior_Mean","Posterior_SD","Posterior_LB","Posterior_UB","prob"
-0.284573468981114,0.0502968397151486,-0.382470898560652,-0.185595623315503,1
