"Posterior_Mean","Posterior_SD","Posterior_LB","Posterior_UB","prob"
-0.26095757876361,0.0510767256357589,-0.361246985430635,-0.159076270342477,0.999980258992725
