"","Posterior_Mean","Posterior_SD","Posterior_LB","Posterior_UB"
"1",-0.0208185694886261,0.0364208040527343,-0.0967527376442627,0.0466679750175607
