"Posterior_Mean","Posterior_SD","Posterior_LB","Posterior_UB","prob"
-0.251153738757495,0.0510983583162213,-0.352498632496501,-0.151740322744365,0.999892783784687
