"Posterior_Mean","Posterior_SD","Posterior_LB","Posterior_UB","prob"
-0.281062625073786,0.0558399252721905,-0.400318593312401,-0.102813532183548,0.99889512473279
