"Posterior_Mean","Posterior_SD","Posterior_LB","Posterior_UB","prob"
-0.329615285849559,0.0523925642593547,-0.432570284052806,-0.226254753954038,1
