"Posterior_Mean","Posterior_SD","Posterior_LB","Posterior_UB","prob"
-0.400937858352489,0.0406349614189951,-0.479853624671813,-0.322457485578236,1
