"","Posterior_Mean","Posterior_SD","Posterior_LB","Posterior_UB"
"1",0.0235726238999041,0.0367342647471493,-0.044346957534846,0.0979881948675052
