"Posterior_Mean","Posterior_SD","Posterior_LB","Posterior_UB","prob"
-0.275899000023879,0.0515781151843185,-0.378675538767652,-0.174738635986225,0.999997126664803
