"Posterior_Mean","Posterior_SD","Posterior_LB","Posterior_UB","prob"
-0.279185693049601,0.0636190715577994,-0.411317169750262,-0.138873953284659,1
