"Posterior_Mean","Posterior_SD","Posterior_LB","Posterior_UB","prob"
-0.240708091977863,0.0536987377651559,-0.357150649178782,-0.0644171058475789,0.996708036608903
