"Posterior_Mean","Posterior_SD","Posterior_LB","Posterior_UB","prob"
-0.263219045365662,0.052567571511715,-0.365262592156192,-0.144386057352535,0.999607258695544
