"Posterior_Mean","Posterior_SD","Posterior_LB","Posterior_UB","prob"
-0.34295864159658,0.0408551854810912,-0.425654101730576,-0.260924911155883,0.999981020630095
