"Posterior_Mean","Posterior_SD","Posterior_LB","Posterior_UB","prob"
-0.361228498642821,0.0411791962019588,-0.442071523480877,-0.277740184966121,0.999995340792199
