"Posterior_Mean","Posterior_SD","Posterior_LB","Posterior_UB","prob"
-0.271495224860778,0.0618255670798652,-0.399193183004833,-0.130606123641995,1
