"Posterior_Mean","Posterior_SD","Posterior_LB","Posterior_UB","prob"
-0.1976078237723,0.0719695627534584,-0.338997083523428,-0.0558118952311038,0.995666666666667
