"Posterior_Mean","Posterior_SD","Posterior_LB","Posterior_UB","prob"
-0.388017022613432,0.0417615159069403,-0.472552047884525,-0.288109640017332,0.999969132916164
