"Posterior_Mean","Posterior_SD","Posterior_LB","Posterior_UB","prob"
-0.301056744688647,0.0637240170671683,-0.441147383475354,-0.143079357088081,1
