"Posterior_Mean","Posterior_SD","Posterior_LB","Posterior_UB","prob"
-0.198406082231995,0.071798713376844,-0.338731571718929,-0.0611997449392529,0.997
