"Posterior_Mean","Posterior_SD","Posterior_LB","Posterior_UB","prob"
-0.265767870141206,0.051933416592366,-0.368735671983817,-0.16466339321144,0.999961825130551
