"Posterior_Mean","Posterior_SD","Posterior_LB","Posterior_UB","prob"
-0.346586180621015,0.0510853998981977,-0.44808758868264,-0.233898156570326,0.999993293774094
