"Posterior_Mean","Posterior_SD","Posterior_LB","Posterior_UB","prob"
-0.23855139369152,0.0510997701097912,-0.344514620900054,-0.137683691721983,0.999999839551416
