"Posterior_Mean","Posterior_SD","Posterior_LB","Posterior_UB","prob"
-0.249848234357284,0.0738691276483446,-0.39322685696949,-0.105341336083191,0.999666666666667
