"Posterior_Mean","Posterior_SD","Posterior_LB","Posterior_UB","prob"
-0.110870481662584,0.0709388371132112,-0.254366946976847,0.0224410388066333,0.945120576179552
