"Posterior_Mean","Posterior_SD","Posterior_LB","Posterior_UB","prob"
-0.284063566144804,0.051481384372286,-0.40257139115778,-0.178098837554041,0.999999760955222
