"Posterior_Mean","Posterior_SD","Posterior_LB","Posterior_UB","prob"
-0.339027107145536,0.0529110593956888,-0.444968988406066,-0.213651706157715,1
