"Posterior_Mean","Posterior_SD","Posterior_LB","Posterior_UB","prob"
-0.282297938109519,0.0487799516944424,-0.398545414147823,-0.177443564452409,1
