"Posterior_Mean","Posterior_SD","Posterior_LB","Posterior_UB","prob"
-0.270530020238839,0.0538480944651239,-0.38029029706624,-0.135470776158762,0.999526666883658
