"Posterior_Mean","Posterior_SD","Posterior_LB","Posterior_UB","prob"
-0.328110844466363,0.0426521538468554,-0.418625084513208,-0.219387751035261,0.999999725149416
