"Posterior_Mean","Posterior_SD","Posterior_LB","Posterior_UB","prob"
-0.420494680354739,0.0408833690804533,-0.502685839773273,-0.340917827536469,1
