"Posterior_Mean","Posterior_SD","Posterior_LB","Posterior_UB","prob"
-0.39278340726936,0.0444592657498694,-0.520149530196586,-0.245387567848329,1
