"Posterior_Mean","Posterior_SD","Posterior_LB","Posterior_UB","prob"
-0.349737999803582,0.0499794191447706,-0.448633402480232,-0.250805461403966,1
