"Posterior_Mean","Posterior_SD","Posterior_LB","Posterior_UB","prob"
-0.291206711321017,0.0507227378915442,-0.398196651095924,-0.188699461985073,1
