"Posterior_Mean","Posterior_SD","Posterior_LB","Posterior_UB","prob"
-0.338171445043371,0.0460126459097379,-0.461460158397063,-0.222521558819318,1
