"Posterior_Mean","Posterior_SD","Posterior_LB","Posterior_UB","prob"
-0.036203723458873,0.0741822672930262,-0.184577883694673,0.108884887588292,0.687333333333333
