"Posterior_Mean","Posterior_SD","Posterior_LB","Posterior_UB","prob"
-0.393156292721411,0.0518023713258402,-0.491379548862582,-0.287269365994364,1
