"Posterior_Mean","Posterior_SD","Posterior_LB","Posterior_UB","prob"
-0.352576616176523,0.0524984366998226,-0.454660807416272,-0.249233219641543,1
