"Posterior_Mean","Posterior_SD","Posterior_LB","Posterior_UB","prob"
-0.314811349904487,0.0660848364189636,-0.445390559998271,-0.187433160759906,1
