"Posterior_Mean","Posterior_SD","Posterior_LB","Posterior_UB","prob"
-0.427984113837798,0.0394116834496091,-0.508182310799641,-0.339582758185377,1
