"Posterior_Mean","Posterior_SD","Posterior_LB","Posterior_UB","prob"
-0.169430619581627,0.0709201175723648,-0.307021691840514,-0.0312285797140829,0.992166666666667
