"Posterior_Mean","Posterior_SD","Posterior_LB","Posterior_UB","prob"
-0.268856568565878,0.0726421172269468,-0.412415152868313,-0.126917111801817,1
