"Posterior_Mean","Posterior_SD","Posterior_LB","Posterior_UB","prob"
-0.361528624939235,0.0518100061595372,-0.466106625108415,-0.259583615725766,1
