"Posterior_Mean","Posterior_SD","Posterior_LB","Posterior_UB","prob"
-0.315354890022025,0.0515892245050465,-0.420143806018301,-0.214476902204073,1
