"Posterior_Mean","Posterior_SD","Posterior_LB","Posterior_UB","prob"
-0.311567413003897,0.0456717591672865,-0.406361014851738,-0.154982315775612,0.999868271656172
