"Posterior_Mean","Posterior_SD","Posterior_LB","Posterior_UB","prob"
-0.221654143575968,0.0591283702174219,-0.354256655686942,-0.0374293158578415,0.991349542659572
