"Posterior_Mean","Posterior_SD","Posterior_LB","Posterior_UB","prob"
-0.298232069030642,0.0507125295014355,-0.398032457124108,-0.200348061358005,1
