"Posterior_Mean","Posterior_SD","Posterior_LB","Posterior_UB","prob"
-0.359305301959206,0.050308085424511,-0.458444469958053,-0.261907448772942,1
