"Posterior_Mean","Posterior_SD","Posterior_LB","Posterior_UB","prob"
-0.188789563726078,0.0530020456574988,-0.307181143694277,0.00411868147505082,0.972327490128075
