"Posterior_Mean","Posterior_SD","Posterior_LB","Posterior_UB","prob"
-0.224959754310034,0.073881635353688,-0.369844619343461,-0.0822429115772197,0.999166666666667
