"","Posterior_Mean","Posterior_SD","Posterior_LB","Posterior_UB"
"1",-0.0219706724060145,0.0355768005687191,-0.0928074101139707,0.0461367186693316
