"Posterior_Mean","Posterior_SD","Posterior_LB","Posterior_UB","prob"
-0.265606520967733,0.0548053186325076,-0.388358335504708,-0.0788914629614572,0.99777680509773
