"Posterior_Mean","Posterior_SD","Posterior_LB","Posterior_UB","prob"
-0.344436834809572,0.050976186166336,-0.442451446821314,-0.244303499247908,1
