"Posterior_Mean","Posterior_SD","Posterior_LB","Posterior_UB","prob"
-0.139937572949968,0.0726239489474993,-0.297892381045708,-0.00137155635629213,0.975830293870133
