"Posterior_Mean","Posterior_SD","Posterior_LB","Posterior_UB","prob"
-0.199037247325742,0.0687510120862738,-0.396218393128803,-0.0402601828027709,0.995247889104649
