"Posterior_Mean","Posterior_SD","Posterior_LB","Posterior_UB","prob"
-0.212592315192407,0.0516906669335927,-0.313059036768616,-0.111590041281135,0.99985090251092
