"Posterior_Mean","Posterior_SD","Posterior_LB","Posterior_UB","prob"
-0.111437360423087,0.0735401191430177,-0.255521787513234,0.0277216138665836,0.932008304084219
