"Posterior_Mean","Posterior_SD","Posterior_LB","Posterior_UB","prob"
-0.316455197096682,0.0542467518782044,-0.424336273574759,-0.188246724475831,1
