"Posterior_Mean","Posterior_SD","Posterior_LB","Posterior_UB","prob"
-0.107058529812107,0.0724707253668824,-0.245733604719282,0.0383468535955066,0.926833333333333
