"Posterior_Mean","Posterior_SD","Posterior_LB","Posterior_UB","prob"
-0.243887817320092,0.052323617531338,-0.345889284386738,-0.136816154069985,0.999892544158216
