"Posterior_Mean","Posterior_SD","Posterior_LB","Posterior_UB","prob"
-0.367947378641776,0.041218050737939,-0.447303905015632,-0.286368363090899,1
