"Posterior_Mean","Posterior_SD","Posterior_LB","Posterior_UB","prob"
-0.28112421994613,0.0545511979378479,-0.387532526471237,-0.164201109762519,0.999930662732975
