"Posterior_Mean","Posterior_SD","Posterior_LB","Posterior_UB","prob"
-0.151703987567849,0.0714332137770602,-0.29262871126472,-0.0140763102067624,0.983333333333333
