"Posterior_Mean","Posterior_SD","Posterior_LB","Posterior_UB","prob"
-0.409269893927835,0.0407960117828446,-0.486746323800597,-0.327089203129778,1
