"Posterior_Mean","Posterior_SD","Posterior_LB","Posterior_UB","prob"
-0.296053832377107,0.0533464888001793,-0.402467948748565,-0.163844037878709,0.999875357400895
