"Posterior_Mean","Posterior_SD","Posterior_LB","Posterior_UB","prob"
-0.419526860641108,0.0422687199585646,-0.50226280277309,-0.3346169482355,1
