"Posterior_Mean","Posterior_SD","Posterior_LB","Posterior_UB","prob"
-0.378093858897185,0.0489753143224652,-0.480990910236741,-0.272122159027893,1
