"Posterior_Mean","Posterior_SD","Posterior_LB","Posterior_UB","prob"
-0.451899274770444,0.0427517399773768,-0.533916336093077,-0.356985661851528,1
