"Posterior_Mean","Posterior_SD","Posterior_LB","Posterior_UB","prob"
-0.166926592451289,0.0695630752940088,-0.303385336756335,-0.0333782203259862,0.992666666666667
