"","Posterior_Mean","Posterior_SD","Posterior_LB","Posterior_UB"
"1",-0.0110942095428618,0.0448626073017263,-0.100433565328875,0.0742601594232033
