"Posterior_Mean","Posterior_SD","Posterior_LB","Posterior_UB","prob"
-0.344567849313001,0.0463666905254397,-0.437083210234129,-0.252890620868884,0.999999137474815
