"Posterior_Mean","Posterior_SD","Posterior_LB","Posterior_UB","prob"
-0.213219904105752,0.0493082523617726,-0.329400933528384,-0.0904449589929105,0.999094433944678
