"Posterior_Mean","Posterior_SD","Posterior_LB","Posterior_UB","prob"
-0.239067117466612,0.058707680923406,-0.370158725279039,-0.106585433868676,0.999117522509804
