"","Posterior_Mean","Posterior_SD","Posterior_LB","Posterior_UB"
"1",0.017297339294605,0.0450288901461929,-0.0716582915323891,0.102324627959458
