"Posterior_Mean","Posterior_SD","Posterior_LB","Posterior_UB","prob"
-0.231283463813269,0.0502933307171401,-0.335632189469512,-0.12979820196064,0.999996856764708
