"Posterior_Mean","Posterior_SD","Posterior_LB","Posterior_UB","prob"
-0.305703233818421,0.0500157739128243,-0.429573324871504,-0.177268050134652,0.999884021702805
