"Posterior_Mean","Posterior_SD","Posterior_LB","Posterior_UB","prob"
-0.210768960801658,0.0499626685137866,-0.313300931394571,-0.112975965402753,0.999987475137347
