"Posterior_Mean","Posterior_SD","Posterior_LB","Posterior_UB","prob"
-0.139919006952831,0.0614546604621094,-0.25974658505049,-0.0237811966426121,0.98685532128041
