"Posterior_Mean","Posterior_SD","Posterior_LB","Posterior_UB","prob"
-0.244641884760845,0.0598671145888184,-0.374750057274157,-0.116515921236956,0.999866248899146
