"Posterior_Mean","Posterior_SD","Posterior_LB","Posterior_UB","prob"
-0.226864219161426,0.0479580993010071,-0.327859339941791,-0.0903227236288994,0.992345473808257
