"Posterior_Mean","Posterior_SD","Posterior_LB","Posterior_UB","prob"
-0.284250184104078,0.05601558047909,-0.417876131910826,-0.127808875855725,0.999946818378926
