"Posterior_Mean","Posterior_SD","Posterior_LB","Posterior_UB","prob"
-0.241249020155219,0.0526704564719405,-0.34979985117022,-0.138073114981889,1
