"Posterior_Mean","Posterior_SD","Posterior_LB","Posterior_UB","prob"
-0.218369792451409,0.0586419254714441,-0.342913945816561,-0.0867720082424156,0.999210404375144
