"Posterior_Mean","Posterior_SD","Posterior_LB","Posterior_UB","prob"
-0.295831893810768,0.0574054871396572,-0.409406974757519,-0.173427182014905,0.999979487306754
