"Posterior_Mean","Posterior_SD","Posterior_LB","Posterior_UB","prob"
-0.163460792499245,0.0634175150999537,-0.292188257850676,-0.0412023678524445,0.997264509712507
