"Posterior_Mean","Posterior_SD","Posterior_LB","Posterior_UB","prob"
-0.358347714860814,0.0484038083726149,-0.473414612961448,-0.24405241257267,1
