"Posterior_Mean","Posterior_SD","Posterior_LB","Posterior_UB","prob"
-0.163077832518148,0.0601533969584641,-0.290230772987701,-0.0323378672622131,0.99446873223026
