"Posterior_Mean","Posterior_SD","Posterior_LB","Posterior_UB","prob"
-0.267924657649268,0.052629366694845,-0.412523064934637,-0.0470657206886381,0.989132625258939
