"Posterior_Mean","Posterior_SD","Posterior_LB","Posterior_UB","prob"
-0.382008345201455,0.0551145395804719,-0.544075377571917,-0.242328050991283,1
