"Posterior_Mean","Posterior_SD","Posterior_LB","Posterior_UB","prob"
-0.330394283872108,0.0514717098781815,-0.43222712491249,-0.227063451666777,0.999992397507907
