"Posterior_Mean","Posterior_SD","Posterior_LB","Posterior_UB","prob"
-0.220781465426254,0.0507258427318382,-0.322224053358587,-0.120053179413602,0.99987859753581
