"Posterior_Mean","Posterior_SD","Posterior_LB","Posterior_UB","prob"
-0.245594152213408,0.0430195734909583,-0.332965493548837,-0.157275415477845,0.999939500926422
