"","Posterior_Mean","Posterior_SD","Posterior_LB","Posterior_UB"
"1",0.0259604035903381,0.044957371130051,-0.0617300186187019,0.114349483224812
