"Posterior_Mean","Posterior_SD","Posterior_LB","Posterior_UB","prob"
-0.221240627198055,0.0532424749758435,-0.337092622636045,-0.088978926168031,0.998594245455547
