"","Posterior_Mean","Posterior_SD","Posterior_LB","Posterior_UB"
"1",0.0200091066725811,0.0431958075374174,-0.0651509342014676,0.101868081105892
