"Posterior_Mean","Posterior_SD","Posterior_LB","Posterior_UB","prob"
-0.25697515025009,0.0514603799008898,-0.364988913551144,-0.141984582733241,0.999808371892252
