"Posterior_Mean","Posterior_SD","Posterior_LB","Posterior_UB","prob"
-0.155486279846719,0.0557690356280368,-0.27678947073064,-0.0211581994789594,0.990110743684368
