"","Posterior_Mean","Posterior_SD","Posterior_LB","Posterior_UB"
"1",0.0649083861768123,0.0494788131434544,-0.0299874857753387,0.164901444620099
