"Posterior_Mean","Posterior_SD","Posterior_LB","Posterior_UB","prob"
-0.325827489003565,0.0560186023017997,-0.474948146153299,-0.110505208218212,0.999510278371228
