"Posterior_Mean","Posterior_SD","Posterior_LB","Posterior_UB","prob"
-0.235003481353799,0.0478163293927627,-0.355177335980418,-0.118297731519255,0.999638558448614
