"Posterior_Mean","Posterior_SD","Posterior_LB","Posterior_UB","prob"
-0.335550158733057,0.0523634763265299,-0.457351766735335,-0.225128481273807,1
