"Posterior_Mean","Posterior_SD","Posterior_LB","Posterior_UB","prob"
-0.245030877613558,0.049471357601377,-0.367361839519533,-0.11737968541943,0.999955537581567
