"Posterior_Mean","Posterior_SD","Posterior_LB","Posterior_UB","prob"
-0.217801906797918,0.0560815580684931,-0.335169707148391,-0.0549186411679213,0.990358164004476
