"Posterior_Mean","Posterior_SD","Posterior_LB","Posterior_UB","prob"
-0.291263032413008,0.0650029757152159,-0.433761437993101,-0.0923115636532975,0.997848218014594
