"Posterior_Mean","Posterior_SD","Posterior_LB","Posterior_UB","prob"
-0.203608444803334,0.0470975965323977,-0.314682581301374,-0.103229974646172,0.999856198980783
