"Posterior_Mean","Posterior_SD","Posterior_LB","Posterior_UB","prob"
-0.239654797837344,0.0565840147037692,-0.360250189814708,-0.0990095883936416,0.998738154294915
