"Posterior_Mean","Posterior_SD","Posterior_LB","Posterior_UB","prob"
-0.206210347876394,0.0580641948391062,-0.337734395461064,-0.0709202721071241,0.998224588595438
