"Posterior_Mean","Posterior_SD","Posterior_LB","Posterior_UB","prob"
-0.30248353807658,0.0543011427226779,-0.446298666898233,-0.14741812700038,1
