"Posterior_Mean","Posterior_SD","Posterior_LB","Posterior_UB","prob"
-0.168819099798865,0.0584874012137828,-0.28890217958307,-0.0301978661064226,0.988243479074624
