"Posterior_Mean","Posterior_SD","Posterior_LB","Posterior_UB","prob"
-0.325921419960587,0.0422956283434865,-0.411608794633219,-0.236078072488428,0.99999983754935
