"Posterior_Mean","Posterior_SD","Posterior_LB","Posterior_UB","prob"
-0.264028256748281,0.0493076451889823,-0.375122793097483,-0.142898743592468,0.999888729241782
