"Posterior_Mean","Posterior_SD","Posterior_LB","Posterior_UB","prob"
-0.255836879157515,0.052735606973349,-0.432108061169865,-0.121809697029449,0.999965453576758
