"Posterior_Mean","Posterior_SD","Posterior_LB","Posterior_UB","prob"
-0.332351043582559,0.0469245946528022,-0.430088105063578,-0.22633864411286,1
