"Posterior_Mean","Posterior_SD","Posterior_LB","Posterior_UB","prob"
-0.323394924618466,0.0468674170209587,-0.420131429177083,-0.220161885424248,1
