"Posterior_Mean","Posterior_SD","Posterior_LB","Posterior_UB","prob"
-0.363981522491679,0.0447979161293718,-0.455557940924881,-0.261477198463606,0.99999777339618
