"Posterior_Mean","Posterior_SD","Posterior_LB","Posterior_UB","prob"
-0.24784661137132,0.0502329438640381,-0.351653329134818,-0.137909969834692,0.999985146269185
