"Posterior_Mean","Posterior_SD","Posterior_LB","Posterior_UB","prob"
-0.276084251002107,0.0438621621516867,-0.365302709425311,-0.188591550811707,0.999985100591147
