"Posterior_Mean","Posterior_SD","Posterior_LB","Posterior_UB","prob"
-0.288679982876261,0.0434802822762803,-0.371856801287893,-0.203233315445474,0.999999082467559
