"Posterior_Mean","Posterior_SD","Posterior_LB","Posterior_UB","prob"
-0.372637973756992,0.0516373305314014,-0.480515713582017,-0.268822961263826,1
