"Posterior_Mean","Posterior_SD","Posterior_LB","Posterior_UB","prob"
-0.289062636137344,0.0500186105675353,-0.394499592202427,-0.165701834516938,0.999779355685767
