"Posterior_Mean","Posterior_SD","Posterior_LB","Posterior_UB","prob"
-0.287089804438189,0.0554187674600724,-0.404946358416657,-0.173415313061529,0.999886709903858
