"Posterior_Mean","Posterior_SD","Posterior_LB","Posterior_UB","prob"
-0.301108440875199,0.0659409373514237,-0.450409403892226,-0.111094638805598,0.999596657308074
