"Posterior_Mean","Posterior_SD","Posterior_LB","Posterior_UB","prob"
-0.277317798761536,0.046024259164572,-0.381686470872498,-0.156678348891851,0.999911019625074
