"Posterior_Mean","Posterior_SD","Posterior_LB","Posterior_UB","prob"
-0.314025226672583,0.0454124037853176,-0.411547468099141,-0.202596463794469,0.999996847698249
