"Posterior_Mean","Posterior_SD","Posterior_LB","Posterior_UB","prob"
-0.215712494818893,0.0514935182976953,-0.31814130496411,-0.0871051378719674,0.998454539787719
