"Posterior_Mean","Posterior_SD","Posterior_LB","Posterior_UB","prob"
-0.437373128555808,0.0436738218519499,-0.545537776258296,-0.345357172564333,1
