"Posterior_Mean","Posterior_SD","Posterior_LB","Posterior_UB","prob"
-0.329925875899474,0.0475627519831143,-0.451249852382642,-0.224242218287899,1
