"Posterior_Mean","Posterior_SD","Posterior_LB","Posterior_UB","prob"
-0.248699558664113,0.0470961736549392,-0.355320544912949,-0.0799531588534535,0.993780493610334
