"Posterior_Mean","Posterior_SD","Posterior_LB","Posterior_UB","prob"
-0.17038006305289,0.0492479994636708,-0.278428297073335,0.0451469965250018,0.954005001121625
