"Posterior_Mean","Posterior_SD","Posterior_LB","Posterior_UB","prob"
0.0443048958629427,0.0788278012031988,-0.116575038334085,0.203702453310567,0.283690871152732
