"Posterior_Mean","Posterior_SD","Posterior_LB","Posterior_UB","prob"
-0.211202196786821,0.0408631273366956,-0.297966271382123,-0.0869746009346604,0.998281163210827
