"Posterior_Mean","Posterior_SD","Posterior_LB","Posterior_UB","prob"
-0.0440019444744403,0.0577233761629471,-0.159199739234753,0.0910950991089762,0.77960173734802
