"Posterior_Mean","Posterior_SD","Posterior_LB","Posterior_UB","prob"
0.0413279803091842,0.0787551722327506,-0.107267898167486,0.195337719270892,0.296024484325806
