"Posterior_Mean","Posterior_SD","Posterior_LB","Posterior_UB","prob"
-0.147951145415927,0.0574591894569412,-0.261416153104527,-0.0221244710606114,0.988268444271302
