"Posterior_Mean","Posterior_SD","Posterior_LB","Posterior_UB","prob"
-0.0746514361047078,0.078755302221736,-0.241675841931995,0.0922513672848597,0.807801428600205
