"Posterior_Mean","Posterior_SD","Posterior_LB","Posterior_UB","prob"
-0.0690895039556235,0.0803340031515977,-0.224239903448327,0.0919605617727251,0.802780743127281
