"Posterior_Mean","Posterior_SD","Posterior_LB","Posterior_UB","prob"
-0.0222920065759695,0.0779743001791473,-0.173413094470082,0.134356124880401,0.617833333333333
