"Posterior_Mean","Posterior_SD","Posterior_LB","Posterior_UB","prob"
-0.0967337690070642,0.0792276011192704,-0.252677489888482,0.0624631145304124,0.8905
