"Posterior_Mean","Posterior_SD","Posterior_LB","Posterior_UB","prob"
0.00828686949647507,0.0757309653257101,-0.140074462831524,0.156392284275962,0.466666666666667
