"Posterior_Mean","Posterior_SD","Posterior_LB","Posterior_UB","prob"
0.0419070620114103,0.0691252275443379,-0.19756068021552,0.222368238199933,0.296565980787028
