"Posterior_Mean","Posterior_SD","Posterior_LB","Posterior_UB","prob"
-0.0621736213843616,0.0790617468632411,-0.216260988676609,0.0913318300315704,0.787333333333333
