"Posterior_Mean","Posterior_SD","Posterior_LB","Posterior_UB","prob"
-0.197243117612316,0.0497870033057079,-0.306161979592447,-0.0368986548723704,0.988069658904145
