"Posterior_Mean","Posterior_SD","Posterior_LB","Posterior_UB","prob"
-0.0996431656549244,0.0736773743026863,-0.250014003975063,0.0518091962937662,0.899082369108418
