"Posterior_Mean","Posterior_SD","Posterior_LB","Posterior_UB","prob"
0.0650276016864795,0.077622105571593,-0.0885954586625826,0.217168464132251,0.199
