"Posterior_Mean","Posterior_SD","Posterior_LB","Posterior_UB","prob"
-0.101937013054761,0.074440386711518,-0.246930050848142,0.0575778838001318,0.902010939909273
