"Posterior_Mean","Posterior_SD","Posterior_LB","Posterior_UB","prob"
0.0503530566898439,0.0784681429418458,-0.103774550526314,0.203597381642154,0.258833333333333
