"Posterior_Mean","Posterior_SD","Posterior_LB","Posterior_UB","prob"
0.0255048218839673,0.0787183182867601,-0.128233321192345,0.177764510636682,0.366333333333333
