"Posterior_Mean","Posterior_SD","Posterior_LB","Posterior_UB","prob"
0.0487296700741055,0.0780911438000758,-0.108868799312765,0.190467542433346,0.278004822825606
