"Posterior_Mean","Posterior_SD","Posterior_LB","Posterior_UB","prob"
0.00536140733070463,0.0774458244659086,-0.151088193644699,0.165056056038385,0.48237521923226
