"Posterior_Mean","Posterior_SD","Posterior_LB","Posterior_UB","prob"
-0.0650977051401298,0.0795505167778089,-0.212398727364873,0.0877134346607243,0.790607024679281
