"Posterior_Mean","Posterior_SD","Posterior_LB","Posterior_UB","prob"
-0.149697917928709,0.0539573445169076,-0.280549827303528,-0.00842783201623354,0.979890882833117
