"Posterior_Mean","Posterior_SD","Posterior_LB","Posterior_UB","prob"
-0.0281367204488334,0.0758932461423373,-0.174939856390292,0.121337519999086,0.650833333333333
