"Posterior_Mean","Posterior_SD","Posterior_LB","Posterior_UB","prob"
0.0763466495125934,0.0794775664537831,-0.0848301852098052,0.237936108095834,0.153014898271868
