"Posterior_Mean","Posterior_SD","Posterior_LB","Posterior_UB","prob"
-0.201618006402354,0.0472527248007474,-0.299914621062892,-0.0458572581050328,0.987098276661608
