"Posterior_Mean","Posterior_SD","Posterior_LB","Posterior_UB","prob"
-0.226516376602677,0.0532525218757016,-0.345903008407336,-0.0906890384935301,0.997590795570371
