"Posterior_Mean","Posterior_SD","Posterior_LB","Posterior_UB","prob"
0.0285224703237696,0.0782403121857671,-0.127178416963532,0.181151755598731,0.3525
