"Posterior_Mean","Posterior_SD","Posterior_LB","Posterior_UB","prob"
-0.119707402539241,0.0620440996775738,-0.241972832616463,0.00882511823848944,0.966086827648067
