"Posterior_Mean","Posterior_SD","Posterior_LB","Posterior_UB","prob"
0.0443045899522274,0.0774955613762493,-0.103858377883542,0.194914444964887,0.291000140528645
