"Posterior_Mean","Posterior_SD","Posterior_LB","Posterior_UB","prob"
-0.196092217359292,0.045453922909872,-0.301008993452338,-0.0892156185025586,0.999147224165429
