"Posterior_Mean","Posterior_SD","Posterior_LB","Posterior_UB","prob"
0.0641438411777734,0.0785067670504671,-0.0984702711832264,0.222640311721693,0.206965665025595
