"Posterior_Mean","Posterior_SD","Posterior_LB","Posterior_UB","prob"
-0.107277452626797,0.0776241188652886,-0.268453466323991,0.0513029610009263,0.91817921975856
