"Posterior_Mean","Posterior_SD","Posterior_LB","Posterior_UB","prob"
-0.0886024612927132,0.0791357475631976,-0.246046006827957,0.0681072245269815,0.872
