"Posterior_Mean","Posterior_SD","Posterior_LB","Posterior_UB","prob"
0.0240329408294013,0.0737503987588756,-0.131192453421429,0.170658322800973,0.365854366164413
