"Posterior_Mean","Posterior_SD","Posterior_LB","Posterior_UB","prob"
-0.00442058326013569,0.0551288086393597,-0.112346287875903,0.106449949215514,0.526709760042174
