"Posterior_Mean","Posterior_SD","Posterior_LB","Posterior_UB","prob"
-0.0659190449799226,0.078667104368229,-0.220354396918355,0.0927046777571695,0.800526307853551
