"Posterior_Mean","Posterior_SD","Posterior_LB","Posterior_UB","prob"
-0.0689596416717008,0.0769799329210922,-0.219938570237988,0.0818527330502719,0.8165
