"Posterior_Mean","Posterior_SD","Posterior_LB","Posterior_UB","prob"
-0.140804606587616,0.0554481579441717,-0.250829925901627,-0.0107588712448202,0.981190096794726
