"Posterior_Mean","Posterior_SD","Posterior_LB","Posterior_UB","prob"
0.0242742151595287,0.0777672213741404,-0.130075092276257,0.178476701781827,0.372166666666667
