"Posterior_Mean","Posterior_SD","Posterior_LB","Posterior_UB","prob"
0.00367056050613361,0.0755276538866383,-0.203232208312071,0.155358876720956,0.455577870221084
