"Posterior_Mean","Posterior_SD","Posterior_LB","Posterior_UB","prob"
-0.0821119569185122,0.059831585118654,-0.212796746163195,0.106964102938248,0.839394563794274
