"Posterior_Mean","Posterior_SD","Posterior_LB","Posterior_UB","prob"
0.072002686073457,0.0764432903719159,-0.0780978944998102,0.219762763451164,0.1755
