"Posterior_Mean","Posterior_SD","Posterior_LB","Posterior_UB","prob"
-0.0126100391466611,0.0692009683807695,-0.159048115372021,0.165234244458624,0.587447603895389
