"Posterior_Mean","Posterior_SD","Posterior_LB","Posterior_UB","prob"
0.0764282411929898,0.0793487236239929,-0.0769764462844466,0.230148427741592,0.1725
