"Posterior_Mean","Posterior_SD","Posterior_LB","Posterior_UB","prob"
-0.166037933962325,0.0523047391784028,-0.277227053895496,-0.0495779156412238,0.997120495263113
