"Posterior_Mean","Posterior_SD","Posterior_LB","Posterior_UB","prob"
-0.225799732246115,0.0444664006927846,-0.316191928467894,-0.0699957498229343,0.994112982208089
