"Posterior_Mean","Posterior_SD","Posterior_LB","Posterior_UB","prob"
-0.0442956472006068,0.0600328430776036,-0.166395425007787,0.11204561199433,0.765743107607141
