"Posterior_Mean","Posterior_SD","Posterior_LB","Posterior_UB","prob"
0.0208200644489075,0.0702708224390962,-0.201621634574741,0.207153790889707,0.364601314105754
