"Posterior_Mean","Posterior_SD","Posterior_LB","Posterior_UB","prob"
-0.139153952958221,0.0575262255174487,-0.251561915590881,-0.0302256993105417,0.990896180841582
