"Posterior_Mean","Posterior_SD","Posterior_LB","Posterior_UB","prob"
0.0314267459808357,0.0777043817779135,-0.119884179823133,0.183189516503033,0.351616630828113
