"Posterior_Mean","Posterior_SD","Posterior_LB","Posterior_UB","prob"
0.0420942552764557,0.0800976084107513,-0.1103582270535,0.202256075957756,0.298666666666667
