"Posterior_Mean","Posterior_SD","Posterior_LB","Posterior_UB","prob"
0.0148971695719984,0.0786451546307922,-0.141434001107143,0.169850395616353,0.423666666666667
