"Posterior_Mean","Posterior_SD","Posterior_LB","Posterior_UB","prob"
-0.047436490172738,0.0565409373816249,-0.153548248742466,0.0639719147883991,0.796305082687859
