"Posterior_Mean","Posterior_SD","Posterior_LB","Posterior_UB","prob"
-0.0460354122132601,0.0773437034292473,-0.197389225112567,0.109734135033251,0.7305
