"Posterior_Mean","Posterior_SD","Posterior_LB","Posterior_UB","prob"
-0.0129036751960976,0.0787560100470998,-0.165472999199789,0.139066373124664,0.560166666666667
