"Posterior_Mean","Posterior_SD","Posterior_LB","Posterior_UB","prob"
-0.0587349364505773,0.0554941885007863,-0.170017379381749,0.060993083678766,0.854310132641578
