"Posterior_Mean","Posterior_SD","Posterior_LB","Posterior_UB","prob"
-0.24669829461368,0.0369609377479772,-0.317723274314763,-0.173506085193841,0.999999998913656
