"Posterior_Mean","Posterior_SD","Posterior_LB","Posterior_UB","prob"
-0.0506940739017753,0.0559377978585783,-0.169381115105138,0.13213486716599,0.812190760979386
