"Posterior_Mean","Posterior_SD","Posterior_LB","Posterior_UB","prob"
-0.0983582990395157,0.0491180461254535,-0.204488128242808,0.0232578270252379,0.947980258036609
