"Posterior_Mean","Posterior_SD","Posterior_LB","Posterior_UB","prob"
-0.148313133428527,0.0554988997438842,-0.256119457009701,-0.0391730292775415,0.997621575432672
