"Posterior_Mean","Posterior_SD","Posterior_LB","Posterior_UB","prob"
-0.077608029028837,0.0674475793774759,-0.212464980344631,0.067411621760908,0.871191507111376
