"Posterior_Mean","Posterior_SD","Posterior_LB","Posterior_UB","prob"
0.11971413144396,0.0783995974093439,-0.033578629061109,0.272956099616918,0.062
