"Posterior_Mean","Posterior_SD","Posterior_LB","Posterior_UB","prob"
-0.14723634821088,0.0553183728040025,-0.256571706043997,-0.0324910882766856,0.991382195524236
