"Posterior_Mean","Posterior_SD","Posterior_LB","Posterior_UB","prob"
-0.207712386143949,0.0438797213295588,-0.295562568713267,-0.123833155727983,0.999999920890496
