"Posterior_Mean","Posterior_SD","Posterior_LB","Posterior_UB","prob"
-0.0957343078141941,0.0517434286925632,-0.219800498268682,0.0867187155998568,0.894146348676723
