"Posterior_Mean","Posterior_SD","Posterior_LB","Posterior_UB","prob"
0.0033890897112825,0.0540712585032493,-0.119894156751594,0.113884342135273,0.467621691830596
