"Posterior_Mean","Posterior_SD","Posterior_LB","Posterior_UB","prob"
-0.110973965256347,0.0500405902324271,-0.232831112746146,0.0819333241172996,0.907172849851207
