"Posterior_Mean","Posterior_SD","Posterior_LB","Posterior_UB","prob"
-0.033698445252351,0.0767170871269752,-0.18664876723247,0.119476822300732,0.664318817617623
