"Posterior_Mean","Posterior_SD","Posterior_LB","Posterior_UB","prob"
0.0354567786220452,0.076191731304844,-0.11530439496071,0.1825062083125,0.313267607317105
