"Posterior_Mean","Posterior_SD","Posterior_LB","Posterior_UB","prob"
-0.0622250953524872,0.0804174802987111,-0.217916782140717,0.0917670676625244,0.774500000401175
