"Posterior_Mean","Posterior_SD","Posterior_LB","Posterior_UB","prob"
0.00398895749139398,0.073984255083322,-0.155633273147334,0.157037112035198,0.474270144537361
