"Posterior_Mean","Posterior_SD","Posterior_LB","Posterior_UB","prob"
0.0102240110168268,0.0778102668274885,-0.13798068767524,0.163234044975274,0.4575
