"Posterior_Mean","Posterior_SD","Posterior_LB","Posterior_UB","prob"
-0.0455679512824276,0.075541621612721,-0.192824317715849,0.0998651098037681,0.727162153837442
