"Posterior_Mean","Posterior_SD","Posterior_LB","Posterior_UB","prob"
-0.162472945653609,0.046880411343944,-0.255794653076618,-0.0435525445054701,0.988895055508217
