"Posterior_Mean","Posterior_SD","Posterior_LB","Posterior_UB","prob"
0.0673784567668018,0.0750824575765273,-0.0803240656015434,0.218168254519422,0.184854720136994
