"Posterior_Mean","Posterior_SD","Posterior_LB","Posterior_UB","prob"
0.0164864723030136,0.0779215485298594,-0.133423760480526,0.169369367135719,0.419791054979552
