"Posterior_Mean","Posterior_SD","Posterior_LB","Posterior_UB","prob"
-0.0567751100471538,0.0590384763261495,-0.17231118632312,0.0719482787301778,0.827747460311246
