"Posterior_Mean","Posterior_SD","Posterior_LB","Posterior_UB","prob"
0.00642341697337518,0.0775387393955774,-0.143918760834394,0.160784151059064,0.47
