"Posterior_Mean","Posterior_SD","Posterior_LB","Posterior_UB","prob"
0.0947243417325031,0.0763132039658919,-0.0728714870195786,0.250770557472966,0.12355998363306
