"Posterior_Mean","Posterior_SD","Posterior_LB","Posterior_UB","prob"
-0.199678706526468,0.0452922345430501,-0.290043653638498,-0.108233053857389,0.999983288491272
