"Posterior_Mean","Posterior_SD","Posterior_LB","Posterior_UB","prob"
-0.069815718876017,0.0478583284422428,-0.175390310450953,0.071262629891564,0.862672926802585
