"Posterior_Mean","Posterior_SD","Posterior_LB","Posterior_UB","prob"
0.0470428289468775,0.0775583226489046,-0.102079878601499,0.194186845957181,0.273166666666667
