"Posterior_Mean","Posterior_SD","Posterior_LB","Posterior_UB","prob"
-0.197728579158894,0.0501266092086608,-0.338764483545666,-0.0643788650873605,0.997862146701024
