"Posterior_Mean","Posterior_SD","Posterior_LB","Posterior_UB","prob"
-0.120078623788647,0.0553946645213476,-0.226817111796447,-0.011877055947831,0.986334511315356
