"Posterior_Mean","Posterior_SD","Posterior_LB","Posterior_UB","prob"
0.0422060267911179,0.0775765779422497,-0.110293792454215,0.196561097243295,0.294166666666667
