"Posterior_Mean","Posterior_SD","Posterior_LB","Posterior_UB","prob"
0.0137051426134826,0.0770415848894536,-0.135892129492926,0.163788103743172,0.4315
