"Posterior_Mean","Posterior_SD","Posterior_LB","Posterior_UB","prob"
-0.086421560753721,0.0706356738484771,-0.270876140385109,0.0956356507259988,0.812938961235419
