"Posterior_Mean","Posterior_SD","Posterior_LB","Posterior_UB","prob"
-0.108346180691791,0.0651644151144565,-0.271079837830056,0.0680063235532909,0.882583741123549
