"Posterior_Mean","Posterior_SD","Posterior_LB","Posterior_UB","prob"
-0.0599413253727684,0.0647750163828851,-0.205950633110993,0.122124198019088,0.763812203481546
