"Posterior_Mean","Posterior_SD","Posterior_LB","Posterior_UB","prob"
-0.17893557102118,0.0467815518224217,-0.284700516951288,-0.0406203478352226,0.992911615329106
