"Posterior_Mean","Posterior_SD","Posterior_LB","Posterior_UB","prob"
-0.0517826243886196,0.0616476072562214,-0.18848041516449,0.154141717835956,0.729483817172107
