"Posterior_Mean","Posterior_SD","Posterior_LB","Posterior_UB","prob"
-0.0949655936483351,0.0604218458028633,-0.266172243685956,0.106075843943544,0.812573023953047
