"Posterior_Mean","Posterior_SD","Posterior_LB","Posterior_UB","prob"
0.127410814462853,0.0780837411397041,-0.0236030046629415,0.273329320968177,0.0540000032396834
