"Posterior_Mean","Posterior_SD","Posterior_LB","Posterior_UB","prob"
0.0533567736205463,0.076162138582454,-0.0960359779468196,0.202359041701526,0.2455
