"Posterior_Mean","Posterior_SD","Posterior_LB","Posterior_UB","prob"
-0.0907761949882722,0.0540220193106661,-0.196512057733826,0.0169340559914918,0.950812856857839
