"Posterior_Mean","Posterior_SD","Posterior_LB","Posterior_UB","prob"
-0.268103301167761,0.0451290327758467,-0.357470684620656,-0.174145103078706,0.999998226753014
