"Posterior_Mean","Posterior_SD","Posterior_LB","Posterior_UB","prob"
-0.107238551381849,0.0533397253495103,-0.21095255269632,-0.00406355833962493,0.977477051499162
