"Posterior_Mean","Posterior_SD","Posterior_LB","Posterior_UB","prob"
-0.136628313332576,0.0460835491489798,-0.236102480533057,-0.00710698087021507,0.97977662533072
