"Posterior_Mean","Posterior_SD","Posterior_LB","Posterior_UB","prob"
-0.0650580917875598,0.0786252837299196,-0.219169349933565,0.0937716665218691,0.7995
