"Posterior_Mean","Posterior_SD","Posterior_LB","Posterior_UB","prob"
-0.133995961928191,0.0509908696684008,-0.242886905914705,0.0115846992603319,0.968789463978556
