"Posterior_Mean","Posterior_SD","Posterior_LB","Posterior_UB","prob"
-0.253288519584105,0.0458570358815732,-0.344615186497281,-0.148437036960005,0.999408718246116
