"Posterior_Mean","Posterior_SD","Posterior_LB","Posterior_UB","prob"
-0.0445676079468363,0.0781747847288235,-0.197182287991837,0.106851492232921,0.714833333333333
