"Posterior_Mean","Posterior_SD","Posterior_LB","Posterior_UB","prob"
0.0425163691606093,0.0771804133561012,-0.103867039571015,0.193466917293639,0.293833333333333
