"Posterior_Mean","Posterior_SD","Posterior_LB","Posterior_UB","prob"
0.0067998128916106,0.0602903003744548,-0.123765376637943,0.190699584315672,0.526635791194258
