"Posterior_Mean","Posterior_SD","Posterior_LB","Posterior_UB","prob"
0.126690828273578,0.0787950641861942,-0.0293749061911236,0.283548301168575,0.0546666666666667
