"Posterior_Mean","Posterior_SD","Posterior_LB","Posterior_UB","prob"
0.0492345020583817,0.0793521053518396,-0.110525512777343,0.210098991127626,0.274166185131774
