"Posterior_Mean","Posterior_SD","Posterior_LB","Posterior_UB","prob"
-0.0140806493788933,0.0764898402864145,-0.167320759758057,0.137233617813732,0.573015400904477
