"Posterior_Mean","Posterior_SD","Posterior_LB","Posterior_UB","prob"
-0.00817922831860611,0.0587996345214431,-0.132056788475022,0.181406551495856,0.607632467909003
