"Posterior_Mean","Posterior_SD","Posterior_LB","Posterior_UB","prob"
-0.0726567909394694,0.0601698891719951,-0.202739261872764,0.113274025512435,0.830098569653506
