"Posterior_Mean","Posterior_SD","Posterior_LB","Posterior_UB","prob"
0.0427990486764133,0.0745301933485184,-0.106001715675933,0.186249421929626,0.276017475621188
