"Posterior_Mean","Posterior_SD","Posterior_LB","Posterior_UB","prob"
-0.129779775616519,0.0538385811596123,-0.240175016155246,-0.00695028652339307,0.977835719544039
