"Posterior_Mean","Posterior_SD","Posterior_LB","Posterior_UB","prob"
-0.216202744201406,0.0450366825202828,-0.303632604078742,-0.121957455064226,0.999351923862839
