"Posterior_Mean","Posterior_SD","Posterior_LB","Posterior_UB","prob"
0.0350232908652649,0.07325222816731,-0.143112420350345,0.196682912647534,0.324209312986049
