"Posterior_Mean","Posterior_SD","Posterior_LB","Posterior_UB","prob"
-0.0675736137118152,0.0566059935429242,-0.177702481403251,0.0413653371888488,0.883480519480063
