"Posterior_Mean","Posterior_SD","Posterior_LB","Posterior_UB","prob"
0.050990579064333,0.0781114043472201,-0.100577487184782,0.203201345298587,0.254833333333333
