"Posterior_Mean","Posterior_SD","Posterior_LB","Posterior_UB","prob"
-0.230399043688023,0.0445209498577358,-0.317558712149176,-0.140106427989133,0.99999631360941
