"Posterior_Mean","Posterior_SD","Posterior_LB","Posterior_UB","prob"
-0.089221160032997,0.0768446069227338,-0.240935296094312,0.0596520144214797,0.8725
