"Posterior_Mean","Posterior_SD","Posterior_LB","Posterior_UB","prob"
-0.22227549247962,0.0453573663245982,-0.313535672359619,-0.122979392730854,0.999959281753111
