"Posterior_Mean","Posterior_SD","Posterior_LB","Posterior_UB","prob"
-0.197483351823769,0.0444901754702431,-0.28838499805005,-0.0892253874058363,0.998284207168093
