"Posterior_Mean","Posterior_SD","Posterior_LB","Posterior_UB","prob"
-0.0272286927979458,0.0794313603586251,-0.18509210196965,0.128867468999397,0.636333333333333
