"Posterior_Mean","Posterior_SD","Posterior_LB","Posterior_UB","prob"
-0.0600266447958267,0.057402139269289,-0.176379791371779,0.0850205473284263,0.848326252376571
