"Posterior_Mean","Posterior_SD","Posterior_LB","Posterior_UB","prob"
-0.175211746439335,0.0468154055969942,-0.27984679300122,-0.0257709058573941,0.986639087010097
