"Posterior_Mean","Posterior_SD","Posterior_LB","Posterior_UB","prob"
-0.257683636693544,0.0461398308403429,-0.348924638180397,-0.149957021667302,0.999789218867365
