"Posterior_Mean","Posterior_SD","Posterior_LB","Posterior_UB","prob"
-0.0961182870537544,0.0545589283007977,-0.202326461752527,0.0132115551988409,0.955847172435033
