"Posterior_Mean","Posterior_SD","Posterior_LB","Posterior_UB","prob"
-0.14188730352063,0.0481960098330362,-0.246544523374849,-0.00233871721297366,0.976486487989416
