"Posterior_Mean","Posterior_SD","Posterior_LB","Posterior_UB","prob"
-0.101243808854407,0.0794967887834587,-0.259228097106587,0.053658151804394,0.8955
