"Posterior_Mean","Posterior_SD","Posterior_LB","Posterior_UB","prob"
-0.0836118943793697,0.0538007780350892,-0.189322062954477,0.0236402068921949,0.936181634516178
