"Posterior_Mean","Posterior_SD","Posterior_LB","Posterior_UB","prob"
0.0156911252865756,0.0773361936138507,-0.134309119464291,0.165291695046996,0.4205
