"Posterior_Mean","Posterior_SD","Posterior_LB","Posterior_UB","prob"
-0.100329305728261,0.0584556242841531,-0.220499775815616,0.0638907098500892,0.919605967671445
