"Posterior_Mean","Posterior_SD","Posterior_LB","Posterior_UB","prob"
-0.141615842537069,0.0781802264925597,-0.293907588838211,0.0118643688545044,0.9655
