"Posterior_Mean","Posterior_SD","Posterior_LB","Posterior_UB","prob"
0.109085653844196,0.0731089358265861,-0.058542858202102,0.261150277137029,0.0920842477919948
