"Posterior_Mean","Posterior_SD","Posterior_LB","Posterior_UB","prob"
0.126282231906612,0.0755689179252995,-0.0269798610532257,0.273107465432935,0.0530000873306374
