"Posterior_Mean","Posterior_SD","Posterior_LB","Posterior_UB","prob"
-0.158632254752592,0.046042425273545,-0.256954315792718,0.0687736442645391,0.950435872343923
