"Posterior_Mean","Posterior_SD","Posterior_LB","Posterior_UB","prob"
0.108809519095579,0.0768591794496406,-0.0415074963338924,0.260214708500087,0.0785
