"Posterior_Mean","Posterior_SD","Posterior_LB","Posterior_UB","prob"
-0.193579505168333,0.0452715089343029,-0.286862800073936,-0.0812914695274624,0.997147238761484
