"Posterior_Mean","Posterior_SD","Posterior_LB","Posterior_UB","prob"
-0.198055111442651,0.0550140521544859,-0.30670231192807,-0.0918882775636959,0.999447608296588
