"Posterior_Mean","Posterior_SD","Posterior_LB","Posterior_UB","prob"
0.0732803722627608,0.0758861750411923,-0.0746599492221476,0.221325757764063,0.168333333333333
