"Posterior_Mean","Posterior_SD","Posterior_LB","Posterior_UB","prob"
-0.0377938747878846,0.0574003131227369,-0.162906573758876,0.160793190790468,0.7464062193609
