"Posterior_Mean","Posterior_SD","Posterior_LB","Posterior_UB","prob"
-0.120240850662181,0.0789881400741477,-0.281072886723156,0.0321587733852459,0.937
