"Posterior_Mean","Posterior_SD","Posterior_LB","Posterior_UB","prob"
-0.103637961733957,0.0557742109312608,-0.212457200944608,0.011172571770387,0.963903707881332
