"Posterior_Mean","Posterior_SD","Posterior_LB","Posterior_UB","prob"
-0.0936442485691181,0.0660476706742275,-0.237761248207581,0.076365474938942,0.858214781566747
