"Posterior_Mean","Posterior_SD","Posterior_LB","Posterior_UB","prob"
0.0443114036995629,0.0786745620457033,-0.118194844893238,0.207886422563465,0.285720766947386
