"Posterior_Mean","Posterior_SD","Posterior_LB","Posterior_UB","prob"
-0.0734140859845849,0.0784504407687535,-0.231266001260084,0.0876645266964542,0.823913489220483
