"Posterior_Mean","Posterior_SD","Posterior_LB","Posterior_UB","prob"
0.00967787883344111,0.0784173191650291,-0.145595233309909,0.170902585555515,0.444582242089958
