"Posterior_Mean","Posterior_SD","Posterior_LB","Posterior_UB","prob"
-0.138135124531026,0.0546890839743971,-0.245727674276996,-0.0252796875304803,0.990701705735319
