"Posterior_Mean","Posterior_SD","Posterior_LB","Posterior_UB","prob"
-0.0483508667476093,0.0555946445687037,-0.157642901718868,0.0639476518956495,0.808277725017937
