"Posterior_Mean","Posterior_SD","Posterior_LB","Posterior_UB","prob"
-0.198720353400492,0.0518936797919719,-0.304574061224976,-0.075573816990349,0.998647984676621
