"Posterior_Mean","Posterior_SD","Posterior_LB","Posterior_UB","prob"
-0.139246814128454,0.049166214519839,-0.274649621351812,-0.00152104537153142,0.975774925643321
