"Posterior_Mean","Posterior_SD","Posterior_LB","Posterior_UB","prob"
-0.00604417909113267,0.0530083753190936,-0.106411230468953,0.103029385073143,0.557399552898929
