"Posterior_Mean","Posterior_SD","Posterior_LB","Posterior_UB","prob"
-0.199521609821897,0.0432135923847583,-0.283442995771124,-0.108282340953337,0.998183566454732
