"Posterior_Mean","Posterior_SD","Posterior_LB","Posterior_UB","prob"
0.00975474540020257,0.0767479777148249,-0.22975514159186,0.181373279953015,0.410246510795071
