"Posterior_Mean","Posterior_SD","Posterior_LB","Posterior_UB","prob"
0.0456264310091767,0.0735836417505509,-0.148507745169469,0.226373505279078,0.313205480466973
