"Posterior_Mean","Posterior_SD","Posterior_LB","Posterior_UB","prob"
-0.0297315336755997,0.0553832797735753,-0.139810854137853,0.110422008640403,0.717088309968214
