"Posterior_Mean","Posterior_SD","Posterior_LB","Posterior_UB","prob"
-0.158153693400789,0.0559143656218712,-0.276361120486712,-0.0306015670362674,0.991280070672413
