"Posterior_Mean","Posterior_SD","Posterior_LB","Posterior_UB","prob"
-0.00480047017845076,0.0763715535762106,-0.152507983029679,0.146010879531448,0.526666666666667
