"Posterior_Mean","Posterior_SD","Posterior_LB","Posterior_UB","prob"
0.00812771798929843,0.0763678954947926,-0.139395095537663,0.15999597964482,0.456666666666667
