"Posterior_Mean","Posterior_SD","Posterior_LB","Posterior_UB","prob"
-0.0134801438389353,0.0719841675989104,-0.1714027318173,0.146767946087395,0.570917553476155
