"Posterior_Mean","Posterior_SD","Posterior_LB","Posterior_UB","prob"
0.067576720567507,0.0812576468351904,-0.0937138256424143,0.226761446733851,0.204540077896567
