"Posterior_Mean","Posterior_SD","Posterior_LB","Posterior_UB","prob"
-0.0543819861529835,0.0589527831375882,-0.20294387709676,0.150622418848076,0.731888677768717
