"Posterior_Mean","Posterior_SD","Posterior_LB","Posterior_UB","prob"
0.0834993319439403,0.0765834192162641,-0.0649422440618042,0.237449635095024,0.1375
