"Posterior_Mean","Posterior_SD","Posterior_LB","Posterior_UB","prob"
-0.0463638236235812,0.077495082927788,-0.197215738679384,0.105387763095919,0.7245
