"Posterior_Mean","Posterior_SD","Posterior_LB","Posterior_UB","prob"
0.00654527631462672,0.0685339177116271,-0.151775832352522,0.187242849359949,0.497607379060795
