"Posterior_Mean","Posterior_SD","Posterior_LB","Posterior_UB","prob"
-0.132378315495247,0.0591485972677254,-0.260416227192296,0.069060891161161,0.921632624188104
