"Posterior_Mean","Posterior_SD","Posterior_LB","Posterior_UB","prob"
-0.110644547514962,0.0560427593548671,-0.22490993096376,0.050547274987764,0.943234855433101
