"Posterior_Mean","Posterior_SD","Posterior_LB","Posterior_UB","prob"
0.157028870630799,0.0790713653003072,-0.00222078167356433,0.314549508748497,0.0265000000446995
