"Posterior_Mean","Posterior_SD","Posterior_LB","Posterior_UB","prob"
-0.159478971643064,0.0524748878083503,-0.269723525785126,-0.0272433511335717,0.988701445765979
