"Posterior_Mean","Posterior_SD","Posterior_LB","Posterior_UB","prob"
-0.0611052368903477,0.078668609528601,-0.217698814292611,0.086254067953603,0.782
