"Posterior_Mean","Posterior_SD","Posterior_LB","Posterior_UB","prob"
0.0610939748545531,0.0797076683020017,-0.0969227389459127,0.2088626311811,0.222414398405543
