"Posterior_Mean","Posterior_SD","Posterior_LB","Posterior_UB","prob"
-0.250556750893115,0.0464186550723194,-0.346410004695902,-0.142026704119766,0.999316995004283
