"Posterior_Mean","Posterior_SD","Posterior_LB","Posterior_UB","prob"
0.150648918518557,0.0789956146586211,-0.00262308062227692,0.300899523412837,0.028
