"Posterior_Mean","Posterior_SD","Posterior_LB","Posterior_UB","prob"
0.116690028159026,0.0792547536847775,-0.0400027586734404,0.275698080975943,0.0725
