"Posterior_Mean","Posterior_SD","Posterior_LB","Posterior_UB","prob"
-0.0300568716485878,0.0688450350044082,-0.199905005123702,0.139586213931097,0.638177346940294
