"Posterior_Mean","Posterior_SD","Posterior_LB","Posterior_UB","prob"
0.0764422778025153,0.0764311051671057,-0.0934120010660445,0.240857003079452,0.195298298766965
