"Posterior_Mean","Posterior_SD","Posterior_LB","Posterior_UB","prob"
0.0311997285564521,0.0804090595488786,-0.125704115682767,0.186518473018573,0.3505
