"Posterior_Mean","Posterior_SD","Posterior_LB","Posterior_UB","prob"
-0.0744836360342325,0.0768171688397481,-0.220552222836161,0.0771993710683263,0.835333333333333
