"Posterior_Mean","Posterior_SD","Posterior_LB","Posterior_UB","prob"
0.0220772494841693,0.0796423415078708,-0.13314309659773,0.178574157456058,0.3885
