"Posterior_Mean","Posterior_SD","Posterior_LB","Posterior_UB","prob"
0.0555204149548884,0.0781179393952682,-0.0979521032857693,0.207904324860998,0.238333333333333
