"Posterior_Mean","Posterior_SD","Posterior_LB","Posterior_UB","prob"
0.0476881545479657,0.0692138307140314,-0.114122109327696,0.236088325009859,0.349121381017764
