"Posterior_Mean","Posterior_SD","Posterior_LB","Posterior_UB","prob"
-0.0471971687309645,0.0786361701138,-0.201283877736479,0.10684672036426,0.729598474861632
