"Posterior_Mean","Posterior_SD","Posterior_LB","Posterior_UB","prob"
-0.0434782941722589,0.0570475053842043,-0.161829810355858,0.121299591617321,0.778467914901413
