"Posterior_Mean","Posterior_SD","Posterior_LB","Posterior_UB","prob"
-0.044750525685728,0.0540123764174224,-0.152069048045226,0.0606404245437437,0.793266976489264
