"Posterior_Mean","Posterior_SD","Posterior_LB","Posterior_UB","prob"
-0.0804495674775896,0.0537919646890246,-0.195651307554346,0.0289025822704824,0.930181063007429
