"Posterior_Mean","Posterior_SD","Posterior_LB","Posterior_UB","prob"
-0.045455606778387,0.0781140643565576,-0.205568915438651,0.105841342320534,0.706422396223979
