"Posterior_Mean","Posterior_SD","Posterior_LB","Posterior_UB","prob"
0.0881973058411556,0.0797083525082636,-0.0646009724688169,0.245682477545531,0.132333333333333
