"Posterior_Mean","Posterior_SD","Posterior_LB","Posterior_UB","prob"
0.0299969423675579,0.0801520021764912,-0.129634823967837,0.191161823648741,0.363456108081647
