"Posterior_Mean","Posterior_SD","Posterior_LB","Posterior_UB","prob"
0.109687678675407,0.0760669548205122,-0.039613116674701,0.25883764096243,0.0751666666666667
