"Posterior_Mean","Posterior_SD","Posterior_LB","Posterior_UB","prob"
-0.205623375476188,0.0557554413637897,-0.325465880686106,-0.0453510337106714,0.991793629945841
