"Posterior_Mean","Posterior_SD","Posterior_LB","Posterior_UB","prob"
0.109671635900726,0.0771872383599027,-0.0425945975284452,0.264253557779856,0.0756666666666667
