"Posterior_Mean","Posterior_SD","Posterior_LB","Posterior_UB","prob"
-0.00335265540968252,0.0760344653695261,-0.164574956032819,0.15653422047115,0.513672482270658
