"Posterior_Mean","Posterior_SD","Posterior_LB","Posterior_UB","prob"
-0.0388463790650795,0.0772937592299597,-0.198700828329763,0.104373146499921,0.685392430246914
