"Posterior_Mean","Posterior_SD","Posterior_LB","Posterior_UB","prob"
-0.191346277229479,0.0718998512217059,-0.332422788528723,-0.040574255994853,0.99159373741007
