"Posterior_Mean","Posterior_SD","Posterior_LB","Posterior_UB","prob"
-0.245685595910203,0.0727879650138912,-0.385818814978501,-0.0927908045157066,0.997415888292782
