"Posterior_Mean","Posterior_SD","Posterior_LB","Posterior_UB","prob"
-0.406991220275519,0.0596311249916621,-0.526885409499388,-0.264649510196062,0.999921960950315
