"Posterior_Mean","Posterior_SD","Posterior_LB","Posterior_UB","prob"
-0.48554805597069,0.059000581080889,-0.603551650711992,-0.369424543983282,1
