"Posterior_Mean","Posterior_SD","Posterior_LB","Posterior_UB","prob"
-0.139930395794555,0.10052010190544,-0.336906970632172,0.0615357097234457,0.922453923672864
