"Posterior_Mean","Posterior_SD","Posterior_LB","Posterior_UB","prob"
-0.327796807044737,0.0604653436270486,-0.459642190647224,-0.19436386062811,0.99950118819798
