"","Posterior_Mean","Posterior_SD","Posterior_LB","Posterior_UB"
"1",-0.0121372085542056,0.0585382960247158,-0.125194834152548,0.103449043526785
