"Posterior_Mean","Posterior_SD","Posterior_LB","Posterior_UB","prob"
-0.244594195355537,0.0707812724660751,-0.385088724164698,-0.0924419780573519,0.99881180233578
