"Posterior_Mean","Posterior_SD","Posterior_LB","Posterior_UB","prob"
-0.292763535626586,0.0606859378023543,-0.41795564638936,-0.134766003144946,0.9977971635308
