"Posterior_Mean","Posterior_SD","Posterior_LB","Posterior_UB","prob"
-0.187159136093302,0.0790245642761661,-0.349283343436895,0.0265028694016069,0.960374953106446
