"Posterior_Mean","Posterior_SD","Posterior_LB","Posterior_UB","prob"
-0.32559531639396,0.0619538099794343,-0.45047871302734,-0.171986596449218,0.99944874811637
