"Posterior_Mean","Posterior_SD","Posterior_LB","Posterior_UB","prob"
-0.362162772910285,0.060941897588968,-0.479930248217125,-0.235275503577958,0.999977128416988
