"","Posterior_Mean","Posterior_SD","Posterior_LB","Posterior_UB"
"1",-0.089965138472846,0.0542487938052051,-0.198044267257718,0.0134522687392944
