"Posterior_Mean","Posterior_SD","Posterior_LB","Posterior_UB","prob"
-0.279587980192685,0.0605021343546929,-0.404257496588063,-0.0954614254305218,0.992269035282893
