"Posterior_Mean","Posterior_SD","Posterior_LB","Posterior_UB","prob"
-0.251173192267243,0.103171138564805,-0.454398093609536,-0.0437939784582846,0.990666666666667
