"Posterior_Mean","Posterior_SD","Posterior_LB","Posterior_UB","prob"
-0.285795962814962,0.0619811983906818,-0.441137297466984,-0.157100765013207,0.999970430641372
