"Posterior_Mean","Posterior_SD","Posterior_LB","Posterior_UB","prob"
-0.311116856269556,0.0612803272200665,-0.435182162044134,-0.188333811731747,0.999976654019401
