"Posterior_Mean","Posterior_SD","Posterior_LB","Posterior_UB","prob"
-0.24927797012683,0.0778408034342813,-0.406178515768628,-0.0480860220175712,0.98945793992617
