"Posterior_Mean","Posterior_SD","Posterior_LB","Posterior_UB","prob"
-0.285120171774731,0.0882577316870133,-0.466543812019809,-0.0776500408140699,0.996764744107631
