"Posterior_Mean","Posterior_SD","Posterior_LB","Posterior_UB","prob"
-0.337224637075187,0.0561313928588463,-0.448926486984804,-0.212767051627199,0.999854431866319
