"Posterior_Mean","Posterior_SD","Posterior_LB","Posterior_UB","prob"
-0.418062033642478,0.056690317046435,-0.537246795252033,-0.193288286819574,0.998552280452328
