"Posterior_Mean","Posterior_SD","Posterior_LB","Posterior_UB","prob"
-0.38252924551775,0.065493759148539,-0.512853307608534,-0.248752902634888,0.999960731352043
