"Posterior_Mean","Posterior_SD","Posterior_LB","Posterior_UB","prob"
-0.193009531213714,0.103073021272271,-0.395341303290308,0.00584026134616059,0.971666666666667
