"","Posterior_Mean","Posterior_SD","Posterior_LB","Posterior_UB"
"1",0.0304584675278912,0.0563117195405341,-0.0817871650485751,0.140373597991475
