"Posterior_Mean","Posterior_SD","Posterior_LB","Posterior_UB","prob"
-0.246312008254645,0.0732798306875337,-0.388683851582671,-0.103588289623737,0.998825343861729
