"Posterior_Mean","Posterior_SD","Posterior_LB","Posterior_UB","prob"
-0.239413807292376,0.0696586623293775,-0.431556262609486,-0.0800740749156796,0.996363854817471
