"","Posterior_Mean","Posterior_SD","Posterior_LB","Posterior_UB"
"1",-0.0675568724089443,0.0581908446826482,-0.178311846917734,0.0457499327119673
