"Posterior_Mean","Posterior_SD","Posterior_LB","Posterior_UB","prob"
0.0231415903618806,0.101681864274048,-0.175123820984164,0.224890035912637,0.412833333333333
