"Posterior_Mean","Posterior_SD","Posterior_LB","Posterior_UB","prob"
-0.385521114823553,0.0590141363963007,-0.507002657891803,-0.216452781057219,0.998423355269197
