"","Posterior_Mean","Posterior_SD","Posterior_LB","Posterior_UB"
"1",0.0691331520689193,0.0518155859032214,-0.031877339599209,0.168784104886097
