"Posterior_Mean","Posterior_SD","Posterior_LB","Posterior_UB","prob"
-0.0764054755439832,0.104661938369324,-0.282289136516733,0.122057737984629,0.760666666666667
