"Posterior_Mean","Posterior_SD","Posterior_LB","Posterior_UB","prob"
-0.246220384124708,0.0826518180350184,-0.433099391516959,-0.0575136174340558,0.993916736442876
