"Posterior_Mean","Posterior_SD","Posterior_LB","Posterior_UB","prob"
-0.236755070971746,0.0842860131092746,-0.458432142623054,0.0272009175603799,0.956034115591689
