"Posterior_Mean","Posterior_SD","Posterior_LB","Posterior_UB","prob"
-0.200816139878386,0.10577987225172,-0.410231209319701,0.00788779503514647,0.971
