"Posterior_Mean","Posterior_SD","Posterior_LB","Posterior_UB","prob"
-0.389819725702329,0.058847977048742,-0.514407176960341,-0.270477813849907,1
