"Posterior_Mean","Posterior_SD","Posterior_LB","Posterior_UB","prob"
-0.397164737544598,0.059992822093238,-0.525321325183316,-0.23070835328277,0.999998853493425
