"Posterior_Mean","Posterior_SD","Posterior_LB","Posterior_UB","prob"
-0.330809300384779,0.0787862745847557,-0.490333254619337,-0.120740617542085,0.998341890000001
