"Posterior_Mean","Posterior_SD","Posterior_LB","Posterior_UB","prob"
-0.43857147803705,0.0591679254699401,-0.559791206697031,-0.318073228289616,1
