"Posterior_Mean","Posterior_SD","Posterior_LB","Posterior_UB","prob"
-0.358271578822344,0.104288320955378,-0.565625871319307,-0.15120775275068,0.9995
