"Posterior_Mean","Posterior_SD","Posterior_LB","Posterior_UB","prob"
-0.373830248880589,0.0728600579730585,-0.517442779983437,-0.224210073678858,0.999975569932134
