"Posterior_Mean","Posterior_SD","Posterior_LB","Posterior_UB","prob"
-0.154173015700581,0.106280463091985,-0.363016057947144,0.0575303937745626,0.926666666666667
