"Posterior_Mean","Posterior_SD","Posterior_LB","Posterior_UB","prob"
-0.266496597752864,0.0721182716565295,-0.409902080391121,-0.116399964142769,0.998936881716703
