"Posterior_Mean","Posterior_SD","Posterior_LB","Posterior_UB","prob"
-0.231172849986452,0.0722969633306531,-0.369722273400249,-0.0726458873053425,0.994866979184498
