"Posterior_Mean","Posterior_SD","Posterior_LB","Posterior_UB","prob"
-0.288896397395695,0.0748077524889798,-0.439883680044328,-0.102991313924971,0.996620505428006
