"Posterior_Mean","Posterior_SD","Posterior_LB","Posterior_UB","prob"
-0.257458963708601,0.0630768496387105,-0.382088350996545,-0.133170129649062,0.99983069522205
