"Posterior_Mean","Posterior_SD","Posterior_LB","Posterior_UB","prob"
-0.353898909259,0.0602449386423643,-0.475585146002058,-0.235640376831304,0.999995634868859
