"Posterior_Mean","Posterior_SD","Posterior_LB","Posterior_UB","prob"
-0.104224575508945,0.0735529763965129,-0.256547572392631,0.106059971025708,0.895388063102589
