"","Posterior_Mean","Posterior_SD","Posterior_LB","Posterior_UB"
"1",-0.100356884840802,0.0592302466326354,-0.211883897617749,0.0173382664628193
