"Posterior_Mean","Posterior_SD","Posterior_LB","Posterior_UB","prob"
-0.341664457661066,0.0562569098065197,-0.460299224975102,-0.229067845546088,0.999999745580392
