"Posterior_Mean","Posterior_SD","Posterior_LB","Posterior_UB","prob"
-0.403110661319069,0.0601537754994412,-0.523124999410433,-0.266834472280989,0.999989453684769
