"Posterior_Mean","Posterior_SD","Posterior_LB","Posterior_UB","prob"
-0.351337669314239,0.0743204406574593,-0.503515082403969,-0.156401887833263,0.998712764286688
