"Posterior_Mean","Posterior_SD","Posterior_LB","Posterior_UB","prob"
-0.375786937790798,0.0656267030762196,-0.516621857552857,-0.198890789621635,0.999769240435849
