"Posterior_Mean","Posterior_SD","Posterior_LB","Posterior_UB","prob"
-0.284021697797225,0.0620940584326426,-0.42238144895419,-0.104275984667484,0.999154110913347
