"Posterior_Mean","Posterior_SD","Posterior_LB","Posterior_UB","prob"
-0.258457037292681,0.0766599352928427,-0.410065567961258,-0.0811338500088436,0.9953868777352
