"Posterior_Mean","Posterior_SD","Posterior_LB","Posterior_UB","prob"
-0.199236199454139,0.0748874706909799,-0.362217606372298,0.0390445133689262,0.956820189571944
