"Posterior_Mean","Posterior_SD","Posterior_LB","Posterior_UB","prob"
-0.144146945125617,0.101292581102497,-0.344442460440956,0.0511362863580359,0.9205
