"Posterior_Mean","Posterior_SD","Posterior_LB","Posterior_UB","prob"
-0.416363297623567,0.0630789717108975,-0.557988352372067,-0.274411790182721,1
