"Posterior_Mean","Posterior_SD","Posterior_LB","Posterior_UB","prob"
-0.356719862420725,0.0649023738678601,-0.509826148642875,-0.186248016118516,0.999483817997527
