"Posterior_Mean","Posterior_SD","Posterior_LB","Posterior_UB","prob"
-0.241857628444376,0.0714182725674614,-0.392808713208899,-0.102419124354656,0.999746326772538
