"Posterior_Mean","Posterior_SD","Posterior_LB","Posterior_UB","prob"
-0.35702525190686,0.0901941623809951,-0.539240543394055,-0.159460726401712,0.999651318157862
