"Posterior_Mean","Posterior_SD","Posterior_LB","Posterior_UB","prob"
-0.177767812692672,0.0956716524668794,-0.448586216149139,0.0423072342749801,0.938963968784642
