"Posterior_Mean","Posterior_SD","Posterior_LB","Posterior_UB","prob"
-0.372434219631717,0.0757974090038737,-0.523824572347013,-0.182488699147569,0.999584237293674
