"Posterior_Mean","Posterior_SD","Posterior_LB","Posterior_UB","prob"
-0.228291904659678,0.102322561272959,-0.423279337328318,-0.0246435133165476,0.984666666666667
