"Posterior_Mean","Posterior_SD","Posterior_LB","Posterior_UB","prob"
-0.429064260032585,0.0564953049210027,-0.563928036258903,-0.274630039574149,1
