"Posterior_Mean","Posterior_SD","Posterior_LB","Posterior_UB","prob"
-0.431708024358707,0.0575382804290085,-0.569958564925624,-0.266195684928487,0.999977196375728
