"Posterior_Mean","Posterior_SD","Posterior_LB","Posterior_UB","prob"
-0.20071515047456,0.0701546787199806,-0.334565250285538,-0.0582537435884067,0.99711534469054
