"Posterior_Mean","Posterior_SD","Posterior_LB","Posterior_UB","prob"
-0.219534002444902,0.0744916697839158,-0.37370209684277,-0.0684162230180856,0.99888304437548
