"Posterior_Mean","Posterior_SD","Posterior_LB","Posterior_UB","prob"
-0.404239881742686,0.059548092855629,-0.522021196307767,-0.286658584757941,1
