"Posterior_Mean","Posterior_SD","Posterior_LB","Posterior_UB","prob"
-0.145913163070526,0.0670735122662713,-0.293708738688301,0.0366505871867954,0.949174421448272
