"Posterior_Mean","Posterior_SD","Posterior_LB","Posterior_UB","prob"
-0.41308931904985,0.071966078750026,-0.55250483890225,-0.266077290781025,0.999992578320126
