"Posterior_Mean","Posterior_SD","Posterior_LB","Posterior_UB","prob"
-0.193307472575749,0.100684836685839,-0.406729262662291,-0.000778155510195139,0.974999683718742
