"Posterior_Mean","Posterior_SD","Posterior_LB","Posterior_UB","prob"
-0.32735030808634,0.0688462376141729,-0.465291742322376,-0.164222748301556,0.998634870624176
