"","Posterior_Mean","Posterior_SD","Posterior_LB","Posterior_UB"
"1",0.00789031538393652,0.0587237647652806,-0.105090937526647,0.123360771538749
