"Posterior_Mean","Posterior_SD","Posterior_LB","Posterior_UB","prob"
-0.298331531357361,0.0748877823183912,-0.448628628729255,-0.126009087848101,0.998081617956625
