"Posterior_Mean","Posterior_SD","Posterior_LB","Posterior_UB","prob"
-0.0220956208325151,0.0994558464231726,-0.218525216318283,0.170390022459573,0.5875
