"Posterior_Mean","Posterior_SD","Posterior_LB","Posterior_UB","prob"
0.10837228672111,0.104674636738603,-0.0951935736753578,0.321517244201185,0.15319331788493
