"Posterior_Mean","Posterior_SD","Posterior_LB","Posterior_UB","prob"
-0.207335992579473,0.071924180494648,-0.347049728521179,-0.0650802359351932,0.998412735052905
