"Posterior_Mean","Posterior_SD","Posterior_LB","Posterior_UB","prob"
-0.263003597451862,0.0768377902761601,-0.418683982566762,-0.0744038508904352,0.994953894997025
