"Posterior_Mean","Posterior_SD","Posterior_LB","Posterior_UB","prob"
-0.404647831224037,0.0588716600811217,-0.52013263204602,-0.284551591666248,0.999882256007584
