"Posterior_Mean","Posterior_SD","Posterior_LB","Posterior_UB","prob"
-0.160623661277106,0.100872526447061,-0.354814197814125,0.0372987325230803,0.942333333333333
