"Posterior_Mean","Posterior_SD","Posterior_LB","Posterior_UB","prob"
-0.19452070647591,0.0916932405225618,-0.42389027960968,0.0414742182519552,0.947828419579515
