"Posterior_Mean","Posterior_SD","Posterior_LB","Posterior_UB","prob"
-0.113369448570761,0.101698824175504,-0.313542785572948,0.0872036583470427,0.867333333333333
