"Posterior_Mean","Posterior_SD","Posterior_LB","Posterior_UB","prob"
-0.196583601782473,0.104330459498587,-0.400370410992607,0.00927891962917834,0.966666666666667
