"Posterior_Mean","Posterior_SD","Posterior_LB","Posterior_UB","prob"
-0.290345633258058,0.0605387136461259,-0.420276451177953,-0.148604545042487,0.999535169359886
