"Posterior_Mean","Posterior_SD","Posterior_LB","Posterior_UB","prob"
-0.197618916183371,0.0814995423734564,-0.364163133020466,-0.0307538067931906,0.989328902841854
