"Posterior_Mean","Posterior_SD","Posterior_LB","Posterior_UB","prob"
-0.130998056187749,0.0947538416246984,-0.346412694753985,0.100692372720439,0.870184920222977
