"Posterior_Mean","Posterior_SD","Posterior_LB","Posterior_UB","prob"
-0.115732848746897,0.102764818903316,-0.310940916379464,0.0882652362950479,0.869333333333333
