"Posterior_Mean","Posterior_SD","Posterior_LB","Posterior_UB","prob"
-0.228944027575136,0.0724896859412242,-0.370134628001897,-0.0785907793899429,0.995890217289868
