"Posterior_Mean","Posterior_SD","Posterior_LB","Posterior_UB","prob"
-0.297859621521169,0.0586317423642515,-0.414840797841917,-0.160391094867404,0.999772138048428
