"Posterior_Mean","Posterior_SD","Posterior_LB","Posterior_UB","prob"
-0.361621114987681,0.0597795197604965,-0.47942134349769,-0.232045324659956,0.99927051566909
