"Posterior_Mean","Posterior_SD","Posterior_LB","Posterior_UB","prob"
-0.249278927633758,0.0590111478291794,-0.368954345469617,-0.123277959001269,0.999515106727684
