"Posterior_Mean","Posterior_SD","Posterior_LB","Posterior_UB","prob"
-0.322488429866901,0.0596212426233429,-0.444951204558109,-0.192583393833969,0.999319249546206
