"Posterior_Mean","Posterior_SD","Posterior_LB","Posterior_UB","prob"
-0.231003834499114,0.0879161003098926,-0.406764506967798,-0.0174109672395259,0.981054648267966
