"Posterior_Mean","Posterior_SD","Posterior_LB","Posterior_UB","prob"
-0.457005898750185,0.0548579523200832,-0.588909437039173,-0.315908772159221,0.999999993852184
