"Posterior_Mean","Posterior_SD","Posterior_LB","Posterior_UB","prob"
-0.440584304162373,0.0508384825189268,-0.543275676035437,-0.32788999366573,0.999999240528565
