"Posterior_Mean","Posterior_SD","Posterior_LB","Posterior_UB","prob"
-0.126238466812189,0.0944348264462507,-0.31640295497535,0.0663561691630699,0.90505720315881
