"Posterior_Mean","Posterior_SD","Posterior_LB","Posterior_UB","prob"
-0.271034296189455,0.0615175157316521,-0.395999449354811,-0.133152337511665,0.997029396751938
