"Posterior_Mean","Posterior_SD","Posterior_LB","Posterior_UB","prob"
-0.406069424599477,0.0521769857293512,-0.517635691873686,-0.271875913489771,0.999975617647687
