"Posterior_Mean","Posterior_SD","Posterior_LB","Posterior_UB","prob"
-0.435378690490508,0.0593731219763722,-0.551561453954168,-0.312567530930064,0.999999440234391
