"Posterior_Mean","Posterior_SD","Posterior_LB","Posterior_UB","prob"
-0.22710244474543,0.0741920148784688,-0.370912287259592,-0.0618946448829184,0.993651689473166
