"Posterior_Mean","Posterior_SD","Posterior_LB","Posterior_UB","prob"
-0.338466621272326,0.0560040457625184,-0.47529935998633,-0.184261094155468,0.999789172185699
