"Posterior_Mean","Posterior_SD","Posterior_LB","Posterior_UB","prob"
-0.27342743683733,0.0733789438761135,-0.439997818850062,-0.133252940929714,0.999507784972344
