"Posterior_Mean","Posterior_SD","Posterior_LB","Posterior_UB","prob"
-0.498491350585682,0.0522708655976863,-0.604151148675292,-0.392884613463638,1
