"Posterior_Mean","Posterior_SD","Posterior_LB","Posterior_UB","prob"
-0.273065762728985,0.0768790550502544,-0.423052592746679,-0.108262109238523,0.99797957937668
