"Posterior_Mean","Posterior_SD","Posterior_LB","Posterior_UB","prob"
-0.116649288113899,0.101930864256497,-0.32324745409801,0.0873262293394293,0.8775426895948
