"Posterior_Mean","Posterior_SD","Posterior_LB","Posterior_UB","prob"
-0.324958110022936,0.0624282769682719,-0.463064231452638,-0.161469738700508,0.999999628670342
