"Posterior_Mean","Posterior_SD","Posterior_LB","Posterior_UB","prob"
-0.25285335448053,0.058823048411669,-0.372105749442735,-0.122585333032203,0.999058476448095
