"Posterior_Mean","Posterior_SD","Posterior_LB","Posterior_UB","prob"
-0.455427584796242,0.0597254630180727,-0.575469338039342,-0.331293082682738,0.99999091976923
