"Posterior_Mean","Posterior_SD","Posterior_LB","Posterior_UB","prob"
-0.302816620142566,0.0625205983316125,-0.434205558492343,-0.137179859529992,0.99929906319554
