"","Posterior_Mean","Posterior_SD","Posterior_LB","Posterior_UB"
"1",-0.00839669910906477,0.0573196066186658,-0.121382492190482,0.105401931864389
