"Posterior_Mean","Posterior_SD","Posterior_LB","Posterior_UB","prob"
-0.338562450262536,0.0590034178565851,-0.454098836906396,-0.206687524199697,0.999908837275706
