"Posterior_Mean","Posterior_SD","Posterior_LB","Posterior_UB","prob"
-0.36006389273827,0.0651606853569492,-0.505199364973887,-0.170232541705341,0.999533561810584
