"Posterior_Mean","Posterior_SD","Posterior_LB","Posterior_UB","prob"
-0.386519958953963,0.0593395152817899,-0.501881571910963,-0.259410250401631,0.999997345413947
