"Posterior_Mean","Posterior_SD","Posterior_LB","Posterior_UB","prob"
-0.134733169305525,0.103716575700466,-0.344893953284439,0.0647408010475652,0.897559589456121
