"Posterior_Mean","Posterior_SD","Posterior_LB","Posterior_UB","prob"
-0.408634784035959,0.0583121031687507,-0.525948248882916,-0.284872593185521,0.999996622838379
