"Posterior_Mean","Posterior_SD","Posterior_LB","Posterior_UB","prob"
-0.349716485028272,0.0670487787930625,-0.510434132283318,-0.192475194176916,0.999972361282316
