"Posterior_Mean","Posterior_SD","Posterior_LB","Posterior_UB","prob"
-0.317759365102193,0.0752315788827278,-0.499251054958761,-0.159210239894132,1
