"Posterior_Mean","Posterior_SD","Posterior_LB","Posterior_UB","prob"
-0.254049196478648,0.105946977669299,-0.456157490417093,-0.0349836282602675,0.990578635816489
