"Posterior_Mean","Posterior_SD","Posterior_LB","Posterior_UB","prob"
-0.414536666981647,0.0649590341552357,-0.552978793029313,-0.246307241838644,0.999967891534157
