"Posterior_Mean","Posterior_SD","Posterior_LB","Posterior_UB","prob"
-0.358757316692138,0.0576566447559006,-0.523294955202591,-0.130677472472802,0.999663836152857
