"Posterior_Mean","Posterior_SD","Posterior_LB","Posterior_UB","prob"
-0.237971939597053,0.105726172233049,-0.447153419171723,-0.0363028953398919,0.988833333333333
