"Posterior_Mean","Posterior_SD","Posterior_LB","Posterior_UB","prob"
-0.208133078649158,0.0933034020382876,-0.401706697444822,-0.00459238874616683,0.977415852563884
