"Posterior_Mean","Posterior_SD","Posterior_LB","Posterior_UB","prob"
-0.199588857574811,0.102815791000533,-0.403512568888401,-0.00103482025798182,0.9765
