"Posterior_Mean","Posterior_SD","Posterior_LB","Posterior_UB","prob"
-0.2116825382888,0.076715362245052,-0.373318851545254,0.0233279355173369,0.962819436091149
