"Posterior_Mean","Posterior_SD","Posterior_LB","Posterior_UB","prob"
-0.338370562952883,0.0687907001956611,-0.492912484467557,-0.077599731519152,0.994152227144035
