"Posterior_Mean","Posterior_SD","Posterior_LB","Posterior_UB","prob"
-0.365345947834784,0.0760652896344029,-0.513127310808446,-0.218852039142837,0.999960186170187
