"Posterior_Mean","Posterior_SD","Posterior_LB","Posterior_UB","prob"
-0.00653486758302238,0.0928061715773006,-0.278882441597605,0.206800937659911,0.488802598444898
