"Posterior_Mean","Posterior_SD","Posterior_LB","Posterior_UB","prob"
-0.2838551444935,0.102329406478552,-0.482858208764771,-0.08294690607914,0.998166666666667
