"Posterior_Mean","Posterior_SD","Posterior_LB","Posterior_UB","prob"
-0.401017177131172,0.055143137950212,-0.519335808097873,-0.280006394474141,0.999998960872751
