"Posterior_Mean","Posterior_SD","Posterior_LB","Posterior_UB","prob"
-0.366984000467998,0.0630761285507135,-0.492824134717894,-0.243959826535488,1
