"Posterior_Mean","Posterior_SD","Posterior_LB","Posterior_UB","prob"
-0.0857748262205584,0.100234017432202,-0.281020959854528,0.111056220594746,0.804833333333333
