"Posterior_Mean","Posterior_SD","Posterior_LB","Posterior_UB","prob"
-0.294501879784413,0.0759421234783914,-0.443020114200356,-0.130251290878911,0.998550233084726
