"Posterior_Mean","Posterior_SD","Posterior_LB","Posterior_UB","prob"
-0.165599988387204,0.0683075775326128,-0.300577936668572,-0.0257388109738812,0.989155216675764
