"Posterior_Mean","Posterior_SD","Posterior_LB","Posterior_UB","prob"
-0.321447732594132,0.0734316709697311,-0.467515574401962,-0.176076368949219,0.999980686073458
