"Posterior_Mean","Posterior_SD","Posterior_LB","Posterior_UB","prob"
-0.305537145047046,0.074851912350742,-0.497681038906683,-0.103271407185672,0.996541500673483
