"Posterior_Mean","Posterior_SD","Posterior_LB","Posterior_UB","prob"
-0.227105354053283,0.077366175633132,-0.384105884259156,-0.050510615907115,0.991152613535569
