"Posterior_Mean","Posterior_SD","Posterior_LB","Posterior_UB","prob"
-0.283722888176956,0.0746192908355069,-0.486640439909351,-0.0868536299699791,0.996257725584368
