"Posterior_Mean","Posterior_SD","Posterior_LB","Posterior_UB","prob"
-0.133076203509468,0.0710932796667648,-0.271673271183736,0.00684697485832182,0.968284337766995
