"Posterior_Mean","Posterior_SD","Posterior_LB","Posterior_UB","prob"
-0.254559485482449,0.103595769715129,-0.462636387728002,-0.0396761207862662,0.990241838499743
