"Posterior_Mean","Posterior_SD","Posterior_LB","Posterior_UB","prob"
-0.386404376225011,0.0713470101280842,-0.544794386882565,-0.13130338557138,0.998306259838024
