"Posterior_Mean","Posterior_SD","Posterior_LB","Posterior_UB","prob"
-0.14946188471349,0.0986963581007254,-0.348569393391122,0.0417997163596587,0.93600343663424
