"Posterior_Mean","Posterior_SD","Posterior_LB","Posterior_UB","prob"
-0.249139689149826,0.0733538254157784,-0.402447702444998,-0.10371916766795,0.999666666666667
