"Posterior_Mean","Posterior_SD","Posterior_LB","Posterior_UB","prob"
-0.306038593903174,0.0743236722233342,-0.452100048225422,-0.160870654956891,0.999674857396449
