"Posterior_Mean","Posterior_SD","Posterior_LB","Posterior_UB","prob"
-0.254251620285445,0.076856439960022,-0.416739257064954,-0.0357943787597948,0.987661197689615
