"Posterior_Mean","Posterior_SD","Posterior_LB","Posterior_UB","prob"
-0.225447121124643,0.0762567885391801,-0.379262413525342,-0.0225428029728283,0.982923076907466
