"Posterior_Mean","Posterior_SD","Posterior_LB","Posterior_UB","prob"
-0.329079907832404,0.0590564796434153,-0.464454540476259,-0.207111466820708,0.999994457558088
