"","Posterior_Mean","Posterior_SD","Posterior_LB","Posterior_UB"
"1",-0.0728215888888632,0.0581032778529639,-0.184361033292384,0.0396502951476098
