"Posterior_Mean","Posterior_SD","Posterior_LB","Posterior_UB","prob"
-0.249037479977642,0.0896102488930053,-0.452540410776152,-0.0289612893783256,0.988574802317737
