"","Posterior_Mean","Posterior_SD","Posterior_LB","Posterior_UB"
"1",-0.0301608269842012,0.0625227437180169,-0.154676241589306,0.0880869264097587
