"Posterior_Mean","Posterior_SD","Posterior_LB","Posterior_UB","prob"
-0.281227376719407,0.101011680484424,-0.474471843895051,-0.0842159237322671,0.997166666666667
