"Posterior_Mean","Posterior_SD","Posterior_LB","Posterior_UB","prob"
-0.280742944591637,0.0732293222896772,-0.42108363267005,-0.133712706557445,0.999785788825511
