"Posterior_Mean","Posterior_SD","Posterior_LB","Posterior_UB","prob"
-0.271114051195123,0.0766906999668108,-0.425906756185872,-0.0904199393459231,0.995986046565868
