"Posterior_Mean","Posterior_SD","Posterior_LB","Posterior_UB","prob"
-0.0911288811460753,0.103618139405325,-0.292128768278499,0.113357083353642,0.805
