"Posterior_Mean","Posterior_SD","Posterior_LB","Posterior_UB","prob"
-0.442520384347557,0.0731495079461766,-0.589472522987135,-0.293678777282486,1
