"","Posterior_Mean","Posterior_SD","Posterior_LB","Posterior_UB"
"1",0.00599000026617216,0.0541090007654603,-0.103889250693371,0.110905552962886
