"Posterior_Mean","Posterior_SD","Posterior_LB","Posterior_UB","prob"
-0.225317529655527,0.0697459153428636,-0.385474450112635,-0.0581600586831217,0.995785053884135
