"Posterior_Mean","Posterior_SD","Posterior_LB","Posterior_UB","prob"
-0.284683044725517,0.0623164527456414,-0.414559844461766,-0.118983617273086,0.996795873405118
