"Posterior_Mean","Posterior_SD","Posterior_LB","Posterior_UB","prob"
-0.212936694123396,0.0798224738153442,-0.403211747206227,0.062825681366645,0.936718354904235
