"Posterior_Mean","Posterior_SD","Posterior_LB","Posterior_UB","prob"
-0.339741328259124,0.102803461222052,-0.543939799575946,-0.142401465156831,0.999833333333333
