"Posterior_Mean","Posterior_SD","Posterior_LB","Posterior_UB","prob"
-0.374477655522474,0.0655081748063523,-0.513688507029157,-0.198083752221275,0.999889289053775
