"Posterior_Mean","Posterior_SD","Posterior_LB","Posterior_UB","prob"
-0.269812795371669,0.0688507347487212,-0.427713996744781,-0.0335092634983585,0.985513954978075
