"Posterior_Mean","Posterior_SD","Posterior_LB","Posterior_UB","prob"
-0.323124336429418,0.0741251831022395,-0.469633237510913,-0.169857085750111,0.999710438674486
