"Posterior_Mean","Posterior_SD","Posterior_LB","Posterior_UB","prob"
-0.295907592064771,0.0661589432965551,-0.425693706062759,-0.153268521912492,0.998860792744277
