"Posterior_Mean","Posterior_SD","Posterior_LB","Posterior_UB","prob"
-0.41510002054044,0.0528678819531526,-0.523895674184156,-0.291422275884453,1
