"Posterior_Mean","Posterior_SD","Posterior_LB","Posterior_UB","prob"
-0.285412183297567,0.0496873812375843,-0.38270965797555,-0.183596674646141,0.99995160967629
