"Posterior_Mean","Posterior_SD","Posterior_LB","Posterior_UB","prob"
-0.225015150815364,0.0477740755256511,-0.318238756852698,-0.127165641054762,0.99999972864369
