"Posterior_Mean","Posterior_SD","Posterior_LB","Posterior_UB","prob"
-0.21245744751606,0.0484042151425631,-0.311727856876903,-0.114790570988093,0.999991000100681
