"Posterior_Mean","Posterior_SD","Posterior_LB","Posterior_UB","prob"
-0.225519923998405,0.0480035308352629,-0.323089700207309,-0.124612603339594,0.999994335828099
