"Posterior_Mean","Posterior_SD","Posterior_LB","Posterior_UB","prob"
-0.285843958210683,0.0463721991366586,-0.376600038791519,-0.193243056759118,0.999999950846963
