"Posterior_Mean","Posterior_SD","Posterior_LB","Posterior_UB","prob"
-0.260637995300955,0.0519373833507923,-0.378161162493691,-0.133024433731486,0.999916034490789
