"Posterior_Mean","Posterior_SD","Posterior_LB","Posterior_UB","prob"
-0.213646582502873,0.0470835950270151,-0.308358442125997,-0.122907199331478,0.999994017670895
