"Posterior_Mean","Posterior_SD","Posterior_LB","Posterior_UB","prob"
-0.192756595421718,0.0456915336991432,-0.281274919383519,-0.104889955283027,0.999991593654708
