"Posterior_Mean","Posterior_SD","Posterior_LB","Posterior_UB","prob"
-0.163048071594915,0.0468528346638012,-0.253918717956611,-0.0728678181285115,0.999748767867646
