"Posterior_Mean","Posterior_SD","Posterior_LB","Posterior_UB","prob"
-0.259200962502966,0.048856242835103,-0.365540965836252,-0.160395573720715,1
