"Posterior_Mean","Posterior_SD","Posterior_LB","Posterior_UB","prob"
-0.252582290143716,0.0480124229052481,-0.348746389163467,-0.152298375789646,0.999992047205822
