"Posterior_Mean","Posterior_SD","Posterior_LB","Posterior_UB","prob"
-0.258002775224175,0.0514676932891802,-0.374138058896381,-0.155461960195201,1
