"Posterior_Mean","Posterior_SD","Posterior_LB","Posterior_UB","prob"
-0.00397959464728103,0.0524736502128588,-0.113734707152259,0.115978571378048,0.545111954869391
