"Posterior_Mean","Posterior_SD","Posterior_LB","Posterior_UB","prob"
0.0416446080140219,0.0762155331903637,-0.108770368471584,0.187489869390237,0.283398306519984
