"Posterior_Mean","Posterior_SD","Posterior_LB","Posterior_UB","prob"
-0.0445072236726262,0.0568211458553097,-0.157790800526829,0.0671881890167965,0.776627815833978
