"Posterior_Mean","Posterior_SD","Posterior_LB","Posterior_UB","prob"
-0.0696288143049776,0.0441242000827073,-0.156034584794508,0.0176719595749259,0.945509845351984
