"Posterior_Mean","Posterior_SD","Posterior_LB","Posterior_UB","prob"
-0.00146885479278971,0.0557883094393122,-0.120646388668242,0.120424227818785,0.517975706508821
