"Posterior_Mean","Posterior_SD","Posterior_LB","Posterior_UB","prob"
0.0455352968593571,0.0502831841378976,-0.0674234410179536,0.170743290266302,0.240660766337273
