"Posterior_Mean","Posterior_SD","Posterior_LB","Posterior_UB","prob"
0.075087196120923,0.0686880417223123,-0.0592770751458987,0.219077740819928,0.141485928913684
