"Posterior_Mean","Posterior_SD","Posterior_LB","Posterior_UB","prob"
0.0448773024497286,0.0542858462434603,-0.0804523115545915,0.160405415300461,0.229854745105455
