"Posterior_Mean","Posterior_SD","Posterior_LB","Posterior_UB","prob"
-0.109977738611785,0.0456100883715343,-0.199506916493011,-0.013744213128292,0.984558991034911
