"Posterior_Mean","Posterior_SD","Posterior_LB","Posterior_UB","prob"
0.0945931723224879,0.0771960303267783,-0.0576816843061229,0.252902647804897,0.119378509163774
