"Posterior_Mean","Posterior_SD","Posterior_LB","Posterior_UB","prob"
-0.056799826780469,0.0513529938916959,-0.23288919513898,0.0843721749426139,0.728944813156473
