"Posterior_Mean","Posterior_SD","Posterior_LB","Posterior_UB","prob"
0.020611225679103,0.0558008324955958,-0.103213487355266,0.134042201502288,0.340067613618941
