"Posterior_Mean","Posterior_SD","Posterior_LB","Posterior_UB","prob"
0.00632007230555926,0.0581165319016066,-0.212055181289373,0.142573854082058,0.380573054744281
