"Posterior_Mean","Posterior_SD","Posterior_LB","Posterior_UB","prob"
-0.0293959832287955,0.0514092219267666,-0.168103736534748,0.103544626620715,0.647230879204778
