"Posterior_Mean","Posterior_SD","Posterior_LB","Posterior_UB","prob"
-0.0040966847411898,0.0578821233278234,-0.124148560434941,0.113768134696103,0.529498870312342
