"Posterior_Mean","Posterior_SD","Posterior_LB","Posterior_UB","prob"
-0.108364437161622,0.0674220694064013,-0.273075969551064,0.0299932127369243,0.928799803819529
