"Posterior_Mean","Posterior_SD","Posterior_LB","Posterior_UB","prob"
-0.111483631250932,0.0470710108616774,-0.280806098438045,0.0536272017509998,0.903512877517703
