"Posterior_Mean","Posterior_SD","Posterior_LB","Posterior_UB","prob"
-0.109427801305525,0.0466504453547129,-0.228142301655448,0.00648585141640012,0.967642962957041
