"Posterior_Mean","Posterior_SD","Posterior_LB","Posterior_UB","prob"
-0.130781102219712,0.0578688837632063,-0.283267450187922,0.0599572587415384,0.884728304385578
