"Posterior_Mean","Posterior_SD","Posterior_LB","Posterior_UB","prob"
-0.0322335962012249,0.0584997529494822,-0.164001939769424,0.0824549950210298,0.693949223493163
