"Posterior_Mean","Posterior_SD","Posterior_LB","Posterior_UB","prob"
0.0894354161713729,0.0587275698361048,-0.0521763450019775,0.215796792496091,0.0909509089597086
