"Posterior_Mean","Posterior_SD","Posterior_LB","Posterior_UB","prob"
-0.108554999884433,0.0447571443162024,-0.215852154175232,0.0011736833947581,0.974383545815519
