"Posterior_Mean","Posterior_SD","Posterior_LB","Posterior_UB","prob"
-0.0487855588996579,0.0485044322755475,-0.218582485183901,0.108186206432571,0.736632546469743
