"Posterior_Mean","Posterior_SD","Posterior_LB","Posterior_UB","prob"
0.0153222536236541,0.0546968287433269,-0.0957933347104917,0.123979570433982,0.383577414382833
