"Posterior_Mean","Posterior_SD","Posterior_LB","Posterior_UB","prob"
-0.0787840187320742,0.051640389724743,-0.186620333286715,0.0324869088083441,0.923232628839347
