"Posterior_Mean","Posterior_SD","Posterior_LB","Posterior_UB","prob"
-0.0546980840506041,0.0472104115185065,-0.16604958348158,0.0447801835490691,0.854813413332622
