"Posterior_Mean","Posterior_SD","Posterior_LB","Posterior_UB","prob"
-0.149655922570834,0.0431783662524056,-0.267987503542956,-0.0153487475575496,0.987259378785008
