"Posterior_Mean","Posterior_SD","Posterior_LB","Posterior_UB","prob"
0.0984567178217684,0.0551557815085801,-0.0194595901954311,0.216735840478497,0.0482321005554488
