"Posterior_Mean","Posterior_SD","Posterior_LB","Posterior_UB","prob"
-0.10727121457812,0.0439374643137016,-0.241111604769215,0.0409805159692094,0.926792083968854
