"Posterior_Mean","Posterior_SD","Posterior_LB","Posterior_UB","prob"
-0.0525767170752441,0.0558646817572789,-0.171691604640034,0.0563930778407384,0.814080887857153
