"Posterior_Mean","Posterior_SD","Posterior_LB","Posterior_UB","prob"
-0.256191626302133,0.0443690692345945,-0.355664044865805,-0.124659494604242,0.999650094124029
