"Posterior_Mean","Posterior_SD","Posterior_LB","Posterior_UB","prob"
0.0109752804556984,0.0500300957590977,-0.11582893388279,0.146044883030756,0.4589843340039
