"Posterior_Mean","Posterior_SD","Posterior_LB","Posterior_UB","prob"
0.0475224947649579,0.0781246604956206,-0.101670613406935,0.202323980748309,0.266339927057816
