"Posterior_Mean","Posterior_SD","Posterior_LB","Posterior_UB","prob"
0.0653365496400778,0.0717025349513941,-0.0894704064022709,0.223965703392644,0.208699783269136
