"Posterior_Mean","Posterior_SD","Posterior_LB","Posterior_UB","prob"
-0.0525441965608723,0.0454970065616738,-0.14152510968296,0.039468275517825,0.875521170303587
