"Posterior_Mean","Posterior_SD","Posterior_LB","Posterior_UB","prob"
0.00220555867812856,0.0512772295843878,-0.110336551791082,0.12692073841315,0.503582165431965
