"Posterior_Mean","Posterior_SD","Posterior_LB","Posterior_UB","prob"
-0.0172326273506979,0.0739484227803616,-0.163581807247324,0.125699219443679,0.595168790979679
