"Posterior_Mean","Posterior_SD","Posterior_LB","Posterior_UB","prob"
-0.223303921961744,0.0467908426834473,-0.313884823285554,-0.118219979951161,0.999283887825059
