"Posterior_Mean","Posterior_SD","Posterior_LB","Posterior_UB","prob"
0.0135393577529983,0.0764401220966777,-0.140610372521648,0.159942552268526,0.422837931425783
