"Posterior_Mean","Posterior_SD","Posterior_LB","Posterior_UB","prob"
0.0148265312543405,0.0561196661902323,-0.122793926922412,0.152274315358389,0.42098751459201
