"Posterior_Mean","Posterior_SD","Posterior_LB","Posterior_UB","prob"
-0.0732953110962849,0.0442941545495405,-0.16008236480426,0.0155293496039645,0.945993205109129
