"Posterior_Mean","Posterior_SD","Posterior_LB","Posterior_UB","prob"
-0.107140883749405,0.0461639888875815,-0.228362072571809,0.100139532297232,0.873992645193294
