"Posterior_Mean","Posterior_SD","Posterior_LB","Posterior_UB","prob"
-0.131558876260802,0.0415940047028283,-0.22332183804532,-0.00267645273743207,0.976298261777581
