"Posterior_Mean","Posterior_SD","Posterior_LB","Posterior_UB","prob"
-0.0312360868890283,0.0489023808417085,-0.134863600859039,0.0961161100023078,0.718507292149939
