"Posterior_Mean","Posterior_SD","Posterior_LB","Posterior_UB","prob"
0.0487815888573289,0.0639974287828071,-0.078403105089008,0.201737616442248,0.248773594855548
