"Posterior_Mean","Posterior_SD","Posterior_LB","Posterior_UB","prob"
-0.0694450230890379,0.049699944672585,-0.198975595598806,0.0623544785016659,0.859978405355238
