"Posterior_Mean","Posterior_SD","Posterior_LB","Posterior_UB","prob"
-0.0150102860328738,0.0531489474050601,-0.134086789136146,0.0980505977566242,0.595041074037856
