"Posterior_Mean","Posterior_SD","Posterior_LB","Posterior_UB","prob"
0.0456384152717115,0.0617426132922088,-0.0891132528540961,0.185636960089026,0.253510324333843
