"Posterior_Mean","Posterior_SD","Posterior_LB","Posterior_UB","prob"
-0.0507140885362791,0.0448786064396701,-0.139113467669255,0.0355260476334943,0.866055249933445
