"Posterior_Mean","Posterior_SD","Posterior_LB","Posterior_UB","prob"
0.020664052709618,0.0596244372485713,-0.0976064852961195,0.14365016293464,0.365143645147488
