"Posterior_Mean","Posterior_SD","Posterior_LB","Posterior_UB","prob"
-0.163551920060583,0.0463347468388013,-0.300198215078984,0.036331680578784,0.93453616376886
