"Posterior_Mean","Posterior_SD","Posterior_LB","Posterior_UB","prob"
0.00691347826466487,0.0601540174513535,-0.130056382614546,0.132782064286792,0.442587015926921
