"Posterior_Mean","Posterior_SD","Posterior_LB","Posterior_UB","prob"
-0.204774187977178,0.0438934682211014,-0.336551242989372,-0.0998466068948923,0.999609832681657
