"Posterior_Mean","Posterior_SD","Posterior_LB","Posterior_UB","prob"
-0.172025597157347,0.0390128778970961,-0.267435794362324,-0.0791651447834268,0.99684123107739
