"Posterior_Mean","Posterior_SD","Posterior_LB","Posterior_UB","prob"
0.0601048885517488,0.0612567885234916,-0.0700799056786958,0.187207982129252,0.158059121346635
