"Posterior_Mean","Posterior_SD","Posterior_LB","Posterior_UB","prob"
-0.0569031078777556,0.0475679886243467,-0.173444816622093,0.0637167652415725,0.83066759009361
