"Posterior_Mean","Posterior_SD","Posterior_LB","Posterior_UB","prob"
-0.0885114732599201,0.0459464262835903,-0.180019801473098,0.00354360521918057,0.966109298136955
