"Posterior_Mean","Posterior_SD","Posterior_LB","Posterior_UB","prob"
-0.196130759118776,0.0457993315697042,-0.331429244872735,-0.034823501342745,0.990826363590849
