"Posterior_Mean","Posterior_SD","Posterior_LB","Posterior_UB","prob"
-0.0771721720209124,0.0435746105210951,-0.169092962736794,0.0199697958557024,0.941462396011083
