"Posterior_Mean","Posterior_SD","Posterior_LB","Posterior_UB","prob"
-0.0749151445486421,0.045738983294565,-0.181080990166173,0.0575426725940017,0.887243153220257
