"Posterior_Mean","Posterior_SD","Posterior_LB","Posterior_UB","prob"
0.0210175537764869,0.0541647241511882,-0.100455115570954,0.151934218751345,0.367981812121079
