"Posterior_Mean","Posterior_SD","Posterior_LB","Posterior_UB","prob"
0.0874144385446321,0.0563861941860701,-0.0453649178590939,0.211706946494991,0.0933046792089982
