"Posterior_Mean","Posterior_SD","Posterior_LB","Posterior_UB","prob"
0.0229598848641352,0.0750847260541014,-0.117876641970846,0.173302371638013,0.391352539737241
