"Posterior_Mean","Posterior_SD","Posterior_LB","Posterior_UB","prob"
0.163464201450283,0.0764978094413004,0.0143163543006876,0.316524995841553,0.0173124619444012
