"Posterior_Mean","Posterior_SD","Posterior_LB","Posterior_UB","prob"
-0.0443342431274575,0.0524187128455465,-0.165607519283804,0.0760112900696433,0.762021870574185
