"Posterior_Mean","Posterior_SD","Posterior_LB","Posterior_UB","prob"
-0.129540493094219,0.0773430109620108,-0.28339204035865,0.0302232104240275,0.943075242947997
