"Posterior_Mean","Posterior_SD","Posterior_LB","Posterior_UB","prob"
-0.0426627275682669,0.065136045272767,-0.2198423596927,0.0967932360936145,0.666308778870524
