"Posterior_Mean","Posterior_SD","Posterior_LB","Posterior_UB","prob"
0.0743643078089825,0.0780984750197851,-0.0784955944610888,0.224980239947864,0.176112375909509
