"Posterior_Mean","Posterior_SD","Posterior_LB","Posterior_UB","prob"
-0.105422440905263,0.0557716809437531,-0.221100359963039,0.0208384160333675,0.951455567787539
