"Posterior_Mean","Posterior_SD","Posterior_LB","Posterior_UB","prob"
-0.0784557477101351,0.0441916978785808,-0.204941764103193,0.0160461666409606,0.943920216590388
