"Posterior_Mean","Posterior_SD","Posterior_LB","Posterior_UB","prob"
0.0670441276949455,0.0548221724905762,-0.0415601011321065,0.178420265593863,0.10560830250162
