"Posterior_Mean","Posterior_SD","Posterior_LB","Posterior_UB","prob"
-0.0965097310272305,0.0491714029579789,-0.256299148924832,0.0690825398503869,0.876336084059946
