"Posterior_Mean","Posterior_SD","Posterior_LB","Posterior_UB","prob"
-0.0196373635983267,0.0551608824271595,-0.158072716633595,0.0891957029144597,0.596756378049265
