"Posterior_Mean","Posterior_SD","Posterior_LB","Posterior_UB","prob"
-0.217759746959403,0.044415012178936,-0.308101427835736,-0.112998966522137,0.997636521035906
