"Posterior_Mean","Posterior_SD","Posterior_LB","Posterior_UB","prob"
-0.00561271942002186,0.0540986452273715,-0.138864006182969,0.108319924727219,0.517519418510934
