"Posterior_Mean","Posterior_SD","Posterior_LB","Posterior_UB","prob"
-0.037276308662104,0.047943120505251,-0.150302015062674,0.100648894762456,0.756584665823321
