"Posterior_Mean","Posterior_SD","Posterior_LB","Posterior_UB","prob"
0.0189573432478476,0.046233147910171,-0.0658981239229335,0.107962057244261,0.347943787385162
