"Posterior_Mean","Posterior_SD","Posterior_LB","Posterior_UB","prob"
0.0220259799719045,0.0549285681804219,-0.0956028124261857,0.133783368511739,0.358738616979894
