"Posterior_Mean","Posterior_SD","Posterior_LB","Posterior_UB","prob"
-0.0382893483892388,0.0437845266186738,-0.129779590923865,0.0505430704618984,0.799091300442287
