"Posterior_Mean","Posterior_SD","Posterior_LB","Posterior_UB","prob"
-0.0397293120482388,0.0487276631763802,-0.138820266652186,0.0582095727807016,0.796213294303656
