"Posterior_Mean","Posterior_SD","Posterior_LB","Posterior_UB","prob"
-0.0979111472497296,0.0487929046972145,-0.251033063054436,0.0233039405173024,0.942537847476084
