"Posterior_Mean","Posterior_SD","Posterior_LB","Posterior_UB","prob"
-0.0952399958403681,0.0488020356572945,-0.204544553089589,0.0367085006072836,0.92508034282197
