"Posterior_Mean","Posterior_SD","Posterior_LB","Posterior_UB","prob"
-0.0790478255525417,0.0475473176858584,-0.238143895770069,0.089741746140787,0.794005971224149
