"Posterior_Mean","Posterior_SD","Posterior_LB","Posterior_UB","prob"
0.0548542467373934,0.0702519455068633,-0.0830763952340324,0.203221802826492,0.224906917231823
