"Posterior_Mean","Posterior_SD","Posterior_LB","Posterior_UB","prob"
0.0678289254234714,0.0787523062974092,-0.0890851118579659,0.225017837569324,0.19530335896495
