"Posterior_Mean","Posterior_SD","Posterior_LB","Posterior_UB","prob"
-0.0308869117091705,0.0468955267655089,-0.142129184070249,0.103740214684965,0.736621835155497
