"Posterior_Mean","Posterior_SD","Posterior_LB","Posterior_UB","prob"
0.0169089692736352,0.0751330359488734,-0.140694166128743,0.169732281618821,0.40823344545259
