"Posterior_Mean","Posterior_SD","Posterior_LB","Posterior_UB","prob"
-0.0784509381888133,0.0422363858457986,-0.176789209581961,0.0368734771861887,0.919119006066169
