"Posterior_Mean","Posterior_SD","Posterior_LB","Posterior_UB","prob"
0.14952028777937,0.0763177730708488,-0.00447240260163549,0.298071088370429,0.028831813067336
