"Posterior_Mean","Posterior_SD","Posterior_LB","Posterior_UB","prob"
0.0671381254081152,0.0557562226053722,-0.0529246491822573,0.184133520262872,0.121900904487958
