"Posterior_Mean","Posterior_SD","Posterior_LB","Posterior_UB","prob"
0.015729757883272,0.055951019245113,-0.0990713135215558,0.127741091700812,0.38940138114487
