"Posterior_Mean","Posterior_SD","Posterior_LB","Posterior_UB","prob"
-0.165483673540162,0.0510181210467711,-0.32683193394198,-0.00555021433723335,0.980578764859003
