"Posterior_Mean","Posterior_SD","Posterior_LB","Posterior_UB","prob"
0.0782948747883068,0.0620396315790546,-0.104828854896985,0.313566943899107,0.346472127967028
