"Posterior_Mean","Posterior_SD","Posterior_LB","Posterior_UB","prob"
-0.0189007531874483,0.0451419021005243,-0.126365761538291,0.104200886151561,0.661562589861859
