"Posterior_Mean","Posterior_SD","Posterior_LB","Posterior_UB","prob"
-0.135045118395201,0.0447814292956672,-0.248454398661496,-0.0244201936529467,0.989386916563293
