"Posterior_Mean","Posterior_SD","Posterior_LB","Posterior_UB","prob"
-0.0772795069148109,0.0508171483073089,-0.219022111602021,0.0505567590462588,0.865318257366601
