"Posterior_Mean","Posterior_SD","Posterior_LB","Posterior_UB","prob"
-0.0293733197635697,0.0564607204421481,-0.143883007131287,0.0850032908096258,0.696206559295182
