"Posterior_Mean","Posterior_SD","Posterior_LB","Posterior_UB","prob"
-0.00412263978203745,0.0539968074547001,-0.113934564588104,0.102497553407619,0.532187190919609
