"Posterior_Mean","Posterior_SD","Posterior_LB","Posterior_UB","prob"
-0.178493981535135,0.0440620842308951,-0.269712323248913,-0.0903390935529818,0.999473783613664
