"Posterior_Mean","Posterior_SD","Posterior_LB","Posterior_UB","prob"
-0.0778209269299291,0.0451171971458731,-0.168916961632059,0.0111573400889526,0.963227533272436
