"Posterior_Mean","Posterior_SD","Posterior_LB","Posterior_UB","prob"
-0.00304937231093877,0.0517074006865937,-0.109176706594251,0.113272683080085,0.540646582230133
