"Posterior_Mean","Posterior_SD","Posterior_LB","Posterior_UB","prob"
0.0581863022267165,0.0571845100891715,-0.0639394679947646,0.170055720732783,0.164526587594921
