"Posterior_Mean","Posterior_SD","Posterior_LB","Posterior_UB","prob"
-0.0596128967720407,0.0533788396349139,-0.190681362114178,0.0586035667159455,0.816792505748225
