"Posterior_Mean","Posterior_SD","Posterior_LB","Posterior_UB","prob"
0.0349626406975761,0.0559666865157784,-0.0855165266339796,0.16511140608115,0.282192657944576
