"Posterior_Mean","Posterior_SD","Posterior_LB","Posterior_UB","prob"
-0.0511312293064095,0.0594952108331998,-0.195193099456932,0.066993077129173,0.782782572843935
