"Posterior_Mean","Posterior_SD","Posterior_LB","Posterior_UB","prob"
-0.0116562707077864,0.0592396617278581,-0.155277656333601,0.105307742783396,0.556647751685966
