"Posterior_Mean","Posterior_SD","Posterior_LB","Posterior_UB","prob"
0.00482628685317115,0.0648728860915839,-0.171189820057537,0.141988370752668,0.44256387281496
