"Posterior_Mean","Posterior_SD","Posterior_LB","Posterior_UB","prob"
-0.00889933093697473,0.0425050672335895,-0.105931170527705,0.0803180406534379,0.566919813044306
