"Posterior_Mean","Posterior_SD","Posterior_LB","Posterior_UB","prob"
0.0669928555954756,0.0580606556620068,-0.056033225461199,0.175959509271311,0.12119560364871
