"Posterior_Mean","Posterior_SD","Posterior_LB","Posterior_UB","prob"
0.151890976973718,0.0555588620822099,0.0395139194967633,0.262307667282055,0.00359976456600501
