"Posterior_Mean","Posterior_SD","Posterior_LB","Posterior_UB","prob"
-0.124608816775347,0.044417390518476,-0.209787782110757,-0.0358106269980103,0.994546354223697
