"Posterior_Mean","Posterior_SD","Posterior_LB","Posterior_UB","prob"
0.09709576571201,0.054056757135066,-0.0248572426347983,0.219886522630171,0.0641355055584639
