"Posterior_Mean","Posterior_SD","Posterior_LB","Posterior_UB","prob"
0.0224242154981539,0.05858030127268,-0.0989712913820127,0.153522770546883,0.361309054496711
