"Posterior_Mean","Posterior_SD","Posterior_LB","Posterior_UB","prob"
0.158967894825656,0.076578230160019,0.00492481281354023,0.303886873796411,0.0200012988136207
