"Posterior_Mean","Posterior_SD","Posterior_LB","Posterior_UB","prob"
-0.00991853917108517,0.0576053992133231,-0.14295821999275,0.104915435247813,0.552725516946732
