"Posterior_Mean","Posterior_SD","Posterior_LB","Posterior_UB","prob"
0.0618224507765348,0.0543460634959736,-0.0450387892326472,0.168918087845832,0.129591926771125
