"Posterior_Mean","Posterior_SD","Posterior_LB","Posterior_UB","prob"
-0.0246552499434528,0.0665357580665107,-0.162172630046379,0.142703535562652,0.653062334528505
