"Posterior_Mean","Posterior_SD","Posterior_LB","Posterior_UB","prob"
-0.12470725412194,0.0440616229221223,-0.214008565201951,-0.0353679040025861,0.995741332158453
