"Posterior_Mean","Posterior_SD","Posterior_LB","Posterior_UB","prob"
-0.083042146163776,0.0428964970402519,-0.170524368774828,0.00310730152769632,0.967827735040642
