"Posterior_Mean","Posterior_SD","Posterior_LB","Posterior_UB","prob"
-0.0645668200549963,0.0463306767564097,-0.163759820477728,0.050691796563701,0.886119383254462
