"Posterior_Mean","Posterior_SD","Posterior_LB","Posterior_UB","prob"
-0.0810256620382954,0.0569638191154303,-0.19114414681214,0.0374060806083636,0.914701908878154
