"Posterior_Mean","Posterior_SD","Posterior_LB","Posterior_UB","prob"
-0.0567906667290258,0.0468823135801045,-0.151359978082746,0.0622549307542643,0.862079097802313
