"Posterior_Mean","Posterior_SD","Posterior_LB","Posterior_UB","prob"
-0.0370483467683617,0.0467907586992164,-0.13426007711697,0.0760285171482621,0.774770972410093
