"Posterior_Mean","Posterior_SD","Posterior_LB","Posterior_UB","prob"
-0.0817761846747691,0.0604132254116785,-0.200611401726954,0.0366571468090385,0.911601918563525
