"Posterior_Mean","Posterior_SD","Posterior_LB","Posterior_UB","prob"
-0.114619152130486,0.0780283404046366,-0.271309921640741,0.0416159905352234,0.920596185022799
