"Posterior_Mean","Posterior_SD","Posterior_LB","Posterior_UB","prob"
-0.139413133175847,0.0505100150759947,-0.249056222322154,-0.0170607084057024,0.987278556608669
