"Posterior_Mean","Posterior_SD","Posterior_LB","Posterior_UB","prob"
-0.0118218712905019,0.0565446975789045,-0.142984331202168,0.112132989719654,0.559434778460944
