"Posterior_Mean","Posterior_SD","Posterior_LB","Posterior_UB","prob"
0.0222813827479905,0.0888645768402021,-0.200151484468704,0.216175594814133,0.390534797537233
