"Posterior_Mean","Posterior_SD","Posterior_LB","Posterior_UB","prob"
-0.117559764182212,0.0680006585998421,-0.249710592464117,0.0213900753218853,0.955286966360735
