"Posterior_Mean","Posterior_SD","Posterior_LB","Posterior_UB","prob"
-0.0299876577772463,0.117161414671681,-0.248399425657125,0.209523448923366,0.607333452942285
