"Posterior_Mean","Posterior_SD","Posterior_LB","Posterior_UB","prob"
-0.031101700479239,0.0788095487504226,-0.206709183255457,0.181162353708191,0.65053853061026
