"Posterior_Mean","Posterior_SD","Posterior_LB","Posterior_UB","prob"
0.0184531449551972,0.0918002826325177,-0.162910209646579,0.206028036986066,0.41816548522918
