"Posterior_Mean","Posterior_SD","Posterior_LB","Posterior_UB","prob"
0.0461815201702795,0.081710062868793,-0.119345585270246,0.207566861906304,0.28542552872661
