"Posterior_Mean","Posterior_SD","Posterior_LB","Posterior_UB","prob"
-0.102408111440889,0.0652708076592271,-0.247832615583271,0.109840240405603,0.865596860175083
