"Posterior_Mean","Posterior_SD","Posterior_LB","Posterior_UB","prob"
0.047678319944991,0.0803726829033157,-0.12445337067923,0.254261447307418,0.318859889397986
