"Posterior_Mean","Posterior_SD","Posterior_LB","Posterior_UB","prob"
-0.0628780216877058,0.115888802264699,-0.295137532917192,0.162363340016335,0.706421122954703
