"Posterior_Mean","Posterior_SD","Posterior_LB","Posterior_UB","prob"
-0.0269632216170681,0.0917137979019901,-0.205735979127686,0.154370837177348,0.612809213369585
