"Posterior_Mean","Posterior_SD","Posterior_LB","Posterior_UB","prob"
0.02472013041555,0.113543062844835,-0.199045947923413,0.249441281245628,0.415502761683864
