"Posterior_Mean","Posterior_SD","Posterior_LB","Posterior_UB","prob"
-0.0667157293003395,0.0657970529746867,-0.195088811809055,0.0656933658126919,0.844546069776198
