"Posterior_Mean","Posterior_SD","Posterior_LB","Posterior_UB","prob"
0.0582653737975076,0.08658518647908,-0.131900441233532,0.220758186935412,0.244669320784434
