"Posterior_Mean","Posterior_SD","Posterior_LB","Posterior_UB","prob"
-0.111542095190805,0.0627393207014006,-0.248760254146227,0.0966645538344836,0.90076038470463
