"Posterior_Mean","Posterior_SD","Posterior_LB","Posterior_UB","prob"
-0.0126147966329997,0.0848705421471346,-0.181099448031767,0.154141407631443,0.555140558845767
