"Posterior_Mean","Posterior_SD","Posterior_LB","Posterior_UB","prob"
-0.00621541977222828,0.118729178118987,-0.237856621570912,0.229148125575359,0.520010262028176
