"Posterior_Mean","Posterior_SD","Posterior_LB","Posterior_UB","prob"
-0.0679992203056051,0.0705638061307966,-0.23885316586373,0.135186697505033,0.782816895929431
