"Posterior_Mean","Posterior_SD","Posterior_LB","Posterior_UB","prob"
-0.180365367636613,0.0870786930106495,-0.423791785349308,0.047076646389762,0.936253644557975
