"Posterior_Mean","Posterior_SD","Posterior_LB","Posterior_UB","prob"
0.0204710039111973,0.0851549160260715,-0.149865723642969,0.185907140409824,0.404986762807086
