"Posterior_Mean","Posterior_SD","Posterior_LB","Posterior_UB","prob"
0.0118236331604105,0.115607670065379,-0.214749392480718,0.235091859700525,0.462
