"Posterior_Mean","Posterior_SD","Posterior_LB","Posterior_UB","prob"
-0.197156125299532,0.1146174504901,-0.452175204131844,0.0358941733950377,0.945272947105196
