"Posterior_Mean","Posterior_SD","Posterior_LB","Posterior_UB","prob"
0.270878902285237,0.117487224949918,0.03584164573081,0.490406540830212,0.0105266862483254
