"Posterior_Mean","Posterior_SD","Posterior_LB","Posterior_UB","prob"
-0.18752835583438,0.0584138897179159,-0.302468325729674,-0.0696466781753086,0.998693504703091
