"Posterior_Mean","Posterior_SD","Posterior_LB","Posterior_UB","prob"
-0.0505234228464353,0.0735148712359793,-0.206652242709575,0.110706762762156,0.744213599245677
