"Posterior_Mean","Posterior_SD","Posterior_LB","Posterior_UB","prob"
0.0723594571350301,0.0866932040596905,-0.101327933626088,0.276864983173575,0.216988623964769
