"Posterior_Mean","Posterior_SD","Posterior_LB","Posterior_UB","prob"
-0.152716552010222,0.0841175191537029,-0.318747636449019,0.0255154532039183,0.95659427192926
