"Posterior_Mean","Posterior_SD","Posterior_LB","Posterior_UB","prob"
-0.0171207879735711,0.0674059819598055,-0.154729824330873,0.159984428166851,0.619586975706861
