"Posterior_Mean","Posterior_SD","Posterior_LB","Posterior_UB","prob"
-0.0353733599937719,0.0833738137607632,-0.206544363621551,0.135357527665138,0.662235923082255
