"Posterior_Mean","Posterior_SD","Posterior_LB","Posterior_UB","prob"
0.0316474423794448,0.102444633911892,-0.216136706679659,0.239173512314037,0.367458431700191
