"Posterior_Mean","Posterior_SD","Posterior_LB","Posterior_UB","prob"
0.0430988049651005,0.0836117510248524,-0.135166638584312,0.204574599434671,0.29767063360934
