"Posterior_Mean","Posterior_SD","Posterior_LB","Posterior_UB","prob"
0.129510228001677,0.112253057285747,-0.128354132846186,0.362453471819091,0.147111438512065
