"Posterior_Mean","Posterior_SD","Posterior_LB","Posterior_UB","prob"
-0.0493935345352,0.117857484689648,-0.286477554325327,0.18573551900412,0.669752467501378
