"Posterior_Mean","Posterior_SD","Posterior_LB","Posterior_UB","prob"
0.0221295616112419,0.0855087230943567,-0.188513803937341,0.221370420844705,0.415764630478974
