"Posterior_Mean","Posterior_SD","Posterior_LB","Posterior_UB","prob"
-0.193146934836414,0.06622852905021,-0.325637555526784,-0.0548747182960332,0.995994474117808
