"Posterior_Mean","Posterior_SD","Posterior_LB","Posterior_UB","prob"
0.0500377225124672,0.101638891387352,-0.149459404905752,0.272145433528639,0.325287626900477
