"Posterior_Mean","Posterior_SD","Posterior_LB","Posterior_UB","prob"
-0.084133810937147,0.101174139143788,-0.293445179037811,0.179380357498604,0.776016851424495
