"Posterior_Mean","Posterior_SD","Posterior_LB","Posterior_UB","prob"
-0.172056984553354,0.0712856268699962,-0.317684841306452,-0.0272126765329801,0.989905261896991
