"Posterior_Mean","Posterior_SD","Posterior_LB","Posterior_UB","prob"
0.0215503218825379,0.0888867455899409,-0.158409455332855,0.194263253414559,0.396534168952329
