"Posterior_Mean","Posterior_SD","Posterior_LB","Posterior_UB","prob"
-0.159187215982068,0.0719322543686083,-0.304324996456158,-0.0141954731616843,0.982706225989314
