"Posterior_Mean","Posterior_SD","Posterior_LB","Posterior_UB","prob"
-0.0504421450766788,0.0838985724179272,-0.215498600444233,0.116976793440279,0.729946748857386
