"Posterior_Mean","Posterior_SD","Posterior_LB","Posterior_UB","prob"
-0.145892060797453,0.0861821713210084,-0.32379027318786,0.0906370314244916,0.900911336137047
