"Posterior_Mean","Posterior_SD","Posterior_LB","Posterior_UB","prob"
0.0597535295685939,0.0848595565944681,-0.110190385810543,0.230690908339558,0.242017288216563
