"Posterior_Mean","Posterior_SD","Posterior_LB","Posterior_UB","prob"
0.0866383745616145,0.109492490319593,-0.136913162992287,0.306829446796446,0.219852793292512
