"Posterior_Mean","Posterior_SD","Posterior_LB","Posterior_UB","prob"
0.0405333024228519,0.0978628700717999,-0.212568101712995,0.253341997683314,0.342770130860982
