"Posterior_Mean","Posterior_SD","Posterior_LB","Posterior_UB","prob"
0.0283497244421516,0.084773619323787,-0.139529597039811,0.201961942423114,0.370520090249907
