"Posterior_Mean","Posterior_SD","Posterior_LB","Posterior_UB","prob"
-0.0803049980818976,0.107229773160202,-0.299426552946873,0.136960965008811,0.767339237802008
