"Posterior_Mean","Posterior_SD","Posterior_LB","Posterior_UB","prob"
-0.00530253535248653,0.0788987184918748,-0.15932646389946,0.201686232295264,0.562586814281032
