"Posterior_Mean","Posterior_SD","Posterior_LB","Posterior_UB","prob"
0.0730301484491455,0.0786229151081397,-0.0975804946259461,0.346135397625741,0.251658115186448
