"Posterior_Mean","Posterior_SD","Posterior_LB","Posterior_UB","prob"
0.0525082894635381,0.0916555352852619,-0.127076798286083,0.236942714089858,0.286996522812888
