"Posterior_Mean","Posterior_SD","Posterior_LB","Posterior_UB","prob"
-0.121356708386989,0.0627876815896182,-0.251775167775301,0.0226368851701064,0.955411247002593
