"Posterior_Mean","Posterior_SD","Posterior_LB","Posterior_UB","prob"
-0.19857733244051,0.0927491586516688,-0.379266258095458,0.020210247700169,0.966789392899798
