"Posterior_Mean","Posterior_SD","Posterior_LB","Posterior_UB","prob"
-0.0447408855434612,0.0845053527566047,-0.211536795627039,0.123779552850862,0.701982341902892
