"Posterior_Mean","Posterior_SD","Posterior_LB","Posterior_UB","prob"
0.00984461198218028,0.074072384857141,-0.143464422529364,0.250795390163776,0.513878479645557
