"Posterior_Mean","Posterior_SD","Posterior_LB","Posterior_UB","prob"
0.115907363814195,0.0952104385606185,-0.0881772065075763,0.304553667997591,0.113501780685194
