"Posterior_Mean","Posterior_SD","Posterior_LB","Posterior_UB","prob"
0.0397398214163232,0.118070841292934,-0.190970761180119,0.272719104739499,0.370666666666667
