"Posterior_Mean","Posterior_SD","Posterior_LB","Posterior_UB","prob"
0.00599949181399675,0.0908684117509396,-0.180586725836496,0.246127695439707,0.514164606398804
