"Posterior_Mean","Posterior_SD","Posterior_LB","Posterior_UB","prob"
-0.181525459611729,0.0796327463529768,-0.389505679981472,0.034852042049188,0.950281492784267
