"Posterior_Mean","Posterior_SD","Posterior_LB","Posterior_UB","prob"
0.0195598279132326,0.0871438545227549,-0.18783492451712,0.193237682347692,0.39155014147666
