"Posterior_Mean","Posterior_SD","Posterior_LB","Posterior_UB","prob"
-0.0330484369267158,0.108515373348394,-0.253926299743306,0.182076208756549,0.614784062563378
