"Posterior_Mean","Posterior_SD","Posterior_LB","Posterior_UB","prob"
-0.133217514452474,0.114126710464929,-0.359348379327857,0.0779654186096988,0.872672450522759
