"Posterior_Mean","Posterior_SD","Posterior_LB","Posterior_UB","prob"
-0.0652901825659585,0.0712794135536306,-0.206344865238985,0.0796935562751813,0.820735573806765
