"Posterior_Mean","Posterior_SD","Posterior_LB","Posterior_UB","prob"
-0.268681795470206,0.0665746140005387,-0.416429041387365,-0.0637254161002577,0.991160507032915
