"Posterior_Mean","Posterior_SD","Posterior_LB","Posterior_UB","prob"
0.00159851082199135,0.0939238706114263,-0.192562998681552,0.253335877498042,0.527367701956818
