"Posterior_Mean","Posterior_SD","Posterior_LB","Posterior_UB","prob"
0.0710023627678584,0.117180271940299,-0.159750068268397,0.295572786740607,0.271997214066104
