"Posterior_Mean","Posterior_SD","Posterior_LB","Posterior_UB","prob"
-0.0433799330095832,0.0961947052004539,-0.254727697852854,0.159910411381295,0.660132708275268
