"Posterior_Mean","Posterior_SD","Posterior_LB","Posterior_UB","prob"
-0.14308698646303,0.0730531503913515,-0.301205926145538,0.0801705070285431,0.917587636813756
