"Posterior_Mean","Posterior_SD","Posterior_LB","Posterior_UB","prob"
-0.133752856602733,0.0925957308334005,-0.32641010773844,0.0555453493494295,0.914685934407983
