"Posterior_Mean","Posterior_SD","Posterior_LB","Posterior_UB","prob"
-0.0638636236092066,0.0678894503734205,-0.19846717179532,0.0732003062862277,0.82507008721646
