"Posterior_Mean","Posterior_SD","Posterior_LB","Posterior_UB","prob"
-0.0722106409400044,0.0705889717163777,-0.232813015544465,0.109644698919666,0.802239854215657
