"Posterior_Mean","Posterior_SD","Posterior_LB","Posterior_UB","prob"
0.0413640173865982,0.0701954285693818,-0.112981923810415,0.183877613311919,0.275271374546334
