"Posterior_Mean","Posterior_SD","Posterior_LB","Posterior_UB","prob"
-0.265458565551341,0.0716243565566963,-0.412153528794743,-0.0664738730865881,0.988730035136121
