"Posterior_Mean","Posterior_SD","Posterior_LB","Posterior_UB","prob"
-0.0300275944434299,0.0866727948763154,-0.20292716921268,0.144205645497263,0.639365252572916
