"Posterior_Mean","Posterior_SD","Posterior_LB","Posterior_UB","prob"
-0.12432547833015,0.0640005459079868,-0.272144630224137,0.0448296027482677,0.936504397561754
