"Posterior_Mean","Posterior_SD","Posterior_LB","Posterior_UB","prob"
-0.146865676025227,0.0671078958480468,-0.277220624148073,-0.012734968443913,0.984577167271658
