"Posterior_Mean","Posterior_SD","Posterior_LB","Posterior_UB","prob"
-0.0333867052690952,0.0702601811008323,-0.192814033847686,0.133755962454228,0.662146743395576
