"Posterior_Mean","Posterior_SD","Posterior_LB","Posterior_UB","prob"
-0.223791612624425,0.0864032196772833,-0.412345596032594,-0.0332360337570089,0.988774962347052
