"Posterior_Mean","Posterior_SD","Posterior_LB","Posterior_UB","prob"
-0.192779182557581,0.0813380589414757,-0.360203671973778,-0.0123420314942346,0.979110918586682
