"Posterior_Mean","Posterior_SD","Posterior_LB","Posterior_UB","prob"
-0.00729801824796222,0.0847137899693058,-0.182619123948357,0.157766469081871,0.530829901051059
