"Posterior_Mean","Posterior_SD","Posterior_LB","Posterior_UB","prob"
0.0183869818880864,0.0979948953011616,-0.179426652169295,0.237419181107736,0.44542762068771
