"Posterior_Mean","Posterior_SD","Posterior_LB","Posterior_UB","prob"
0.0164333480701911,0.080547062772104,-0.198901984275666,0.216144674347164,0.425553383085961
