"Posterior_Mean","Posterior_SD","Posterior_LB","Posterior_UB","prob"
0.0536265069483972,0.0708713314064842,-0.101296805151999,0.251308820389378,0.281258736767852
