"Posterior_Mean","Posterior_SD","Posterior_LB","Posterior_UB","prob"
0.0781335476566383,0.0858879053922156,-0.118672193719415,0.245821375516543,0.186552023816491
