"Posterior_Mean","Posterior_SD","Posterior_LB","Posterior_UB","prob"
-0.132408549192658,0.0637519651669348,-0.307887387170045,0.0501612106431809,0.930794135763235
