"Posterior_Mean","Posterior_SD","Posterior_LB","Posterior_UB","prob"
0.153008674226725,0.109320045202429,-0.0972172742456075,0.386032965109774,0.103587370242802
