"Posterior_Mean","Posterior_SD","Posterior_LB","Posterior_UB","prob"
-0.171206854805272,0.0628547198142091,-0.310426058094526,-0.0251310809521926,0.987992253865139
