"Posterior_Mean","Posterior_SD","Posterior_LB","Posterior_UB","prob"
-0.053191108284167,0.0780494926301685,-0.209230567300887,0.116879860884052,0.754483329918318
