"Posterior_Mean","Posterior_SD","Posterior_LB","Posterior_UB","prob"
-0.109410492399114,0.0841917933782475,-0.36193351145721,0.095771264522487,0.83811246155867
