"Posterior_Mean","Posterior_SD","Posterior_LB","Posterior_UB","prob"
-0.0947242295441335,0.0697394308061682,-0.259825342654242,0.111837050753067,0.836737782407842
