"Posterior_Mean","Posterior_SD","Posterior_LB","Posterior_UB","prob"
0.0958772354480548,0.113083199367511,-0.122660851870459,0.312455163561,0.199314540758636
