"Posterior_Mean","Posterior_SD","Posterior_LB","Posterior_UB","prob"
-0.0033554274036592,0.0575033543914948,-0.133751770349484,0.126834567709645,0.52541343617862
