"Posterior_Mean","Posterior_SD","Posterior_LB","Posterior_UB","prob"
-0.0053571198728676,0.0835091659870528,-0.17625151175258,0.158392487169235,0.518833893631695
