"Posterior_Mean","Posterior_SD","Posterior_LB","Posterior_UB","prob"
-0.122451808780595,0.0595536680704382,-0.243781633281217,0.00642176542526965,0.968438801228666
