"Posterior_Mean","Posterior_SD","Posterior_LB","Posterior_UB","prob"
-0.159403281249527,0.0733774850365135,-0.331087971271805,-0.00411570091736492,0.977239291379919
