"Posterior_Mean","Posterior_SD","Posterior_LB","Posterior_UB","prob"
-0.167935161491827,0.0897418822059682,-0.361468992363206,0.081142401376445,0.921501305361625
