"Posterior_Mean","Posterior_SD","Posterior_LB","Posterior_UB","prob"
-0.0837929840092038,0.0912398180412206,-0.276635577501429,0.179601247855567,0.805355457712393
