"Posterior_Mean","Posterior_SD","Posterior_LB","Posterior_UB","prob"
0.0907966038799486,0.106598328642888,-0.147802999721953,0.348231967211587,0.264877023079339
