"Posterior_Mean","Posterior_SD","Posterior_LB","Posterior_UB","prob"
-0.0981685176125701,0.0987537517251931,-0.310192274939085,0.141117338614789,0.814563668065542
