"Posterior_Mean","Posterior_SD","Posterior_LB","Posterior_UB","prob"
-0.212267436778939,0.0727994078882997,-0.356093620122226,-0.0506145852004791,0.991403919028185
