"Posterior_Mean","Posterior_SD","Posterior_LB","Posterior_UB","prob"
-0.202610730759802,0.066204900229695,-0.33195178031958,-0.0671801766371373,0.99662455915835
