"Posterior_Mean","Posterior_SD","Posterior_LB","Posterior_UB","prob"
-0.066877148339082,0.0699569385042585,-0.21944822873589,0.130844254836348,0.804335323080747
