"Posterior_Mean","Posterior_SD","Posterior_LB","Posterior_UB","prob"
0.138731732289649,0.106714838751915,-0.0675822478183488,0.35545098384793,0.10051763592504
