"Posterior_Mean","Posterior_SD","Posterior_LB","Posterior_UB","prob"
0.14473789190523,0.0880792210734273,-0.0528440653623842,0.316355502219149,0.0617412086324001
