"Posterior_Mean","Posterior_SD","Posterior_LB","Posterior_UB","prob"
-0.190231035524272,0.0573423478595417,-0.307018531419262,-0.0462356700876017,0.994317324360799
