"Posterior_Mean","Posterior_SD","Posterior_LB","Posterior_UB","prob"
-0.0065470821631542,0.11687690735707,-0.233220548769763,0.231536889658859,0.52463116332062
