"Posterior_Mean","Posterior_SD","Posterior_LB","Posterior_UB","prob"
-0.152413566784994,0.0679518114464741,-0.285263048946424,0.00255338728556037,0.973966141598826
