"Posterior_Mean","Posterior_SD","Posterior_LB","Posterior_UB","prob"
-0.125909006988773,0.0609034735444311,-0.248292051307726,0.0071973210551317,0.968803133155653
