"Posterior_Mean","Posterior_SD","Posterior_LB","Posterior_UB","prob"
0.0458698974816201,0.0713647210786392,-0.101894538438498,0.257654961068599,0.307640074873297
