"Posterior_Mean","Posterior_SD","Posterior_LB","Posterior_UB","prob"
-0.0112175113573124,0.0650510153886222,-0.140257832801549,0.129704109696617,0.57123936880909
