"Posterior_Mean","Posterior_SD","Posterior_LB","Posterior_UB","prob"
0.151639612273255,0.084459008111458,-0.0141465296269155,0.319470436480398,0.0367275790011469
