"Posterior_Mean","Posterior_SD","Posterior_LB","Posterior_UB","prob"
0.161401899979878,0.110022317612231,-0.0800668866495381,0.40330047839069,0.0834192391193122
