"Posterior_Mean","Posterior_SD","Posterior_LB","Posterior_UB","prob"
0.0445848516635655,0.0809897587968267,-0.144223227845858,0.22791161187037,0.305914051645591
