"Posterior_Mean","Posterior_SD","Posterior_LB","Posterior_UB","prob"
0.098712302151015,0.085052369031825,-0.0908268928524095,0.285393840728932,0.153757713462366
