"Posterior_Mean","Posterior_SD","Posterior_LB","Posterior_UB","prob"
-0.208162842804746,0.0880338111664077,-0.384257799285087,-0.0331421152476227,0.98788596957927
