"Posterior_Mean","Posterior_SD","Posterior_LB","Posterior_UB","prob"
-0.152056142980014,0.0652344043654214,-0.313972316289022,0.0739499984203837,0.927980724416954
