"Posterior_Mean","Posterior_SD","Posterior_LB","Posterior_UB","prob"
0.260362278712948,0.0834986975963821,0.0954923791940438,0.425116703378309,0.00111948491261764
