"Posterior_Mean","Posterior_SD","Posterior_LB","Posterior_UB","prob"
-0.125865379266563,0.119962809383733,-0.363577635705258,0.110678501767863,0.855833333333333
