"Posterior_Mean","Posterior_SD","Posterior_LB","Posterior_UB","prob"
-0.178153903295986,0.0678999733662373,-0.326677196455313,0.0142977647661199,0.968053422616593
