"Posterior_Mean","Posterior_SD","Posterior_LB","Posterior_UB","prob"
0.00726716260240709,0.116588424302379,-0.216782645117634,0.235520074991246,0.481162279374382
