"Posterior_Mean","Posterior_SD","Posterior_LB","Posterior_UB","prob"
0.0756435300062853,0.120739407635644,-0.162562700077093,0.312535037592941,0.265166666666667
