"Posterior_Mean","Posterior_SD","Posterior_LB","Posterior_UB","prob"
-0.0444742389985244,0.0700953742908863,-0.188751320406751,0.112914088021013,0.738201580688567
