"Posterior_Mean","Posterior_SD","Posterior_LB","Posterior_UB","prob"
0.154747460797051,0.114096904349693,-0.0709163914405764,0.385812871458247,0.0848338830192773
