"Posterior_Mean","Posterior_SD","Posterior_LB","Posterior_UB","prob"
-0.0351067591107658,0.0844672918196348,-0.229312308253285,0.187768589893476,0.644599375537875
