"Posterior_Mean","Posterior_SD","Posterior_LB","Posterior_UB","prob"
-0.257784730604439,0.0781357372603344,-0.420202972942966,-0.00167495434676063,0.975733107499069
