"Posterior_Mean","Posterior_SD","Posterior_LB","Posterior_UB","prob"
0.0969685059012693,0.0865032639676278,-0.0958687493184184,0.267916935567262,0.139963809580109
