"Posterior_Mean","Posterior_SD","Posterior_LB","Posterior_UB","prob"
-0.0769297742642191,0.0803325710162637,-0.318210350054257,0.140094236117406,0.727409414200016
