"Posterior_Mean","Posterior_SD","Posterior_LB","Posterior_UB","prob"
-0.0751015894467787,0.0777757040163981,-0.2638582429582,0.109865657422663,0.772312079223889
