"Posterior_Mean","Posterior_SD","Posterior_LB","Posterior_UB","prob"
0.0530139116208323,0.0845518243021769,-0.108409706515413,0.226617743869749,0.267708405721471
