"Posterior_Mean","Posterior_SD","Posterior_LB","Posterior_UB","prob"
0.0531361156752175,0.094026631544498,-0.154750594505125,0.259594469931612,0.30276631481478
