"Posterior_Mean","Posterior_SD","Posterior_LB","Posterior_UB","prob"
-0.0585192491892563,0.0832462235291904,-0.223107717931576,0.110510495953882,0.76483593700396
