"Posterior_Mean","Posterior_SD","Posterior_LB","Posterior_UB","prob"
0.224139553094565,0.114797690374304,0.00297437321132475,0.448983577461332,0.0243333333333333
