"Posterior_Mean","Posterior_SD","Posterior_LB","Posterior_UB","prob"
0.151314737434627,0.0888812293621983,-0.0320068857940111,0.342099733731176,0.0460306892456067
