"Posterior_Mean","Posterior_SD","Posterior_LB","Posterior_UB","prob"
-0.211222864747306,0.0684752363454253,-0.345844966297128,-0.0725288061788302,0.996837235271726
