"Posterior_Mean","Posterior_SD","Posterior_LB","Posterior_UB","prob"
0.00526041064475709,0.0917820591981651,-0.204369732364575,0.193692774410836,0.463468182164419
