"Posterior_Mean","Posterior_SD","Posterior_LB","Posterior_UB","prob"
0.254245827782757,0.0942907673120125,0.059046303127407,0.443824059644062,0.00645825969650377
