"Posterior_Mean","Posterior_SD","Posterior_LB","Posterior_UB","prob"
-0.0186515948801815,0.110382986628614,-0.271657675614163,0.233816302993596,0.549134989844095
