"Posterior_Mean","Posterior_SD","Posterior_LB","Posterior_UB","prob"
0.122730292945195,0.0929752491623529,-0.143613812595933,0.322934340612843,0.140595380807748
