"Posterior_Mean","Posterior_SD","Posterior_LB","Posterior_UB","prob"
0.014003919916428,0.0931862519948625,-0.172672063866799,0.197414214639314,0.440546214651554
