"Posterior_Mean","Posterior_SD","Posterior_LB","Posterior_UB","prob"
0.0974398081476214,0.108161427976871,-0.120917380225154,0.349869654721749,0.222712376406568
