"Posterior_Mean","Posterior_SD","Posterior_LB","Posterior_UB","prob"
-0.125443679136217,0.0691499762219782,-0.265903872610089,0.0144326359848973,0.962551207376725
