"Posterior_Mean","Posterior_SD","Posterior_LB","Posterior_UB","prob"
0.0771376977459966,0.0842024932935908,-0.16971044630181,0.289985574697185,0.251621263819761
