"Posterior_Mean","Posterior_SD","Posterior_LB","Posterior_UB","prob"
-0.163211644177525,0.115621311285358,-0.40734456704197,0.0771092642986756,0.909846539249968
