"Posterior_Mean","Posterior_SD","Posterior_LB","Posterior_UB","prob"
-0.0896616025536015,0.080454598328668,-0.295732113129259,0.102399309842042,0.816054992308746
