"Posterior_Mean","Posterior_SD","Posterior_LB","Posterior_UB","prob"
-0.00386600260529849,0.0680504138928781,-0.141384369046415,0.140207173102374,0.532929627461451
