"Posterior_Mean","Posterior_SD","Posterior_LB","Posterior_UB","prob"
0.00613468103842639,0.0864371664306709,-0.159388819186833,0.187186142521394,0.485366360437319
