"Posterior_Mean","Posterior_SD","Posterior_LB","Posterior_UB","prob"
-0.1856893541054,0.0923492954527902,-0.365758760456736,0.022628882725327,0.962900579624373
