"Posterior_Mean","Posterior_SD","Posterior_LB","Posterior_UB","prob"
-0.159510232711091,0.0580604534143865,-0.273085640548128,-0.0428013620077546,0.99590318714584
