"Posterior_Mean","Posterior_SD","Posterior_LB","Posterior_UB","prob"
0.0964954418864313,0.0853317835103429,-0.0706304496544399,0.263765211785617,0.129147827968203
