"Posterior_Mean","Posterior_SD","Posterior_LB","Posterior_UB","prob"
-0.137001653572938,0.067755238994512,-0.327301804512567,0.0951701663127769,0.902617895357883
