"Posterior_Mean","Posterior_SD","Posterior_LB","Posterior_UB","prob"
0.0601096329969512,0.0707064933843368,-0.0903753628161204,0.231737230130554,0.222856431899804
