"Posterior_Mean","Posterior_SD","Posterior_LB","Posterior_UB","prob"
-0.00500255434554303,0.0868513070067299,-0.188289244033025,0.167053046450888,0.511546320186173
