"Posterior_Mean","Posterior_SD","Posterior_LB","Posterior_UB","prob"
-0.0155776063743349,0.115839238451566,-0.242371941115985,0.216795077648198,0.5595
