"Posterior_Mean","Posterior_SD","Posterior_LB","Posterior_UB","prob"
-0.125755429306695,0.0619757662416456,-0.260902477074893,0.00804074506085502,0.968497848489604
