"Posterior_Mean","Posterior_SD","Posterior_LB","Posterior_UB","prob"
0.00571425002923234,0.0841761279540372,-0.19044618043548,0.176230121748128,0.466931159739108
