"Posterior_Mean","Posterior_SD","Posterior_LB","Posterior_UB","prob"
0.206270797342405,0.103880893842194,0.00463918333141496,0.429954805093593,0.0224892088853485
