"Posterior_Mean","Posterior_SD","Posterior_LB","Posterior_UB","prob"
-0.0221079899632333,0.0805878163491967,-0.205270543554734,0.197251156249701,0.612506365138049
