"Posterior_Mean","Posterior_SD","Posterior_LB","Posterior_UB","prob"
0.0717123643044938,0.115564818175214,-0.15582887751544,0.296499099618181,0.2675
