"Posterior_Mean","Posterior_SD","Posterior_LB","Posterior_UB","prob"
0.125551559854297,0.0965169345953996,-0.0992385856667172,0.330128851214244,0.121839713715282
