"Posterior_Mean","Posterior_SD","Posterior_LB","Posterior_UB","prob"
0.118418420338045,0.0856253540336416,-0.180463151345309,0.324981526499497,0.172950344588825
