"Posterior_Mean","Posterior_SD","Posterior_LB","Posterior_UB","prob"
-0.00189909078257235,0.0832602486347152,-0.163413962255186,0.164352153812922,0.511089550388849
