"Posterior_Mean","Posterior_SD","Posterior_LB","Posterior_UB","prob"
-0.0662396000561387,0.0815215890681236,-0.255188487272412,0.110059552979039,0.760519284171366
