"Posterior_Mean","Posterior_SD","Posterior_LB","Posterior_UB","prob"
-0.237585798831949,0.0580230088331669,-0.355167307036218,-0.124174689108382,0.999990909613975
