"Posterior_Mean","Posterior_SD","Posterior_LB","Posterior_UB","prob"
-0.186994640180845,0.0847952035199405,-0.360924893219446,0.0469091167544991,0.953734354302177
