"Posterior_Mean","Posterior_SD","Posterior_LB","Posterior_UB","prob"
-0.096893859948852,0.072613642697365,-0.247257015873003,0.0489919364699582,0.902821090424377
