"Posterior_Mean","Posterior_SD","Posterior_LB","Posterior_UB","prob"
-0.0451637648050791,0.119761462141713,-0.282564964122632,0.192692389017694,0.652
