"Posterior_Mean","Posterior_SD","Posterior_LB","Posterior_UB","prob"
0.0592457533830579,0.0930368376089406,-0.137693242527709,0.318168935866793,0.329582597033384
