"Posterior_Mean","Posterior_SD","Posterior_LB","Posterior_UB","prob"
-0.29990968704145,0.094464291736632,-0.506671175780179,-0.0121318485612792,0.979508117488725
