"Posterior_Mean","Posterior_SD","Posterior_LB","Posterior_UB","prob"
0.0854996508825847,0.114626243266812,-0.134230913480908,0.308390596542135,0.234166666666667
