"Posterior_Mean","Posterior_SD","Posterior_LB","Posterior_UB","prob"
-0.0650373023819534,0.0599425590603702,-0.187485914952533,0.0626717015175237,0.852968702885399
