"Posterior_Mean","Posterior_SD","Posterior_LB","Posterior_UB","prob"
-0.11027702217093,0.0597417245358488,-0.227327031811752,0.005812535278148,0.968732297114914
