"Posterior_Mean","Posterior_SD","Posterior_LB","Posterior_UB","prob"
-0.0429957638943972,0.0849685258025689,-0.208053397990665,0.136500058994402,0.696762506635734
