"Posterior_Mean","Posterior_SD","Posterior_LB","Posterior_UB","prob"
0.127072856629843,0.0787228497435988,-0.0335691991725593,0.305418857226889,0.057073877203995
