"Posterior_Mean","Posterior_SD","Posterior_LB","Posterior_UB","prob"
-0.088405755508721,0.0743627097367717,-0.250210771346397,0.104610812759414,0.845445572794945
