"Posterior_Mean","Posterior_SD","Posterior_LB","Posterior_UB","prob"
0.0630420897076638,0.0735735103629508,-0.0939607359383709,0.234290067728445,0.222018506745916
