"Posterior_Mean","Posterior_SD","Posterior_LB","Posterior_UB","prob"
-0.176050016369669,0.0678425315593444,-0.391197328367161,0.0133554254238037,0.963510953186341
