"Posterior_Mean","Posterior_SD","Posterior_LB","Posterior_UB","prob"
0.200070974453532,0.099713997760675,-0.00265334202286065,0.426628982553135,0.0266132009807657
