"Posterior_Mean","Posterior_SD","Posterior_LB","Posterior_UB","prob"
-0.156759931047029,0.0883323013434547,-0.331765957521607,0.0320986363761248,0.954900956398206
