"Posterior_Mean","Posterior_SD","Posterior_LB","Posterior_UB","prob"
0.161172115511869,0.114420283416618,-0.0626007086856778,0.389981079130764,0.0772157235011775
