"Posterior_Mean","Posterior_SD","Posterior_LB","Posterior_UB","prob"
-0.0514196510865377,0.0830972737907133,-0.215612581283778,0.115395104301746,0.73127002896096
