"Posterior_Mean","Posterior_SD","Posterior_LB","Posterior_UB","prob"
0.0912454756150553,0.0849905883229375,-0.0771044122948221,0.260221440990762,0.141479906720605
