"Posterior_Mean","Posterior_SD","Posterior_LB","Posterior_UB","prob"
-0.174462517237573,0.0608934097539962,-0.298178963630195,-0.0234885092743809,0.985559357764367
