"Posterior_Mean","Posterior_SD","Posterior_LB","Posterior_UB","prob"
0.0996037953951866,0.0839511998589734,-0.0623710291041709,0.270856367171272,0.108616424097579
