"Posterior_Mean","Posterior_SD","Posterior_LB","Posterior_UB","prob"
0.0370032716124393,0.118416879023236,-0.203483286546447,0.277195369467747,0.366886484451212
