"Posterior_Mean","Posterior_SD","Posterior_LB","Posterior_UB","prob"
-0.13357382090878,0.0826141483350853,-0.305195840571469,0.0380809540269086,0.945077900837468
