"Posterior_Mean","Posterior_SD","Posterior_LB","Posterior_UB","prob"
-0.108174921781587,0.0681552375813432,-0.253882048232571,0.0386346902798298,0.932767013047649
