"Posterior_Mean","Posterior_SD","Posterior_LB","Posterior_UB","prob"
-0.0407403149216071,0.101370936017821,-0.248477451234496,0.200399381249546,0.670845389125192
