"Posterior_Mean","Posterior_SD","Posterior_LB","Posterior_UB","prob"
-0.0365002170227743,0.0735298059389623,-0.206745864342018,0.116611195883165,0.66718445207425
