"Posterior_Mean","Posterior_SD","Posterior_LB","Posterior_UB","prob"
-0.0788049207025433,0.0709098552026929,-0.219467187879891,0.0776302410528918,0.862767816792271
