"Posterior_Mean","Posterior_SD","Posterior_LB","Posterior_UB","prob"
0.00328224056305961,0.0851805150203631,-0.183740570143909,0.181654834108408,0.48163571178066
