"Posterior_Mean","Posterior_SD","Posterior_LB","Posterior_UB","prob"
-0.230253780860068,0.0671123314964054,-0.363797651510253,-0.0955512445612081,0.999384512168588
