"Posterior_Mean","Posterior_SD","Posterior_LB","Posterior_UB","prob"
-0.201726204182912,0.0813315234590562,-0.363258183456841,-0.00994919186916989,0.978109823971206
