"Posterior_Mean","Posterior_SD","Posterior_LB","Posterior_UB","prob"
0.0181457481485276,0.0862070559349121,-0.158574755715785,0.196235492790374,0.412613648609233
