"Posterior_Mean","Posterior_SD","Posterior_LB","Posterior_UB","prob"
-0.0330010358830201,0.0730190464495817,-0.184783598229542,0.15171062840699,0.67367088180305
