"Posterior_Mean","Posterior_SD","Posterior_LB","Posterior_UB","prob"
-0.0758896026174182,0.083597632962694,-0.237737224136876,0.0970430151064946,0.818668931424684
