"Posterior_Mean","Posterior_SD","Posterior_LB","Posterior_UB","prob"
-0.292556777810729,0.0683391407376844,-0.430553529217442,-0.11656086379606,0.996049922682517
