"Posterior_Mean","Posterior_SD","Posterior_LB","Posterior_UB","prob"
0.106968307737411,0.0876534659121541,-0.0667240152583498,0.282584437293793,0.108447997485251
