"Posterior_Mean","Posterior_SD","Posterior_LB","Posterior_UB","prob"
0.0111319358767857,0.0990312759817234,-0.230326820148964,0.286519530965154,0.486965121882193
