"Posterior_Mean","Posterior_SD","Posterior_LB","Posterior_UB","prob"
-0.00859678308468767,0.104501163183341,-0.245543168341893,0.2083425118877,0.511543367489828
