"Posterior_Mean","Posterior_SD","Posterior_LB","Posterior_UB","prob"
0.0991464792228247,0.0867439731636558,-0.0708389842953961,0.28129311492625,0.125366932572456
