"Posterior_Mean","Posterior_SD","Posterior_LB","Posterior_UB","prob"
-0.135021863099455,0.067357521299795,-0.277753783651745,0.0179252002762146,0.961371260206445
