"Posterior_Mean","Posterior_SD","Posterior_LB","Posterior_UB","prob"
0.00778928675789665,0.06809045603279,-0.157064962955352,0.155610738737935,0.440197638955495
