"Posterior_Mean","Posterior_SD","Posterior_LB","Posterior_UB","prob"
-0.256686127418109,0.0769864639448881,-0.42283296796172,-0.0694524789006294,0.993361349202087
