"Posterior_Mean","Posterior_SD","Posterior_LB","Posterior_UB","prob"
0.0924909259289974,0.0844575111468167,-0.0739289851738856,0.259700431267705,0.140884736750581
