"Posterior_Mean","Posterior_SD","Posterior_LB","Posterior_UB","prob"
-0.120378323760907,0.0653777847805839,-0.265651151750257,0.0429780216045121,0.927436714388107
