"Posterior_Mean","Posterior_SD","Posterior_LB","Posterior_UB","prob"
-0.00142807150260021,0.0944580067545168,-0.188155089249937,0.197873651807934,0.513662773272336
