"Posterior_Mean","Posterior_SD","Posterior_LB","Posterior_UB","prob"
0.0621142913554148,0.0713461441728094,-0.0762035784461394,0.204587867668116,0.196308157819606
