"Posterior_Mean","Posterior_SD","Posterior_LB","Posterior_UB","prob"
-0.0349982255286718,0.0655835378326849,-0.179985309640211,0.162199663571376,0.706543423379346
