"Posterior_Mean","Posterior_SD","Posterior_LB","Posterior_UB","prob"
-0.157092765605404,0.0605307473633405,-0.283777445278087,-0.0360153274224341,0.992135627853908
