"Posterior_Mean","Posterior_SD","Posterior_LB","Posterior_UB","prob"
0.148687465695779,0.113698083916054,-0.0910760516652574,0.383931203775528,0.118003180265314
