"Posterior_Mean","Posterior_SD","Posterior_LB","Posterior_UB","prob"
0.0494725161139022,0.0780235611810333,-0.113818479440457,0.228936094166221,0.300379883886925
