"Posterior_Mean","Posterior_SD","Posterior_LB","Posterior_UB","prob"
-0.0598035949921918,0.0936574534134764,-0.298538481544917,0.197103001938981,0.683457411793327
