"Posterior_Mean","Posterior_SD","Posterior_LB","Posterior_UB","prob"
-0.194389667580672,0.0967736515821492,-0.418196650309582,0.110211596981958,0.900906965940235
