"Posterior_Mean","Posterior_SD","Posterior_LB","Posterior_UB","prob"
0.119371445711881,0.0919462913688695,-0.0967211191894467,0.299743054712266,0.100524269527963
