"Posterior_Mean","Posterior_SD","Posterior_LB","Posterior_UB","prob"
0.0102376151396784,0.100104932245138,-0.218567686142036,0.209011218334164,0.437913422950675
