"Posterior_Mean","Posterior_SD","Posterior_LB","Posterior_UB","prob"
-0.114742860721595,0.0701587218521261,-0.26198273001099,0.0653674521314025,0.916439455465285
