"Posterior_Mean","Posterior_SD","Posterior_LB","Posterior_UB","prob"
0.0671115457106384,0.0879204193646012,-0.115282862814073,0.266141918525525,0.237654544368306
