"Posterior_Mean","Posterior_SD","Posterior_LB","Posterior_UB","prob"
0.137319048054796,0.116180561560648,-0.0927043939336329,0.362609953362592,0.121519456905742
