"Posterior_Mean","Posterior_SD","Posterior_LB","Posterior_UB","prob"
-0.145859525875689,0.0604676331642129,-0.272810320882175,-0.0165144678375947,0.985238161244462
