"","Posterior_Mean","Posterior_SD","Posterior_LB","Posterior_UB"
"1",0.047591674878638,0.0414708484332808,-0.0305071513894707,0.131359000512314
