"","Posterior_Mean","Posterior_SD","Posterior_LB","Posterior_UB"
"1",0.0691934450387749,0.0381645494245172,-0.00936975511726612,0.144002581643977
