"","Posterior_Mean","Posterior_SD","Posterior_LB","Posterior_UB"
"1",-0.0101687656634906,0.0414503582618981,-0.092827259029158,0.0709880946369388
