"","Posterior_Mean","Posterior_SD","Posterior_LB","Posterior_UB"
"1",0.049871698185224,0.0404152908086693,-0.0296192480161949,0.129265807886982
