"","Posterior_Mean","Posterior_SD","Posterior_LB","Posterior_UB"
"1",0.0114193569285611,0.0411825291426532,-0.0708811274672729,0.0895976485767322
