"","Posterior_Mean","Posterior_SD","Posterior_LB","Posterior_UB"
"1",-0.0267555933556144,0.0381228445974634,-0.101432560895479,0.0475052967434612
