"","Posterior_Mean","Posterior_SD","Posterior_LB","Posterior_UB"
"1",0.00942490760855689,0.0406574655237683,-0.0706241193071104,0.0870562714270292
