"","Posterior_Mean","Posterior_SD","Posterior_LB","Posterior_UB"
"1",-0.0173311791772778,0.0395607305799966,-0.0961261009647161,0.0583472107651413
