"","Posterior_Mean","Posterior_SD","Posterior_LB","Posterior_UB"
"1",0.0211834096684585,0.039156492355863,-0.0571428698625121,0.0986797603897988
