"","Posterior_Mean","Posterior_SD","Posterior_LB","Posterior_UB"
"1",-0.0452481293131504,0.0397738782441552,-0.120515655532524,0.0330231749649761
