"","Posterior_Mean","Posterior_SD","Posterior_LB","Posterior_UB"
"1",0.0184705653611028,0.0391351596267185,-0.0586904193601228,0.0954216109935262
