"","Posterior_Mean","Posterior_SD","Posterior_LB","Posterior_UB"
"1",0.0013317909488894,0.0390880896487036,-0.0783232339593818,0.0771590687802411
