"","Posterior_Mean","Posterior_SD","Posterior_LB","Posterior_UB"
"1",-0.0511203644629218,0.0398933214471723,-0.133336650306021,0.0244717976689105
