"","Posterior_Mean","Posterior_SD","Posterior_LB","Posterior_UB"
"1",-0.00463603503989291,0.0401187141006174,-0.0834275073713159,0.0747268688327575
