"Posterior_Mean","Posterior_SD","Posterior_LB","Posterior_UB","prob"
-0.270824713739859,0.13416084302049,-0.606252148180855,0.00116381653544206,0.97394749318712
