"Posterior_Mean","Posterior_SD","Posterior_LB","Posterior_UB","prob"
-0.0171279089926256,0.154009849235813,-0.344374057679727,0.347080377630779,0.54746089517681
