"Posterior_Mean","Posterior_SD","Posterior_LB","Posterior_UB","prob"
0.0692911651998766,0.163917663438212,-0.26027838334521,0.398020081622083,0.358433518951076
