"Posterior_Mean","Posterior_SD","Posterior_LB","Posterior_UB","prob"
-0.212204368407763,0.135803085853921,-0.482726490504009,0.115142185934912,0.917719825060438
