"Posterior_Mean","Posterior_SD","Posterior_LB","Posterior_UB","prob"
-0.183671384851728,0.127755976448624,-0.448524966069821,0.0836709959483526,0.916390806825238
