"Posterior_Mean","Posterior_SD","Posterior_LB","Posterior_UB","prob"
-0.298414655266319,0.12930248157618,-0.557092578962129,-0.00374290683647017,0.975068197706661
