"Posterior_Mean","Posterior_SD","Posterior_LB","Posterior_UB","prob"
0.0205761610913227,0.166216538512481,-0.318524364806906,0.374463874498427,0.449670361820676
