"Posterior_Mean","Posterior_SD","Posterior_LB","Posterior_UB","prob"
-0.0159536452203756,0.138195380343572,-0.347798016639309,0.363294646992518,0.541366853361637
