"Posterior_Mean","Posterior_SD","Posterior_LB","Posterior_UB","prob"
-0.262005013122561,0.122865111652974,-0.500838537951122,0.033838081134397,0.960109927423927
