"Posterior_Mean","Posterior_SD","Posterior_LB","Posterior_UB","prob"
0.00170478557352522,0.124251915636662,-0.28516455497498,0.255918816040169,0.484322402896198
