"Posterior_Mean","Posterior_SD","Posterior_LB","Posterior_UB","prob"
-0.0226594663154405,0.134578993207864,-0.297521864767354,0.30651734910216,0.59376524871828
