"Posterior_Mean","Posterior_SD","Posterior_LB","Posterior_UB","prob"
-0.122262550247102,0.121877969656383,-0.369778636804866,0.134162461038,0.841555158863027
