"Posterior_Mean","Posterior_SD","Posterior_LB","Posterior_UB","prob"
0.0178823764742776,0.132288528910706,-0.257246904317406,0.357173933426596,0.486373958359507
