"Posterior_Mean","Posterior_SD","Posterior_LB","Posterior_UB","prob"
-0.0232253156700406,0.145930893876538,-0.335315725881595,0.290167406147033,0.553021699555751
