"Posterior_Mean","Posterior_SD","Posterior_LB","Posterior_UB","prob"
-0.0439838560363115,0.16506019807343,-0.3670422937851,0.271839190638007,0.605166666666667
