"Posterior_Mean","Posterior_SD","Posterior_LB","Posterior_UB","prob"
-0.00323734924511875,0.0866947860241566,-0.191776232531738,0.174291166476028,0.502474359813609
