"Posterior_Mean","Posterior_SD","Posterior_LB","Posterior_UB","prob"
-0.0221194474863646,0.147063535448042,-0.318719198649163,0.28017469215951,0.560462778373918
