"Posterior_Mean","Posterior_SD","Posterior_LB","Posterior_UB","prob"
-0.228671349495213,0.09465491913833,-0.428847947839728,-0.0205098304564764,0.982965607027249
