"Posterior_Mean","Posterior_SD","Posterior_LB","Posterior_UB","prob"
0.10507416630958,0.169187754866027,-0.218743699588597,0.433270318067777,0.271833333333333
