"Posterior_Mean","Posterior_SD","Posterior_LB","Posterior_UB","prob"
-0.118841235132927,0.131962038120552,-0.398676192453346,0.134527526223145,0.814207425898216
