"Posterior_Mean","Posterior_SD","Posterior_LB","Posterior_UB","prob"
0.145307033229375,0.13129410513803,-0.122140606735116,0.498407208079116,0.169480623307891
