"Posterior_Mean","Posterior_SD","Posterior_LB","Posterior_UB","prob"
0.0317460739062702,0.130448446792471,-0.22924228881456,0.295245193213459,0.403262513796765
