"Posterior_Mean","Posterior_SD","Posterior_LB","Posterior_UB","prob"
0.0547961314458646,0.113022062766489,-0.17069664107302,0.324249951065849,0.332818298380893
