"Posterior_Mean","Posterior_SD","Posterior_LB","Posterior_UB","prob"
-0.145821161518609,0.100846755093138,-0.36696253877281,0.0590469864744732,0.923961849481284
