"Posterior_Mean","Posterior_SD","Posterior_LB","Posterior_UB","prob"
0.00867442466013653,0.128676271694251,-0.242787409678524,0.272694302378864,0.47619282858387
