"Posterior_Mean","Posterior_SD","Posterior_LB","Posterior_UB","prob"
0.0852936075675899,0.129818349009213,-0.216736027264879,0.388527787433556,0.286738117255273
