"Posterior_Mean","Posterior_SD","Posterior_LB","Posterior_UB","prob"
-0.170499203040104,0.128968064135436,-0.486529693636272,0.09724880949983,0.89048777887181
