"Posterior_Mean","Posterior_SD","Posterior_LB","Posterior_UB","prob"
-0.280112506151661,0.110168227070965,-0.525313763272381,-0.0389628708510817,0.98545063578338
