"Posterior_Mean","Posterior_SD","Posterior_LB","Posterior_UB","prob"
-0.0909158651567989,0.13129956930107,-0.398867555400694,0.163782316777698,0.734155769085241
