"Posterior_Mean","Posterior_SD","Posterior_LB","Posterior_UB","prob"
0.0413164550178586,0.158497533110656,-0.273573333394094,0.355860368034014,0.395833333333333
