"Posterior_Mean","Posterior_SD","Posterior_LB","Posterior_UB","prob"
-0.105714792726067,0.0945707481500538,-0.3150561385832,0.108476157184759,0.849344982571074
