"Posterior_Mean","Posterior_SD","Posterior_LB","Posterior_UB","prob"
-0.204397266981351,0.119081624090032,-0.567269780773809,0.0548591888058461,0.93207007871946
