"Posterior_Mean","Posterior_SD","Posterior_LB","Posterior_UB","prob"
0.00663062345178022,0.131402074243348,-0.261427736593093,0.289364837300574,0.480751231416448
