"Posterior_Mean","Posterior_SD","Posterior_LB","Posterior_UB","prob"
-0.239615859776885,0.125512128061322,-0.540356532887572,0.0733162722298812,0.932323803419886
