"Posterior_Mean","Posterior_SD","Posterior_LB","Posterior_UB","prob"
-0.0452005975163189,0.120180771890537,-0.352396417009525,0.218171617097869,0.608370800116001
