"Posterior_Mean","Posterior_SD","Posterior_LB","Posterior_UB","prob"
0.0386641554022745,0.126107297025927,-0.243047492771907,0.427989662536728,0.466744964512558
