"Posterior_Mean","Posterior_SD","Posterior_LB","Posterior_UB","prob"
-0.0477639969556818,0.110673040153878,-0.297631297279836,0.201397405711633,0.649642387827618
