"Posterior_Mean","Posterior_SD","Posterior_LB","Posterior_UB","prob"
0.157688776236939,0.154102259018183,-0.156284074980072,0.467034538635359,0.163125903900957
