"Posterior_Mean","Posterior_SD","Posterior_LB","Posterior_UB","prob"
-0.165365867581373,0.1305257925653,-0.453260448170091,0.140661755755394,0.852944494479787
