"Posterior_Mean","Posterior_SD","Posterior_LB","Posterior_UB","prob"
-0.0743783856724603,0.156066836199619,-0.398203440831893,0.244196063606564,0.681026022474642
