"Posterior_Mean","Posterior_SD","Posterior_LB","Posterior_UB","prob"
-0.0526532544446922,0.168984962172098,-0.383010335622386,0.277962700725647,0.6265
