"Posterior_Mean","Posterior_SD","Posterior_LB","Posterior_UB","prob"
-0.21709925117699,0.169009199993797,-0.552213370593043,0.116183474550222,0.901333333333333
