"Posterior_Mean","Posterior_SD","Posterior_LB","Posterior_UB","prob"
-0.451107356552758,0.168686868229243,-0.789305298117808,-0.125225051196849,0.997333333333333
