"Posterior_Mean","Posterior_SD","Posterior_LB","Posterior_UB","prob"
-0.184725918581594,0.0938167263699066,-0.387445968682651,0.00805690684874178,0.969152182422836
