"Posterior_Mean","Posterior_SD","Posterior_LB","Posterior_UB","prob"
0.11885832624511,0.173149574685879,-0.209338822613001,0.460373753060625,0.245333333333333
