"Posterior_Mean","Posterior_SD","Posterior_LB","Posterior_UB","prob"
-0.18152740485617,0.121084231446267,-0.424596245056473,0.0763942051494816,0.928657433695857
