"Posterior_Mean","Posterior_SD","Posterior_LB","Posterior_UB","prob"
-0.197347088319649,0.133630236014428,-0.501967701273935,0.06512095341989,0.93103916354829
