"Posterior_Mean","Posterior_SD","Posterior_LB","Posterior_UB","prob"
0.136268351323016,0.157058809387877,-0.175660993338581,0.445700256899219,0.19080378956298
