"Posterior_Mean","Posterior_SD","Posterior_LB","Posterior_UB","prob"
-0.127146884452381,0.125401999591652,-0.403976443937937,0.132637078608145,0.832384694096386
