"Posterior_Mean","Posterior_SD","Posterior_LB","Posterior_UB","prob"
0.0467481787395931,0.117946987878442,-0.190455772418877,0.334497364998918,0.375849811207688
