"Posterior_Mean","Posterior_SD","Posterior_LB","Posterior_UB","prob"
0.0640023408811259,0.130342696774803,-0.190865187506974,0.343749484395249,0.324332929929658
