"Posterior_Mean","Posterior_SD","Posterior_LB","Posterior_UB","prob"
0.119198303212742,0.164645050910622,-0.193814929143887,0.44248824976624,0.237166666666667
