"Posterior_Mean","Posterior_SD","Posterior_LB","Posterior_UB","prob"
0.133428233100788,0.11784577424791,-0.143828750048504,0.420011376428314,0.160436235456614
