"Posterior_Mean","Posterior_SD","Posterior_LB","Posterior_UB","prob"
-0.142907691016645,0.11097928450647,-0.384451413631724,0.147204703810742,0.870964327585379
