"Posterior_Mean","Posterior_SD","Posterior_LB","Posterior_UB","prob"
-0.0253578454856731,0.169390281529225,-0.354662063137665,0.296123449634029,0.555511767800918
