"Posterior_Mean","Posterior_SD","Posterior_LB","Posterior_UB","prob"
0.0634312643961383,0.159217734491106,-0.246449690396221,0.381241753684254,0.350934976221528
