"Posterior_Mean","Posterior_SD","Posterior_LB","Posterior_UB","prob"
-0.226965561390405,0.164760321205923,-0.567600611532644,0.101647872219561,0.907097993374729
