"Posterior_Mean","Posterior_SD","Posterior_LB","Posterior_UB","prob"
0.026167710474504,0.110400612631043,-0.202995602045853,0.339127318298561,0.460089100071887
