"Posterior_Mean","Posterior_SD","Posterior_LB","Posterior_UB","prob"
-0.191154840407367,0.102013051120772,-0.417356617496929,0.0330016063640438,0.955600322715263
