"Posterior_Mean","Posterior_SD","Posterior_LB","Posterior_UB","prob"
0.18433299969615,0.158424732406132,-0.145317376430177,0.503828083220023,0.130396890779852
