"Posterior_Mean","Posterior_SD","Posterior_LB","Posterior_UB","prob"
0.0740825999493238,0.123945776399893,-0.169320598933195,0.339977523997331,0.280096409037193
