"Posterior_Mean","Posterior_SD","Posterior_LB","Posterior_UB","prob"
0.0114596441284556,0.161641181986613,-0.318597774728971,0.351596955082678,0.484846739175331
