"Posterior_Mean","Posterior_SD","Posterior_LB","Posterior_UB","prob"
-0.0569344663544799,0.171180357909006,-0.398771775288931,0.272776950868773,0.627682190734763
