"Posterior_Mean","Posterior_SD","Posterior_LB","Posterior_UB","prob"
-0.118970815845329,0.158287241640868,-0.428643196389818,0.196843353247832,0.754829566108614
