"Posterior_Mean","Posterior_SD","Posterior_LB","Posterior_UB","prob"
-0.0129964284172683,0.164786749862577,-0.336089909206859,0.310731684961144,0.530166666666667
