"Posterior_Mean","Posterior_SD","Posterior_LB","Posterior_UB","prob"
0.112904879186023,0.163374163216904,-0.216588816767178,0.426034771649814,0.24550027864172
