"Posterior_Mean","Posterior_SD","Posterior_LB","Posterior_UB","prob"
-0.157505950840177,0.161802636363482,-0.474892708813794,0.159419449343637,0.833833333333333
