"Posterior_Mean","Posterior_SD","Posterior_LB","Posterior_UB","prob"
0.0187912691133369,0.119378986173462,-0.223743493676647,0.261491658533477,0.435055027278619
