"Posterior_Mean","Posterior_SD","Posterior_LB","Posterior_UB","prob"
0.245783053962207,0.169905082034318,-0.080485823578479,0.582940278100546,0.0755
