"Posterior_Mean","Posterior_SD","Posterior_LB","Posterior_UB","prob"
0.109841545870153,0.164733068610946,-0.209608648743791,0.443680009818738,0.254209106880883
