"Posterior_Mean","Posterior_SD","Posterior_LB","Posterior_UB","prob"
-0.222726434455289,0.10183794871977,-0.445062634177586,0.0748622906891455,0.942974709244424
