"Posterior_Mean","Posterior_SD","Posterior_LB","Posterior_UB","prob"
0.111303492790561,0.121299651618802,-0.13921758555612,0.391185568449133,0.186520131772456
