"Posterior_Mean","Posterior_SD","Posterior_LB","Posterior_UB","prob"
-0.296510907881088,0.0892871105160547,-0.473121743332385,-0.118695689530387,0.998570253061124
