"Posterior_Mean","Posterior_SD","Posterior_LB","Posterior_UB","prob"
-0.316384416670803,0.146036517313126,-0.616278057969707,-0.0130721047471823,0.9796576911302
