"Posterior_Mean","Posterior_SD","Posterior_LB","Posterior_UB","prob"
0.0431513013695174,0.153063587060947,-0.260308008946664,0.355021729023847,0.386229289673041
