"Posterior_Mean","Posterior_SD","Posterior_LB","Posterior_UB","prob"
-0.20403428486336,0.160834746972559,-0.512875407234166,0.124301941133887,0.899999839614208
