"Posterior_Mean","Posterior_SD","Posterior_LB","Posterior_UB","prob"
0.302019090880149,0.172096302142844,-0.0373875480395222,0.640162939617159,0.0406666666666667
