"Posterior_Mean","Posterior_SD","Posterior_LB","Posterior_UB","prob"
0.0955183458959704,0.133202401727533,-0.172526632590826,0.361353221808086,0.23392717198454
