"Posterior_Mean","Posterior_SD","Posterior_LB","Posterior_UB","prob"
0.121171167361239,0.172204629177037,-0.221912199330628,0.457604225998691,0.246704696158928
