"Posterior_Mean","Posterior_SD","Posterior_LB","Posterior_UB","prob"
-0.138396113950786,0.124835406726224,-0.389214900196646,0.13560069211768,0.859532937389903
