"Posterior_Mean","Posterior_SD","Posterior_LB","Posterior_UB","prob"
0.110598095348121,0.132708773780174,-0.16951641411715,0.371393955897533,0.192567350701539
