"Posterior_Mean","Posterior_SD","Posterior_LB","Posterior_UB","prob"
0.379053122275689,0.161242966271531,0.0478191680309605,0.685565234522679,0.01050000387396
