"Posterior_Mean","Posterior_SD","Posterior_LB","Posterior_UB","prob"
0.04681594324506,0.173726348696134,-0.297535998051349,0.388419407983558,0.3915
