"Posterior_Mean","Posterior_SD","Posterior_LB","Posterior_UB","prob"
-0.0561414682020884,0.158463866350404,-0.387149076762638,0.259114136757448,0.629942081092774
