"Posterior_Mean","Posterior_SD","Posterior_LB","Posterior_UB","prob"
-0.0703018537434572,0.161228861004879,-0.392393907508393,0.245101517001044,0.667666666666667
