"Posterior_Mean","Posterior_SD","Posterior_LB","Posterior_UB","prob"
0.363337250246546,0.159046743532766,0.0552592229753252,0.67899714893876,0.0111846811167974
