"Posterior_Mean","Posterior_SD","Posterior_LB","Posterior_UB","prob"
0.0811337751976907,0.123464101350597,-0.156714742050169,0.344005987901209,0.262868757921182
