"Posterior_Mean","Posterior_SD","Posterior_LB","Posterior_UB","prob"
-0.0353243100250955,0.169346937715459,-0.345350597081,0.308669338005904,0.596862425893531
