"Posterior_Mean","Posterior_SD","Posterior_LB","Posterior_UB","prob"
-0.319466079672676,0.173531860168239,-0.657447568383504,0.0218328814506396,0.965400844595935
