"Posterior_Mean","Posterior_SD","Posterior_LB","Posterior_UB","prob"
-0.112372432318359,0.158829616354065,-0.433036680661948,0.200884161387552,0.762390881185187
