"Posterior_Mean","Posterior_SD","Posterior_LB","Posterior_UB","prob"
-0.0648293629983005,0.170349452618478,-0.401101872880944,0.260774181661304,0.646
