"Posterior_Mean","Posterior_SD","Posterior_LB","Posterior_UB","prob"
-0.003183925467388,0.113096227144733,-0.238279381015969,0.309141442612061,0.547286460445328
