"Posterior_Mean","Posterior_SD","Posterior_LB","Posterior_UB","prob"
-0.00210731177820969,0.159204584955991,-0.325884249891015,0.307529362673069,0.508072687800775
