"Posterior_Mean","Posterior_SD","Posterior_LB","Posterior_UB","prob"
-0.182651822023179,0.150599884419296,-0.493062164092205,0.12364770848422,0.885965098419692
