"Posterior_Mean","Posterior_SD","Posterior_LB","Posterior_UB","prob"
-0.0597751481826522,0.161277512774082,-0.37327580237544,0.260866123392781,0.652666666666667
