"Posterior_Mean","Posterior_SD","Posterior_LB","Posterior_UB","prob"
0.0922416670190397,0.11190315351399,-0.129283288994786,0.387336022163161,0.232450258986399
