"Posterior_Mean","Posterior_SD","Posterior_LB","Posterior_UB","prob"
-0.0413193287843059,0.122579326688355,-0.292768908515045,0.194944788733287,0.628952010058364
