"Posterior_Mean","Posterior_SD","Posterior_LB","Posterior_UB","prob"
-0.310764964606856,0.155754919076043,-0.628073137581902,-0.00735435452755098,0.976939534239636
