"Posterior_Mean","Posterior_SD","Posterior_LB","Posterior_UB","prob"
0.189634804429649,0.133499495561068,-0.113542444890152,0.565794550148548,0.145168499026892
