"Posterior_Mean","Posterior_SD","Posterior_LB","Posterior_UB","prob"
0.0866177538844908,0.163830166712967,-0.228752368658043,0.410881012918591,0.300166666666667
