"Posterior_Mean","Posterior_SD","Posterior_LB","Posterior_UB","prob"
0.0314906969680999,0.132795073346739,-0.2663586994477,0.339544314362763,0.420492583338614
