"Posterior_Mean","Posterior_SD","Posterior_LB","Posterior_UB","prob"
-0.134652639222152,0.148618529722145,-0.445224672357984,0.180195810431747,0.809516485652663
