"Posterior_Mean","Posterior_SD","Posterior_LB","Posterior_UB","prob"
-0.0230178437630057,0.161413856833593,-0.347533461465373,0.295886285042696,0.553323332607363
