"Posterior_Mean","Posterior_SD","Posterior_LB","Posterior_UB","prob"
0.325349338539932,0.162617440849321,0.0051668287760844,0.646877903029298,0.0215062581308306
