"Posterior_Mean","Posterior_SD","Posterior_LB","Posterior_UB","prob"
-0.13772004773519,0.100632696799054,-0.354319330986147,0.0764263195615506,0.910787513400018
