"Posterior_Mean","Posterior_SD","Posterior_LB","Posterior_UB","prob"
-0.126017403208307,0.162421172780079,-0.449362270798696,0.195360596540737,0.7765
