"Posterior_Mean","Posterior_SD","Posterior_LB","Posterior_UB","prob"
0.198458241672867,0.16233798497946,-0.129190827593697,0.550489578893792,0.132175393127068
