"Posterior_Mean","Posterior_SD","Posterior_LB","Posterior_UB","prob"
0.115165722798577,0.164610200726379,-0.213113987892137,0.43734559451797,0.236333333333333
