"Posterior_Mean","Posterior_SD","Posterior_LB","Posterior_UB","prob"
-0.0749454728203571,0.162277800140436,-0.399347549084726,0.240618978478476,0.675
