"Posterior_Mean","Posterior_SD","Posterior_LB","Posterior_UB","prob"
-0.0813637911363354,0.170384816347839,-0.416279499288492,0.251867385689829,0.6865
