"Posterior_Mean","Posterior_SD","Posterior_LB","Posterior_UB","prob"
-0.0428159499401793,0.133885371778105,-0.307122528314574,0.250479081449391,0.644214211144398
