"Posterior_Mean","Posterior_SD","Posterior_LB","Posterior_UB","prob"
-0.037085180143335,0.130471470015946,-0.308914304950146,0.296413939704963,0.629026006032978
