"Posterior_Mean","Posterior_SD","Posterior_LB","Posterior_UB","prob"
-0.0937910299284607,0.106675481618086,-0.312310753636688,0.181714351318688,0.803574252040139
