"Posterior_Mean","Posterior_SD","Posterior_LB","Posterior_UB","prob"
-0.0446187273969187,0.133985929538826,-0.30757176870643,0.277291428890769,0.649516148281524
