"Posterior_Mean","Posterior_SD","Posterior_LB","Posterior_UB","prob"
-0.122736919085401,0.127085557588046,-0.376969166571594,0.132788454178457,0.836204426486151
