"Posterior_Mean","Posterior_SD","Posterior_LB","Posterior_UB","prob"
-0.182058680214079,0.171495406638027,-0.519665037196099,0.157468469272972,0.857
