"Posterior_Mean","Posterior_SD","Posterior_LB","Posterior_UB","prob"
-0.0282362704088686,0.106654057349379,-0.243663129680243,0.287473651011576,0.636157408384125
