"Posterior_Mean","Posterior_SD","Posterior_LB","Posterior_UB","prob"
-0.0819892939077395,0.12517206591946,-0.378732237087074,0.166621670838129,0.72189130349692
