"Posterior_Mean","Posterior_SD","Posterior_LB","Posterior_UB","prob"
-0.0671454989043828,0.163685906835044,-0.393519742574194,0.252996001001892,0.655666666666667
