"Posterior_Mean","Posterior_SD","Posterior_LB","Posterior_UB","prob"
-0.0858320006736793,0.117320805773106,-0.320240878998571,0.209662757268794,0.773257852875887
