"Posterior_Mean","Posterior_SD","Posterior_LB","Posterior_UB","prob"
-0.035719113102104,0.116540242140214,-0.290877099000991,0.220309761968698,0.611782760488433
