"Posterior_Mean","Posterior_SD","Posterior_LB","Posterior_UB","prob"
0.0936286043662745,0.167377694114671,-0.234528296527214,0.426453096013786,0.291166666666667
