"Posterior_Mean","Posterior_SD","Posterior_LB","Posterior_UB","prob"
-0.0616768974231705,0.165185086860786,-0.393688803443232,0.255889079235682,0.6525
