"Posterior_Mean","Posterior_SD","Posterior_LB","Posterior_UB","prob"
0.0872117343473801,0.167480729766458,-0.231866919020309,0.418333263003405,0.303833333333333
