"Posterior_Mean","Posterior_SD","Posterior_LB","Posterior_UB","prob"
0.263140263641227,0.156641209384696,-0.0399650199071928,0.570976431873871,0.0456666666666667
