"Posterior_Mean","Posterior_SD","Posterior_LB","Posterior_UB","prob"
-0.123267055868247,0.118023246115483,-0.380603722378535,0.219176049655649,0.813569554335082
