"Posterior_Mean","Posterior_SD","Posterior_LB","Posterior_UB","prob"
-0.118646037887378,0.127097176646495,-0.394446740451043,0.141711243440296,0.820575409645149
