"Posterior_Mean","Posterior_SD","Posterior_LB","Posterior_UB","prob"
0.0211831208623263,0.11134296189845,-0.213543848553227,0.261058027531166,0.422391737888148
