"Posterior_Mean","Posterior_SD","Posterior_LB","Posterior_UB","prob"
-0.183538638297835,0.171527441193917,-0.516084985276585,0.152012591914295,0.858833333333333
