"Posterior_Mean","Posterior_SD","Posterior_LB","Posterior_UB","prob"
-0.102191878081863,0.110733640477734,-0.372258782190765,0.145423592773939,0.789027223667852
