"Posterior_Mean","Posterior_SD","Posterior_LB","Posterior_UB","prob"
-0.336597274273129,0.128331459070986,-0.587094053629511,-0.0377926099488891,0.985019048589785
