"Posterior_Mean","Posterior_SD","Posterior_LB","Posterior_UB","prob"
0.162098207467529,0.163646580741332,-0.16288910067482,0.492113102556185,0.1575
