"Posterior_Mean","Posterior_SD","Posterior_LB","Posterior_UB","prob"
-0.038806294643587,0.152426002465876,-0.346642195367896,0.259671561021028,0.602420631484776
