"Posterior_Mean","Posterior_SD","Posterior_LB","Posterior_UB","prob"
-0.210946444237803,0.11022815598829,-0.496640492627599,0.0680017867750035,0.928691639779792
