"Posterior_Mean","Posterior_SD","Posterior_LB","Posterior_UB","prob"
-0.11244514094662,0.138208564125689,-0.392937335927056,0.222855307920211,0.776067087014151
