"Posterior_Mean","Posterior_SD","Posterior_LB","Posterior_UB","prob"
-0.076377171080012,0.10784351224506,-0.302774197763357,0.171852932511088,0.752700374630418
