"Posterior_Mean","Posterior_SD","Posterior_LB","Posterior_UB","prob"
0.0641902068604055,0.125084597349507,-0.205800492933395,0.377530216540965,0.337469636737826
