"Posterior_Mean","Posterior_SD","Posterior_LB","Posterior_UB","prob"
-0.080984414232733,0.111434331808265,-0.302752846950126,0.248126993376448,0.767810724698671
