"Posterior_Mean","Posterior_SD","Posterior_LB","Posterior_UB","prob"
-0.05419672079286,0.105244935054148,-0.258425255917324,0.172710060565289,0.709857631501496
