"Posterior_Mean","Posterior_SD","Posterior_LB","Posterior_UB","prob"
0.00929984358512301,0.131235878454283,-0.259857179344511,0.273837806149381,0.471456293980596
