"Posterior_Mean","Posterior_SD","Posterior_LB","Posterior_UB","prob"
0.128287676572062,0.162785973386767,-0.193646219500269,0.450473801147615,0.2185
