"Posterior_Mean","Posterior_SD","Posterior_LB","Posterior_UB","prob"
-0.00269052247614057,0.162066815876982,-0.315576197322223,0.319333038980234,0.5105
