"Posterior_Mean","Posterior_SD","Posterior_LB","Posterior_UB","prob"
-0.178643691732975,0.112336774581161,-0.400074264092826,0.0511951227178542,0.940763512393744
