"Posterior_Mean","Posterior_SD","Posterior_LB","Posterior_UB","prob"
0.159397598355393,0.159915621970532,-0.226247363669885,0.503478047603119,0.192063313225387
