"Posterior_Mean","Posterior_SD","Posterior_LB","Posterior_UB","prob"
-0.28849221891056,0.106725114410776,-0.504571712206049,-0.0503901826665386,0.989153026448333
