"Posterior_Mean","Posterior_SD","Posterior_LB","Posterior_UB","prob"
0.0276493644767002,0.164790442726796,-0.295267692310695,0.383459465314747,0.459512535702881
