"Posterior_Mean","Posterior_SD","Posterior_LB","Posterior_UB","prob"
-0.130929724766503,0.091146250894057,-0.339171647423518,0.0739639744515143,0.889141144231971
