"Posterior_Mean","Posterior_SD","Posterior_LB","Posterior_UB","prob"
0.0213678960894815,0.106215803511095,-0.194357034607702,0.24086430166597,0.418337703028657
