"Posterior_Mean","Posterior_SD","Posterior_LB","Posterior_UB","prob"
-0.0467760264002463,0.0975004485547021,-0.249614236198304,0.272391874930268,0.714604056963511
