"Posterior_Mean","Posterior_SD","Posterior_LB","Posterior_UB","prob"
-0.0931248243511617,0.116994173781254,-0.328781817956899,0.227219797017586,0.78075782172666
