"Posterior_Mean","Posterior_SD","Posterior_LB","Posterior_UB","prob"
-0.0144352884196261,0.0941770454074326,-0.233735353759578,0.180447710560139,0.540614986642595
