"Posterior_Mean","Posterior_SD","Posterior_LB","Posterior_UB","prob"
0.169980123901653,0.144494840513739,-0.179404150962798,0.475619359053501,0.162969680105702
