"Posterior_Mean","Posterior_SD","Posterior_LB","Posterior_UB","prob"
-0.105985858501825,0.17333924515981,-0.449148262980494,0.236553625789339,0.730166666666667
