"Posterior_Mean","Posterior_SD","Posterior_LB","Posterior_UB","prob"
-0.00724173623624779,0.160226200307945,-0.320016194232334,0.303339713544301,0.52
