"Posterior_Mean","Posterior_SD","Posterior_LB","Posterior_UB","prob"
0.0912929480974375,0.129685550353539,-0.186256813647171,0.445529615193312,0.28768279792103
