"Posterior_Mean","Posterior_SD","Posterior_LB","Posterior_UB","prob"
-0.227184692827556,0.0875063005946038,-0.406768832112152,-0.0494580012330276,0.991278827519111
