"Posterior_Mean","Posterior_SD","Posterior_LB","Posterior_UB","prob"
-0.0455805876493687,0.119671544414901,-0.32382671880735,0.289503730318511,0.637907814775229
