"Posterior_Mean","Posterior_SD","Posterior_LB","Posterior_UB","prob"
-0.123822704544173,0.162402715023988,-0.430691801377408,0.192145170729974,0.777624062610082
