"Posterior_Mean","Posterior_SD","Posterior_LB","Posterior_UB","prob"
0.300909091269512,0.147977214138868,-0.0148172322457367,0.632910733100768,0.0309847603052176
