"Posterior_Mean","Posterior_SD","Posterior_LB","Posterior_UB","prob"
0.0443546333650279,0.116859987915506,-0.187653638262254,0.33518776257506,0.391570970535437
