"Posterior_Mean","Posterior_SD","Posterior_LB","Posterior_UB","prob"
0.281856355104659,0.159470406543653,-0.046399204855794,0.615920380789518,0.0421773868210808
