"Posterior_Mean","Posterior_SD","Posterior_LB","Posterior_UB","prob"
0.0137780875893473,0.177153838002359,-0.331438614639069,0.365175616902672,0.458696552873913
