"Posterior_Mean","Posterior_SD","Posterior_LB","Posterior_UB","prob"
0.0580209958257978,0.113355630872614,-0.183425444236376,0.324489516514109,0.326488849747519
