"Posterior_Mean","Posterior_SD","Posterior_LB","Posterior_UB","prob"
-0.276063121460796,0.105046053958046,-0.487209159602436,-0.0504302118467753,0.988584320201835
