"Posterior_Mean","Posterior_SD","Posterior_LB","Posterior_UB","prob"
-0.152203424489512,0.106162812193073,-0.37509841539115,0.0796113542820523,0.913416526709716
