"Posterior_Mean","Posterior_SD","Posterior_LB","Posterior_UB","prob"
-0.151445228954337,0.161807206291652,-0.470548175073766,0.165698886266941,0.8245
