"Posterior_Mean","Posterior_SD","Posterior_LB","Posterior_UB","prob"
0.0196559539265777,0.112244529229028,-0.214216309096695,0.258398129871569,0.431256015502385
