"Posterior_Mean","Posterior_SD","Posterior_LB","Posterior_UB","prob"
-0.123390108551525,0.102904185940049,-0.335779087927959,0.0819013152769925,0.890712441633831
