"Posterior_Mean","Posterior_SD","Posterior_LB","Posterior_UB","prob"
0.119093263834259,0.16803602420478,-0.200187324849416,0.448110882754911,0.238500000571208
