"Posterior_Mean","Posterior_SD","Posterior_LB","Posterior_UB","prob"
0.0211156266910944,0.155575388510111,-0.294867672692741,0.357600546967433,0.451297123359188
