"Posterior_Mean","Posterior_SD","Posterior_LB","Posterior_UB","prob"
-0.211310329171092,0.149117940169821,-0.515456256364544,0.0921264140522934,0.919426754211442
