"Posterior_Mean","Posterior_SD","Posterior_LB","Posterior_UB","prob"
0.494436488360715,0.162089976990452,0.179735473307291,0.818051812205079,0.00133333333333333
