"Posterior_Mean","Posterior_SD","Posterior_LB","Posterior_UB","prob"
0.284287591022662,0.16601495668585,-0.0334356228479712,0.61232054588324,0.0425517897014036
