"Posterior_Mean","Posterior_SD","Posterior_LB","Posterior_UB","prob"
0.0683500085749229,0.135527571814556,-0.259741170076839,0.373711853594351,0.32644163179528
