"Posterior_Mean","Posterior_SD","Posterior_LB","Posterior_UB","prob"
-0.341056624365961,0.0993357204132358,-0.561872122308738,-0.057032477730074,0.985870075257515
