"Posterior_Mean","Posterior_SD","Posterior_LB","Posterior_UB","prob"
0.167548266065194,0.169901944712287,-0.168424535006424,0.502314885409403,0.159
