"Posterior_Mean","Posterior_SD","Posterior_LB","Posterior_UB","prob"
-0.27762022598965,0.161744310966884,-0.599830984447619,0.0533043315542538,0.951264167392429
