"Posterior_Mean","Posterior_SD","Posterior_LB","Posterior_UB","prob"
-0.229613494115968,0.119136539467835,-0.461532476956968,0.00930007853496168,0.968659106542759
