"","Posterior_Mean","Posterior_SD","Posterior_LB","Posterior_UB"
"1",-0.0639935443769707,0.0394527711441086,-0.142805179935015,0.0116758489732478
