"","Posterior_Mean","Posterior_SD","Posterior_LB","Posterior_UB"
"1",-0.060039603229419,0.0411511656843238,-0.139609382304082,0.0201495203127773
