"","Posterior_Mean","Posterior_SD","Posterior_LB","Posterior_UB"
"1",-0.0223122864701378,0.0432255330022487,-0.106411945134198,0.0626601691010456
