"","Posterior_Mean","Posterior_SD","Posterior_LB","Posterior_UB"
"1",0.0228127809764636,0.0421903687759603,-0.0599782944599351,0.104990983002399
