"Posterior_Mean","Posterior_SD","Posterior_LB","Posterior_UB","prob"
-0.136461160950985,0.226087593265916,-0.571107076705502,0.310769372929793,0.729893137241001
