"Posterior_Mean","Posterior_SD","Posterior_LB","Posterior_UB","prob"
0.0380636575752607,0.218084669381236,-0.389582204308787,0.514074341114525,0.450737644289079
