"Posterior_Mean","Posterior_SD","Posterior_LB","Posterior_UB","prob"
-0.404799208088974,0.231082435006117,-0.861280694516567,0.0562605756526872,0.96
