"Posterior_Mean","Posterior_SD","Posterior_LB","Posterior_UB","prob"
0.12618289347305,0.213642926142075,-0.303276886712255,0.595227354116109,0.294557263722832
