"Posterior_Mean","Posterior_SD","Posterior_LB","Posterior_UB","prob"
0.0766040052880593,0.236852786291642,-0.392786169146405,0.547411951729147,0.374333333333333
