"Posterior_Mean","Posterior_SD","Posterior_LB","Posterior_UB","prob"
-0.0489519929375626,0.22253850281005,-0.47364483604222,0.387711172250456,0.581183083125703
