"Posterior_Mean","Posterior_SD","Posterior_LB","Posterior_UB","prob"
0.344458641390973,0.236708067082232,-0.112178691808071,0.819250083322773,0.0677690431886474
