"Posterior_Mean","Posterior_SD","Posterior_LB","Posterior_UB","prob"
-0.163025864948859,0.231663629776555,-0.615811375145053,0.279794572886824,0.752166666666667
