"Posterior_Mean","Posterior_SD","Posterior_LB","Posterior_UB","prob"
-0.0670856047856063,0.228279389478186,-0.519103875263974,0.378800975718795,0.625333333333333
