"Posterior_Mean","Posterior_SD","Posterior_LB","Posterior_UB","prob"
0.468837199093949,0.238657332990281,-0.0097069716508373,0.940237554713751,0.0265
