"Posterior_Mean","Posterior_SD","Posterior_LB","Posterior_UB","prob"
-0.18463713309124,0.23717126914955,-0.663746087844856,0.303674020085456,0.787569940900925
