"Posterior_Mean","Posterior_SD","Posterior_LB","Posterior_UB","prob"
-0.0364606265737281,0.222793121654521,-0.480532602363409,0.404802344668133,0.568131518453991
