"Posterior_Mean","Posterior_SD","Posterior_LB","Posterior_UB","prob"
0.466302680432283,0.246714978091109,-0.00441971319431189,0.969456136644106,0.0260146703551087
