"Posterior_Mean","Posterior_SD","Posterior_LB","Posterior_UB","prob"
0.233368946564774,0.233651640006774,-0.225842968812378,0.699264923776013,0.156333333333333
