"Posterior_Mean","Posterior_SD","Posterior_LB","Posterior_UB","prob"
0.292440741036688,0.232541651970349,-0.19952782781899,0.790684553093024,0.115488944343118
