"Posterior_Mean","Posterior_SD","Posterior_LB","Posterior_UB","prob"
0.0962441400548149,0.236732558611282,-0.374655653043715,0.562472284365745,0.341166666666667
