"Posterior_Mean","Posterior_SD","Posterior_LB","Posterior_UB","prob"
0.157282865630412,0.235457719348826,-0.315213097058525,0.618787069182568,0.251937917741522
