"Posterior_Mean","Posterior_SD","Posterior_LB","Posterior_UB","prob"
-0.0864616479647674,0.229727241827923,-0.530237566533012,0.380025959125222,0.648134080579329
