"Posterior_Mean","Posterior_SD","Posterior_LB","Posterior_UB","prob"
-0.110487353117527,0.23497729351504,-0.57264597538057,0.346354404135198,0.6785
