"Posterior_Mean","Posterior_SD","Posterior_LB","Posterior_UB","prob"
0.00869470147289701,0.222964171607063,-0.443704214970879,0.455370602952612,0.483420995854412
