"Posterior_Mean","Posterior_SD","Posterior_LB","Posterior_UB","prob"
0.119624669402202,0.214156448644058,-0.30311399746698,0.536979664528319,0.286943493207145
