"Posterior_Mean","Posterior_SD","Posterior_LB","Posterior_UB","prob"
-0.0806610999420684,0.228118902264817,-0.522549699942652,0.387810672180204,0.648598245220787
