"Posterior_Mean","Posterior_SD","Posterior_LB","Posterior_UB","prob"
0.0332457910920608,0.22648468625555,-0.419168568085667,0.49149575046822,0.431999983485977
