"Posterior_Mean","Posterior_SD","Posterior_LB","Posterior_UB","prob"
0.357368964169237,0.208596197074803,-0.12677997598903,0.821876859761792,0.0717279520855283
