"Posterior_Mean","Posterior_SD","Posterior_LB","Posterior_UB","prob"
0.0574500001349093,0.217486551223774,-0.36822101487373,0.483126735576304,0.395008460941444
