"Posterior_Mean","Posterior_SD","Posterior_LB","Posterior_UB","prob"
-0.0612306118996931,0.236519489089585,-0.516667602663406,0.407881109767098,0.604166666666667
