"Posterior_Mean","Posterior_SD","Posterior_LB","Posterior_UB","prob"
0.225851419271252,0.264087255292555,-0.278977916642151,0.752280710528621,0.204215144107987
