"Posterior_Mean","Posterior_SD","Posterior_LB","Posterior_UB","prob"
-0.038739008606581,0.229849798733688,-0.509976262527352,0.408463307995203,0.559487408609552
