"Posterior_Mean","Posterior_SD","Posterior_LB","Posterior_UB","prob"
0.0556917421227087,0.226649793516232,-0.391340709699721,0.494045307494483,0.398666666666667
