"Posterior_Mean","Posterior_SD","Posterior_LB","Posterior_UB","prob"
0.0364826695371083,0.226973821161588,-0.391396131509939,0.488781166855636,0.427460289524079
