"Posterior_Mean","Posterior_SD","Posterior_LB","Posterior_UB","prob"
-0.0361704640959617,0.230360290220825,-0.499704594707753,0.418282980052135,0.551500123355221
