"Posterior_Mean","Posterior_SD","Posterior_LB","Posterior_UB","prob"
-0.283721924973229,0.236772891293432,-0.752510051297523,0.179951595398461,0.884166666666667
