"Posterior_Mean","Posterior_SD","Posterior_LB","Posterior_UB","prob"
-0.295303719499342,0.22874389542046,-0.748909495575578,0.145966689783372,0.906333333333333
