"Posterior_Mean","Posterior_SD","Posterior_LB","Posterior_UB","prob"
0.00243102013813425,0.234445269972891,-0.460169089859095,0.47674925338064,0.493
