"Posterior_Mean","Posterior_SD","Posterior_LB","Posterior_UB","prob"
-0.496859282049381,0.239270899424662,-0.964689308868324,-0.0237610069050304,0.9805
