"Posterior_Mean","Posterior_SD","Posterior_LB","Posterior_UB","prob"
-0.0453373414552566,0.192985769141177,-0.442469862525002,0.3384399364202,0.592959563299175
