"Posterior_Mean","Posterior_SD","Posterior_LB","Posterior_UB","prob"
-0.203896642857055,0.192169948705128,-0.60508458340467,0.206792618242573,0.858120252080247
