"Posterior_Mean","Posterior_SD","Posterior_LB","Posterior_UB","prob"
-0.443458293569055,0.235656280726567,-0.900597468623909,0.0284275940356588,0.967666666666667
