"Posterior_Mean","Posterior_SD","Posterior_LB","Posterior_UB","prob"
-0.0879372596650527,0.225813118051779,-0.528361287522235,0.353814053117221,0.656151386193956
