"Posterior_Mean","Posterior_SD","Posterior_LB","Posterior_UB","prob"
-0.332002715821918,0.230880945894683,-0.77740999713707,0.11692458375691,0.926961852553369
