"Posterior_Mean","Posterior_SD","Posterior_LB","Posterior_UB","prob"
-0.285966270927113,0.188836415133786,-0.669993807613896,0.14526885298945,0.915391081831184
