"Posterior_Mean","Posterior_SD","Posterior_LB","Posterior_UB","prob"
0.0432140210834876,0.235149668289445,-0.41472580745636,0.505278365260577,0.4295
