"Posterior_Mean","Posterior_SD","Posterior_LB","Posterior_UB","prob"
-0.0978184295800126,0.195696837791964,-0.498472939816689,0.33025570292467,0.693911666691141
