"Posterior_Mean","Posterior_SD","Posterior_LB","Posterior_UB","prob"
0.149328381809728,0.236464769396101,-0.317166863299699,0.599270067448413,0.268166666666667
