"Posterior_Mean","Posterior_SD","Posterior_LB","Posterior_UB","prob"
-0.0473963748288274,0.228933303224659,-0.490945635204364,0.394893162960306,0.576
