"Posterior_Mean","Posterior_SD","Posterior_LB","Posterior_UB","prob"
0.23648364551307,0.226799125797211,-0.202017052557421,0.686313078434229,0.155828906121885
