"Posterior_Mean","Posterior_SD","Posterior_LB","Posterior_UB","prob"
-0.260487836246863,0.227754215002481,-0.70728960606544,0.18023745198858,0.871222177651118
