"Posterior_Mean","Posterior_SD","Posterior_LB","Posterior_UB","prob"
-0.0984698080532899,0.218976013122582,-0.578818185418708,0.330864476323141,0.667925641962895
