"Posterior_Mean","Posterior_SD","Posterior_LB","Posterior_UB","prob"
0.0854821830633777,0.201162796237063,-0.3181422129078,0.482809115334019,0.334465771164238
