"Posterior_Mean","Posterior_SD","Posterior_LB","Posterior_UB","prob"
-0.0381837616794133,0.235040886802276,-0.51587246352016,0.4201201437223,0.567121479178448
