"Posterior_Mean","Posterior_SD","Posterior_LB","Posterior_UB","prob"
0.429747767661963,0.229806729433336,-0.0277180694826284,0.868355464823509,0.0315126317850356
