"Posterior_Mean","Posterior_SD","Posterior_LB","Posterior_UB","prob"
-0.200056707783442,0.223174981297288,-0.631521693326693,0.229323683949604,0.813666666666667
