"Posterior_Mean","Posterior_SD","Posterior_LB","Posterior_UB","prob"
0.100112615106456,0.228047576073995,-0.360392634808354,0.573662389311038,0.332032499333072
