"Posterior_Mean","Posterior_SD","Posterior_LB","Posterior_UB","prob"
-0.26441645359561,0.226773246171902,-0.709355528703764,0.174583973752429,0.875666666666667
