"Posterior_Mean","Posterior_SD","Posterior_LB","Posterior_UB","prob"
-0.211695322066288,0.239602747000432,-0.670834801623194,0.252952737746047,0.807890338808602
