"Posterior_Mean","Posterior_SD","Posterior_LB","Posterior_UB","prob"
0.264937636328711,0.22627108695781,-0.178673239960517,0.710000453566033,0.1205
