"Posterior_Mean","Posterior_SD","Posterior_LB","Posterior_UB","prob"
0.114196335843253,0.233089858527012,-0.358518793987042,0.57239829207388,0.306166666666667
