"Posterior_Mean","Posterior_SD","Posterior_LB","Posterior_UB","prob"
0.0710480862496801,0.232019987672317,-0.390670585858706,0.527626615260652,0.378894461961029
