"Posterior_Mean","Posterior_SD","Posterior_LB","Posterior_UB","prob"
-0.339387514229623,0.242682281999051,-0.812456844872781,0.1316871378955,0.914906542668748
