"Posterior_Mean","Posterior_SD","Posterior_LB","Posterior_UB","prob"
0.124574307432772,0.234632288175464,-0.330223044365035,0.589987555895565,0.300166666666667
