"Posterior_Mean","Posterior_SD","Posterior_LB","Posterior_UB","prob"
-0.0522355169097272,0.205732661492472,-0.484840314376138,0.366544261195145,0.593404170030525
