"Posterior_Mean","Posterior_SD","Posterior_LB","Posterior_UB","prob"
-0.158016227398472,0.204877169433911,-0.570959797051549,0.25042622968024,0.777309998210986
