"Posterior_Mean","Posterior_SD","Posterior_LB","Posterior_UB","prob"
0.317299863428835,0.229156147980131,-0.126692397352007,0.777923511626385,0.0794307040806932
