"Posterior_Mean","Posterior_SD","Posterior_LB","Posterior_UB","prob"
0.248893266580841,0.252932099923229,-0.249346155618503,0.748132433485963,0.166624747225738
