"Posterior_Mean","Posterior_SD","Posterior_LB","Posterior_UB","prob"
0.435179437471607,0.232062655684414,-0.0185641515621761,0.893922359729276,0.0305
