"Posterior_Mean","Posterior_SD","Posterior_LB","Posterior_UB","prob"
-0.0816624316902138,0.24600547656767,-0.575521097917318,0.402839084060794,0.6285
