"Posterior_Mean","Posterior_SD","Posterior_LB","Posterior_UB","prob"
0.245933731632802,0.232290376416791,-0.207013307960257,0.706805240554786,0.145833333333333
