"Posterior_Mean","Posterior_SD","Posterior_LB","Posterior_UB","prob"
-0.049078511552457,0.218748589922095,-0.482033197435009,0.378614926956762,0.587166666666667
