"Posterior_Mean","Posterior_SD","Posterior_LB","Posterior_UB","prob"
-0.354602956667155,0.231613408388785,-0.81365288938517,0.10722617290378,0.937000035468134
