"Posterior_Mean","Posterior_SD","Posterior_LB","Posterior_UB","prob"
-0.154459519253026,0.228315185294686,-0.607687358226809,0.299156949114007,0.753666666666667
