"Posterior_Mean","Posterior_SD","Posterior_LB","Posterior_UB","prob"
-0.139569262818538,0.249989258289718,-0.631815405786442,0.346507379749524,0.702500000002159
