"Posterior_Mean","Posterior_SD","Posterior_LB","Posterior_UB","prob"
0.0777844340757091,0.24766666077516,-0.413411541127971,0.553813653334966,0.380015458989543
