"Posterior_Mean","Posterior_SD","Posterior_LB","Posterior_UB","prob"
0.0623567477568493,0.211315609071952,-0.358153022004563,0.505008862362871,0.396839960234265
