"Posterior_Mean","Posterior_SD","Posterior_LB","Posterior_UB","prob"
0.194744900130444,0.234555876988583,-0.26681941781219,0.651555539427337,0.209166666666667
