"Posterior_Mean","Posterior_SD","Posterior_LB","Posterior_UB","prob"
-0.268408939382757,0.228915430210257,-0.728413186152663,0.174644896192785,0.874420134208186
