"Posterior_Mean","Posterior_SD","Posterior_LB","Posterior_UB","prob"
0.207360429315415,0.22924960213441,-0.240761047052584,0.641606112706494,0.186622059572487
