"Posterior_Mean","Posterior_SD","Posterior_LB","Posterior_UB","prob"
0.26440680177537,0.230231301947698,-0.19216926134817,0.724752556088788,0.119255539579883
