"Posterior_Mean","Posterior_SD","Posterior_LB","Posterior_UB","prob"
-0.211703907063271,0.220325253924534,-0.638550368722331,0.225969454594022,0.821656499812189
