"Posterior_Mean","Posterior_SD","Posterior_LB","Posterior_UB","prob"
-0.156938895841074,0.229006745796059,-0.607513736599348,0.294896602169907,0.749833333333333
