"Posterior_Mean","Posterior_SD","Posterior_LB","Posterior_UB","prob"
0.187126763170438,0.202116955903994,-0.2174100900037,0.669078883030835,0.215823164691413
