"Posterior_Mean","Posterior_SD","Posterior_LB","Posterior_UB","prob"
-0.0843743705806104,0.242565528404862,-0.561421791142247,0.398943603917828,0.639500470444247
