"Posterior_Mean","Posterior_SD","Posterior_LB","Posterior_UB","prob"
-0.117715886812114,0.231891670027025,-0.582499782888644,0.336793629267053,0.695333333333333
