"Posterior_Mean","Posterior_SD","Posterior_LB","Posterior_UB","prob"
-0.290238608369561,0.207899225468664,-0.748927278921359,0.133598392221979,0.903576358158958
