"Posterior_Mean","Posterior_SD","Posterior_LB","Posterior_UB","prob"
-0.05798071880778,0.189901693466502,-0.461881551292333,0.482738402223126,0.631634866472079
