"Posterior_Mean","Posterior_SD","Posterior_LB","Posterior_UB","prob"
0.183615784996227,0.216518634662724,-0.247344732981289,0.661202940332014,0.20590000931348
