"Posterior_Mean","Posterior_SD","Posterior_LB","Posterior_UB","prob"
-0.08362653164378,0.240798305362409,-0.549741725644294,0.388526058178194,0.637162137247866
