"Posterior_Mean","Posterior_SD","Posterior_LB","Posterior_UB","prob"
0.510743582990943,0.242813474544332,0.0378621425335904,1.00265813062025,0.0180011349894653
