"Posterior_Mean","Posterior_SD","Posterior_LB","Posterior_UB","prob"
-0.261280031101124,0.221011259500996,-0.710968641139193,0.158016218135113,0.889999987768062
