"Posterior_Mean","Posterior_SD","Posterior_LB","Posterior_UB","prob"
-0.352896272358917,0.232718863265536,-0.800882999238327,0.110113373347397,0.934166666666667
