"Posterior_Mean","Posterior_SD","Posterior_LB","Posterior_UB","prob"
0.0200984766237602,0.240688856967509,-0.438300222374066,0.484966548717062,0.465200427781824
