"Posterior_Mean","Posterior_SD","Posterior_LB","Posterior_UB","prob"
-0.100131495562902,0.251574330146385,-0.58980286386656,0.379445199389241,0.653166666666667
