"Posterior_Mean","Posterior_SD","Posterior_LB","Posterior_UB","prob"
0.370693835687574,0.227059349281152,-0.069483170841867,0.805538436210528,0.0501666666666667
