"Posterior_Mean","Posterior_SD","Posterior_LB","Posterior_UB","prob"
-0.127098073382779,0.241148201481022,-0.603243519095494,0.335194245923641,0.694333333333333
