"Posterior_Mean","Posterior_SD","Posterior_LB","Posterior_UB","prob"
0.248988362795727,0.253802774442935,-0.259444131809135,0.744761259763086,0.164166666666667
