"Posterior_Mean","Posterior_SD","Posterior_LB","Posterior_UB","prob"
0.531899389254072,0.235889468686677,0.0709437225695314,0.997495429495627,0.0131666666666667
