"Posterior_Mean","Posterior_SD","Posterior_LB","Posterior_UB","prob"
0.298488465955481,0.226458201437737,-0.150901455728018,0.740093100352986,0.0918333333333333
