"Posterior_Mean","Posterior_SD","Posterior_LB","Posterior_UB","prob"
-0.0313707381243214,0.225847353511108,-0.483063217072267,0.4051968068497,0.55800731281849
