"Posterior_Mean","Posterior_SD","Posterior_LB","Posterior_UB","prob"
0.118500851551548,0.224502139746231,-0.326470504043399,0.596879767383673,0.309952260311761
