"Posterior_Mean","Posterior_SD","Posterior_LB","Posterior_UB","prob"
-0.523247885665566,0.239131722903949,-0.990859527368773,-0.0384008518142604,0.984999370788802
