"Posterior_Mean","Posterior_SD","Posterior_LB","Posterior_UB","prob"
-0.199370781690153,0.226192916386609,-0.631001556225743,0.240286346290638,0.800523564272046
