"Posterior_Mean","Posterior_SD","Posterior_LB","Posterior_UB","prob"
0.442918314089109,0.229134211069175,-0.0225785277535356,0.896177225287536,0.0310517594090317
