"Posterior_Mean","Posterior_SD","Posterior_LB","Posterior_UB","prob"
-0.0978121281622957,0.206665063859519,-0.515063753650591,0.33682466700063,0.678251051141159
