"Posterior_Mean","Posterior_SD","Posterior_LB","Posterior_UB","prob"
0.137071410022364,0.235278697157268,-0.333240050641528,0.609181132635003,0.282022991366658
