"Posterior_Mean","Posterior_SD","Posterior_LB","Posterior_UB","prob"
0.0128187807887393,0.240902675203729,-0.46119397588033,0.485676803533288,0.4805
