"Posterior_Mean","Posterior_SD","Posterior_LB","Posterior_UB","prob"
0.0850571733596562,0.223930510375568,-0.359979557357006,0.531930500107096,0.353648829401083
