"Posterior_Mean","Posterior_SD","Posterior_LB","Posterior_UB","prob"
0.138570679293819,0.233644001616568,-0.323635040856216,0.583085004068494,0.271004490362048
