"Posterior_Mean","Posterior_SD","Posterior_LB","Posterior_UB","prob"
0.183475576313552,0.229376967185204,-0.273574266000192,0.644232173065283,0.2105
