"Posterior_Mean","Posterior_SD","Posterior_LB","Posterior_UB","prob"
0.116312335618391,0.227317975059519,-0.316785661768223,0.570492796721615,0.308333333333333
