"Posterior_Mean","Posterior_SD","Posterior_LB","Posterior_UB","prob"
-0.16121703600181,0.245649682690361,-0.649307705635104,0.318436262552301,0.7505
