"Posterior_Mean","Posterior_SD","Posterior_LB","Posterior_UB","prob"
-0.0807837346718337,0.22908881217341,-0.534339676258706,0.354821761207586,0.634
