"Posterior_Mean","Posterior_SD","Posterior_LB","Posterior_UB","prob"
-0.186059699090849,0.242922971220311,-0.665933308979466,0.294253877970521,0.780333333333333
