"Posterior_Mean","Posterior_SD","Posterior_LB","Posterior_UB","prob"
-0.257152915445957,0.241974396288104,-0.745723942616914,0.200212396667097,0.849062687830563
