"Posterior_Mean","Posterior_SD","Posterior_LB","Posterior_UB","prob"
-0.00439323402061191,0.223997241555025,-0.464213379746486,0.429545530431293,0.509499834435936
