"Posterior_Mean","Posterior_SD","Posterior_LB","Posterior_UB","prob"
0.156063316831068,0.232884533337176,-0.30545995065317,0.616104760862812,0.249166666666667
