"Posterior_Mean","Posterior_SD","Posterior_LB","Posterior_UB","prob"
0.311035786379476,0.223991217680893,-0.125379246271437,0.76111018831543,0.0838333333333333
