"Posterior_Mean","Posterior_SD","Posterior_LB","Posterior_UB","prob"
0.0715890191399575,0.186386049714809,-0.309289766601453,0.489240854018628,0.365602126984817
