"Posterior_Mean","Posterior_SD","Posterior_LB","Posterior_UB","prob"
0.596498683992085,0.240176955873294,0.104351083854111,1.07183279083899,0.00750000924097475
