"Posterior_Mean","Posterior_SD","Posterior_LB","Posterior_UB","prob"
-0.0377123800013027,0.232787165817096,-0.486636595711696,0.42180940888281,0.5675
