"Posterior_Mean","Posterior_SD","Posterior_LB","Posterior_UB","prob"
0.178285165088001,0.234157340578044,-0.280475325932205,0.637895314459826,0.221833333333333
