"Posterior_Mean","Posterior_SD","Posterior_LB","Posterior_UB","prob"
0.0264244195029609,0.225445237048103,-0.416490519252899,0.464023792609293,0.449833333333333
