"Posterior_Mean","Posterior_SD","Posterior_LB","Posterior_UB","prob"
-0.0664721266275103,0.225046336346912,-0.501483805819842,0.366263610846322,0.6095
