"Posterior_Mean","Posterior_SD","Posterior_LB","Posterior_UB","prob"
-0.386353317939744,0.239361503635247,-0.849347789513596,0.0825627901009258,0.946833333333333
