"Posterior_Mean","Posterior_SD","Posterior_LB","Posterior_UB","prob"
0.113651301240876,0.231197340756637,-0.334857394236984,0.56474159293506,0.312
