"Posterior_Mean","Posterior_SD","Posterior_LB","Posterior_UB","prob"
-0.0223406792220682,0.242785399531953,-0.503899304548402,0.45284480411842,0.538501479442682
