"Posterior_Mean","Posterior_SD","Posterior_LB","Posterior_UB","prob"
0.561515024213009,0.235706068263298,0.100683521315571,1.02225661774603,0.00933333333333333
