"Posterior_Mean","Posterior_SD","Posterior_LB","Posterior_UB","prob"
0.212809385703371,0.241854473856969,-0.250479629366442,0.699137170952211,0.189625736743501
