"Posterior_Mean","Posterior_SD","Posterior_LB","Posterior_UB","prob"
0.262235433330895,0.229948492367564,-0.196979828463643,0.723342834608522,0.125512311337147
