"Posterior_Mean","Posterior_SD","Posterior_LB","Posterior_UB","prob"
0.130127711122051,0.237625230221339,-0.328912444537351,0.608485726193559,0.291001387323232
