"Posterior_Mean","Posterior_SD","Posterior_LB","Posterior_UB","prob"
-0.186717351503494,0.238888673538419,-0.661058180296508,0.286050659436908,0.782999938812031
