"Posterior_Mean","Posterior_SD","Posterior_LB","Posterior_UB","prob"
-0.0965710978809902,0.226155427343995,-0.548426036408379,0.351649306434571,0.663027699526067
