"Posterior_Mean","Posterior_SD","Posterior_LB","Posterior_UB","prob"
-0.0106955392739266,0.217983777655776,-0.420837736215484,0.472427023253632,0.533963890121086
