"Posterior_Mean","Posterior_SD","Posterior_LB","Posterior_UB","prob"
-0.222453612521778,0.227408862431425,-0.675827372461702,0.213124835800585,0.82549311570225
