"Posterior_Mean","Posterior_SD","Posterior_LB","Posterior_UB","prob"
-0.360643833659448,0.238687043946227,-0.820727874528566,0.102299841180785,0.936166666666667
