"Posterior_Mean","Posterior_SD","Posterior_LB","Posterior_UB","prob"
-0.235165942387264,0.260324384955365,-0.74827478427043,0.260694494686151,0.811022405263013
