"Posterior_Mean","Posterior_SD","Posterior_LB","Posterior_UB","prob"
0.0541533569553484,0.240817091640351,-0.427020661590317,0.530874027845564,0.411775825606847
