"Posterior_Mean","Posterior_SD","Posterior_LB","Posterior_UB","prob"
-0.25000335309473,0.241431565735447,-0.728215474686244,0.22423786819861,0.846007421386387
