"Posterior_Mean","Posterior_SD","Posterior_LB","Posterior_UB","prob"
0.0915172704610676,0.212494448806222,-0.318780142728908,0.495888116450796,0.339162996364583
