"Posterior_Mean","Posterior_SD","Posterior_LB","Posterior_UB","prob"
0.0246096667233771,0.225681953625204,-0.406938453901382,0.478727418434343,0.46424268572915
