"Posterior_Mean","Posterior_SD","Posterior_LB","Posterior_UB","prob"
0.284883124602405,0.234747830670396,-0.166081654589746,0.742336085735386,0.112163284939124
