"Posterior_Mean","Posterior_SD","Posterior_LB","Posterior_UB","prob"
0.0688295451660722,0.241479714880972,-0.407220391868192,0.54189899852501,0.386666666666667
