"Posterior_Mean","Posterior_SD","Posterior_LB","Posterior_UB","prob"
0.19444200741853,0.239106816145667,-0.2843692611973,0.673061571939577,0.195999519766704
