"Posterior_Mean","Posterior_SD","Posterior_LB","Posterior_UB","prob"
-0.171502259185571,0.234953454232492,-0.636035609154409,0.291128488163833,0.7635
