"Posterior_Mean","Posterior_SD","Posterior_LB","Posterior_UB","prob"
0.0865521381764213,0.235558135425978,-0.382209398434084,0.557081333598574,0.352000080512356
