"Posterior_Mean","Posterior_SD","Posterior_LB","Posterior_UB","prob"
-0.171815507892541,0.235720640696787,-0.639420177710761,0.284377369346859,0.767833333333333
