"Posterior_Mean","Posterior_SD","Posterior_LB","Posterior_UB","prob"
-0.00400972023274283,0.234762963818694,-0.463823589181465,0.470710565973249,0.513552776093906
