"Posterior_Mean","Posterior_SD","Posterior_LB","Posterior_UB","prob"
0.334323348756676,0.245689336806029,-0.12878339690984,0.825342784284835,0.0864992212980077
