"Posterior_Mean","Posterior_SD","Posterior_LB","Posterior_UB","prob"
0.323405119242669,0.231714558346316,-0.117651264430878,0.785438719977163,0.0796299612747281
