"Posterior_Mean","Posterior_SD","Posterior_LB","Posterior_UB","prob"
0.296620035694008,0.230771638425724,-0.151709384078764,0.766090322136434,0.102999006149717
