"Posterior_Mean","Posterior_SD","Posterior_LB","Posterior_UB","prob"
0.178213642875995,0.239122128981301,-0.287684692392991,0.66087385305715,0.2285
