"Posterior_Mean","Posterior_SD","Posterior_LB","Posterior_UB","prob"
-0.111057296318144,0.238162404069333,-0.603825431864224,0.341536961805041,0.687755024200329
