"Posterior_Mean","Posterior_SD","Posterior_LB","Posterior_UB","prob"
-0.296825095159376,0.235380504505151,-0.756167255403522,0.168532057908107,0.895071723798009
