"Posterior_Mean","Posterior_SD","Posterior_LB","Posterior_UB","prob"
0.0225156400205097,0.228440673838611,-0.426237198895332,0.466090917891032,0.458833333333333
