"Posterior_Mean","Posterior_SD","Posterior_LB","Posterior_UB","prob"
-0.0636791197467804,0.23656004626153,-0.523686678093654,0.404008532567706,0.6025
