"Posterior_Mean","Posterior_SD","Posterior_LB","Posterior_UB","prob"
0.0777360544569039,0.2371144213935,-0.388548160835773,0.541255869953775,0.368166666666667
