"Posterior_Mean","Posterior_SD","Posterior_LB","Posterior_UB","prob"
-0.0849273086393107,0.201929611923731,-0.490530441063577,0.35101310093088,0.66860629198369
