"Posterior_Mean","Posterior_SD","Posterior_LB","Posterior_UB","prob"
0.243357870868772,0.240115962503014,-0.224195319039109,0.720013464212655,0.1535
