"Posterior_Mean","Posterior_SD","Posterior_LB","Posterior_UB","prob"
-0.447964623017488,0.245769355186106,-0.926799682975666,0.0232494193334491,0.968333333333333
