"Posterior_Mean","Posterior_SD","Posterior_LB","Posterior_UB","prob"
-0.373394529250621,0.232956451289695,-0.845101826202462,0.0562150727922133,0.950060107002867
