"Posterior_Mean","Posterior_SD","Posterior_LB","Posterior_UB","prob"
-0.211746299719329,0.232884335928579,-0.655530309549001,0.239823129882944,0.819256435440865
