"Posterior_Mean","Posterior_SD","Posterior_LB","Posterior_UB","prob"
-0.271145054138449,0.213247447363177,-0.715823195226878,0.1357518047685,0.900593897655256
