"Posterior_Mean","Posterior_SD","Posterior_LB","Posterior_UB","prob"
0.258616854915757,0.242998704908318,-0.197915613464777,0.739532559211451,0.145421936684051
