"Posterior_Mean","Posterior_SD","Posterior_LB","Posterior_UB","prob"
-0.0903192118834802,0.23497977828848,-0.554057245176061,0.365810895330717,0.650022450319478
