"Posterior_Mean","Posterior_SD","Posterior_LB","Posterior_UB","prob"
-0.238169576187654,0.252617658286716,-0.734492874858056,0.275084115657663,0.8345
