"Posterior_Mean","Posterior_SD","Posterior_LB","Posterior_UB","prob"
0.0343735914479503,0.172198811013011,-0.328576934197504,0.414318285267906,0.424655530077109
