"Posterior_Mean","Posterior_SD","Posterior_LB","Posterior_UB","prob"
0.195068013337756,0.246106808114385,-0.295123113192944,0.683605160575877,0.208614413547213
