"Posterior_Mean","Posterior_SD","Posterior_LB","Posterior_UB","prob"
-0.0515352415743882,0.236283687490747,-0.513604499574357,0.395977961339195,0.585803012314685
