"Posterior_Mean","Posterior_SD","Posterior_LB","Posterior_UB","prob"
0.0361042382073235,0.246343751539291,-0.44644136333627,0.525247326443559,0.453499972641755
