"Posterior_Mean","Posterior_SD","Posterior_LB","Posterior_UB","prob"
0.116674641817487,0.239599854710871,-0.352090042804162,0.595768984471459,0.309
