"Posterior_Mean","Posterior_SD","Posterior_LB","Posterior_UB","prob"
-0.0296840278020884,0.223169064492255,-0.467645835059951,0.414453156737144,0.551833333333333
