"Posterior_Mean","Posterior_SD","Posterior_LB","Posterior_UB","prob"
0.188292440777688,0.24374968425753,-0.310935033755358,0.643386188605172,0.224506623779549
