"Posterior_Mean","Posterior_SD","Posterior_LB","Posterior_UB","prob"
-0.0311335059421722,0.229813394714355,-0.503179513102882,0.431497547613674,0.553532255968551
