"Posterior_Mean","Posterior_SD","Posterior_LB","Posterior_UB","prob"
0.213285938548405,0.23853345572157,-0.264938743218729,0.67037815204201,0.186333333333333
