"Posterior_Mean","Posterior_SD","Posterior_LB","Posterior_UB","prob"
-0.329418939234875,0.257493115312211,-0.832490421499993,0.173107859185912,0.903499996879864
