"Posterior_Mean","Posterior_SD","Posterior_LB","Posterior_UB","prob"
0.248765485834097,0.241738814009207,-0.217298098168654,0.728720245810931,0.1565
