"Posterior_Mean","Posterior_SD","Posterior_LB","Posterior_UB","prob"
0.250050483055449,0.234364501868065,-0.19415641013672,0.720282397456897,0.143500099260727
