"Posterior_Mean","Posterior_SD","Posterior_LB","Posterior_UB","prob"
0.0699672277128441,0.230733451988882,-0.388874087788991,0.522695544750303,0.379154279313687
