"Posterior_Mean","Posterior_SD","Posterior_LB","Posterior_UB","prob"
-0.0454153990095935,0.227802444004288,-0.49393755178149,0.389271912029763,0.578333333333333
