"Posterior_Mean","Posterior_SD","Posterior_LB","Posterior_UB","prob"
-0.0369809162469809,0.227114641378564,-0.486622095284914,0.408022571516901,0.567833333333333
