"Posterior_Mean","Posterior_SD","Posterior_LB","Posterior_UB","prob"
0.424056976371076,0.230012329165966,-0.0232784967866812,0.883692349319576,0.0298333333333333
