"Posterior_Mean","Posterior_SD","Posterior_LB","Posterior_UB","prob"
0.0478957367153649,0.215932624521029,-0.369989800230542,0.498924084785761,0.423954890775733
