"Posterior_Mean","Posterior_SD","Posterior_LB","Posterior_UB","prob"
-0.419468084313121,0.235041973921817,-0.88333532712602,0.0443261138364511,0.964166666666667
