"Posterior_Mean","Posterior_SD","Posterior_LB","Posterior_UB","prob"
-0.163444861900564,0.245818976794609,-0.63630497637799,0.32691507259645,0.746080097985427
