"Posterior_Mean","Posterior_SD","Posterior_LB","Posterior_UB","prob"
0.452252530567397,0.230799359375179,-0.0340771565930499,0.928367058033272,0.0353983543713352
