"Posterior_Mean","Posterior_SD","Posterior_LB","Posterior_UB","prob"
0.122371294801243,0.2398826742526,-0.341327326063661,0.601558691524229,0.307253942882487
