"Posterior_Mean","Posterior_SD","Posterior_LB","Posterior_UB","prob"
-0.222139542886666,0.236902433610485,-0.693750763627994,0.24127499223423,0.828333333333333
