"Posterior_Mean","Posterior_SD","Posterior_LB","Posterior_UB","prob"
0.182768204616788,0.206555079097933,-0.229360269501142,0.618184667577546,0.197659728522283
