"","Posterior_Mean","Posterior_SD","Posterior_LB","Posterior_UB"
"1",0.00375222924616849,0.0460510364388746,-0.0874099072825907,0.0907023551598486
