"","Posterior_Mean","Posterior_SD","Posterior_LB","Posterior_UB"
"1",0.0443919605582056,0.0415444111900966,-0.0406633372115759,0.130713831576244
