"","Posterior_Mean","Posterior_SD","Posterior_LB","Posterior_UB"
"1",0.0111970218979468,0.0415735687341546,-0.0693154455474575,0.0889593785731072
