"","Posterior_Mean","Posterior_SD","Posterior_LB","Posterior_UB"
"1",0.0202240205667966,0.042393342266148,-0.065833176026727,0.105609050581801
