"","Posterior_Mean","Posterior_SD","Posterior_LB","Posterior_UB"
"1",-0.0819246571914208,0.0414601013146984,-0.162797160430912,-0.0010481917129174
