"","Posterior_Mean","Posterior_SD","Posterior_LB","Posterior_UB"
"1",-0.0545407583144949,0.0420551920661232,-0.140749708015327,0.0254460177530676
