"","Posterior_Mean","Posterior_SD","Posterior_LB","Posterior_UB"
"1",-0.0455291031041346,0.0404848469190007,-0.123914519156594,0.0335720225559404
