"","Posterior_Mean","Posterior_SD","Posterior_LB","Posterior_UB"
"1",-0.00447072085170555,0.0415158591790177,-0.087217126261312,0.076122890530222
