"","Posterior_Mean","Posterior_SD","Posterior_LB","Posterior_UB"
"1",0.020884769057589,0.0414344608963533,-0.0578813818143553,0.108639395233972
