"Posterior_Mean","Posterior_SD","Posterior_LB","Posterior_UB","prob"
-0.316064762205037,0.134557864048159,-0.587137013619438,0.0138316233795515,0.97051828336671
