"Posterior_Mean","Posterior_SD","Posterior_LB","Posterior_UB","prob"
-0.285879264375398,0.0828523099503903,-0.456695231270442,-0.111149322543275,0.998087445591522
