"Posterior_Mean","Posterior_SD","Posterior_LB","Posterior_UB","prob"
-0.292139676414267,0.111535396393872,-0.511922452533885,-0.0388184710064507,0.987622716995951
