"Posterior_Mean","Posterior_SD","Posterior_LB","Posterior_UB","prob"
-0.258204237217107,0.147988400411523,-0.572692452067227,0.03470439499917,0.955967094029466
