"Posterior_Mean","Posterior_SD","Posterior_LB","Posterior_UB","prob"
-0.572555471701327,0.10671690598808,-0.843963910128482,-0.355652738764214,1
