"Posterior_Mean","Posterior_SD","Posterior_LB","Posterior_UB","prob"
-0.242409588008479,0.140832535299562,-0.526619411634815,0.0989212255936396,0.923217785468341
