"Posterior_Mean","Posterior_SD","Posterior_LB","Posterior_UB","prob"
-0.234442407847654,0.107167553956313,-0.444804610364483,-0.000418592275177133,0.975745743585288
