"Posterior_Mean","Posterior_SD","Posterior_LB","Posterior_UB","prob"
-0.0831451764596108,0.136119093598234,-0.369117422154968,0.27026376518119,0.718614747210722
