"Posterior_Mean","Posterior_SD","Posterior_LB","Posterior_UB","prob"
-0.433630184548963,0.0949351781450433,-0.619668567332641,-0.206284422412615,0.998158548166749
