"Posterior_Mean","Posterior_SD","Posterior_LB","Posterior_UB","prob"
-0.164541259644717,0.103414843652172,-0.416512784079283,0.0584985247973379,0.926696143541401
