"Posterior_Mean","Posterior_SD","Posterior_LB","Posterior_UB","prob"
-0.449554427604376,0.118391078678158,-0.711581766087023,-0.149843965201545,0.996897210756373
