"Posterior_Mean","Posterior_SD","Posterior_LB","Posterior_UB","prob"
-0.29999423944708,0.149425554407389,-0.605781273852196,0.0701487491021408,0.946612368898833
