"Posterior_Mean","Posterior_SD","Posterior_LB","Posterior_UB","prob"
-0.303647643286165,0.133905442683909,-0.601518644354716,-0.00492652925292296,0.976406776313775
