"Posterior_Mean","Posterior_SD","Posterior_LB","Posterior_UB","prob"
-0.303098755202298,0.109496562333478,-0.574181143259415,0.0230258114419073,0.965702829866937
