"Posterior_Mean","Posterior_SD","Posterior_LB","Posterior_UB","prob"
-0.373912630370249,0.108473677394353,-0.626677864487941,-0.145597945885262,0.999313286313244
