"Posterior_Mean","Posterior_SD","Posterior_LB","Posterior_UB","prob"
0.100719465444454,0.0583167064495891,-0.0186139409513764,0.240126995601831,0.0562003923042821
