"","Posterior_Mean","Posterior_SD","Posterior_LB","Posterior_UB"
"1",0.109483311338977,0.0424207961682772,0.0280908762322492,0.192799399891434
