"Posterior_Mean","Posterior_SD","Posterior_LB","Posterior_UB","prob"
-0.0344677014307459,0.0447768885488306,-0.124341522405575,0.0665861282381882,0.786807002129341
