"Posterior_Mean","Posterior_SD","Posterior_LB","Posterior_UB","prob"
0.0597367989130984,0.0531140367258003,-0.0785066441676242,0.207771445106746,0.212904531676305
