"Posterior_Mean","Posterior_SD","Posterior_LB","Posterior_UB","prob"
-0.0843041408060519,0.0528658235126239,-0.203332104677365,0.0213261480876985,0.940386843940277
