"Posterior_Mean","Posterior_SD","Posterior_LB","Posterior_UB","prob"
-0.116501695523267,0.0590336422413848,-0.283530033255019,0.0501701008218316,0.89943041583024
