"Posterior_Mean","Posterior_SD","Posterior_LB","Posterior_UB","prob"
0.0192080927345885,0.0440135545936487,-0.0688162970275522,0.105624844739931,0.331970153862266
