"Posterior_Mean","Posterior_SD","Posterior_LB","Posterior_UB","prob"
-0.0867352363016518,0.0553021802154075,-0.20465797564634,0.0240178979267712,0.928487124445405
