"Posterior_Mean","Posterior_SD","Posterior_LB","Posterior_UB","prob"
-0.00182978919637895,0.0539408554755971,-0.172579712411923,0.121060772285648,0.46165822485328
