"Posterior_Mean","Posterior_SD","Posterior_LB","Posterior_UB","prob"
0.101627886515034,0.0559165761240054,-0.00849918126036602,0.209228323422267,0.034518516684189
