"Posterior_Mean","Posterior_SD","Posterior_LB","Posterior_UB","prob"
0.00660044433447134,0.0559474689560464,-0.109469475514625,0.121957258500402,0.459379510400822
