"Posterior_Mean","Posterior_SD","Posterior_LB","Posterior_UB","prob"
-0.182723557806002,0.0598688269869495,-0.354319361771256,-0.0557123160279641,0.999511038919157
