"Posterior_Mean","Posterior_SD","Posterior_LB","Posterior_UB","prob"
0.103055594104646,0.0564460726748742,-0.00722423021589536,0.213933035215357,0.0324924010559036
