"Posterior_Mean","Posterior_SD","Posterior_LB","Posterior_UB","prob"
-0.0224897597871257,0.0478880999805125,-0.130652027200238,0.108859825582974,0.68720918219211
