"","Posterior_Mean","Posterior_SD","Posterior_LB","Posterior_UB"
"1",0.0640778937110059,0.0405200794930445,-0.0108555064021502,0.146294700556969
