"Posterior_Mean","Posterior_SD","Posterior_LB","Posterior_UB","prob"
-0.206373227261335,0.0545339676780826,-0.359479430241561,0.0403880568980435,0.942817202560832
