"Posterior_Mean","Posterior_SD","Posterior_LB","Posterior_UB","prob"
-0.0255544138512794,0.0539626966398677,-0.141832802987837,0.0814433673020719,0.672171751775277
