"Posterior_Mean","Posterior_SD","Posterior_LB","Posterior_UB","prob"
-0.0980292964599947,0.0476993958760272,-0.215414580138773,0.028257176309101,0.931412692445326
