"","Posterior_Mean","Posterior_SD","Posterior_LB","Posterior_UB"
"1",0.000255174411126119,0.0399164637841061,-0.0792202349034699,0.0786242335792016
