"Posterior_Mean","Posterior_SD","Posterior_LB","Posterior_UB","prob"
0.0527566822689276,0.0564648130283255,-0.0598672476615102,0.166230621147168,0.182768489131067
