"Posterior_Mean","Posterior_SD","Posterior_LB","Posterior_UB","prob"
-0.0947947913433677,0.0535136531403965,-0.220320136960626,0.020020871873426,0.944104466140359
