"Posterior_Mean","Posterior_SD","Posterior_LB","Posterior_UB","prob"
-0.0258249655572618,0.044856480385335,-0.115588574792293,0.0663799763523212,0.721085073698877
