"Posterior_Mean","Posterior_SD","Posterior_LB","Posterior_UB","prob"
0.00918553152584029,0.0528223970426319,-0.142447117604121,0.140513629702443,0.411361613900748
