"","Posterior_Mean","Posterior_SD","Posterior_LB","Posterior_UB"
"1",0.0233416914321392,0.0391819242700305,-0.0522371198459191,0.0984336315711539
