"Posterior_Mean","Posterior_SD","Posterior_LB","Posterior_UB","prob"
-0.208218565224508,0.043893630735739,-0.327768207983328,-0.0610374156643056,0.99388499566326
