"Posterior_Mean","Posterior_SD","Posterior_LB","Posterior_UB","prob"
0.056550515922391,0.054747832744891,-0.0502209026045486,0.166786708381536,0.163145928113804
