"Posterior_Mean","Posterior_SD","Posterior_LB","Posterior_UB","prob"
-0.076343413184515,0.0495293606394329,-0.189423753707993,0.0606845074394114,0.86987373463082
