"Posterior_Mean","Posterior_SD","Posterior_LB","Posterior_UB","prob"
0.0227873418335361,0.0473866121474473,-0.0940709174909375,0.147812928907715,0.333284758405696
