"Posterior_Mean","Posterior_SD","Posterior_LB","Posterior_UB","prob"
-0.0510862919895236,0.046940999970062,-0.146486787581565,0.0512941493967651,0.844216446762799
