"","Posterior_Mean","Posterior_SD","Posterior_LB","Posterior_UB"
"1",-0.00901553503207486,0.0383918641913414,-0.0807250842716369,0.0679932713055478
