"Posterior_Mean","Posterior_SD","Posterior_LB","Posterior_UB","prob"
-0.330693241571131,0.0461736162398418,-0.467217993270882,-0.167933559822629,0.999999981117536
