"Posterior_Mean","Posterior_SD","Posterior_LB","Posterior_UB","prob"
-0.247419192326239,0.0606453533878673,-0.416389592567832,-0.0451388398989783,0.993916587704334
