"Posterior_Mean","Posterior_SD","Posterior_LB","Posterior_UB","prob"
-0.0211106288998055,0.0763488364755067,-0.180391745824752,0.124563697246002,0.598762212673509
