"Posterior_Mean","Posterior_SD","Posterior_LB","Posterior_UB","prob"
-0.139012588730301,0.0568593602376282,-0.274029134561074,0.0704176859235312,0.912244388054376
