"Posterior_Mean","Posterior_SD","Posterior_LB","Posterior_UB","prob"
-0.307842542086289,0.0532165889871673,-0.41148452849609,-0.203050924425614,0.99998979219255
