"Posterior_Mean","Posterior_SD","Posterior_LB","Posterior_UB","prob"
-0.424590448266568,0.0439476465049623,-0.511606956200013,-0.337072273330306,1
