"Posterior_Mean","Posterior_SD","Posterior_LB","Posterior_UB","prob"
-0.380051528673623,0.0434863745917736,-0.469602541306366,-0.290320864992606,1
