"Posterior_Mean","Posterior_SD","Posterior_LB","Posterior_UB","prob"
-0.309793184758706,0.0467467431796811,-0.411136440608898,-0.185672980051134,0.999949086116066
