"Posterior_Mean","Posterior_SD","Posterior_LB","Posterior_UB","prob"
-0.317376590138956,0.0492088217926714,-0.479814496717865,-0.161550364355825,0.999911017089173
