"Posterior_Mean","Posterior_SD","Posterior_LB","Posterior_UB","prob"
-0.262292202563832,0.0664076074997742,-0.39281004923539,-0.113660033809998,0.999352358784213
