"Posterior_Mean","Posterior_SD","Posterior_LB","Posterior_UB","prob"
-0.134112971446723,0.073390253311048,-0.280567140753851,0.00473117434667633,0.968666666666667
