"Posterior_Mean","Posterior_SD","Posterior_LB","Posterior_UB","prob"
-0.282791870029391,0.0525161492443571,-0.387812981864175,-0.177637177960149,1
