"Posterior_Mean","Posterior_SD","Posterior_LB","Posterior_UB","prob"
-0.318393387595732,0.045087263337798,-0.412751488533537,-0.194093813612084,0.999978066035122
