"Posterior_Mean","Posterior_SD","Posterior_LB","Posterior_UB","prob"
-0.332280221913765,0.0789724018394682,-0.484985474660342,-0.177311540500292,1
