"","Posterior_Mean","Posterior_SD","Posterior_LB","Posterior_UB"
"1",0.0177029904519968,0.0409852431497596,-0.0627243343234214,0.0958892233201325
