"Posterior_Mean","Posterior_SD","Posterior_LB","Posterior_UB","prob"
-0.274804839891392,0.0555581315258759,-0.384986159847098,-0.148334174191714,0.999788469928089
