"Posterior_Mean","Posterior_SD","Posterior_LB","Posterior_UB","prob"
-0.301313518792878,0.0701738372832544,-0.448338090451514,-0.150726347118456,1
