"Posterior_Mean","Posterior_SD","Posterior_LB","Posterior_UB","prob"
-0.372560257042381,0.0456849836537369,-0.465550262551424,-0.247744063618041,0.999983031881008
