"Posterior_Mean","Posterior_SD","Posterior_LB","Posterior_UB","prob"
-0.309258601269034,0.0539703219505886,-0.423859956766763,-0.163068425669696,1
