"Posterior_Mean","Posterior_SD","Posterior_LB","Posterior_UB","prob"
-0.295834590587064,0.0577087487341717,-0.409785729409826,-0.173937207558698,0.999934184620465
