"Posterior_Mean","Posterior_SD","Posterior_LB","Posterior_UB","prob"
-0.163394261761958,0.0767058662078993,-0.313383253217005,-0.0151944470203815,0.981666666666667
