"Posterior_Mean","Posterior_SD","Posterior_LB","Posterior_UB","prob"
-0.37047109945459,0.0454096887177401,-0.4612548643491,-0.252680835610852,0.999846183567429
