"Posterior_Mean","Posterior_SD","Posterior_LB","Posterior_UB","prob"
-0.156122895898128,0.0761945911432673,-0.304933741848235,-0.00550985703970402,0.978833333333333
