"","Posterior_Mean","Posterior_SD","Posterior_LB","Posterior_UB"
"1",0.0195640667302957,0.0401764733370163,-0.0580530725203051,0.0990852346291674
