"Posterior_Mean","Posterior_SD","Posterior_LB","Posterior_UB","prob"
-0.225603613070374,0.052339571628022,-0.32912429260976,-0.119246972357533,0.999800241839545
