"Posterior_Mean","Posterior_SD","Posterior_LB","Posterior_UB","prob"
-0.123367509134628,0.0757320178681221,-0.272590683932781,0.0263604455117742,0.949
