"Posterior_Mean","Posterior_SD","Posterior_LB","Posterior_UB","prob"
-0.302072320033186,0.0542698413548085,-0.406051182412633,-0.193612772593121,0.999979921725451
