"Posterior_Mean","Posterior_SD","Posterior_LB","Posterior_UB","prob"
-0.308588290379403,0.0605202319705102,-0.445715792702816,-0.101201648020093,0.998613569161316
