"Posterior_Mean","Posterior_SD","Posterior_LB","Posterior_UB","prob"
-0.181872789487063,0.0595248289348202,-0.306428525285761,-0.0123579073899662,0.981651176187522
