"Posterior_Mean","Posterior_SD","Posterior_LB","Posterior_UB","prob"
-0.335644489654863,0.0536181691825484,-0.450851164466298,-0.187409352057781,1
