"Posterior_Mean","Posterior_SD","Posterior_LB","Posterior_UB","prob"
-0.358007332032905,0.0580598818151335,-0.48126889156194,-0.224624500780448,1
