"Posterior_Mean","Posterior_SD","Posterior_LB","Posterior_UB","prob"
-0.373550402413857,0.0520689259568787,-0.476673594210624,-0.248028443365895,1
