"Posterior_Mean","Posterior_SD","Posterior_LB","Posterior_UB","prob"
-0.323987733213265,0.0433415587770472,-0.409320886181837,-0.236535620622654,1
