"Posterior_Mean","Posterior_SD","Posterior_LB","Posterior_UB","prob"
-0.3277367440864,0.0498055102086492,-0.469684497485207,-0.195628132944391,1
