"Posterior_Mean","Posterior_SD","Posterior_LB","Posterior_UB","prob"
-0.291322863836845,0.053222127228215,-0.399225738455445,-0.188900001128468,1
