"Posterior_Mean","Posterior_SD","Posterior_LB","Posterior_UB","prob"
-0.337582481450961,0.0452061970997967,-0.432020264094233,-0.188384383481808,0.998816467500265
