"Posterior_Mean","Posterior_SD","Posterior_LB","Posterior_UB","prob"
-0.263288802697893,0.0542099468640549,-0.371543164813067,-0.15000235281261,0.9998305972981
