"Posterior_Mean","Posterior_SD","Posterior_LB","Posterior_UB","prob"
-0.318200522695391,0.0439508923911211,-0.406476415108721,-0.219662549235832,1
