"Posterior_Mean","Posterior_SD","Posterior_LB","Posterior_UB","prob"
-0.190655630356756,0.077892625954767,-0.342209882541752,-0.0387133591024116,0.993333333333333
