"Posterior_Mean","Posterior_SD","Posterior_LB","Posterior_UB","prob"
-0.333523375323864,0.0454411044404589,-0.432523759616457,-0.201025410026033,0.999999018158251
