"Posterior_Mean","Posterior_SD","Posterior_LB","Posterior_UB","prob"
-0.236251447628387,0.0545715009233718,-0.343959573576398,-0.119373636211117,0.999466359489009
