"Posterior_Mean","Posterior_SD","Posterior_LB","Posterior_UB","prob"
-0.290969241498769,0.0453210871542398,-0.38184807412852,-0.185160595502397,0.999564676196679
