"Posterior_Mean","Posterior_SD","Posterior_LB","Posterior_UB","prob"
-0.227433691321526,0.0763845597042754,-0.388081505829863,-0.0799778331133662,0.997141112670511
