"Posterior_Mean","Posterior_SD","Posterior_LB","Posterior_UB","prob"
-0.310405788844637,0.0570277217461831,-0.42411402213603,-0.153585608779167,0.999661669389591
