"Posterior_Mean","Posterior_SD","Posterior_LB","Posterior_UB","prob"
-0.351451446858597,0.0458697029544977,-0.443939681869445,-0.248975114140341,1
