"Posterior_Mean","Posterior_SD","Posterior_LB","Posterior_UB","prob"
-0.155153993363231,0.0568754697193493,-0.27329601354831,0.0134311128517251,0.966477002509835
