"Posterior_Mean","Posterior_SD","Posterior_LB","Posterior_UB","prob"
-0.331364075240486,0.0479279480520274,-0.454185527064476,-0.190692438184683,0.999999472197916
