"Posterior_Mean","Posterior_SD","Posterior_LB","Posterior_UB","prob"
-0.349066695044924,0.0542287620006478,-0.45712749795921,-0.241694648821429,0.999997405149879
