"Posterior_Mean","Posterior_SD","Posterior_LB","Posterior_UB","prob"
-0.079850259442973,0.0755072974435891,-0.229568295495832,0.0662406505264433,0.863020083204319
