"","Posterior_Mean","Posterior_SD","Posterior_LB","Posterior_UB"
"1",-0.0390158499809429,0.0382567410101943,-0.113117656305867,0.0368284290555457
