"Posterior_Mean","Posterior_SD","Posterior_LB","Posterior_UB","prob"
-0.316484661813065,0.0575556558609468,-0.441437516217109,-0.11741854029377,0.999288420164243
