"","Posterior_Mean","Posterior_SD","Posterior_LB","Posterior_UB"
"1",0.102201918787527,0.0392010920484762,0.0245976637642011,0.177237219666649
