"Posterior_Mean","Posterior_SD","Posterior_LB","Posterior_UB","prob"
-0.353489089470472,0.0530948128444685,-0.464104401332436,-0.243757566711421,1
