"Posterior_Mean","Posterior_SD","Posterior_LB","Posterior_UB","prob"
-0.458267722048709,0.0434114277388973,-0.54353219353546,-0.371159560047724,1
