"","Posterior_Mean","Posterior_SD","Posterior_LB","Posterior_UB"
"1",0.0858037950424726,0.0404620180665821,0.00749133327692443,0.159563422599411
