"Posterior_Mean","Posterior_SD","Posterior_LB","Posterior_UB","prob"
-0.202017879352537,0.0542451433154095,-0.310836324321484,-0.0713857506182813,0.994452975742176
