"Posterior_Mean","Posterior_SD","Posterior_LB","Posterior_UB","prob"
-0.331970224843621,0.0550821033958802,-0.444245304532041,-0.219827275318324,0.999991248938388
