"Posterior_Mean","Posterior_SD","Posterior_LB","Posterior_UB","prob"
-0.234097429651446,0.057019264710555,-0.350041742625772,-0.096854121758002,0.998293882418707
