"Posterior_Mean","Posterior_SD","Posterior_LB","Posterior_UB","prob"
-0.33190052299663,0.0449513640923297,-0.429498306420803,-0.197558121900052,0.999998787933449
