"Posterior_Mean","Posterior_SD","Posterior_LB","Posterior_UB","prob"
-0.298023745262122,0.0443568313571208,-0.388094782252254,-0.189481455026891,0.999999615218644
