"Posterior_Mean","Posterior_SD","Posterior_LB","Posterior_UB","prob"
-0.245786225168245,0.0755409340941069,-0.399993840183763,-0.0996590707590398,0.999516111865576
