"Posterior_Mean","Posterior_SD","Posterior_LB","Posterior_UB","prob"
-0.256612765654575,0.0767138913249076,-0.410305711975572,-0.106385973857115,0.9995
