"Posterior_Mean","Posterior_SD","Posterior_LB","Posterior_UB","prob"
-0.365784102836253,0.0548212711528397,-0.472358361389636,-0.246323712640626,1
