"Posterior_Mean","Posterior_SD","Posterior_LB","Posterior_UB","prob"
-0.330583677479715,0.0454389158013106,-0.419830163933085,-0.234563668458796,0.99993825603602
