"Posterior_Mean","Posterior_SD","Posterior_LB","Posterior_UB","prob"
-0.418748303702194,0.0441747442106865,-0.506773413246414,-0.331494934870442,1
