"Posterior_Mean","Posterior_SD","Posterior_LB","Posterior_UB","prob"
-0.23489439864708,0.0546780355583605,-0.349951771664902,-0.111909921634484,0.998802869600127
