"Posterior_Mean","Posterior_SD","Posterior_LB","Posterior_UB","prob"
-0.147439434629178,0.073427429397635,-0.298327911522539,-0.000163931906061912,0.974700414072058
