"Posterior_Mean","Posterior_SD","Posterior_LB","Posterior_UB","prob"
-0.424472221317462,0.0384060539264457,-0.502756869570235,-0.339726771082212,0.999999999786234
