"Posterior_Mean","Posterior_SD","Posterior_LB","Posterior_UB","prob"
-0.190193214334356,0.0746447086317878,-0.337787067869766,-0.0453900346103956,0.993833333333333
