"Posterior_Mean","Posterior_SD","Posterior_LB","Posterior_UB","prob"
-0.178570454330151,0.0762487547110674,-0.328066105762551,-0.0319041836138965,0.989833333333333
