"Posterior_Mean","Posterior_SD","Posterior_LB","Posterior_UB","prob"
-0.349012092177187,0.0554108335497049,-0.460144364009779,-0.241606682693619,1
