"Posterior_Mean","Posterior_SD","Posterior_LB","Posterior_UB","prob"
-0.224848908527011,0.0727997956612106,-0.373513309939602,-0.063160089801718,0.998013654780318
