"Posterior_Mean","Posterior_SD","Posterior_LB","Posterior_UB","prob"
-0.105469907203625,0.0672455275594166,-0.293890580683751,0.0759265763227671,0.855972389204262
