"Posterior_Mean","Posterior_SD","Posterior_LB","Posterior_UB","prob"
-0.406596042548192,0.0434283386379167,-0.48919244470164,-0.318375956401002,1
