"","Posterior_Mean","Posterior_SD","Posterior_LB","Posterior_UB"
"1",0.0255163781338285,0.0388779739199005,-0.0509111008619162,0.105215370863472
