"Posterior_Mean","Posterior_SD","Posterior_LB","Posterior_UB","prob"
-0.365311515083824,0.0537532740058749,-0.472369411221244,-0.247914417376244,0.999983241063719
