"Posterior_Mean","Posterior_SD","Posterior_LB","Posterior_UB","prob"
-0.172469893297415,0.054369087843354,-0.279684797961617,-0.0656477823453202,0.998005042229173
