"Posterior_Mean","Posterior_SD","Posterior_LB","Posterior_UB","prob"
-0.452259709858411,0.0415357030327766,-0.552873195061391,-0.340766765170597,0.999999799415962
