"Posterior_Mean","Posterior_SD","Posterior_LB","Posterior_UB","prob"
-0.353482318809369,0.0536476272596421,-0.466862699224766,-0.245269022359911,0.999999036476019
