"Posterior_Mean","Posterior_SD","Posterior_LB","Posterior_UB","prob"
-0.278881272541422,0.0721106927074346,-0.42737299537502,-0.137854638332492,1
