"Posterior_Mean","Posterior_SD","Posterior_LB","Posterior_UB","prob"
-0.374866266414222,0.0430718452622286,-0.460145153467873,-0.290913081105209,1
