"Posterior_Mean","Posterior_SD","Posterior_LB","Posterior_UB","prob"
-0.329510711540746,0.0569622637362421,-0.444756052692889,-0.215160603372083,1
