"Posterior_Mean","Posterior_SD","Posterior_LB","Posterior_UB","prob"
-0.407501686681902,0.0465424421365178,-0.506310571791243,-0.285297907493656,0.999988110303325
