"Posterior_Mean","Posterior_SD","Posterior_LB","Posterior_UB","prob"
-0.335675371684956,0.0472382260603471,-0.432531768297555,-0.224921388118343,0.999999878443631
