"Posterior_Mean","Posterior_SD","Posterior_LB","Posterior_UB","prob"
-0.174918311332192,0.0545587397771727,-0.304453499584253,1.03586649022255e-05,0.974783236342118
