"Posterior_Mean","Posterior_SD","Posterior_LB","Posterior_UB","prob"
-0.344059724883526,0.0454295839231142,-0.448806998277238,-0.209933715881833,0.999995300616299
