"Posterior_Mean","Posterior_SD","Posterior_LB","Posterior_UB","prob"
-0.220334160832605,0.045456491100654,-0.312650675164899,-0.11664739970828,0.999839633574328
