"Posterior_Mean","Posterior_SD","Posterior_LB","Posterior_UB","prob"
-0.16512268101553,0.0741904018481107,-0.33369557364406,-0.0128695507753493,0.981397257359119
