"Posterior_Mean","Posterior_SD","Posterior_LB","Posterior_UB","prob"
-0.315601986682072,0.043239018468188,-0.401715337311512,-0.228919088809355,0.999999998391772
