"Posterior_Mean","Posterior_SD","Posterior_LB","Posterior_UB","prob"
-0.319700719118986,0.0460524592606965,-0.427375715758458,-0.178623218924405,0.99994358042715
