"Posterior_Mean","Posterior_SD","Posterior_LB","Posterior_UB","prob"
-0.365879572759487,0.0471382320850288,-0.46801402864084,-0.241756230842479,0.999997858373078
