"Posterior_Mean","Posterior_SD","Posterior_LB","Posterior_UB","prob"
-0.270654825810153,0.0535705911330706,-0.377078782419705,-0.161170984250244,0.999971577410394
