"Posterior_Mean","Posterior_SD","Posterior_LB","Posterior_UB","prob"
-0.258025803874493,0.0593951832852748,-0.41596558094117,-0.0384190415994122,0.991752995887442
