"Posterior_Mean","Posterior_SD","Posterior_LB","Posterior_UB","prob"
-0.331539772104444,0.0567625725349695,-0.445314069567967,-0.189203818956899,0.999948590179312
