"Posterior_Mean","Posterior_SD","Posterior_LB","Posterior_UB","prob"
-0.312826962292012,0.052924592406963,-0.416656065830081,-0.200732523060013,1
