"Posterior_Mean","Posterior_SD","Posterior_LB","Posterior_UB","prob"
-0.327275682713941,0.0436252799441078,-0.41562904197958,-0.222718659019215,0.999984985164554
