"","Posterior_Mean","Posterior_SD","Posterior_LB","Posterior_UB"
"1",0.00528196133154889,0.0462686718228437,-0.0872365611987123,0.0970102636103809
