"Posterior_Mean","Posterior_SD","Posterior_LB","Posterior_UB","prob"
-0.416468867511494,0.0449292780215013,-0.501541919368153,-0.321490815852522,1
