"","Posterior_Mean","Posterior_SD","Posterior_LB","Posterior_UB"
"1",0.0204887559918767,0.0434863970769611,-0.0638187171002364,0.104126904734078
