"Posterior_Mean","Posterior_SD","Posterior_LB","Posterior_UB","prob"
-0.212236617919349,0.0758521444418338,-0.364881825801451,-0.0634118190896891,0.997333333333333
