"Posterior_Mean","Posterior_SD","Posterior_LB","Posterior_UB","prob"
-0.369957424129359,0.0449049909383977,-0.458872051178666,-0.27905043936166,1
