"","Posterior_Mean","Posterior_SD","Posterior_LB","Posterior_UB"
"1",0.042592505814042,0.0408112013174293,-0.0361888411372183,0.122747360639039
