"Posterior_Mean","Posterior_SD","Posterior_LB","Posterior_UB","prob"
-0.276933365653631,0.0534881637243006,-0.385159333359798,-0.148547538829547,0.999577710900362
