"Posterior_Mean","Posterior_SD","Posterior_LB","Posterior_UB","prob"
-0.394130047654538,0.0457113244544948,-0.490257247158674,-0.277972313390321,1
