"Posterior_Mean","Posterior_SD","Posterior_LB","Posterior_UB","prob"
-0.316450413611849,0.0577485638032915,-0.444909722554649,-0.116289924034467,0.999301277080667
