"","Posterior_Mean","Posterior_SD","Posterior_LB","Posterior_UB"
"1",0.0972879612862955,0.0422942937559958,0.0135212088562234,0.179601881299602
