"Posterior_Mean","Posterior_SD","Posterior_LB","Posterior_UB","prob"
-0.415211693448039,0.0371028907187925,-0.494112616698167,-0.332044333191146,1
