"","Posterior_Mean","Posterior_SD","Posterior_LB","Posterior_UB"
"1",-0.000115565725934108,0.0417309805883168,-0.0818954702559776,0.082056682936779
