"Posterior_Mean","Posterior_SD","Posterior_LB","Posterior_UB","prob"
-0.294851425717419,0.0448760737329519,-0.389093373369898,-0.177352249825333,0.999834880382386
