"Posterior_Mean","Posterior_SD","Posterior_LB","Posterior_UB","prob"
-0.408590385539279,0.0454521573499831,-0.507084136161382,-0.31635595577332,1
