"Posterior_Mean","Posterior_SD","Posterior_LB","Posterior_UB","prob"
-0.321531396051141,0.0533606559299044,-0.430890736993927,-0.207385776133061,1
