"Posterior_Mean","Posterior_SD","Posterior_LB","Posterior_UB","prob"
-0.258305679074031,0.0574989032624782,-0.36849901482912,-0.138505977808629,0.999871091334805
