"Posterior_Mean","Posterior_SD","Posterior_LB","Posterior_UB","prob"
-0.0337363434873503,0.0735028345302626,-0.179149432829083,0.111091947627387,0.681
