"Posterior_Mean","Posterior_SD","Posterior_LB","Posterior_UB","prob"
-0.283576880388153,0.0522512275986509,-0.397380707007114,-0.179081562829882,1
