"Posterior_Mean","Posterior_SD","Posterior_LB","Posterior_UB","prob"
-0.364841946657175,0.0472615419093389,-0.457745034127987,-0.25756458844976,1
