"Posterior_Mean","Posterior_SD","Posterior_LB","Posterior_UB","prob"
-0.277985361781325,0.0553068210666325,-0.392477072616587,-0.131530520979337,0.999442182905793
