"Posterior_Mean","Posterior_SD","Posterior_LB","Posterior_UB","prob"
-0.272573718251391,0.0542677018004639,-0.381103522038121,-0.168339619070901,0.999995079829339
