"Posterior_Mean","Posterior_SD","Posterior_LB","Posterior_UB","prob"
-0.282895267241731,0.0637336734649088,-0.414878898406995,-0.140450582267561,1
