"Posterior_Mean","Posterior_SD","Posterior_LB","Posterior_UB","prob"
-0.249878184409443,0.0718350405502725,-0.414628019185863,-0.0900213695864352,0.99912330498869
