"Posterior_Mean","Posterior_SD","Posterior_LB","Posterior_UB","prob"
-0.335485730693471,0.0694576482162955,-0.483729666003653,-0.193632552925982,1
