"","Posterior_Mean","Posterior_SD","Posterior_LB","Posterior_UB"
"1",-0.00662255986875966,0.037439536597914,-0.0801520170755425,0.0640158193678749
