"Posterior_Mean","Posterior_SD","Posterior_LB","Posterior_UB","prob"
-0.318239610299566,0.0435223228827039,-0.404930042533686,-0.227009081315225,0.999999543106394
