"Posterior_Mean","Posterior_SD","Posterior_LB","Posterior_UB","prob"
-0.32105924867619,0.0578224167428313,-0.437411179324942,-0.16865948941118,0.999942683775649
