"Posterior_Mean","Posterior_SD","Posterior_LB","Posterior_UB","prob"
-0.215997281994583,0.0702366712986361,-0.368773573136714,-0.0750006628030006,0.998837847636648
