"Posterior_Mean","Posterior_SD","Posterior_LB","Posterior_UB","prob"
-0.2700334271721,0.0750566194447796,-0.41919624747033,-0.124067007097969,0.9995
