"Posterior_Mean","Posterior_SD","Posterior_LB","Posterior_UB","prob"
-0.330713483006427,0.0456543760628518,-0.44022126269509,-0.192299045736648,0.999999989178962
