"Posterior_Mean","Posterior_SD","Posterior_LB","Posterior_UB","prob"
-0.452157899733515,0.0434624546942677,-0.545896886996454,-0.365110095979427,1
