"Posterior_Mean","Posterior_SD","Posterior_LB","Posterior_UB","prob"
-0.359048205998915,0.0431436880157859,-0.444234692643788,-0.273913478664944,1
