"Posterior_Mean","Posterior_SD","Posterior_LB","Posterior_UB","prob"
-0.257208000080557,0.0535294301131654,-0.363788987701088,-0.15088232266064,0.999908213761519
