"Posterior_Mean","Posterior_SD","Posterior_LB","Posterior_UB","prob"
-0.197583164775658,0.0732126897047401,-0.343759729176966,-0.0538662701616976,0.997503688933778
