"","Posterior_Mean","Posterior_SD","Posterior_LB","Posterior_UB"
"1",0.0298324123789138,0.0397773038755778,-0.0489301390234196,0.10423994720922
