"Posterior_Mean","Posterior_SD","Posterior_LB","Posterior_UB","prob"
-0.261763164421243,0.0498443685278735,-0.377679522611011,-0.134479287039293,0.999968621199971
