"Posterior_Mean","Posterior_SD","Posterior_LB","Posterior_UB","prob"
-0.273927881185594,0.0522833907375887,-0.380254127339666,-0.162133009137234,0.999757436298902
