"Posterior_Mean","Posterior_SD","Posterior_LB","Posterior_UB","prob"
-0.170297704272836,0.0538112976309329,-0.276553206707521,-0.0635271951459561,0.998368160207838
