"Posterior_Mean","Posterior_SD","Posterior_LB","Posterior_UB","prob"
-0.276372329587945,0.0437143631459114,-0.364189940352554,-0.190530348340826,0.999999657426674
