"Posterior_Mean","Posterior_SD","Posterior_LB","Posterior_UB","prob"
-0.162898014347958,0.0519774923821995,-0.296931329715256,-0.0117133947111418,0.979427573504843
