"Posterior_Mean","Posterior_SD","Posterior_LB","Posterior_UB","prob"
-0.28937237645142,0.0446867196635231,-0.38183336234333,-0.180874498465715,0.999193206938941
