"Posterior_Mean","Posterior_SD","Posterior_LB","Posterior_UB","prob"
-0.39170805588293,0.0424311241177359,-0.474690561441678,-0.304339449173121,0.999990366612544
