"Posterior_Mean","Posterior_SD","Posterior_LB","Posterior_UB","prob"
-0.232234012313223,0.0529159377464333,-0.33655419660421,-0.126990398839201,0.999991208327362
