"Posterior_Mean","Posterior_SD","Posterior_LB","Posterior_UB","prob"
-0.132047886229835,0.0748635959075101,-0.279872578269464,0.0127386384913504,0.963666666666667
