"Posterior_Mean","Posterior_SD","Posterior_LB","Posterior_UB","prob"
-0.312561529782489,0.059977580012139,-0.473754397486593,-0.191604173500591,1
