"","Posterior_Mean","Posterior_SD","Posterior_LB","Posterior_UB"
"1",-0.04141057029017,0.0403657162832071,-0.117606011728998,0.0382426606488464
