"","Posterior_Mean","Posterior_SD","Posterior_LB","Posterior_UB"
"1",0.00768475517332254,0.0370933811076339,-0.0621424176028783,0.0835552730403455
