"","Posterior_Mean","Posterior_SD","Posterior_LB","Posterior_UB"
"1",0.0388397928109955,0.0374708342020638,-0.0363174531136021,0.112931145987694
