"","Posterior_Mean","Posterior_SD","Posterior_LB","Posterior_UB"
"1",0.025343063052812,0.0361158515657405,-0.0432065965045121,0.096623907095798
