"Posterior_Mean","Posterior_SD","Posterior_LB","Posterior_UB","prob"
-0.610953350474704,0.102961790386531,-0.830440939942895,-0.409393370403992,1
