"Posterior_Mean","Posterior_SD","Posterior_LB","Posterior_UB","prob"
-0.276113066561159,0.0652308840589012,-0.427881050776871,-0.0683589502915127,0.992666122945097
