"Posterior_Mean","Posterior_SD","Posterior_LB","Posterior_UB","prob"
-0.297226750353538,0.0677879148176343,-0.454829392312408,-0.123467612963261,0.998388098654024
