"Posterior_Mean","Posterior_SD","Posterior_LB","Posterior_UB","prob"
-0.429614023526477,0.0749640467628959,-0.637561966862196,-0.23702778436585,1
