"Posterior_Mean","Posterior_SD","Posterior_LB","Posterior_UB","prob"
-0.38821414999134,0.057972970592712,-0.537095907898624,-0.243507703994744,1
