"Posterior_Mean","Posterior_SD","Posterior_LB","Posterior_UB","prob"
-0.193933334746174,0.0741878056513469,-0.348979855990481,-0.0360209208638883,0.988933724961078
