"Posterior_Mean","Posterior_SD","Posterior_LB","Posterior_UB","prob"
-0.223207412683345,0.0838391074378011,-0.391829272869185,-0.0106444328700838,0.979183080842263
