"Posterior_Mean","Posterior_SD","Posterior_LB","Posterior_UB","prob"
-0.379568163096526,0.0669164790363867,-0.534266197283939,-0.206126899160505,0.999991049243608
