"Posterior_Mean","Posterior_SD","Posterior_LB","Posterior_UB","prob"
-0.282921356890771,0.0629449302284843,-0.419343192592877,-0.129023269746861,0.999955758719532
