"Posterior_Mean","Posterior_SD","Posterior_LB","Posterior_UB","prob"
-0.251045626374876,0.0954482927255002,-0.45950323446457,-0.0359997960847602,0.988939093159242
