"Posterior_Mean","Posterior_SD","Posterior_LB","Posterior_UB","prob"
-0.187123675591051,0.0879004969648828,-0.363464880386464,0.0309368361210425,0.958477242530635
