"Posterior_Mean","Posterior_SD","Posterior_LB","Posterior_UB","prob"
-0.232424754043746,0.0778924079073521,-0.387877512178415,-0.0796012531593965,0.997353926999889
