"Posterior_Mean","Posterior_SD","Posterior_LB","Posterior_UB","prob"
-0.273263252904609,0.0784541862926675,-0.446398657400052,-0.12035515147404,0.999397198030755
