"","Posterior_Mean","Posterior_SD","Posterior_LB","Posterior_UB"
"1",0.044726016303217,0.0533706631611298,-0.0629635908628389,0.146383470332463
