"Posterior_Mean","Posterior_SD","Posterior_LB","Posterior_UB","prob"
-0.304626033166468,0.0733784063113656,-0.451904502625343,-0.152328712864943,0.999526108314874
