"Posterior_Mean","Posterior_SD","Posterior_LB","Posterior_UB","prob"
-0.369073846619348,0.0813739919891713,-0.595137937914521,-0.0979774987094551,0.998413095952467
