"","Posterior_Mean","Posterior_SD","Posterior_LB","Posterior_UB"
"1",0.0163723847699507,0.0573931039377146,-0.0957072439951184,0.12658196982539
