"Posterior_Mean","Posterior_SD","Posterior_LB","Posterior_UB","prob"
-0.338727536208828,0.0636290110052524,-0.469826807324039,-0.196253306813302,0.999934826719368
