"Posterior_Mean","Posterior_SD","Posterior_LB","Posterior_UB","prob"
-0.33175051527256,0.0869060340942155,-0.500346251705242,-0.126676333249779,0.999080902373336
