"Posterior_Mean","Posterior_SD","Posterior_LB","Posterior_UB","prob"
-0.293524067151868,0.0641773641831235,-0.45421306392517,0.00731207548879531,0.972207691290621
