"","Posterior_Mean","Posterior_SD","Posterior_LB","Posterior_UB"
"1",-0.0353305141550342,0.0747548566512473,-0.181018429016581,0.1101714061347
