"Posterior_Mean","Posterior_SD","Posterior_LB","Posterior_UB","prob"
-0.387146520519072,0.0976555051878253,-0.577987436667653,-0.172132642382909,1
