"Posterior_Mean","Posterior_SD","Posterior_LB","Posterior_UB","prob"
-0.398494417515089,0.0576997062986511,-0.523067735098636,-0.278210786947898,1
