"Posterior_Mean","Posterior_SD","Posterior_LB","Posterior_UB","prob"
-0.236697765444154,0.0886029657192603,-0.416438323744572,-0.0501766707265803,0.991930859484062
