"Posterior_Mean","Posterior_SD","Posterior_LB","Posterior_UB","prob"
-0.419283336398114,0.0572723147553125,-0.544372955624044,-0.279350776514459,1
