"Posterior_Mean","Posterior_SD","Posterior_LB","Posterior_UB","prob"
-0.233927176146354,0.0845428642904432,-0.464621660454667,0.0217016997782751,0.957723738254909
