"Posterior_Mean","Posterior_SD","Posterior_LB","Posterior_UB","prob"
-0.271540273634672,0.0737702046345714,-0.4212120147333,-0.0581529797304068,0.992523629303464
