"Posterior_Mean","Posterior_SD","Posterior_LB","Posterior_UB","prob"
-0.380918885407106,0.0666725097210004,-0.535632370332017,-0.135784682785764,0.99787876977127
