"Posterior_Mean","Posterior_SD","Posterior_LB","Posterior_UB","prob"
-0.303997108616611,0.0698262943076818,-0.447949523885675,-0.121337928826936,0.998545795164875
