"Posterior_Mean","Posterior_SD","Posterior_LB","Posterior_UB","prob"
-0.305666174810886,0.0647970947725598,-0.440998852368502,-0.137485326551288,0.999113250107953
