"Posterior_Mean","Posterior_SD","Posterior_LB","Posterior_UB","prob"
-0.195928350309315,0.0849920663964274,-0.39626499334618,0.0250885765321324,0.956278148288878
