"","Posterior_Mean","Posterior_SD","Posterior_LB","Posterior_UB"
"1",-0.0263770620371826,0.0532558019416954,-0.131337239442225,0.0757471459685923
