"Posterior_Mean","Posterior_SD","Posterior_LB","Posterior_UB","prob"
-0.293311110330684,0.0574337461672934,-0.408149539290585,-0.184101032078525,1
