"Posterior_Mean","Posterior_SD","Posterior_LB","Posterior_UB","prob"
0.0960820572740524,0.102904077165611,-0.0978867640964059,0.308739154053026,0.172503049936488
