"Posterior_Mean","Posterior_SD","Posterior_LB","Posterior_UB","prob"
-0.209550102253921,0.0966298184803591,-0.400554100577979,-5.92944386522132e-05,0.975622313238099
