"Posterior_Mean","Posterior_SD","Posterior_LB","Posterior_UB","prob"
-0.344538256085779,0.0628969539480108,-0.470431748447178,-0.210006438958286,0.999963410233503
