"Posterior_Mean","Posterior_SD","Posterior_LB","Posterior_UB","prob"
-0.456780198638788,0.0672743585880255,-0.592303789505228,-0.275259944962766,1
