"Posterior_Mean","Posterior_SD","Posterior_LB","Posterior_UB","prob"
-0.384357690868377,0.0679394859969545,-0.568412754120007,-0.20675908625716,1
