"Posterior_Mean","Posterior_SD","Posterior_LB","Posterior_UB","prob"
-0.478179341207347,0.0628962955816383,-0.649927735563265,-0.276447922895738,1
