"","Posterior_Mean","Posterior_SD","Posterior_LB","Posterior_UB"
"1",-0.0318369647523392,0.0581386103421574,-0.147515019282041,0.080275806219008
