"Posterior_Mean","Posterior_SD","Posterior_LB","Posterior_UB","prob"
-0.358281992039363,0.0594121768159016,-0.475939461776306,-0.241240222133282,0.999995150991191
