"Posterior_Mean","Posterior_SD","Posterior_LB","Posterior_UB","prob"
-0.318616428001928,0.0801735768497712,-0.50439822584675,-0.153696270870381,1
