"Posterior_Mean","Posterior_SD","Posterior_LB","Posterior_UB","prob"
-0.278221784413605,0.0743073504288559,-0.434326070405122,-0.131204882945179,0.999522608624984
