"Posterior_Mean","Posterior_SD","Posterior_LB","Posterior_UB","prob"
-0.191965434730362,0.0806083742562403,-0.360994093537636,-0.0171824572905408,0.985273982469158
