"Posterior_Mean","Posterior_SD","Posterior_LB","Posterior_UB","prob"
-0.397735610362799,0.0600194842097315,-0.520788650221482,-0.242631098096875,0.999985508878151
