"Posterior_Mean","Posterior_SD","Posterior_LB","Posterior_UB","prob"
-0.162151544033153,0.0980201243545952,-0.360135628212451,0.0312861824726398,0.949956921343017
