"Posterior_Mean","Posterior_SD","Posterior_LB","Posterior_UB","prob"
-0.433921580173497,0.0727431463321004,-0.579214279816544,-0.244329457564875,1
