"Posterior_Mean","Posterior_SD","Posterior_LB","Posterior_UB","prob"
-0.105988636764377,0.0989579721038814,-0.389092460804681,0.114748825921114,0.820732569837412
