"Posterior_Mean","Posterior_SD","Posterior_LB","Posterior_UB","prob"
-0.217942666934787,0.0994357361311653,-0.446305998768576,0.00307849902714771,0.972961073015841
