"Posterior_Mean","Posterior_SD","Posterior_LB","Posterior_UB","prob"
-0.247291314529235,0.0614591576921148,-0.370765329973413,-0.109869826348599,0.998570488319135
