"Posterior_Mean","Posterior_SD","Posterior_LB","Posterior_UB","prob"
-0.311563759989434,0.0684420331596742,-0.449243462447152,-0.173451605343,1
