"Posterior_Mean","Posterior_SD","Posterior_LB","Posterior_UB","prob"
-0.375511157383018,0.0904333834086062,-0.57605920387771,-0.185551453885201,0.999691327886687
