"Posterior_Mean","Posterior_SD","Posterior_LB","Posterior_UB","prob"
-0.323886827977513,0.0691395042447231,-0.497786710168815,-0.170891420836452,0.999975877094954
