"Posterior_Mean","Posterior_SD","Posterior_LB","Posterior_UB","prob"
-0.414867093880558,0.0604289014970481,-0.543207736315625,-0.275901754573459,1
