"Posterior_Mean","Posterior_SD","Posterior_LB","Posterior_UB","prob"
-0.389530289930854,0.0583087319642098,-0.505329067069835,-0.264326518716863,1
