"Posterior_Mean","Posterior_SD","Posterior_LB","Posterior_UB","prob"
-0.177599212546772,0.0788771902373265,-0.352613008357012,0.0711843418072818,0.926913845119361
