"Posterior_Mean","Posterior_SD","Posterior_LB","Posterior_UB","prob"
-0.259394080672392,0.0640198957372192,-0.386510790556472,-0.070849321284166,0.99030403836437
