"Posterior_Mean","Posterior_SD","Posterior_LB","Posterior_UB","prob"
-0.257204148289709,0.0998597082249201,-0.506124028684613,-0.0219141412854947,0.987404108767174
