"Posterior_Mean","Posterior_SD","Posterior_LB","Posterior_UB","prob"
-0.249426288749016,0.0659456857074253,-0.382064257865869,-0.110677653318905,0.998447623042382
