"Posterior_Mean","Posterior_SD","Posterior_LB","Posterior_UB","prob"
-0.285834205124648,0.0640179108366911,-0.436590898293184,-0.0827355542507043,0.993763633702839
