"Posterior_Mean","Posterior_SD","Posterior_LB","Posterior_UB","prob"
-0.188756162306077,0.103657286687679,-0.392941889316524,0.00524496135787358,0.970538788178273
