"Posterior_Mean","Posterior_SD","Posterior_LB","Posterior_UB","prob"
-0.394067297399724,0.063731297472846,-0.524932972015003,-0.229485506377069,0.999706638482945
