"Posterior_Mean","Posterior_SD","Posterior_LB","Posterior_UB","prob"
-0.254589020807197,0.0715047619570916,-0.518189077033938,-0.0644539483276053,0.99730826023521
