"Posterior_Mean","Posterior_SD","Posterior_LB","Posterior_UB","prob"
-0.242128225770788,0.0691431177774006,-0.386603211360802,-0.0427129908468209,0.988780271803079
