"Posterior_Mean","Posterior_SD","Posterior_LB","Posterior_UB","prob"
-0.386883686812563,0.0715485108313664,-0.558497006528803,-0.225683764045797,1
