"Posterior_Mean","Posterior_SD","Posterior_LB","Posterior_UB","prob"
-0.170665417577656,0.0989735018009376,-0.422318099544085,0.049359323689217,0.926526164452221
