"Posterior_Mean","Posterior_SD","Posterior_LB","Posterior_UB","prob"
-0.311870345111457,0.0690089478038488,-0.467357145153105,-0.0292971334929913,0.985543565849668
