"Posterior_Mean","Posterior_SD","Posterior_LB","Posterior_UB","prob"
-0.34238389258219,0.069718760530782,-0.509188521122528,-0.084121766087744,0.994641513179081
