"Posterior_Mean","Posterior_SD","Posterior_LB","Posterior_UB","prob"
-0.423029799951905,0.0598503929418555,-0.553718229236328,-0.28535195968701,0.999988291291239
