"Posterior_Mean","Posterior_SD","Posterior_LB","Posterior_UB","prob"
-0.4044901179356,0.0572583943546855,-0.536149745974043,-0.193860603028277,0.999274364178857
