"Posterior_Mean","Posterior_SD","Posterior_LB","Posterior_UB","prob"
-0.344737320989606,0.0760672755882281,-0.498379548669561,-0.194526009053676,1
