"Posterior_Mean","Posterior_SD","Posterior_LB","Posterior_UB","prob"
-0.242929670074885,0.0842002816590307,-0.417974911597556,-0.0019914495129343,0.976046804034249
