"Posterior_Mean","Posterior_SD","Posterior_LB","Posterior_UB","prob"
-0.198519045320716,0.0803793250101152,-0.401241474187531,0.0449421661605464,0.949503568614028
