"Posterior_Mean","Posterior_SD","Posterior_LB","Posterior_UB","prob"
-0.300497568558411,0.06830886829512,-0.546183131772581,-0.105985832118166,0.999960293990565
