"Posterior_Mean","Posterior_SD","Posterior_LB","Posterior_UB","prob"
-0.212040041027758,0.0877356411883424,-0.403861730936456,0.031514116365428,0.951749424554202
