"Posterior_Mean","Posterior_SD","Posterior_LB","Posterior_UB","prob"
-0.173522028265823,0.0765811095416276,-0.333337303791208,0.0138417924325987,0.968653923450059
