"","Posterior_Mean","Posterior_SD","Posterior_LB","Posterior_UB"
"1",-0.0152490453420228,0.0379243677312476,-0.0901145082756366,0.0580844664380943
