"","Posterior_Mean","Posterior_SD","Posterior_LB","Posterior_UB"
"1",0.0645278852173145,0.0408677884168497,-0.0152892878481709,0.14382931344811
