"","Posterior_Mean","Posterior_SD","Posterior_LB","Posterior_UB"
"1",-0.0673941666699068,0.0407158054105335,-0.145452937485501,0.0116212774892256
