"","Posterior_Mean","Posterior_SD","Posterior_LB","Posterior_UB"
"1",-0.0154644758236386,0.0444676334932035,-0.099168497659038,0.0730444683143223
