"Posterior_Mean","Posterior_SD","Posterior_LB","Posterior_UB","prob"
-0.186208161389904,0.0420823096802976,-0.267433616950393,-0.0996349801297612,0.999856338785083
