"Posterior_Mean","Posterior_SD","Posterior_LB","Posterior_UB","prob"
-0.232705224851405,0.0409427046864146,-0.315123806708435,-0.152458803843556,1
