"Posterior_Mean","Posterior_SD","Posterior_LB","Posterior_UB","prob"
-0.225167698961263,0.0410976411784057,-0.308191369373786,-0.144701027710921,0.99999995676736
