"Posterior_Mean","Posterior_SD","Posterior_LB","Posterior_UB","prob"
-0.210828070430801,0.0433528982725982,-0.305379768852379,-0.116556621156232,0.999982668586362
