"Posterior_Mean","Posterior_SD","Posterior_LB","Posterior_UB","prob"
-0.219236930844058,0.04282608504514,-0.304099596705594,-0.135031999121578,0.999999715434906
