"Posterior_Mean","Posterior_SD","Posterior_LB","Posterior_UB","prob"
-0.2327475415908,0.0411997876247036,-0.314917932516022,-0.150696693617783,0.999999992440453
