"Posterior_Mean","Posterior_SD","Posterior_LB","Posterior_UB","prob"
-0.203029815214739,0.0418153615360367,-0.285203674918321,-0.121368701277034,0.999999857856963
