"Posterior_Mean","Posterior_SD","Posterior_LB","Posterior_UB","prob"
-0.244678673746772,0.0406628154492951,-0.327065961601319,-0.165795226852171,0.99999991715326
