"Posterior_Mean","Posterior_SD","Posterior_LB","Posterior_UB","prob"
-0.225230256898889,0.0412487026222314,-0.306908095367777,-0.143150428697099,0.99999999492456
