"Posterior_Mean","Posterior_SD","Posterior_LB","Posterior_UB","prob"
-0.180816033452356,0.0406160068269559,-0.263099330216717,-0.102667934996472,0.999998272362894
