"Posterior_Mean","Posterior_SD","Posterior_LB","Posterior_UB","prob"
-0.255426922036646,0.0395409976060368,-0.330567571931532,-0.173821918352629,0.999997814839439
