"Posterior_Mean","Posterior_SD","Posterior_LB","Posterior_UB","prob"
-0.184747747294181,0.039948056839726,-0.264065322242486,-0.104816709441145,0.999992264361722
