"Posterior_Mean","Posterior_SD","Posterior_LB","Posterior_UB","prob"
-0.238081948203157,0.0417093186588358,-0.322259147949059,-0.153710543795576,0.999999997160319
