"Posterior_Mean","Posterior_SD","Posterior_LB","Posterior_UB","prob"
-0.314369118814232,0.0401633979548024,-0.399733884010323,-0.234350006974192,1
