"Posterior_Mean","Posterior_SD","Posterior_LB","Posterior_UB","prob"
-0.259833818821481,0.0398345201236362,-0.344043808441543,-0.182169716149596,0.99999589047835
