"Posterior_Mean","Posterior_SD","Posterior_LB","Posterior_UB","prob"
-0.243030737345545,0.0422622351090685,-0.361286820788157,-0.146546284454122,1
