"Posterior_Mean","Posterior_SD","Posterior_LB","Posterior_UB","prob"
-0.183930303606669,0.0405438519166907,-0.263851939406407,-0.104776509320692,0.99999406118272
