"Posterior_Mean","Posterior_SD","Posterior_LB","Posterior_UB","prob"
-0.254354866016509,0.0415644983982515,-0.336074948629306,-0.166472843891897,0.999993750092056
