"Posterior_Mean","Posterior_SD","Posterior_LB","Posterior_UB","prob"
-0.268151252861128,0.0400172528131919,-0.35645258059621,-0.185676137521087,1
