"Posterior_Mean","Posterior_SD","Posterior_LB","Posterior_UB","prob"
-0.163755203880811,0.0426606217356595,-0.251576435878684,-0.0701467924010872,0.99911647359517
