"Posterior_Mean","Posterior_SD","Posterior_LB","Posterior_UB","prob"
-0.272754081873371,0.0414432927729073,-0.355586441102187,-0.193497534643928,1
