"Posterior_Mean","Posterior_SD","Posterior_LB","Posterior_UB","prob"
-0.253451210625514,0.0402881258039416,-0.330043309667062,-0.169436839802653,0.999999998499226
