"Posterior_Mean","Posterior_SD","Posterior_LB","Posterior_UB","prob"
-0.161395280647173,0.0432511502787836,-0.260968564833671,-0.0740317557151873,0.999632321247122
