"Posterior_Mean","Posterior_SD","Posterior_LB","Posterior_UB","prob"
-0.261953346001379,0.0402095684499475,-0.340839680603677,-0.184627981052472,0.999999173609213
