"","Posterior_Mean","Posterior_SD","Posterior_LB","Posterior_UB"
"1",-0.0291282161849982,0.0364797330760576,-0.099107870812387,0.0437245338311146
