"","Posterior_Mean","Posterior_SD","Posterior_LB","Posterior_UB"
"1",0.0442221214444193,0.0381253153070515,-0.0283472252613975,0.118627385721483
