"","Posterior_Mean","Posterior_SD","Posterior_LB","Posterior_UB"
"1",-0.0537904990779158,0.0362775752494792,-0.123093417172405,0.0171289329925855
