"","Posterior_Mean","Posterior_SD","Posterior_LB","Posterior_UB"
"1",-0.0651415022846802,0.0368578311201423,-0.136655147753358,0.00558902108081842
