"","Posterior_Mean","Posterior_SD","Posterior_LB","Posterior_UB"
"1",-0.0212845632318689,0.0366097942292006,-0.0951949519386754,0.0503594400955787
