"","Posterior_Mean","Posterior_SD","Posterior_LB","Posterior_UB"
"1",0.0195026170656447,0.0402044766094596,-0.0608472540567888,0.0995302793288991
