"","Posterior_Mean","Posterior_SD","Posterior_LB","Posterior_UB"
"1",0.0909749090141998,0.0377616137515525,0.0199566172147323,0.167716925552611
