"","Posterior_Mean","Posterior_SD","Posterior_LB","Posterior_UB"
"1",0.0403882894179265,0.0377488764649074,-0.0346487405835915,0.117508367051056
