"","Posterior_Mean","Posterior_SD","Posterior_LB","Posterior_UB"
"1",-0.00163074246951193,0.0365904642637267,-0.072529499384631,0.0702091961471615
