"","Posterior_Mean","Posterior_SD","Posterior_LB","Posterior_UB"
"1",0.0164573403690279,0.0408129226408225,-0.0642305799249119,0.0971124667720531
