"Posterior_Mean","Posterior_SD","Posterior_LB","Posterior_UB","prob"
-0.175726132626639,0.043616613864877,-0.27542124836977,-0.088470792008558,0.999938689823154
