"Posterior_Mean","Posterior_SD","Posterior_LB","Posterior_UB","prob"
-0.297731545492641,0.0432758502582669,-0.38233105547265,-0.214615218447111,0.999999979999042
