"Posterior_Mean","Posterior_SD","Posterior_LB","Posterior_UB","prob"
-0.230684455415244,0.0459382093484402,-0.328181225778276,-0.135914617291955,1
