"Posterior_Mean","Posterior_SD","Posterior_LB","Posterior_UB","prob"
-0.226117173754945,0.0427074086263857,-0.312320517469419,-0.141876170136526,0.999997404210035
