"Posterior_Mean","Posterior_SD","Posterior_LB","Posterior_UB","prob"
-0.156168263253112,0.043980615764655,-0.242526580188176,-0.0689984003556159,0.999577166795929
