"Posterior_Mean","Posterior_SD","Posterior_LB","Posterior_UB","prob"
-0.181137557540334,0.0433317276843769,-0.272994611236807,-0.0958545182147122,0.999949630650036
