"Posterior_Mean","Posterior_SD","Posterior_LB","Posterior_UB","prob"
-0.136210865343017,0.0455374229196354,-0.23062970453683,-0.0331092840884895,0.995280308497343
