"Posterior_Mean","Posterior_SD","Posterior_LB","Posterior_UB","prob"
-0.249379222653844,0.0439204330327125,-0.335469129954347,-0.164181993384449,0.999999988427208
