"Posterior_Mean","Posterior_SD","Posterior_LB","Posterior_UB","prob"
-0.141582510155989,0.0504814749151928,-0.27718238607712,-0.000520089890845253,0.975448597944954
