"Posterior_Mean","Posterior_SD","Posterior_LB","Posterior_UB","prob"
-0.268186694977205,0.0417548798371517,-0.352054977541217,-0.184508292414323,1
