"Posterior_Mean","Posterior_SD","Posterior_LB","Posterior_UB","prob"
-0.248103045137926,0.0441808141185134,-0.338002361022439,-0.16117392759316,0.999999995798407
