"Posterior_Mean","Posterior_SD","Posterior_LB","Posterior_UB","prob"
-0.225805866143685,0.0428292277345901,-0.312812402953888,-0.145461290636484,0.999999477729767
