"Posterior_Mean","Posterior_SD","Posterior_LB","Posterior_UB","prob"
-0.288056421870078,0.0442433495998127,-0.378552172331759,-0.196901205595861,1
