"Posterior_Mean","Posterior_SD","Posterior_LB","Posterior_UB","prob"
-0.288801333812161,0.0434564515323331,-0.373022697803343,-0.204188597099379,1
