"Posterior_Mean","Posterior_SD","Posterior_LB","Posterior_UB","prob"
-0.221125853251305,0.0435246082933233,-0.306618500769428,-0.13735802797708,0.999977809481793
