"Posterior_Mean","Posterior_SD","Posterior_LB","Posterior_UB","prob"
-0.26302219537003,0.0437447176819395,-0.346998799106265,-0.178678027064584,0.99999997589547
