"Posterior_Mean","Posterior_SD","Posterior_LB","Posterior_UB","prob"
-0.19822173807408,0.0442987456196354,-0.279744785841003,-0.109242631017429,0.999978478322149
