"Posterior_Mean","Posterior_SD","Posterior_LB","Posterior_UB","prob"
-0.184876830781045,0.0458485278599267,-0.278452347193281,-0.0921353776587746,0.99999289527248
