"Posterior_Mean","Posterior_SD","Posterior_LB","Posterior_UB","prob"
-0.23148652242659,0.0428527043664919,-0.315949595529811,-0.146631679308501,0.999999999443406
