"Posterior_Mean","Posterior_SD","Posterior_LB","Posterior_UB","prob"
-0.138950249813238,0.0435755718922341,-0.228124342335443,-0.0541810808675296,0.999296130395762
