"Posterior_Mean","Posterior_SD","Posterior_LB","Posterior_UB","prob"
-0.213852365712515,0.0435757944540113,-0.301933153827492,-0.131692303497941,0.9999999895889
