"Posterior_Mean","Posterior_SD","Posterior_LB","Posterior_UB","prob"
-0.184833949739596,0.0470176850671039,-0.281139755386244,-0.0934926538903605,0.999952001628771
