"Posterior_Mean","Posterior_SD","Posterior_LB","Posterior_UB","prob"
-0.220374050026653,0.044145380045233,-0.30678632436082,-0.132485019252607,0.999990983100883
