"Posterior_Mean","Posterior_SD","Posterior_LB","Posterior_UB","prob"
-0.244816284102482,0.0458519968942303,-0.350551238320133,-0.128654070269853,0.999900838313926
