"Posterior_Mean","Posterior_SD","Posterior_LB","Posterior_UB","prob"
-0.180129156039574,0.0506682542553104,-0.300776183939004,-0.0786557811213044,0.999967410686448
