"Posterior_Mean","Posterior_SD","Posterior_LB","Posterior_UB","prob"
-0.211130711995506,0.0480228270010602,-0.30811157097277,-0.11772588726495,0.999947710157406
