"Posterior_Mean","Posterior_SD","Posterior_LB","Posterior_UB","prob"
-0.205833694290681,0.0477329341534904,-0.304426521852113,-0.114737417309825,0.999897425348692
