"","Posterior_Mean","Posterior_SD","Posterior_LB","Posterior_UB"
"1",0.00506439697310381,0.0466636899245782,-0.0861034792065258,0.0961966317801507
