"","Posterior_Mean","Posterior_SD","Posterior_LB","Posterior_UB"
"1",-0.0362052373281137,0.0372179949474336,-0.107056082851999,0.0372151337707952
