"","Posterior_Mean","Posterior_SD","Posterior_LB","Posterior_UB"
"1",-0.0230000685226075,0.0407501634635068,-0.102538693961462,0.0567060483025344
