"","Posterior_Mean","Posterior_SD","Posterior_LB","Posterior_UB"
"1",0.0601444004001223,0.0372213197254725,-0.0144246963174353,0.134111775292844
