"","Posterior_Mean","Posterior_SD","Posterior_LB","Posterior_UB"
"1",0.00785373747330911,0.0460789467074034,-0.0844815903300079,0.0966128181521384
