"","Posterior_Mean","Posterior_SD","Posterior_LB","Posterior_UB"
"1",0.0329326144282439,0.0607718920591583,-0.0834134057489312,0.153050370946072
