"","Posterior_Mean","Posterior_SD","Posterior_LB","Posterior_UB"
"1",-0.00228902903103302,0.0524281581101421,-0.108801247553424,0.0961896778331883
