"","Posterior_Mean","Posterior_SD","Posterior_LB","Posterior_UB"
"1",0.0558988945328624,0.0614196266478831,-0.0640848893484217,0.174676784308349
