"","Posterior_Mean","Posterior_SD","Posterior_LB","Posterior_UB"
"1",-0.0264612590906622,0.0587277669914529,-0.141275322814212,0.087394833749682
