"","Posterior_Mean","Posterior_SD","Posterior_LB","Posterior_UB"
"1",0.00574637157968203,0.0426552399666632,-0.0765690558159212,0.0899298899485114
