"","Posterior_Mean","Posterior_SD","Posterior_LB","Posterior_UB"
"1",0.0816021174954283,0.0438923452703945,-0.00525186973410346,0.166140245213878
