"","Posterior_Mean","Posterior_SD","Posterior_LB","Posterior_UB"
"1",0.0189882070974316,0.0494287579250125,-0.0757320447220517,0.117250242862751
