"","Posterior_Mean","Posterior_SD","Posterior_LB","Posterior_UB"
"1",-0.00591201369477569,0.0443509130448249,-0.0877388916605014,0.0850041562587096
