"","Posterior_Mean","Posterior_SD","Posterior_LB","Posterior_UB"
"1",0.0213598839135173,0.0455955575009199,-0.069532510915113,0.112003972711183
