"","Posterior_Mean","Posterior_SD","Posterior_LB","Posterior_UB"
"1",-0.0165659672322194,0.0492206616840971,-0.111080811750378,0.0793430296544518
