"Posterior_Mean","Posterior_SD","Posterior_LB","Posterior_UB","prob"
-0.146159552591616,0.0896637686659725,-0.341156950361631,0.0644302294480729,0.924863333907694
