"Posterior_Mean","Posterior_SD","Posterior_LB","Posterior_UB","prob"
-0.0511732329039169,0.100989063980143,-0.3231616127463,0.191941028057133,0.62579936754487
