"Posterior_Mean","Posterior_SD","Posterior_LB","Posterior_UB","prob"
0.0615509833032863,0.111301891780898,-0.160393520181291,0.322366820860546,0.326205100127287
