"Posterior_Mean","Posterior_SD","Posterior_LB","Posterior_UB","prob"
-0.0562012756393552,0.0929443347144037,-0.249126636951076,0.17537584820878,0.725877653179558
