"Posterior_Mean","Posterior_SD","Posterior_LB","Posterior_UB","prob"
-0.186588274587848,0.082534802354273,-0.350363778999809,0.00184516562850732,0.974248043442699
