"Posterior_Mean","Posterior_SD","Posterior_LB","Posterior_UB","prob"
0.114769028922942,0.105278931816083,-0.117435865199956,0.406044958687754,0.192219963984302
