"Posterior_Mean","Posterior_SD","Posterior_LB","Posterior_UB","prob"
-0.12584041416135,0.0835688716932569,-0.295353847820778,0.0848886219983741,0.91159948181556
