"Posterior_Mean","Posterior_SD","Posterior_LB","Posterior_UB","prob"
-0.00100697837012986,0.104963138515529,-0.249518674297431,0.308866464638115,0.538512372177875
