"Posterior_Mean","Posterior_SD","Posterior_LB","Posterior_UB","prob"
-0.361152272005509,0.0998845153906817,-0.583704606720302,-0.135385379003628,0.997335541667727
