"Posterior_Mean","Posterior_SD","Posterior_LB","Posterior_UB","prob"
0.152882991898821,0.115089936893928,-0.0860933091588547,0.43369066773035,0.122859769988631
