"Posterior_Mean","Posterior_SD","Posterior_LB","Posterior_UB","prob"
-0.0174856659028186,0.082015066498643,-0.199720006812212,0.209060863862744,0.603292676248149
