"Posterior_Mean","Posterior_SD","Posterior_LB","Posterior_UB","prob"
0.183703658162141,0.110840311884237,-0.0555210652261967,0.462584144901769,0.0744969038091333
