"Posterior_Mean","Posterior_SD","Posterior_LB","Posterior_UB","prob"
-0.113571388704379,0.0719568172264623,-0.260315367941522,0.0625689244326135,0.9213816089823
