"Posterior_Mean","Posterior_SD","Posterior_LB","Posterior_UB","prob"
-0.226139080255977,0.0846397770596205,-0.404114096076976,0.0361758175877547,0.962896852818201
