"Posterior_Mean","Posterior_SD","Posterior_LB","Posterior_UB","prob"
0.160330587280449,0.139926563242138,-0.107139938033741,0.444950194155156,0.124462704215572
