"Posterior_Mean","Posterior_SD","Posterior_LB","Posterior_UB","prob"
0.0439747675431313,0.138172013091584,-0.255292482651644,0.339899541848847,0.379969169314249
