"Posterior_Mean","Posterior_SD","Posterior_LB","Posterior_UB","prob"
-0.117144090732734,0.0879303830618612,-0.331378397875867,0.194195931194292,0.80379278676087
