"Posterior_Mean","Posterior_SD","Posterior_LB","Posterior_UB","prob"
-0.178005241409219,0.106504644563689,-0.461437698127413,0.0446707762522463,0.943165104267958
