"Posterior_Mean","Posterior_SD","Posterior_LB","Posterior_UB","prob"
-0.187721785907562,0.0857438889164906,-0.369322795791117,0.00507193743574866,0.972387298447882
