"Posterior_Mean","Posterior_SD","Posterior_LB","Posterior_UB","prob"
0.185822129613718,0.138027450797047,-0.108251545716277,0.481196235752812,0.116124638461809
