"Posterior_Mean","Posterior_SD","Posterior_LB","Posterior_UB","prob"
0.0460302519724516,0.121950092739058,-0.22942829840232,0.348297806612148,0.414299440975538
