"Posterior_Mean","Posterior_SD","Posterior_LB","Posterior_UB","prob"
-0.138866352698061,0.0800132585193413,-0.317178041746444,0.0388479487793348,0.939715189189803
