"Posterior_Mean","Posterior_SD","Posterior_LB","Posterior_UB","prob"
-0.331158861887836,0.0935667384993458,-0.571415355826288,0.0584649130015322,0.94826483177598
