"Posterior_Mean","Posterior_SD","Posterior_LB","Posterior_UB","prob"
-0.0767360608892023,0.105123307022983,-0.363186124981743,0.297077310432436,0.649500919317677
