"Posterior_Mean","Posterior_SD","Posterior_LB","Posterior_UB","prob"
0.036625169288997,0.103211581608189,-0.180502940169716,0.258529022464624,0.365984976793991
