"Posterior_Mean","Posterior_SD","Posterior_LB","Posterior_UB","prob"
0.0278995818294764,0.103085001580706,-0.20049814205692,0.283065865430221,0.417594624027701
