"Posterior_Mean","Posterior_SD","Posterior_LB","Posterior_UB","prob"
-0.16641265560761,0.112831736881216,-0.455991737363903,0.0633745425487694,0.919760984750073
