"Posterior_Mean","Posterior_SD","Posterior_LB","Posterior_UB","prob"
0.0153119578734766,0.106562128505407,-0.263279718453763,0.251799036533676,0.431642304718421
