"Posterior_Mean","Posterior_SD","Posterior_LB","Posterior_UB","prob"
-0.00460036336946675,0.102833237404557,-0.219184866865387,0.271935714426023,0.558894268434006
