"Posterior_Mean","Posterior_SD","Posterior_LB","Posterior_UB","prob"
0.0275149451229699,0.107697166986628,-0.200968327835195,0.328369159648457,0.460654602665679
