"Posterior_Mean","Posterior_SD","Posterior_LB","Posterior_UB","prob"
-0.200029986219111,0.102185207271339,-0.417413522707845,0.0352810527042837,0.95636556133951
