"Posterior_Mean","Posterior_SD","Posterior_LB","Posterior_UB","prob"
-0.238039414802858,0.081169503311093,-0.421241773240735,0.115510712290277,0.932660646334114
