"Posterior_Mean","Posterior_SD","Posterior_LB","Posterior_UB","prob"
0.246393465571144,0.131365342817725,-0.0933625519105283,0.524551811630631,0.0646109944662756
