"Posterior_Mean","Posterior_SD","Posterior_LB","Posterior_UB","prob"
0.146399998168033,0.120232023794815,-0.19181930740826,0.463445043678125,0.213300199867025
