"Posterior_Mean","Posterior_SD","Posterior_LB","Posterior_UB","prob"
-0.247055140799266,0.130046490266387,-0.505801554408829,0.0302399542898285,0.962358555159369
