"Posterior_Mean","Posterior_SD","Posterior_LB","Posterior_UB","prob"
-0.166124477971284,0.0909255186341615,-0.370262303724678,0.0237028198103929,0.958277505287885
