"Posterior_Mean","Posterior_SD","Posterior_LB","Posterior_UB","prob"
0.0196639333412407,0.112737613123379,-0.254732631675112,0.331959629067232,0.473782473504991
