"Posterior_Mean","Posterior_SD","Posterior_LB","Posterior_UB","prob"
-0.0697431549074196,0.104741273453946,-0.274273601294468,0.158058259939421,0.752501515340231
