"Posterior_Mean","Posterior_SD","Posterior_LB","Posterior_UB","prob"
-0.0564220114917111,0.121849125517657,-0.301924556781528,0.222001973058306,0.683144725847587
