"Posterior_Mean","Posterior_SD","Posterior_LB","Posterior_UB","prob"
-0.107605226943503,0.101432216826228,-0.313630755795887,0.14381015039478,0.840593969387055
