"Posterior_Mean","Posterior_SD","Posterior_LB","Posterior_UB","prob"
-0.341012879812644,0.0586017422691975,-0.47719612596157,-0.204531620477898,0.999983834602359
