"Posterior_Mean","Posterior_SD","Posterior_LB","Posterior_UB","prob"
-0.373508408863493,0.0614635810037892,-0.518239021023933,-0.214469324357296,1
