"Posterior_Mean","Posterior_SD","Posterior_LB","Posterior_UB","prob"
-0.186668237483919,0.0592016071505697,-0.305940576200233,-0.0574952004176534,0.995503946257688
