"Posterior_Mean","Posterior_SD","Posterior_LB","Posterior_UB","prob"
-0.337592935515608,0.062860743325498,-0.480542414725098,-0.207042504387715,1
