"Posterior_Mean","Posterior_SD","Posterior_LB","Posterior_UB","prob"
-0.236079351187569,0.0591251751100961,-0.373753198863031,-0.0491512682613735,0.993360645499181
