"Posterior_Mean","Posterior_SD","Posterior_LB","Posterior_UB","prob"
-0.238731123849126,0.0549409390126526,-0.361738074242344,-0.101067328960215,0.999437366376368
