"Posterior_Mean","Posterior_SD","Posterior_LB","Posterior_UB","prob"
-0.307053208925023,0.0598557160050465,-0.441860694797526,-0.168236906128217,0.999668787533305
