"Posterior_Mean","Posterior_SD","Posterior_LB","Posterior_UB","prob"
-0.213204839392182,0.0746205416874087,-0.362508187155465,-0.057650569866197,0.995540009233475
