"Posterior_Mean","Posterior_SD","Posterior_LB","Posterior_UB","prob"
-0.394553688773517,0.054131242358333,-0.52006806593412,-0.2819325020602,1
