"Posterior_Mean","Posterior_SD","Posterior_LB","Posterior_UB","prob"
-0.269896787564773,0.0727493823487294,-0.46309230678174,-0.0665225178905367,0.995988331566166
