"Posterior_Mean","Posterior_SD","Posterior_LB","Posterior_UB","prob"
-0.223802154170058,0.0575330754380128,-0.349819280630466,-0.110452083353163,0.999847371322443
