"Posterior_Mean","Posterior_SD","Posterior_LB","Posterior_UB","prob"
-0.368878380634723,0.0543122161716911,-0.486542912360626,-0.235272615412287,0.999986405133573
