"Posterior_Mean","Posterior_SD","Posterior_LB","Posterior_UB","prob"
-0.332650552228677,0.0657877185273334,-0.491172664321581,-0.17023274363886,0.999918873903537
