"Posterior_Mean","Posterior_SD","Posterior_LB","Posterior_UB","prob"
-0.107911249646382,0.0583218849425777,-0.228692877364623,0.00772540438306499,0.965402602784108
