"Posterior_Mean","Posterior_SD","Posterior_LB","Posterior_UB","prob"
-0.381917362873393,0.0571142564219178,-0.495462467531943,-0.268782235944317,0.999998937209419
