"Posterior_Mean","Posterior_SD","Posterior_LB","Posterior_UB","prob"
-0.387854141408048,0.0749390477710005,-0.608623402165735,-0.203426073617708,1
