"Posterior_Mean","Posterior_SD","Posterior_LB","Posterior_UB","prob"
-0.294442482961304,0.0714039380046921,-0.465325771286936,-0.129200343534498,0.999547336316604
