"Posterior_Mean","Posterior_SD","Posterior_LB","Posterior_UB","prob"
-0.542322353423572,0.0907385838798717,-0.791804611734115,-0.331392412571252,1
