"Posterior_Mean","Posterior_SD","Posterior_LB","Posterior_UB","prob"
-0.196167154756964,0.0612733702930154,-0.343714403425629,-0.025637935118243,0.987344144260454
