"Posterior_Mean","Posterior_SD","Posterior_LB","Posterior_UB","prob"
-0.183960940894556,0.059646319332361,-0.305402576734852,-0.0682140449151743,0.998470255064994
