"Posterior_Mean","Posterior_SD","Posterior_LB","Posterior_UB","prob"
-0.0957592931912224,0.0611340242219271,-0.222508618217682,0.0320337014775733,0.925545531664043
