"Posterior_Mean","Posterior_SD","Posterior_LB","Posterior_UB","prob"
-0.17976538365868,0.0736488535764344,-0.327236517467275,-0.0300908301362269,0.993776901222213
