"Posterior_Mean","Posterior_SD","Posterior_LB","Posterior_UB","prob"
-0.392823495856489,0.0802529891256618,-0.55444477054784,-0.223733406719501,0.999908938681448
