"Posterior_Mean","Posterior_SD","Posterior_LB","Posterior_UB","prob"
-0.356456170893942,0.0667604887805544,-0.494100127124977,-0.176694520504932,0.999423840562394
