"Posterior_Mean","Posterior_SD","Posterior_LB","Posterior_UB","prob"
-0.198069584886544,0.0531057997352561,-0.306678392346335,-0.0763765750687886,0.999264805493628
