"Posterior_Mean","Posterior_SD","Posterior_LB","Posterior_UB","prob"
-0.288335789713374,0.0384423341567919,-0.36587599001013,-0.210841018495273,1
