"Posterior_Mean","Posterior_SD","Posterior_LB","Posterior_UB","prob"
-0.198898652297016,0.0406840926748818,-0.281425959157421,-0.118539993810384,0.999978057740723
