"Posterior_Mean","Posterior_SD","Posterior_LB","Posterior_UB","prob"
-0.176105740679518,0.0371523851679079,-0.248360999095066,-0.0981984786343252,0.999995794867702
