"Posterior_Mean","Posterior_SD","Posterior_LB","Posterior_UB","prob"
-0.229478143492213,0.0392128687026526,-0.306854980581386,-0.153331745178629,0.999999942715353
