"Posterior_Mean","Posterior_SD","Posterior_LB","Posterior_UB","prob"
-0.304550681907175,0.0416245527709578,-0.390467413075921,-0.226762998157761,1
