"Posterior_Mean","Posterior_SD","Posterior_LB","Posterior_UB","prob"
-0.183326016693848,0.0384637132196416,-0.259539667249226,-0.105602946449349,0.999999940170333
