"Posterior_Mean","Posterior_SD","Posterior_LB","Posterior_UB","prob"
-0.190430726382653,0.0370624231072173,-0.262927521086814,-0.11774108144347,0.99999999742844
