"","Posterior_Mean","Posterior_SD","Posterior_LB","Posterior_UB"
"1",0.00224842098428142,0.0394540505933576,-0.0736749247571919,0.0782137997115435
