"Posterior_Mean","Posterior_SD","Posterior_LB","Posterior_UB","prob"
-0.244322505826647,0.0372425001284009,-0.317171966489663,-0.167643496715363,1
