"Posterior_Mean","Posterior_SD","Posterior_LB","Posterior_UB","prob"
-0.21975833899364,0.0400478167054416,-0.303719678925155,-0.139258213501938,1
