"Posterior_Mean","Posterior_SD","Posterior_LB","Posterior_UB","prob"
-0.201077702425441,0.0382938196612307,-0.284008456386963,-0.122236386255833,1
