"Posterior_Mean","Posterior_SD","Posterior_LB","Posterior_UB","prob"
-0.278482643368934,0.0386533764760904,-0.355364565851621,-0.204161587532811,1
