"Posterior_Mean","Posterior_SD","Posterior_LB","Posterior_UB","prob"
-0.205085939636248,0.0390652411671686,-0.283639456918112,-0.128125039983925,0.999999722804614
