"Posterior_Mean","Posterior_SD","Posterior_LB","Posterior_UB","prob"
-0.269592589649253,0.038579391305838,-0.345849759273131,-0.19261389057792,1
