"Posterior_Mean","Posterior_SD","Posterior_LB","Posterior_UB","prob"
0.0361334179072528,0.0702855741556437,-0.106166139416401,0.179743976641996,0.304473006493784
