"Posterior_Mean","Posterior_SD","Posterior_LB","Posterior_UB","prob"
-0.00352248094285438,0.0856912864010009,-0.253952000461217,0.174819207695491,0.469849210861638
