"Posterior_Mean","Posterior_SD","Posterior_LB","Posterior_UB","prob"
-0.13196556551323,0.0850290621144459,-0.369689027964526,0.043771252484162,0.926054104813739
