"Posterior_Mean","Posterior_SD","Posterior_LB","Posterior_UB","prob"
-0.0135053381162537,0.0700050074715073,-0.164627889640386,0.138776700668258,0.566878286835377
