"Posterior_Mean","Posterior_SD","Posterior_LB","Posterior_UB","prob"
-0.0313183440089444,0.0866777489902373,-0.240871446534606,0.162210777638895,0.6180552763032
