"Posterior_Mean","Posterior_SD","Posterior_LB","Posterior_UB","prob"
-0.037455690529874,0.0816536171366788,-0.225454008705968,0.128555134050364,0.658067024402212
