"Posterior_Mean","Posterior_SD","Posterior_LB","Posterior_UB","prob"
-0.11167354656063,0.0703054697919899,-0.253135907504692,0.0329481760149961,0.936470584758101
