"Posterior_Mean","Posterior_SD","Posterior_LB","Posterior_UB","prob"
-0.171662196405413,0.0977011942851827,-0.470356060926028,0.0385231943865022,0.939361102401017
