"Posterior_Mean","Posterior_SD","Posterior_LB","Posterior_UB","prob"
0.0202006391199238,0.0882666915102808,-0.220239703371333,0.221110185486118,0.402562116010125
