"Posterior_Mean","Posterior_SD","Posterior_LB","Posterior_UB","prob"
0.0514858935833664,0.0744085761904461,-0.127979709295996,0.216937640674231,0.279261814626444
