"Posterior_Mean","Posterior_SD","Posterior_LB","Posterior_UB","prob"
0.0648886779229451,0.0929187539088211,-0.127361195008852,0.283090114609576,0.253261291904352
