"Posterior_Mean","Posterior_SD","Posterior_LB","Posterior_UB","prob"
-0.0241999533804821,0.0717636440856761,-0.173373425389261,0.139242488372894,0.638181345527728
