"Posterior_Mean","Posterior_SD","Posterior_LB","Posterior_UB","prob"
-0.0611698127339765,0.0811403663221294,-0.222315231126133,0.104080315435051,0.781997687747643
