"Posterior_Mean","Posterior_SD","Posterior_LB","Posterior_UB","prob"
0.131005578292702,0.0741049834730305,-0.0262287100650606,0.294205452879139,0.0529539631025445
