"Posterior_Mean","Posterior_SD","Posterior_LB","Posterior_UB","prob"
-0.0937409215384029,0.0743061480012991,-0.260584309116273,0.0583781286723103,0.881086072655533
