"Posterior_Mean","Posterior_SD","Posterior_LB","Posterior_UB","prob"
0.0263622399000814,0.0742600030052298,-0.12871607339602,0.184997651140475,0.368732232473375
