"Posterior_Mean","Posterior_SD","Posterior_LB","Posterior_UB","prob"
0.036988331010262,0.0742319239658424,-0.115905084125094,0.202515213851899,0.321156488164262
