"Posterior_Mean","Posterior_SD","Posterior_LB","Posterior_UB","prob"
0.0432707150266004,0.0741209469348693,-0.0992324777364861,0.206986645441371,0.287202575515102
