"Posterior_Mean","Posterior_SD","Posterior_LB","Posterior_UB","prob"
0.0010650794978881,0.0764995808771042,-0.164629230054285,0.180553804875065,0.511422811377792
