"Posterior_Mean","Posterior_SD","Posterior_LB","Posterior_UB","prob"
0.0319580506399249,0.0808392784704607,-0.175605158230285,0.25571282626241,0.386451383789364
