"","Posterior_Mean","Posterior_SD","Posterior_LB","Posterior_UB"
"1",-0.0403269724648821,0.0387923924639692,-0.114909608146437,0.0345373208218273
