"","Posterior_Mean","Posterior_SD","Posterior_LB","Posterior_UB"
"1",0.00837060496136312,0.0350986569023739,-0.0618919765811343,0.0772874788540886
