"","Posterior_Mean","Posterior_SD","Posterior_LB","Posterior_UB"
"1",-0.0492375070950725,0.0367308790912579,-0.122653946288429,0.0244713349473946
