"","Posterior_Mean","Posterior_SD","Posterior_LB","Posterior_UB"
"1",-0.0118042867560852,0.0373422159646124,-0.0880665926472993,0.0628956969812108
