"","Posterior_Mean","Posterior_SD","Posterior_LB","Posterior_UB"
"1",-0.0107881326705439,0.040031448307306,-0.0899280799568124,0.0666011583250083
