"","Posterior_Mean","Posterior_SD","Posterior_LB","Posterior_UB"
"1",0.021724406482182,0.0414315404233174,-0.0607536109836229,0.103161012809149
