"","Posterior_Mean","Posterior_SD","Posterior_LB","Posterior_UB"
"1",-0.0115146757647021,0.0364063233581475,-0.0798077177543507,0.0606407775814735
