"","Posterior_Mean","Posterior_SD","Posterior_LB","Posterior_UB"
"1",0.0766350383164287,0.0378141809607468,0.00650661385521332,0.153753282105861
