"","Posterior_Mean","Posterior_SD","Posterior_LB","Posterior_UB"
"1",0.0113673542777241,0.0412445247789133,-0.0687768464204403,0.0909016178699428
