"","Posterior_Mean","Posterior_SD","Posterior_LB","Posterior_UB"
"1",0.0463328256281178,0.0462208869749212,-0.0446920125349752,0.136932488317817
