"","Posterior_Mean","Posterior_SD","Posterior_LB","Posterior_UB"
"1",0.0206597563534153,0.0413072816699168,-0.0616852973995231,0.100922763459536
