"","Posterior_Mean","Posterior_SD","Posterior_LB","Posterior_UB"
"1",-0.0156469001973688,0.0440217126268575,-0.104829119012329,0.0667713674383988
