"","Posterior_Mean","Posterior_SD","Posterior_LB","Posterior_UB"
"1",-0.035863684001874,0.0421056225744271,-0.120184787631567,0.0488696557533024
