"Posterior_Mean","Posterior_SD","Posterior_LB","Posterior_UB","prob"
0.00710829270945287,0.0449187012751188,-0.0837884582808158,0.0963831065377886,0.452121470460847
