"Posterior_Mean","Posterior_SD","Posterior_LB","Posterior_UB","prob"
-0.0157035296790504,0.0464574802966592,-0.108940565632912,0.0742220507644469,0.629300768970573
