"Posterior_Mean","Posterior_SD","Posterior_LB","Posterior_UB","prob"
-0.0380042500628114,0.0449211199190685,-0.134494726488261,0.0601216802967849,0.785795983973222
