"Posterior_Mean","Posterior_SD","Posterior_LB","Posterior_UB","prob"
-0.00317506906740659,0.0444789194374008,-0.0925204966945328,0.0873060484230499,0.527604751572551
