"Posterior_Mean","Posterior_SD","Posterior_LB","Posterior_UB","prob"
-0.0034212648691737,0.0492531751096721,-0.109198059534493,0.102227122400376,0.532742254117725
