"Posterior_Mean","Posterior_SD","Posterior_LB","Posterior_UB","prob"
0.0135282613343679,0.0496242926298631,-0.0855478926131045,0.112454139627743,0.392312821284645
