"Posterior_Mean","Posterior_SD","Posterior_LB","Posterior_UB","prob"
-0.0328641524879202,0.0448877173058098,-0.125291634348209,0.0539664646539036,0.756591409649204
