"Posterior_Mean","Posterior_SD","Posterior_LB","Posterior_UB","prob"
0.0292907053666126,0.0437700365212279,-0.0583418459731635,0.111519240027879,0.250553395901266
