"Posterior_Mean","Posterior_SD","Posterior_LB","Posterior_UB","prob"
-0.0395019293191233,0.0448172116583987,-0.128272301745723,0.04599238004786,0.813996659065555
