"Posterior_Mean","Posterior_SD","Posterior_LB","Posterior_UB","prob"
0.0503515724782268,0.044906956160993,-0.03781966182483,0.141044317454396,0.135241613144084
