"Posterior_Mean","Posterior_SD","Posterior_LB","Posterior_UB","prob"
0.0120788028351735,0.045956544455149,-0.0808660795445207,0.101686255548108,0.392110877290337
