"Posterior_Mean","Posterior_SD","Posterior_LB","Posterior_UB","prob"
0.0682316799217587,0.0461811384888966,-0.0214617103681788,0.159481882825017,0.0662749722950045
