"Posterior_Mean","Posterior_SD","Posterior_LB","Posterior_UB","prob"
0.00625659245210838,0.0480316692762559,-0.0960727622091905,0.103622587570118,0.446003392059431
