"Posterior_Mean","Posterior_SD","Posterior_LB","Posterior_UB","prob"
-0.0401972099398118,0.0450623363650001,-0.126940152194818,0.0488777392959601,0.809347873393546
