"Posterior_Mean","Posterior_SD","Posterior_LB","Posterior_UB","prob"
-0.0306848635729503,0.0451119066970011,-0.121029790355433,0.0566596340787705,0.744130197149234
