"Posterior_Mean","Posterior_SD","Posterior_LB","Posterior_UB","prob"
-0.0320257268900271,0.0456470598184032,-0.12451542589587,0.0578954461294383,0.761975544054963
