"Posterior_Mean","Posterior_SD","Posterior_LB","Posterior_UB","prob"
-0.0572308368578823,0.0461227461683684,-0.150569472818765,0.0401472540811256,0.894075457918535
