"Posterior_Mean","Posterior_SD","Posterior_LB","Posterior_UB","prob"
0.0877428080240057,0.0482624072964435,-0.0114352991781994,0.198567649897171,0.0406120693235113
