"Posterior_Mean","Posterior_SD","Posterior_LB","Posterior_UB","prob"
-0.196885223180643,0.0467742557892882,-0.311261059538191,-0.0782418768654297,0.99947430637246
