"Posterior_Mean","Posterior_SD","Posterior_LB","Posterior_UB","prob"
-0.279724649836509,0.0434523539350032,-0.363142037907339,-0.192870262168615,0.999999777107497
