"Posterior_Mean","Posterior_SD","Posterior_LB","Posterior_UB","prob"
-0.359317057760688,0.0448981217224556,-0.448200244462141,-0.269686486866726,1
