"Posterior_Mean","Posterior_SD","Posterior_LB","Posterior_UB","prob"
-0.159983959517511,0.0483212060410136,-0.286916239795237,-0.0159763795621454,0.984847874956698
