"Posterior_Mean","Posterior_SD","Posterior_LB","Posterior_UB","prob"
-0.303805234845511,0.0408224174780429,-0.398823253873383,-0.194654937183678,0.999999999906643
