"Posterior_Mean","Posterior_SD","Posterior_LB","Posterior_UB","prob"
-0.297243069640536,0.0477107495876415,-0.442291763204066,-0.188221458791203,1
