"Posterior_Mean","Posterior_SD","Posterior_LB","Posterior_UB","prob"
-0.234188201232115,0.0435059521176002,-0.320127626879334,-0.13961296237891,0.999558750290757
