"Posterior_Mean","Posterior_SD","Posterior_LB","Posterior_UB","prob"
-0.25840077340742,0.0444930185621298,-0.351549063434,-0.170863973834152,0.999999999995935
