"Posterior_Mean","Posterior_SD","Posterior_LB","Posterior_UB","prob"
-0.317635436449667,0.038694173891783,-0.39285729774816,-0.24140978975661,1
