"Posterior_Mean","Posterior_SD","Posterior_LB","Posterior_UB","prob"
-0.256094736265388,0.0453643400743603,-0.345434743167791,-0.162514523341282,0.999921023319237
