"Posterior_Mean","Posterior_SD","Posterior_LB","Posterior_UB","prob"
-0.150769311584707,0.052288416075291,-0.25790776119275,-0.0340714833109819,0.995090402190606
