"Posterior_Mean","Posterior_SD","Posterior_LB","Posterior_UB","prob"
-0.254648000334799,0.0393244915834375,-0.336021510994557,-0.164389476778884,0.999995596055132
