"Posterior_Mean","Posterior_SD","Posterior_LB","Posterior_UB","prob"
-0.183764536127808,0.052029056697259,-0.289978399633741,-0.0783828224058291,0.999092787693492
