"Posterior_Mean","Posterior_SD","Posterior_LB","Posterior_UB","prob"
-0.322145588740722,0.0432041384475446,-0.411092278904262,-0.229510433502082,0.999998786159279
