"Posterior_Mean","Posterior_SD","Posterior_LB","Posterior_UB","prob"
-0.22525307903845,0.0447639016028676,-0.335906674362199,-0.120754348844062,0.999775409579656
