"Posterior_Mean","Posterior_SD","Posterior_LB","Posterior_UB","prob"
-0.248697958186967,0.0395138169950368,-0.347762265221526,-0.139352588792501,0.999999999981088
