"Posterior_Mean","Posterior_SD","Posterior_LB","Posterior_UB","prob"
-0.166737339117643,0.0527430306813312,-0.282789174202196,-0.0528178250734304,0.998004127545889
