"Posterior_Mean","Posterior_SD","Posterior_LB","Posterior_UB","prob"
-0.280675115916869,0.0465891979408357,-0.374033865634376,-0.183366848222461,0.999991536816222
