"Posterior_Mean","Posterior_SD","Posterior_LB","Posterior_UB","prob"
-0.282709387185002,0.0445688658162716,-0.376887758643366,-0.157759897490439,0.999980884964309
