"Posterior_Mean","Posterior_SD","Posterior_LB","Posterior_UB","prob"
-0.236963163977007,0.0440202122885612,-0.32383366874497,-0.142804056929533,0.999942716881802
