"Posterior_Mean","Posterior_SD","Posterior_LB","Posterior_UB","prob"
-0.405439087362496,0.0514997722862785,-0.512609072243422,-0.303887293491343,1
