"Posterior_Mean","Posterior_SD","Posterior_LB","Posterior_UB","prob"
-0.182598563045815,0.0460446403259801,-0.274520918168627,-0.0843640843246023,0.999367295724446
