"Posterior_Mean","Posterior_SD","Posterior_LB","Posterior_UB","prob"
-0.284818682713089,0.0415507325932223,-0.386653145221947,-0.179089795518177,0.999999370204345
