"Posterior_Mean","Posterior_SD","Posterior_LB","Posterior_UB","prob"
-0.258616569288616,0.0438661691246974,-0.361375502268659,-0.162987259747933,0.999999796939062
