"Posterior_Mean","Posterior_SD","Posterior_LB","Posterior_UB","prob"
-0.241049122663625,0.0438440519279475,-0.336938199171625,-0.122667209568406,0.998565359593602
