"Posterior_Mean","Posterior_SD","Posterior_LB","Posterior_UB","prob"
-0.234860676497349,0.0547347675821589,-0.340541598833875,-0.12691879091748,0.999837947099648
