"Posterior_Mean","Posterior_SD","Posterior_LB","Posterior_UB","prob"
-0.239627173729211,0.0535211043141263,-0.3440754607415,-0.132002644975769,0.999935386849408
