"Posterior_Mean","Posterior_SD","Posterior_LB","Posterior_UB","prob"
-0.226858773712549,0.0544780440083493,-0.36955351256708,-0.109535278734102,0.999989744927688
