"Posterior_Mean","Posterior_SD","Posterior_LB","Posterior_UB","prob"
-0.33943710393906,0.0426180525518478,-0.425480786871261,-0.240481654945448,1
