"Posterior_Mean","Posterior_SD","Posterior_LB","Posterior_UB","prob"
-0.293650824057878,0.0450802759297199,-0.38047793148345,-0.204402852541814,0.99999956053778
