"Posterior_Mean","Posterior_SD","Posterior_LB","Posterior_UB","prob"
-0.188440408977892,0.053031290294683,-0.29429425677889,-0.0787466364287579,0.998827765967419
