"Posterior_Mean","Posterior_SD","Posterior_LB","Posterior_UB","prob"
-0.220992332687403,0.0434290433186639,-0.306080784470132,-0.137177488892415,0.999999723476796
