"Posterior_Mean","Posterior_SD","Posterior_LB","Posterior_UB","prob"
-0.348780684450642,0.04203000625575,-0.441984545354866,-0.260278057225589,1
