"Posterior_Mean","Posterior_SD","Posterior_LB","Posterior_UB","prob"
-0.287557648321943,0.0439033396336807,-0.384139107297593,-0.199302561835168,1
