"Posterior_Mean","Posterior_SD","Posterior_LB","Posterior_UB","prob"
-0.364521147721269,0.0450678182114472,-0.461653524708215,-0.241385867959746,0.999999259474135
