"Posterior_Mean","Posterior_SD","Posterior_LB","Posterior_UB","prob"
-0.27573623286215,0.0426336100146766,-0.360381925026386,-0.188148395358637,0.99997206102279
