"Posterior_Mean","Posterior_SD","Posterior_LB","Posterior_UB","prob"
-0.140309562429882,0.0615259058925536,-0.266561119959178,-0.0190434087891012,0.987645658047122
