"Posterior_Mean","Posterior_SD","Posterior_LB","Posterior_UB","prob"
-0.34481066796425,0.0391838886849627,-0.433211300210507,-0.225891551427062,0.999999376746711
