"Posterior_Mean","Posterior_SD","Posterior_LB","Posterior_UB","prob"
-0.289140455073877,0.0436767286679296,-0.373569101239541,-0.203500252280683,1
