"Posterior_Mean","Posterior_SD","Posterior_LB","Posterior_UB","prob"
-0.256998001447454,0.0462782596628654,-0.366335780033999,-0.158408180268607,1
