"Posterior_Mean","Posterior_SD","Posterior_LB","Posterior_UB","prob"
-0.272468706792297,0.0386222734825662,-0.353234216289496,-0.178146288343543,0.999998788111841
