"Posterior_Mean","Posterior_SD","Posterior_LB","Posterior_UB","prob"
-0.354548232304378,0.0399609663354794,-0.452905190083215,-0.250717195171662,0.999999995966633
