"Posterior_Mean","Posterior_SD","Posterior_LB","Posterior_UB","prob"
-0.1989661372531,0.0579072409056383,-0.316016859335549,-0.0583898705030619,0.994861385433123
