"Posterior_Mean","Posterior_SD","Posterior_LB","Posterior_UB","prob"
-0.338415415409723,0.0453976941834573,-0.450528386990758,-0.14882446742314,0.999933056748418
