"Posterior_Mean","Posterior_SD","Posterior_LB","Posterior_UB","prob"
-0.340856377583217,0.0429756549888999,-0.430356829286025,-0.250106130145388,1
