"Posterior_Mean","Posterior_SD","Posterior_LB","Posterior_UB","prob"
-0.323001997071944,0.0392314196841925,-0.398923989465196,-0.2442894756284,1
