"Posterior_Mean","Posterior_SD","Posterior_LB","Posterior_UB","prob"
-0.235702709232596,0.0454247094378852,-0.326543307895378,-0.145602724678176,0.999972709717872
