"Posterior_Mean","Posterior_SD","Posterior_LB","Posterior_UB","prob"
-0.123841529078098,0.0540967692642516,-0.228978515034042,-0.0185819147799094,0.987644283695651
