"Posterior_Mean","Posterior_SD","Posterior_LB","Posterior_UB","prob"
-0.276945249289297,0.045355664027645,-0.36584810569335,-0.185106871703014,0.999984220533173
