"Posterior_Mean","Posterior_SD","Posterior_LB","Posterior_UB","prob"
-0.215218729657906,0.0518715717638683,-0.32269546385416,-0.0654395449609032,0.99460358691021
