"Posterior_Mean","Posterior_SD","Posterior_LB","Posterior_UB","prob"
-0.242048863134196,0.0445917040285622,-0.327627422110183,-0.150354737830585,0.999999805190543
