"Posterior_Mean","Posterior_SD","Posterior_LB","Posterior_UB","prob"
-0.24821844743587,0.0449648626840622,-0.33567970300911,-0.153663486402193,0.999996494029277
