"Posterior_Mean","Posterior_SD","Posterior_LB","Posterior_UB","prob"
-0.326266483140504,0.0375918541424474,-0.40048042431429,-0.25110577719903,1
