"Posterior_Mean","Posterior_SD","Posterior_LB","Posterior_UB","prob"
-0.208034388468354,0.0550879666158812,-0.319492598420116,-0.0943957611616402,0.999685018258052
