"Posterior_Mean","Posterior_SD","Posterior_LB","Posterior_UB","prob"
-0.122475454731461,0.0548733240312525,-0.23410611377715,-0.013608853552669,0.986224581385234
