"Posterior_Mean","Posterior_SD","Posterior_LB","Posterior_UB","prob"
-0.177450093295604,0.0493117721727277,-0.316804546840551,-0.0310177656552359,0.989748526208718
