"Posterior_Mean","Posterior_SD","Posterior_LB","Posterior_UB","prob"
-0.344969045079424,0.0420506390895263,-0.430016064531803,-0.25867791642098,1
