"Posterior_Mean","Posterior_SD","Posterior_LB","Posterior_UB","prob"
-0.229097916725026,0.0443346160854756,-0.317144989892096,-0.145675021537012,0.999999993959081
