"Posterior_Mean","Posterior_SD","Posterior_LB","Posterior_UB","prob"
-0.313697084274654,0.0378477332905569,-0.392727056460612,-0.22607989159123,0.999999999523957
