"Posterior_Mean","Posterior_SD","Posterior_LB","Posterior_UB","prob"
-0.214863158503008,0.0450354193179656,-0.306356913788598,-0.127663683588114,0.999802540525768
