"Posterior_Mean","Posterior_SD","Posterior_LB","Posterior_UB","prob"
-0.273296570354824,0.0393758727265302,-0.380859140041061,-0.175454590671622,0.999999940014907
