"Posterior_Mean","Posterior_SD","Posterior_LB","Posterior_UB","prob"
-0.270017345552417,0.0441405847494323,-0.352244932798853,-0.180649705733485,0.99999993178852
