"Posterior_Mean","Posterior_SD","Posterior_LB","Posterior_UB","prob"
-0.324638117192706,0.0394608587634281,-0.403575482277465,-0.238783162199884,0.999999949472872
