"Posterior_Mean","Posterior_SD","Posterior_LB","Posterior_UB","prob"
-0.170799071004823,0.0499415483912797,-0.298482904036297,-0.0383148955011012,0.996085484804486
