"Posterior_Mean","Posterior_SD","Posterior_LB","Posterior_UB","prob"
-0.286107670594874,0.0539177892684131,-0.391541702879816,-0.17888569845306,0.999994532147716
