"Posterior_Mean","Posterior_SD","Posterior_LB","Posterior_UB","prob"
-0.267823525383259,0.0457517868319016,-0.366567622851254,-0.174801104372255,1
