"Posterior_Mean","Posterior_SD","Posterior_LB","Posterior_UB","prob"
-0.287949866613289,0.0551916200845325,-0.401061268914025,-0.177755039663904,1
