"Posterior_Mean","Posterior_SD","Posterior_LB","Posterior_UB","prob"
-0.193932073913351,0.0422600072949784,-0.283180275810452,-0.0951685622368666,0.999728716748798
