"Posterior_Mean","Posterior_SD","Posterior_LB","Posterior_UB","prob"
-0.301739907470322,0.0381896544442574,-0.380366482033138,-0.227342417440847,0.999999999349885
