"Posterior_Mean","Posterior_SD","Posterior_LB","Posterior_UB","prob"
-0.165025600876953,0.0495913615872912,-0.279757199277334,-0.0334264026677868,0.988942378409325
