"Posterior_Mean","Posterior_SD","Posterior_LB","Posterior_UB","prob"
-0.280274864459117,0.0449526125274572,-0.366537212322189,-0.192164418048518,0.99999966844516
