"Posterior_Mean","Posterior_SD","Posterior_LB","Posterior_UB","prob"
-0.307468081306891,0.0438550346465831,-0.392697606499312,-0.220427647084107,0.999999976442558
