"Posterior_Mean","Posterior_SD","Posterior_LB","Posterior_UB","prob"
-0.282152475973249,0.0474208076697134,-0.416972237129318,-0.181979573604326,1
