"Posterior_Mean","Posterior_SD","Posterior_LB","Posterior_UB","prob"
-0.423125431904338,0.0439424669624735,-0.509442777296777,-0.337395985445709,1
