"Posterior_Mean","Posterior_SD","Posterior_LB","Posterior_UB","prob"
-0.219457565447781,0.0461677973732132,-0.312259507003634,-0.11417016577078,0.999995762020104
