"Posterior_Mean","Posterior_SD","Posterior_LB","Posterior_UB","prob"
-0.272571631789065,0.0446063844657834,-0.382292640910745,-0.17265218877846,1
