"Posterior_Mean","Posterior_SD","Posterior_LB","Posterior_UB","prob"
-0.312422235875122,0.0454707733491336,-0.405324567267548,-0.222268808473996,0.999999989999398
