"Posterior_Mean","Posterior_SD","Posterior_LB","Posterior_UB","prob"
-0.315801409895518,0.037774243454229,-0.38920703846662,-0.241485905782726,0.999999999968094
