"Posterior_Mean","Posterior_SD","Posterior_LB","Posterior_UB","prob"
-0.0780311710962441,0.0684930461548833,-0.225697854977599,0.0859767536581613,0.824014795036792
