"Posterior_Mean","Posterior_SD","Posterior_LB","Posterior_UB","prob"
-0.232101083323617,0.0505079993942155,-0.401215174611585,-0.097864619010781,0.999980512045876
