"Posterior_Mean","Posterior_SD","Posterior_LB","Posterior_UB","prob"
-0.221496206415902,0.0436801663698806,-0.308661325310031,-0.130657690553287,0.999967437857959
