"Posterior_Mean","Posterior_SD","Posterior_LB","Posterior_UB","prob"
-0.209305729783729,0.0438724315456558,-0.295223391641328,-0.121366570218148,0.999870731901705
