"Posterior_Mean","Posterior_SD","Posterior_LB","Posterior_UB","prob"
-0.253452145499996,0.0540772363468375,-0.360302608554075,-0.148171810978794,0.999987326738447
