"Posterior_Mean","Posterior_SD","Posterior_LB","Posterior_UB","prob"
-0.187848952903611,0.048541356814879,-0.34594050579386,-0.0472701274757528,0.994170919903028
