"Posterior_Mean","Posterior_SD","Posterior_LB","Posterior_UB","prob"
-0.272359554825309,0.0510771493006025,-0.384471386699524,-0.156269757632244,0.999994516840126
