"Posterior_Mean","Posterior_SD","Posterior_LB","Posterior_UB","prob"
-0.232543844046069,0.0440872749635869,-0.323293389158119,-0.144186881732332,0.999999666334427
