"Posterior_Mean","Posterior_SD","Posterior_LB","Posterior_UB","prob"
-0.252453894406986,0.0673909784706126,-0.388959919312839,-0.105479909723948,0.999648671145913
