"Posterior_Mean","Posterior_SD","Posterior_LB","Posterior_UB","prob"
-0.234561784993145,0.0519359400661799,-0.343082822407593,-0.117407074519228,0.999935879666484
