"Posterior_Mean","Posterior_SD","Posterior_LB","Posterior_UB","prob"
-0.273537408263747,0.043517315938161,-0.360314397593203,-0.188411251823466,0.999999754609574
