"Posterior_Mean","Posterior_SD","Posterior_LB","Posterior_UB","prob"
-0.256980778297856,0.0543251196013891,-0.361250593925203,-0.146783225292123,0.999927824686537
