"Posterior_Mean","Posterior_SD","Posterior_LB","Posterior_UB","prob"
-0.262093724012311,0.0487672141335603,-0.381130508280628,-0.136645396917011,0.999720440235491
