"Posterior_Mean","Posterior_SD","Posterior_LB","Posterior_UB","prob"
-0.268086416553216,0.0490560743319229,-0.429055625348621,-0.126648266950198,1
