"Posterior_Mean","Posterior_SD","Posterior_LB","Posterior_UB","prob"
-0.274152233162845,0.0438052141333142,-0.36040991325594,-0.188380533655241,0.999999193348707
