"Posterior_Mean","Posterior_SD","Posterior_LB","Posterior_UB","prob"
-0.318514272596414,0.0374091465074435,-0.392403103942913,-0.242972637270361,1
