"Posterior_Mean","Posterior_SD","Posterior_LB","Posterior_UB","prob"
-0.192831188461912,0.0557211870171893,-0.324880173079701,-0.0815346304480002,1
