"Posterior_Mean","Posterior_SD","Posterior_LB","Posterior_UB","prob"
-0.252758227552218,0.04003094873365,-0.341681393364666,-0.154251097381513,0.999999999988632
