"Posterior_Mean","Posterior_SD","Posterior_LB","Posterior_UB","prob"
-0.323148010493124,0.0402066947971579,-0.40613992820897,-0.213429105807266,0.999988922610109
