"Posterior_Mean","Posterior_SD","Posterior_LB","Posterior_UB","prob"
-0.32508674422533,0.0505222186253892,-0.435078115779542,-0.201243087245744,1
