"Posterior_Mean","Posterior_SD","Posterior_LB","Posterior_UB","prob"
-0.357856327558985,0.039094685585234,-0.442385058951903,-0.260154237764866,1
