"Posterior_Mean","Posterior_SD","Posterior_LB","Posterior_UB","prob"
-0.287763876744857,0.0448057400365538,-0.374646320219411,-0.199052510294249,1
