"Posterior_Mean","Posterior_SD","Posterior_LB","Posterior_UB","prob"
-0.258695307856994,0.0392356097681104,-0.340338276764016,-0.143773656228156,0.999886708731181
