"Posterior_Mean","Posterior_SD","Posterior_LB","Posterior_UB","prob"
-0.279754725030273,0.0430102900850513,-0.366445428263103,-0.197073936986442,0.999999986415187
