"Posterior_Mean","Posterior_SD","Posterior_LB","Posterior_UB","prob"
-0.306043376746301,0.0452520823303383,-0.406690207241692,-0.168832355596223,0.999995136846491
