"Posterior_Mean","Posterior_SD","Posterior_LB","Posterior_UB","prob"
-0.374721263719246,0.0452817529701497,-0.495738942721294,-0.258930487612122,1
