"Posterior_Mean","Posterior_SD","Posterior_LB","Posterior_UB","prob"
-0.219245416819235,0.0467138110649365,-0.316672079573777,-0.0989800527413871,0.999781652200328
