"Posterior_Mean","Posterior_SD","Posterior_LB","Posterior_UB","prob"
-0.329960641024324,0.0775986812547045,-0.482408309035524,-0.174311537019374,1
