"Posterior_Mean","Posterior_SD","Posterior_LB","Posterior_UB","prob"
-0.274249912082463,0.0482094108029041,-0.382977413115697,-0.14954067691959,1
