"Posterior_Mean","Posterior_SD","Posterior_LB","Posterior_UB","prob"
-0.284035364632486,0.0432035341887803,-0.368535394887538,-0.198789662849928,1
