"Posterior_Mean","Posterior_SD","Posterior_LB","Posterior_UB","prob"
-0.407609540696295,0.054874418789434,-0.519478742544648,-0.297506566253982,1
