"Posterior_Mean","Posterior_SD","Posterior_LB","Posterior_UB","prob"
-0.212624405786048,0.0434505857550278,-0.296084204652121,-0.127443458804383,0.999998020554601
