"Posterior_Mean","Posterior_SD","Posterior_LB","Posterior_UB","prob"
-0.355669444418394,0.0379462650250333,-0.427619527562266,-0.280506398253869,1
