"Posterior_Mean","Posterior_SD","Posterior_LB","Posterior_UB","prob"
-0.340897363151747,0.0446021737773652,-0.430761170855376,-0.239855479189902,1
