"Posterior_Mean","Posterior_SD","Posterior_LB","Posterior_UB","prob"
-0.251152516157744,0.0452739206503734,-0.343781499236783,-0.146778025653068,0.999918655686645
