"Posterior_Mean","Posterior_SD","Posterior_LB","Posterior_UB","prob"
-0.279816043396997,0.0432092416484851,-0.373640888726728,-0.19106102894519,0.999999976293973
