"Posterior_Mean","Posterior_SD","Posterior_LB","Posterior_UB","prob"
-0.286051738123212,0.0426178131193605,-0.379602044293634,-0.196976369713384,0.999999999923755
