"Posterior_Mean","Posterior_SD","Posterior_LB","Posterior_UB","prob"
-0.266653678908733,0.0532176011186432,-0.397004110729751,-0.115361917251832,0.998890868487352
