"Posterior_Mean","Posterior_SD","Posterior_LB","Posterior_UB","prob"
-0.261519869252305,0.0433032637815398,-0.347051012234538,-0.176996064103298,0.999999988486467
