"Posterior_Mean","Posterior_SD","Posterior_LB","Posterior_UB","prob"
-0.151634312656953,0.0525363478418098,-0.257613759744862,-0.047622542194098,0.998282475474405
