"Posterior_Mean","Posterior_SD","Posterior_LB","Posterior_UB","prob"
-0.21278774928141,0.0433820881389434,-0.308894162326656,-0.126225448487895,0.999955898355174
