"Posterior_Mean","Posterior_SD","Posterior_LB","Posterior_UB","prob"
-0.287049211007929,0.0445159671290547,-0.375426630162076,-0.198760137680359,0.999999795845017
