"Posterior_Mean","Posterior_SD","Posterior_LB","Posterior_UB","prob"
-0.256425448380528,0.0406134097021816,-0.355438611135462,-0.141972943610933,0.999999999958877
