"Posterior_Mean","Posterior_SD","Posterior_LB","Posterior_UB","prob"
-0.318820304617248,0.045077220271117,-0.419933934412985,-0.227091910824572,1
