"Posterior_Mean","Posterior_SD","Posterior_LB","Posterior_UB","prob"
-0.277468124953514,0.0387874783828411,-0.35481667899889,-0.195221372837837,0.999995798461837
