"Posterior_Mean","Posterior_SD","Posterior_LB","Posterior_UB","prob"
-0.284218640672251,0.0383201161384142,-0.357302804932225,-0.20576311939297,0.999999999998694
