"Posterior_Mean","Posterior_SD","Posterior_LB","Posterior_UB","prob"
-0.363571072958079,0.0418247469160206,-0.455698150968971,-0.266081990201204,1
