"Posterior_Mean","Posterior_SD","Posterior_LB","Posterior_UB","prob"
-0.228033258715331,0.0443781574534144,-0.314340513200726,-0.142021630099556,0.99997817276899
