"Posterior_Mean","Posterior_SD","Posterior_LB","Posterior_UB","prob"
-0.331249821580657,0.0429274532745494,-0.41928137425209,-0.239635435802453,1
