"Posterior_Mean","Posterior_SD","Posterior_LB","Posterior_UB","prob"
-0.279858737140639,0.0382388562132801,-0.356226331332641,-0.198794125026655,0.999999999657432
