"Posterior_Mean","Posterior_SD","Posterior_LB","Posterior_UB","prob"
-0.336001291647787,0.0443755384915792,-0.423997185796656,-0.248614621509923,1
