"Posterior_Mean","Posterior_SD","Posterior_LB","Posterior_UB","prob"
-0.279258018238873,0.0455207455199764,-0.373593067022105,-0.164266856015461,1
