"Posterior_Mean","Posterior_SD","Posterior_LB","Posterior_UB","prob"
-0.298094834118656,0.039889962734821,-0.38099048908767,-0.202635585535249,0.999999784082423
