"Posterior_Mean","Posterior_SD","Posterior_LB","Posterior_UB","prob"
-0.450735988691543,0.0432724046575734,-0.541227828217578,-0.337070933369247,1
