"Posterior_Mean","Posterior_SD","Posterior_LB","Posterior_UB","prob"
-0.13278746430361,0.0556795511818385,-0.254023744746601,-0.0246212069458003,0.991258014232958
