"Posterior_Mean","Posterior_SD","Posterior_LB","Posterior_UB","prob"
-0.288812257016045,0.0412071343884252,-0.375772767749863,-0.189918098237554,0.99994633035241
