"Posterior_Mean","Posterior_SD","Posterior_LB","Posterior_UB","prob"
-0.23683806626817,0.044427845752471,-0.321201449604452,-0.145207569903653,0.99999973964539
