"Posterior_Mean","Posterior_SD","Posterior_LB","Posterior_UB","prob"
-0.376197569774375,0.0443543149596007,-0.464337574608155,-0.285504414450668,0.999998680537702
