"Posterior_Mean","Posterior_SD","Posterior_LB","Posterior_UB","prob"
-0.199622530597568,0.0434554766932642,-0.284545101067104,-0.114466455815774,0.999888446899607
