"Posterior_Mean","Posterior_SD","Posterior_LB","Posterior_UB","prob"
-0.257718475824239,0.048789818266889,-0.357860302857755,-0.15999976360371,1
