"Posterior_Mean","Posterior_SD","Posterior_LB","Posterior_UB","prob"
-0.234818960537771,0.0438976506802098,-0.31931527502027,-0.148797425773475,0.99999178506205
