"Posterior_Mean","Posterior_SD","Posterior_LB","Posterior_UB","prob"
-0.307060168774592,0.0385064333026675,-0.382879749207253,-0.223730628176806,0.999999968042751
