"Posterior_Mean","Posterior_SD","Posterior_LB","Posterior_UB","prob"
-0.313948729978348,0.0497350183188736,-0.422289752975677,-0.165028260510139,0.999755827946162
