"Posterior_Mean","Posterior_SD","Posterior_LB","Posterior_UB","prob"
-0.213773110710894,0.0437176327342126,-0.299371361430525,-0.127637464644073,0.999944429162694
