"Posterior_Mean","Posterior_SD","Posterior_LB","Posterior_UB","prob"
-0.387447297486637,0.054523349626942,-0.492050812715842,-0.280487559344907,1
