"Posterior_Mean","Posterior_SD","Posterior_LB","Posterior_UB","prob"
-0.289013856561692,0.0406195976366206,-0.373185091229876,-0.197853252335567,1
