"Posterior_Mean","Posterior_SD","Posterior_LB","Posterior_UB","prob"
-0.218194065040721,0.0462143288097942,-0.310418714675098,-0.119155773199628,0.999977141407824
