"Posterior_Mean","Posterior_SD","Posterior_LB","Posterior_UB","prob"
-0.197488785075824,0.0443506989608476,-0.291290004798636,-0.109211614822471,0.999921053172502
