"Posterior_Mean","Posterior_SD","Posterior_LB","Posterior_UB","prob"
-0.223285691213156,0.0540838981614761,-0.329324833914532,-0.117216606240927,0.999826469206431
