"Posterior_Mean","Posterior_SD","Posterior_LB","Posterior_UB","prob"
-0.201731462691646,0.0458501516244557,-0.296742436314808,-0.107975235654409,0.9998993656071
