"Posterior_Mean","Posterior_SD","Posterior_LB","Posterior_UB","prob"
-0.362605972725289,0.0455212828555201,-0.461967751124942,-0.22376663755513,0.999994699888858
