"Posterior_Mean","Posterior_SD","Posterior_LB","Posterior_UB","prob"
-0.273457726081747,0.0552214814232229,-0.382174140665698,-0.135707133186356,0.998954394593495
