"Posterior_Mean","Posterior_SD","Posterior_LB","Posterior_UB","prob"
-0.295649223491876,0.0449492985484743,-0.386647043302882,-0.198687184341877,0.999996413882098
