"Posterior_Mean","Posterior_SD","Posterior_LB","Posterior_UB","prob"
-0.371630485716519,0.0400091769433405,-0.464173723623844,-0.258238535816847,1
