"Posterior_Mean","Posterior_SD","Posterior_LB","Posterior_UB","prob"
-0.2447369964255,0.0453789304183208,-0.365603104810867,-0.138265005689948,1
