"Posterior_Mean","Posterior_SD","Posterior_LB","Posterior_UB","prob"
-0.241456923933686,0.0507308846032771,-0.400353523371678,-0.112054008999811,0.999958812919817
