"Posterior_Mean","Posterior_SD","Posterior_LB","Posterior_UB","prob"
-0.256913404040265,0.0362927079411691,-0.331583151448408,-0.180418975073868,0.999999056369352
