"Posterior_Mean","Posterior_SD","Posterior_LB","Posterior_UB","prob"
-0.298849720119909,0.0453860980142442,-0.387735529187778,-0.203699121230321,0.999989995735897
