"Posterior_Mean","Posterior_SD","Posterior_LB","Posterior_UB","prob"
-0.367421544780496,0.0373018586694991,-0.44238156675911,-0.292856990728712,1
