"Posterior_Mean","Posterior_SD","Posterior_LB","Posterior_UB","prob"
-0.328973973783917,0.0416475467034467,-0.422114173930089,-0.191951244700635,0.999911463781342
