"Posterior_Mean","Posterior_SD","Posterior_LB","Posterior_UB","prob"
-0.27048822987337,0.0508805016083146,-0.38079629566254,-0.15686031086988,1
