"Posterior_Mean","Posterior_SD","Posterior_LB","Posterior_UB","prob"
-0.270678316618206,0.0426196103535362,-0.363593555581361,-0.169432878263053,0.999999376880388
