"Posterior_Mean","Posterior_SD","Posterior_LB","Posterior_UB","prob"
-0.211426878673228,0.0433933286618016,-0.297910675020754,-0.126573920256664,0.999999439627461
