"Posterior_Mean","Posterior_SD","Posterior_LB","Posterior_UB","prob"
-0.0959510284221774,0.0736560695787613,-0.324208614006641,0.0885597528210671,0.835008524114313
