"Posterior_Mean","Posterior_SD","Posterior_LB","Posterior_UB","prob"
-0.27742689670659,0.0388760267584722,-0.383118162117627,-0.168471309794289,0.999998811819339
