"Posterior_Mean","Posterior_SD","Posterior_LB","Posterior_UB","prob"
-0.28405044336549,0.0429738646465289,-0.376170647826648,-0.189806921302015,0.999999999933029
