"Posterior_Mean","Posterior_SD","Posterior_LB","Posterior_UB","prob"
-0.351997339958408,0.0444556910560975,-0.440698822525655,-0.262155953639639,1
