"Posterior_Mean","Posterior_SD","Posterior_LB","Posterior_UB","prob"
-0.342568741934255,0.0437612616299363,-0.428446862182766,-0.257809537270935,1
