"Posterior_Mean","Posterior_SD","Posterior_LB","Posterior_UB","prob"
-0.230584104219816,0.0445644562843051,-0.319034448292744,-0.140743825197705,0.999999433522846
