"Posterior_Mean","Posterior_SD","Posterior_LB","Posterior_UB","prob"
-0.307238388661561,0.0450021904709317,-0.395838194716268,-0.209122896587127,0.999569081809185
