"Posterior_Mean","Posterior_SD","Posterior_LB","Posterior_UB","prob"
-0.322888741574884,0.045446642076247,-0.44067007042243,-0.223268255193164,1
