"Posterior_Mean","Posterior_SD","Posterior_LB","Posterior_UB","prob"
-0.238863873466673,0.0550098303796987,-0.34789746975826,-0.129805174363643,0.999994715046875
