"Posterior_Mean","Posterior_SD","Posterior_LB","Posterior_UB","prob"
-0.0658186118944919,0.0686545561435208,-0.204183775751091,0.088453850032174,0.808659279275562
