"Posterior_Mean","Posterior_SD","Posterior_LB","Posterior_UB","prob"
-0.299038752575385,0.0409915326409492,-0.391998250000773,-0.190254676706902,1
