"Posterior_Mean","Posterior_SD","Posterior_LB","Posterior_UB","prob"
-0.330467953572015,0.0450496173522605,-0.418528904690141,-0.236948207804814,1
