"Posterior_Mean","Posterior_SD","Posterior_LB","Posterior_UB","prob"
-0.273155991802477,0.040831364323791,-0.367930674383458,-0.172692486892047,0.999999912489356
