"Posterior_Mean","Posterior_SD","Posterior_LB","Posterior_UB","prob"
-0.25659469393648,0.0380913354536082,-0.333331235057543,-0.17419717740364,0.999998048081002
