"Posterior_Mean","Posterior_SD","Posterior_LB","Posterior_UB","prob"
-0.316203299877202,0.0426532569458017,-0.399217964580153,-0.233674623721789,0.999999948316179
