"Posterior_Mean","Posterior_SD","Posterior_LB","Posterior_UB","prob"
-0.214990847004967,0.0547397438431212,-0.324037225478256,-0.0922810785371431,0.997422773890744
