"Posterior_Mean","Posterior_SD","Posterior_LB","Posterior_UB","prob"
-0.0608831813840088,0.101979262832282,-0.253260701562866,0.152191909055234,0.726614757844771
