"Posterior_Mean","Posterior_SD","Posterior_LB","Posterior_UB","prob"
-0.130643887091044,0.0726839510933158,-0.277307232712498,0.0179008556553275,0.958304027941555
