"Posterior_Mean","Posterior_SD","Posterior_LB","Posterior_UB","prob"
0.0500887418215867,0.107127939121158,-0.162864680362219,0.258609737854419,0.3175
