"Posterior_Mean","Posterior_SD","Posterior_LB","Posterior_UB","prob"
0.147181138305066,0.110656782974365,-0.0820742582251404,0.367880875570783,0.0936807679791896
