"Posterior_Mean","Posterior_SD","Posterior_LB","Posterior_UB","prob"
-0.150317512173051,0.0848776276243873,-0.356171419932842,0.107176484326093,0.876932270021134
