"Posterior_Mean","Posterior_SD","Posterior_LB","Posterior_UB","prob"
-0.0303980484231748,0.0776483818153389,-0.187622393676619,0.138114102522758,0.666676473702062
