"Posterior_Mean","Posterior_SD","Posterior_LB","Posterior_UB","prob"
-0.0182605917880606,0.106602036255639,-0.226423461246403,0.186878691886796,0.566000242336505
