"Posterior_Mean","Posterior_SD","Posterior_LB","Posterior_UB","prob"
-0.186823052956126,0.0636206537733012,-0.311991053839443,-0.0562551448239022,0.995157962743471
