"Posterior_Mean","Posterior_SD","Posterior_LB","Posterior_UB","prob"
-0.0559603548592313,0.0786852199392514,-0.218164526951629,0.158471938788752,0.762038868344046
