"Posterior_Mean","Posterior_SD","Posterior_LB","Posterior_UB","prob"
-0.130908799699293,0.0736333688399328,-0.331131894823104,0.189905034953151,0.808673667151854
