"Posterior_Mean","Posterior_SD","Posterior_LB","Posterior_UB","prob"
0.135711278055631,0.10268444151428,-0.0769401840062652,0.327419862257351,0.0998843336674359
