"Posterior_Mean","Posterior_SD","Posterior_LB","Posterior_UB","prob"
-0.0496682113571137,0.0670343108870296,-0.196537469559473,0.169101802193489,0.758914596145091
