"Posterior_Mean","Posterior_SD","Posterior_LB","Posterior_UB","prob"
-0.0652503208033864,0.102259089323072,-0.268080204071603,0.138714557670854,0.733331976948522
