"Posterior_Mean","Posterior_SD","Posterior_LB","Posterior_UB","prob"
0.216060101586152,0.109679989674403,0.00107212267940304,0.428984487169065,0.0255123571330556
