"Posterior_Mean","Posterior_SD","Posterior_LB","Posterior_UB","prob"
-0.0662225608733311,0.104006705018494,-0.291851279071822,0.15121851127824,0.715324202451374
