"Posterior_Mean","Posterior_SD","Posterior_LB","Posterior_UB","prob"
-0.0551129854877879,0.0755686041004924,-0.213380437580055,0.153969581191451,0.769205033489608
