"Posterior_Mean","Posterior_SD","Posterior_LB","Posterior_UB","prob"
-0.0569668891703869,0.0681210996652366,-0.192849336690365,0.129041036037429,0.802582413967827
