"Posterior_Mean","Posterior_SD","Posterior_LB","Posterior_UB","prob"
0.296367377279836,0.103057822300045,0.0916785527506072,0.494523503997745,0.00100002292080965
