"Posterior_Mean","Posterior_SD","Posterior_LB","Posterior_UB","prob"
0.0157716338884161,0.104666690231566,-0.192264936126175,0.219065745393787,0.433166666666667
