"Posterior_Mean","Posterior_SD","Posterior_LB","Posterior_UB","prob"
-0.0347766161313601,0.0735050647799415,-0.178025975362785,0.116749949463262,0.681601200554096
