"Posterior_Mean","Posterior_SD","Posterior_LB","Posterior_UB","prob"
0.0906258213227963,0.0998452503123807,-0.152677458512806,0.304424922700334,0.220376684085014
