"Posterior_Mean","Posterior_SD","Posterior_LB","Posterior_UB","prob"
-0.184119873771304,0.0669079525719936,-0.319754154110953,-0.0399013249929051,0.990071576267325
