"Posterior_Mean","Posterior_SD","Posterior_LB","Posterior_UB","prob"
-0.0487091042008559,0.107170066674678,-0.257319424333632,0.159888123364758,0.6745
