"Posterior_Mean","Posterior_SD","Posterior_LB","Posterior_UB","prob"
-0.26777711755664,0.0512055581183827,-0.377340145001913,-0.149456676922197,0.999939972419113
