"Posterior_Mean","Posterior_SD","Posterior_LB","Posterior_UB","prob"
-0.234383579283143,0.0625445529081739,-0.366115451459712,-0.0877004642895815,0.997342810385565
