"Posterior_Mean","Posterior_SD","Posterior_LB","Posterior_UB","prob"
-0.0543649257439773,0.0714903926879804,-0.216571877909508,0.125770157721741,0.735342042089091
