"Posterior_Mean","Posterior_SD","Posterior_LB","Posterior_UB","prob"
-0.260603133617627,0.0528235234266121,-0.370332729415563,-0.134889190557302,0.994695645703987
