"Posterior_Mean","Posterior_SD","Posterior_LB","Posterior_UB","prob"
-0.2313958130369,0.0597217601620446,-0.377225776516508,-0.0728378413655685,0.998164321995102
