"Posterior_Mean","Posterior_SD","Posterior_LB","Posterior_UB","prob"
-0.0219366612754523,0.101333251164361,-0.221047032484941,0.174333679415467,0.573459265416153
