"Posterior_Mean","Posterior_SD","Posterior_LB","Posterior_UB","prob"
0.00730535086661645,0.0775789657418129,-0.150818414797044,0.224656056324023,0.50158429569267
