"Posterior_Mean","Posterior_SD","Posterior_LB","Posterior_UB","prob"
-0.186033433319814,0.0583743724415028,-0.301247219045003,-0.0667372401749715,0.997846748962263
