"Posterior_Mean","Posterior_SD","Posterior_LB","Posterior_UB","prob"
0.017907746560359,0.0901463216640378,-0.268073839464158,0.280428282895759,0.400271118545112
