"Posterior_Mean","Posterior_SD","Posterior_LB","Posterior_UB","prob"
-0.197218014597023,0.069727441607326,-0.34669497271291,0.0245993211720685,0.963231392330277
