"Posterior_Mean","Posterior_SD","Posterior_LB","Posterior_UB","prob"
-0.305205389134506,0.0507009050331724,-0.405684230348874,-0.205159304734887,0.999997680602328
