"Posterior_Mean","Posterior_SD","Posterior_LB","Posterior_UB","prob"
-0.0843389916785133,0.0720936397439214,-0.247089395119351,0.0702710098108702,0.848584646279316
