"Posterior_Mean","Posterior_SD","Posterior_LB","Posterior_UB","prob"
-0.0204918534665662,0.0812768347998133,-0.206596306455788,0.150834994009335,0.582446514723551
