"Posterior_Mean","Posterior_SD","Posterior_LB","Posterior_UB","prob"
-0.131258780958478,0.104316712199235,-0.332005545728774,0.0752872854397119,0.896166666666667
