"Posterior_Mean","Posterior_SD","Posterior_LB","Posterior_UB","prob"
-0.245402738281813,0.0753308121798836,-0.418457052847161,-0.00493276699897988,0.976695449552291
