"Posterior_Mean","Posterior_SD","Posterior_LB","Posterior_UB","prob"
-0.170458394938305,0.0674277695518807,-0.310017221302822,0.0183129011777774,0.966126021085944
