"Posterior_Mean","Posterior_SD","Posterior_LB","Posterior_UB","prob"
0.00871732826857166,0.0995365379495534,-0.235451666933062,0.214479019497303,0.440042060473902
