"Posterior_Mean","Posterior_SD","Posterior_LB","Posterior_UB","prob"
-0.116834974625236,0.0698665222113162,-0.272346644374009,0.0909214403367208,0.904967519604655
