"Posterior_Mean","Posterior_SD","Posterior_LB","Posterior_UB","prob"
-0.114815408452656,0.105643949393502,-0.324015572448061,0.0885908814384821,0.862
