"Posterior_Mean","Posterior_SD","Posterior_LB","Posterior_UB","prob"
-0.138614107198259,0.0633054511445512,-0.279789550808599,0.113596519705401,0.916681089467353
