"Posterior_Mean","Posterior_SD","Posterior_LB","Posterior_UB","prob"
0.044159076181149,0.0986165652621954,-0.16529415802895,0.253666635856301,0.338319261068657
