"Posterior_Mean","Posterior_SD","Posterior_LB","Posterior_UB","prob"
0.257962553980705,0.0988462970613692,0.0191797905336753,0.461257116900822,0.0167612190565689
