"Posterior_Mean","Posterior_SD","Posterior_LB","Posterior_UB","prob"
0.0889564098342556,0.102625036153477,-0.108007116626596,0.291437967633424,0.201093375785488
