"Posterior_Mean","Posterior_SD","Posterior_LB","Posterior_UB","prob"
0.0147324499238606,0.0867621356118041,-0.166522678024353,0.237724455537742,0.480210548737267
