"Posterior_Mean","Posterior_SD","Posterior_LB","Posterior_UB","prob"
0.0955148520586078,0.106041685172437,-0.112061533574952,0.309279373755834,0.190047780097317
