"Posterior_Mean","Posterior_SD","Posterior_LB","Posterior_UB","prob"
0.0108747236340292,0.101631399290528,-0.21380129125865,0.222702579524501,0.446470357615541
