"Posterior_Mean","Posterior_SD","Posterior_LB","Posterior_UB","prob"
-0.203199348495805,0.0650257455070386,-0.343765182825039,-0.0533301513343125,0.99484834549343
