"Posterior_Mean","Posterior_SD","Posterior_LB","Posterior_UB","prob"
-0.0799839500469469,0.100386977770019,-0.282413945269989,0.122586416096571,0.776598944822032
