"Posterior_Mean","Posterior_SD","Posterior_LB","Posterior_UB","prob"
-0.0129800959945021,0.104228891467275,-0.223979141752086,0.189160975369095,0.547
