"Posterior_Mean","Posterior_SD","Posterior_LB","Posterior_UB","prob"
-0.0963487673983176,0.112758551665977,-0.317426142430902,0.120665276754625,0.787375942110603
