"Posterior_Mean","Posterior_SD","Posterior_LB","Posterior_UB","prob"
-0.180445776484948,0.0597358050109517,-0.297256018447136,-0.0561817550548381,0.994980509342853
