"Posterior_Mean","Posterior_SD","Posterior_LB","Posterior_UB","prob"
-0.207433880355828,0.0542859057581504,-0.322322716467236,0.113032023404664,0.951640116194185
