"Posterior_Mean","Posterior_SD","Posterior_LB","Posterior_UB","prob"
0.042291744878171,0.10192217261315,-0.157585762271268,0.243367327551756,0.337979739493207
