"Posterior_Mean","Posterior_SD","Posterior_LB","Posterior_UB","prob"
0.168718544703427,0.103060339017619,-0.0424517840729504,0.365227261337523,0.0490001036264522
