"Posterior_Mean","Posterior_SD","Posterior_LB","Posterior_UB","prob"
-0.08188744064956,0.0596089813076802,-0.211402349654981,0.0522486638069109,0.904338692591996
