"Posterior_Mean","Posterior_SD","Posterior_LB","Posterior_UB","prob"
-0.0500889641167229,0.0580839871032383,-0.171863883681478,0.0684349512026237,0.801466061519912
