"Posterior_Mean","Posterior_SD","Posterior_LB","Posterior_UB","prob"
-0.136872738068667,0.105787970650257,-0.344623465210645,0.0761170035300081,0.90172359225456
