"Posterior_Mean","Posterior_SD","Posterior_LB","Posterior_UB","prob"
-0.0394493244941028,0.0934269209894906,-0.232641251896748,0.179938649691268,0.646424207189793
