"Posterior_Mean","Posterior_SD","Posterior_LB","Posterior_UB","prob"
-0.0830469928707911,0.0749129927270518,-0.239718474340004,0.151944584717119,0.830558728137331
