"Posterior_Mean","Posterior_SD","Posterior_LB","Posterior_UB","prob"
-0.0662078368749512,0.0635671630560708,-0.191753877944339,0.0778326836577882,0.851598452497083
