"Posterior_Mean","Posterior_SD","Posterior_LB","Posterior_UB","prob"
-0.147332826021604,0.0598801625799196,-0.266872811759569,-0.019457044044934,0.98890368773423
