"Posterior_Mean","Posterior_SD","Posterior_LB","Posterior_UB","prob"
0.0132158863280166,0.10832534050779,-0.204849424577252,0.22563477813081,0.455155445953005
