"Posterior_Mean","Posterior_SD","Posterior_LB","Posterior_UB","prob"
-0.182880316459512,0.0754012653962526,-0.374613502704667,0.0520125416871642,0.947695777858947
