"Posterior_Mean","Posterior_SD","Posterior_LB","Posterior_UB","prob"
-0.12374408481167,0.0706828938586188,-0.325114189915395,0.0510365672976199,0.924271053013904
