"Posterior_Mean","Posterior_SD","Posterior_LB","Posterior_UB","prob"
-0.235781801081486,0.0638785986050808,-0.369408536920017,-0.0726606105611304,0.99436865255465
