"Posterior_Mean","Posterior_SD","Posterior_LB","Posterior_UB","prob"
0.0819384051364373,0.0945075728242621,-0.127842493092717,0.307771489128793,0.254207073756769
