"Posterior_Mean","Posterior_SD","Posterior_LB","Posterior_UB","prob"
-0.241788301947899,0.0612733030893044,-0.361577186187422,-0.105689461049523,0.997803132733007
