"Posterior_Mean","Posterior_SD","Posterior_LB","Posterior_UB","prob"
-0.108865545536058,0.0799986300303156,-0.269890155463087,0.0868610193943386,0.895267695468008
