"Posterior_Mean","Posterior_SD","Posterior_LB","Posterior_UB","prob"
0.129162513898607,0.10373879807602,-0.0667321676935434,0.343983368796927,0.102043114935372
