"Posterior_Mean","Posterior_SD","Posterior_LB","Posterior_UB","prob"
-0.0922039655724919,0.0800544827173011,-0.253793512549899,0.121083614649458,0.845474695473463
