"Posterior_Mean","Posterior_SD","Posterior_LB","Posterior_UB","prob"
0.0177114365032424,0.0784443930901115,-0.138983092975765,0.200262711642382,0.426218372573242
