"Posterior_Mean","Posterior_SD","Posterior_LB","Posterior_UB","prob"
-0.124126417450246,0.0817211553836491,-0.309056346361164,0.107961129680044,0.86992040779103
