"Posterior_Mean","Posterior_SD","Posterior_LB","Posterior_UB","prob"
0.269434975778769,0.104161520360011,0.0679053738769671,0.474317748250866,0.0055
