"Posterior_Mean","Posterior_SD","Posterior_LB","Posterior_UB","prob"
-0.151912380065009,0.104245059636701,-0.346876045972294,0.0527716240333016,0.924552301195192
