"Posterior_Mean","Posterior_SD","Posterior_LB","Posterior_UB","prob"
-0.308763100348311,0.0624092679603257,-0.428777251301675,-0.179861921373563,0.999904665364473
