"Posterior_Mean","Posterior_SD","Posterior_LB","Posterior_UB","prob"
-0.0433608669134443,0.0796984086521477,-0.214368552038615,0.202443291174889,0.711929266225549
