"Posterior_Mean","Posterior_SD","Posterior_LB","Posterior_UB","prob"
-0.23568356325381,0.054424964199295,-0.352677295130949,-0.108554402941741,0.999399030377978
