"Posterior_Mean","Posterior_SD","Posterior_LB","Posterior_UB","prob"
-0.133112068251758,0.0628861959939184,-0.266320016378812,-0.00272321976497951,0.976679811399633
