"Posterior_Mean","Posterior_SD","Posterior_LB","Posterior_UB","prob"
-0.0289955257154947,0.0995473933994022,-0.28298832893831,0.18551827435438,0.578152788179849
