"Posterior_Mean","Posterior_SD","Posterior_LB","Posterior_UB","prob"
-0.151422781574164,0.0754906569520937,-0.320145871622269,0.0943579717326869,0.891454624671919
