"Posterior_Mean","Posterior_SD","Posterior_LB","Posterior_UB","prob"
0.00213499843344612,0.0795368596527647,-0.156640968343747,0.1831465298046,0.51070630442138
