"Posterior_Mean","Posterior_SD","Posterior_LB","Posterior_UB","prob"
0.0970717346102246,0.108179494003052,-0.116924851398962,0.306163430425774,0.180132472463136
