"Posterior_Mean","Posterior_SD","Posterior_LB","Posterior_UB","prob"
0.0782240523565869,0.105424392406828,-0.144819711820634,0.305767382484185,0.249933971981598
