"Posterior_Mean","Posterior_SD","Posterior_LB","Posterior_UB","prob"
-0.0531232724062171,0.0821747342565875,-0.2421251750775,0.214197719094182,0.711457092816802
