"Posterior_Mean","Posterior_SD","Posterior_LB","Posterior_UB","prob"
0.0121996732682043,0.0826093970424228,-0.160095957565214,0.235388693922069,0.483407598595509
