"Posterior_Mean","Posterior_SD","Posterior_LB","Posterior_UB","prob"
0.122052071230107,0.108890920878135,-0.10513085124767,0.345433774887479,0.147965634195649
