"Posterior_Mean","Posterior_SD","Posterior_LB","Posterior_UB","prob"
-0.144672351233755,0.106178908288904,-0.352902730065273,0.0611521813954691,0.913666666666667
