"Posterior_Mean","Posterior_SD","Posterior_LB","Posterior_UB","prob"
0.124166104858603,0.104330288124662,-0.0955670733317642,0.337745660779355,0.150841160434405
