"Posterior_Mean","Posterior_SD","Posterior_LB","Posterior_UB","prob"
0.0230529963107192,0.108173899438336,-0.186528541687834,0.232868696156164,0.412617696339522
