"Posterior_Mean","Posterior_SD","Posterior_LB","Posterior_UB","prob"
0.134983921563623,0.103824137144616,-0.0616425400012293,0.336587684359663,0.0948770524829823
