"Posterior_Mean","Posterior_SD","Posterior_LB","Posterior_UB","prob"
-0.021957825982498,0.081432244426387,-0.214696249165771,0.205591047195846,0.61685671388201
