"Posterior_Mean","Posterior_SD","Posterior_LB","Posterior_UB","prob"
-0.133928311189638,0.0707205160075083,-0.31214664671653,0.0818842765510168,0.906538357859445
