"Posterior_Mean","Posterior_SD","Posterior_LB","Posterior_UB","prob"
-0.113648603155319,0.0765961448174227,-0.269373259649744,0.0808025696818202,0.905948589312052
