"Posterior_Mean","Posterior_SD","Posterior_LB","Posterior_UB","prob"
-0.0408858132226116,0.101455465700806,-0.238818298172205,0.162069125463633,0.659
