"Posterior_Mean","Posterior_SD","Posterior_LB","Posterior_UB","prob"
-0.289085168822034,0.0604729573476231,-0.428055022946947,-0.0996335141489578,0.995490292456428
