"Posterior_Mean","Posterior_SD","Posterior_LB","Posterior_UB","prob"
-0.13048646535038,0.0604015609036873,-0.252457456553174,0.0028806377105002,0.973221077697632
