"Posterior_Mean","Posterior_SD","Posterior_LB","Posterior_UB","prob"
0.042808651523924,0.105717992318073,-0.199742691798593,0.264485557457104,0.337399476832178
