"Posterior_Mean","Posterior_SD","Posterior_LB","Posterior_UB","prob"
0.0815946942991863,0.0999029480619744,-0.178168345928831,0.292269365521501,0.223003799501744
