"Posterior_Mean","Posterior_SD","Posterior_LB","Posterior_UB","prob"
-0.186622840558192,0.0715461403306593,-0.369098728557643,0.0690851985579765,0.936408496895869
