"Posterior_Mean","Posterior_SD","Posterior_LB","Posterior_UB","prob"
-0.164271183054619,0.0792932735212815,-0.319896602601698,-0.00145341969354867,0.976550341507159
