"Posterior_Mean","Posterior_SD","Posterior_LB","Posterior_UB","prob"
-0.111354833702472,0.103131366452677,-0.316727944809704,0.0914984874322849,0.854261895290089
