"Posterior_Mean","Posterior_SD","Posterior_LB","Posterior_UB","prob"
-0.285802351377914,0.051346193402308,-0.393524467315058,-0.151094639498146,0.999108327730081
