"Posterior_Mean","Posterior_SD","Posterior_LB","Posterior_UB","prob"
-0.183320003301502,0.104759485958692,-0.393028164984222,0.0270512763081744,0.961016001105607
