"Posterior_Mean","Posterior_SD","Posterior_LB","Posterior_UB","prob"
0.0448866236262444,0.0786905604284113,-0.110523904895641,0.245312784595248,0.31735119696047
