"Posterior_Mean","Posterior_SD","Posterior_LB","Posterior_UB","prob"
-0.0669458156923904,0.0929248506616945,-0.267459891744334,0.161807334441795,0.728683728846073
