"Posterior_Mean","Posterior_SD","Posterior_LB","Posterior_UB","prob"
-0.0297248424295865,0.0769184542384435,-0.178556125098292,0.120365365216199,0.660067336726211
