"Posterior_Mean","Posterior_SD","Posterior_LB","Posterior_UB","prob"
-0.0113736638381821,0.0658177628758177,-0.155271719938782,0.154755025287146,0.572492887722932
