"Posterior_Mean","Posterior_SD","Posterior_LB","Posterior_UB","prob"
0.0917188288522839,0.104367854571385,-0.109909198466275,0.297839628292939,0.181302846550126
