"Posterior_Mean","Posterior_SD","Posterior_LB","Posterior_UB","prob"
0.101921393094788,0.106773027641141,-0.108834895472881,0.306516195547015,0.17
