"Posterior_Mean","Posterior_SD","Posterior_LB","Posterior_UB","prob"
-0.0840344250614347,0.0932035039517674,-0.278513052748412,0.135949076589067,0.777720644668845
