"Posterior_Mean","Posterior_SD","Posterior_LB","Posterior_UB","prob"
0.190352378800993,0.105672893438742,-0.0212315411060685,0.400708620809537,0.0356666666666667
