"Posterior_Mean","Posterior_SD","Posterior_LB","Posterior_UB","prob"
-0.0813579520442891,0.0738356936416322,-0.226320185665345,0.0602413364786922,0.872440962621655
