"Posterior_Mean","Posterior_SD","Posterior_LB","Posterior_UB","prob"
-0.131577580944446,0.0642956179794513,-0.275395814264209,0.0428475797764136,0.938880424750975
