"Posterior_Mean","Posterior_SD","Posterior_LB","Posterior_UB","prob"
-0.00858078219905317,0.0986211581187859,-0.210173898360992,0.186764075596308,0.531601714018201
