"Posterior_Mean","Posterior_SD","Posterior_LB","Posterior_UB","prob"
-0.126468095847036,0.105915077139459,-0.332697752765424,0.0820594515212525,0.880005592083175
