"Posterior_Mean","Posterior_SD","Posterior_LB","Posterior_UB","prob"
0.105166361552353,0.107414424420557,-0.111493409179149,0.319312449349675,0.157754197867754
