"Posterior_Mean","Posterior_SD","Posterior_LB","Posterior_UB","prob"
-0.237458525992445,0.0693690530932014,-0.382513227064737,-0.0774194125563657,0.99483178346363
