"Posterior_Mean","Posterior_SD","Posterior_LB","Posterior_UB","prob"
-0.0994785690008197,0.0794629426863298,-0.261960029132023,0.116940065259433,0.860575399369673
