"Posterior_Mean","Posterior_SD","Posterior_LB","Posterior_UB","prob"
0.0878294735531475,0.104857823999971,-0.124878923050577,0.291476315518278,0.210731178916952
