"Posterior_Mean","Posterior_SD","Posterior_LB","Posterior_UB","prob"
-0.101475932113124,0.0830356362463598,-0.282229245695474,0.140540323555943,0.810401518395098
