"Posterior_Mean","Posterior_SD","Posterior_LB","Posterior_UB","prob"
-0.00442087369006984,0.0751613722578414,-0.154166057637359,0.155041089422428,0.530924340581021
