"Posterior_Mean","Posterior_SD","Posterior_LB","Posterior_UB","prob"
-0.139540087258139,0.0756843408217075,-0.293288063152826,0.0738234979788978,0.935405929749955
