"Posterior_Mean","Posterior_SD","Posterior_LB","Posterior_UB","prob"
0.0470623276321205,0.105550019973256,-0.167974155452933,0.254360352909086,0.330268623226363
