"Posterior_Mean","Posterior_SD","Posterior_LB","Posterior_UB","prob"
-0.17741947169145,0.0573750103901454,-0.287319422989347,-0.0583942345290525,0.998112181742589
