"Posterior_Mean","Posterior_SD","Posterior_LB","Posterior_UB","prob"
-0.0673146980466809,0.0691090736788736,-0.215079640825621,0.163874004356251,0.81095993646117
