"Posterior_Mean","Posterior_SD","Posterior_LB","Posterior_UB","prob"
0.0850501571336947,0.10257597958199,-0.144456097271633,0.291734055775123,0.209041659476666
