"Posterior_Mean","Posterior_SD","Posterior_LB","Posterior_UB","prob"
-0.181965981615735,0.085298229577386,-0.352422212291606,0.0244406297293554,0.960496512171451
