"Posterior_Mean","Posterior_SD","Posterior_LB","Posterior_UB","prob"
0.27544973654904,0.102976676291984,0.0721721153469623,0.479707586834143,0.00406669711449845
