"Posterior_Mean","Posterior_SD","Posterior_LB","Posterior_UB","prob"
-0.0129249774017116,0.109221886003798,-0.222637850227947,0.190557469191929,0.546007582760716
