"Posterior_Mean","Posterior_SD","Posterior_LB","Posterior_UB","prob"
-0.0539640458582495,0.0819049345014453,-0.233002354429071,0.21208450850203,0.739317727071929
