"Posterior_Mean","Posterior_SD","Posterior_LB","Posterior_UB","prob"
0.00709996499928775,0.0946603497390463,-0.189401826977538,0.224725972189117,0.495204513288203
