"Posterior_Mean","Posterior_SD","Posterior_LB","Posterior_UB","prob"
-0.0220710401116526,0.0958072057144161,-0.247718064327764,0.213563205336649,0.566323455310329
