"Posterior_Mean","Posterior_SD","Posterior_LB","Posterior_UB","prob"
0.0640758150418468,0.109918172964437,-0.150565030718174,0.279832820286829,0.27911800873221
