"Posterior_Mean","Posterior_SD","Posterior_LB","Posterior_UB","prob"
-0.159300892979918,0.0595230740565384,-0.289633479717156,-0.0360762044847413,0.994996797043921
