"Posterior_Mean","Posterior_SD","Posterior_LB","Posterior_UB","prob"
-0.0531757623115206,0.0967037113035513,-0.281453506127209,0.183786881564087,0.643052735922673
