"Posterior_Mean","Posterior_SD","Posterior_LB","Posterior_UB","prob"
-0.15270715061512,0.102333359595604,-0.354588886636607,0.0473745731670214,0.930788773492132
