"Posterior_Mean","Posterior_SD","Posterior_LB","Posterior_UB","prob"
0.136705275461462,0.107817234663773,-0.0793524070152748,0.351931103700057,0.100536204841181
