"Posterior_Mean","Posterior_SD","Posterior_LB","Posterior_UB","prob"
-0.11438228412502,0.067842821757773,-0.300417045655448,0.0824721676283131,0.858114630573358
