"Posterior_Mean","Posterior_SD","Posterior_LB","Posterior_UB","prob"
0.0994770275286581,0.10449326676978,-0.106799199148915,0.305302399738846,0.170666666666667
