"Posterior_Mean","Posterior_SD","Posterior_LB","Posterior_UB","prob"
0.0697387051607,0.105764987606665,-0.135092268024572,0.272042142749266,0.255166666666667
