"Posterior_Mean","Posterior_SD","Posterior_LB","Posterior_UB","prob"
-0.082707734778631,0.095198333191019,-0.278444964902312,0.138893269221674,0.77398555891272
