"Posterior_Mean","Posterior_SD","Posterior_LB","Posterior_UB","prob"
0.133780651485345,0.105608833070224,-0.0670112545376027,0.329963531050018,0.107501761481686
