"Posterior_Mean","Posterior_SD","Posterior_LB","Posterior_UB","prob"
0.0769504680776439,0.0418289280363785,-0.000725294291502625,0.162233578120111,0.0263134003880435
