"Posterior_Mean","Posterior_SD","Posterior_LB","Posterior_UB","prob"
0.00719439366403848,0.042013074014464,-0.076409246864777,0.0908955271076109,0.431159349119514
