"Posterior_Mean","Posterior_SD","Posterior_LB","Posterior_UB","prob"
0.0164676597404229,0.0422479482028885,-0.0630042970353531,0.0986532921653645,0.342459427073482
