"Posterior_Mean","Posterior_SD","Posterior_LB","Posterior_UB","prob"
-0.028984402498061,0.0425900704949467,-0.114526677986643,0.0566156114559799,0.74181776336928
