"Posterior_Mean","Posterior_SD","Posterior_LB","Posterior_UB","prob"
-0.0151686252438533,0.0411438184330961,-0.106504863285392,0.0786778387468807,0.646864864580136
