"Posterior_Mean","Posterior_SD","Posterior_LB","Posterior_UB","prob"
0.00541579408146875,0.0414800044321841,-0.0798527203666223,0.0858792099230962,0.430110167384653
