"","Posterior_Mean","Posterior_SD","Posterior_LB","Posterior_UB"
"1",-0.0653121144795831,0.0451324431016625,-0.152352974190571,0.0237125455413778
