"Posterior_Mean","Posterior_SD","Posterior_LB","Posterior_UB","prob"
0.00669346254831132,0.0399115619084289,-0.0714648636256164,0.0874396325038243,0.438011159435204
