"Posterior_Mean","Posterior_SD","Posterior_LB","Posterior_UB","prob"
0.00728398522272418,0.0424287413475357,-0.0785539273156837,0.0910939538872904,0.441835984161925
