"Posterior_Mean","Posterior_SD","Posterior_LB","Posterior_UB","prob"
-0.00038053814201977,0.0418571415288665,-0.0805612359935908,0.0852219145473246,0.504165941498704
