"Posterior_Mean","Posterior_SD","Posterior_LB","Posterior_UB","prob"
0.0308031838986803,0.0392429386445414,-0.0462162635797883,0.105914823239156,0.221232784563587
