"Posterior_Mean","Posterior_SD","Posterior_LB","Posterior_UB","prob"
-0.0149006243007851,0.0409411814574878,-0.0950981327177956,0.0659987594099479,0.632205514698223
