"Posterior_Mean","Posterior_SD","Posterior_LB","Posterior_UB","prob"
0.0453290921391364,0.041491441389606,-0.0329403373293958,0.129220016836351,0.135220132343072
