"Posterior_Mean","Posterior_SD","Posterior_LB","Posterior_UB","prob"
0.0172071931472817,0.0420126621663341,-0.0731290075755515,0.102443888167494,0.331184094275592
