"Posterior_Mean","Posterior_SD","Posterior_LB","Posterior_UB","prob"
0.0536204765603033,0.0428653375850502,-0.0353449591057657,0.137562842548354,0.109886335831188
