"Posterior_Mean","Posterior_SD","Posterior_LB","Posterior_UB","prob"
-0.0455523964125238,0.0443205426194265,-0.142696200949,0.0459662609152455,0.828015839964465
