"Posterior_Mean","Posterior_SD","Posterior_LB","Posterior_UB","prob"
0.0732021979603314,0.0433489890363343,-0.0158206336531699,0.170932630766808,0.0505683510900097
