"Posterior_Mean","Posterior_SD","Posterior_LB","Posterior_UB","prob"
0.0392766715604996,0.0417951235788977,-0.0434964890205056,0.120430557285645,0.190465533117
