"Posterior_Mean","Posterior_SD","Posterior_LB","Posterior_UB","prob"
-0.0115031727446529,0.0423370659322157,-0.109174596712745,0.0716568763127707,0.581074524964098
