"Posterior_Mean","Posterior_SD","Posterior_LB","Posterior_UB","prob"
-0.0586470057379544,0.0409825093229367,-0.14296843672161,0.0199272633260458,0.924314545008261
