"Posterior_Mean","Posterior_SD","Posterior_LB","Posterior_UB","prob"
-0.00290763479689859,0.041969053557846,-0.0872982144348573,0.082713178926016,0.528668459143561
