"Posterior_Mean","Posterior_SD","Posterior_LB","Posterior_UB","prob"
-0.0118960373710918,0.0421002328919696,-0.0956922644721357,0.0828417515094377,0.617100359797746
