"Posterior_Mean","Posterior_SD","Posterior_LB","Posterior_UB","prob"
0.0657930252857109,0.0424032180861518,-0.0198137451394501,0.150967340080641,0.0656142953349593
