"Posterior_Mean","Posterior_SD","Posterior_LB","Posterior_UB","prob"
-0.219558644155305,0.0401517074281155,-0.298421222888326,-0.137779853978669,0.999999999792279
