"Posterior_Mean","Posterior_SD","Posterior_LB","Posterior_UB","prob"
-0.288199724332047,0.0420391929703231,-0.372603665258306,-0.209466262857447,1
