"Posterior_Mean","Posterior_SD","Posterior_LB","Posterior_UB","prob"
-0.175413314734951,0.0396387804434981,-0.254599721893513,-0.0954863635083677,0.999999257188557
