"Posterior_Mean","Posterior_SD","Posterior_LB","Posterior_UB","prob"
-0.221223637768408,0.0410542270002801,-0.299515848752929,-0.140950043195824,0.99999999998791
