"Posterior_Mean","Posterior_SD","Posterior_LB","Posterior_UB","prob"
-0.287811577837041,0.0448445866568348,-0.395248802771377,-0.190933378567408,1
