"Posterior_Mean","Posterior_SD","Posterior_LB","Posterior_UB","prob"
-0.276720080183116,0.0395376445396766,-0.354498886934305,-0.19777911723068,1
