"Posterior_Mean","Posterior_SD","Posterior_LB","Posterior_UB","prob"
-0.20479494306348,0.0390930213356941,-0.282614759931449,-0.126527244591805,0.999994323319259
