"Posterior_Mean","Posterior_SD","Posterior_LB","Posterior_UB","prob"
-0.236636436111656,0.0399446032688139,-0.311349554646783,-0.157658130459092,0.99999999937052
