"Posterior_Mean","Posterior_SD","Posterior_LB","Posterior_UB","prob"
-0.229872906477125,0.0401205090283403,-0.308547447864449,-0.15175513910766,0.999999999977775
