"Posterior_Mean","Posterior_SD","Posterior_LB","Posterior_UB","prob"
-0.223734334835681,0.0384836959748518,-0.299745989229117,-0.149749329617631,0.999999999833451
