"Posterior_Mean","Posterior_SD","Posterior_LB","Posterior_UB","prob"
-0.18243136199594,0.0408050065590944,-0.260985418835206,-0.103536847637116,0.999998113946334
