"Posterior_Mean","Posterior_SD","Posterior_LB","Posterior_UB","prob"
-0.273552087947827,0.0385159435537199,-0.347448316469761,-0.19686889122572,0.99999999991666
