"Posterior_Mean","Posterior_SD","Posterior_LB","Posterior_UB","prob"
-0.231599282355099,0.0422574392827702,-0.314022714852822,-0.15188599814119,0.999999999999853
