"Posterior_Mean","Posterior_SD","Posterior_LB","Posterior_UB","prob"
-0.198698101728798,0.0409819379878028,-0.277984718026341,-0.116773562672609,0.999999999976666
