"Posterior_Mean","Posterior_SD","Posterior_LB","Posterior_UB","prob"
-0.189754886980795,0.0416033268946385,-0.283225581053157,-0.0947944676419134,0.999973311845851
