"Posterior_Mean","Posterior_SD","Posterior_LB","Posterior_UB","prob"
-0.237380259345004,0.0403346303372086,-0.31972200345111,-0.157236923297273,1
