"Posterior_Mean","Posterior_SD","Posterior_LB","Posterior_UB","prob"
-0.264457676389641,0.0398956610173547,-0.342937240924942,-0.1860845419656,1
