"Posterior_Mean","Posterior_SD","Posterior_LB","Posterior_UB","prob"
-0.159442845305365,0.040298633718049,-0.240127875004258,-0.0830123064238451,0.999993886027194
