"Posterior_Mean","Posterior_SD","Posterior_LB","Posterior_UB","prob"
-0.232991499827573,0.0405052211165451,-0.311954705521186,-0.156061389356745,1
