"Posterior_Mean","Posterior_SD","Posterior_LB","Posterior_UB","prob"
-0.242381414394101,0.0393450519194261,-0.321243526035883,-0.164129890331532,1
