"Posterior_Mean","Posterior_SD","Posterior_LB","Posterior_UB","prob"
-0.227720827569867,0.0460897043159593,-0.324892954899544,-0.133262265537507,1
