"Posterior_Mean","Posterior_SD","Posterior_LB","Posterior_UB","prob"
-0.172627640355187,0.0391670447288089,-0.253750256275647,-0.0975923503701515,0.999999999980798
