"Posterior_Mean","Posterior_SD","Posterior_LB","Posterior_UB","prob"
-0.275917138869235,0.0405336861046741,-0.362350905805736,-0.198959720623573,1
