"Posterior_Mean","Posterior_SD","Posterior_LB","Posterior_UB","prob"
-0.199031677279172,0.0391775928928019,-0.278149181100016,-0.124090132751528,0.999999999999734
