"Posterior_Mean","Posterior_SD","Posterior_LB","Posterior_UB","prob"
-0.216392775263153,0.0453187033970697,-0.332444642458991,-0.120509432250352,0.999969039086254
