"Posterior_Mean","Posterior_SD","Posterior_LB","Posterior_UB","prob"
-0.194134423264994,0.0436065210316567,-0.284346807161577,-0.108812528067638,0.99999351390827
