"Posterior_Mean","Posterior_SD","Posterior_LB","Posterior_UB","prob"
-0.291579099982195,0.0395574033814945,-0.368158237248471,-0.213561416969397,1
