"Posterior_Mean","Posterior_SD","Posterior_LB","Posterior_UB","prob"
-0.247312966269289,0.0395364544566599,-0.32415233292478,-0.170105397636247,0.999999999980558
