"Posterior_Mean","Posterior_SD","Posterior_LB","Posterior_UB","prob"
-0.264845625519511,0.04256763486882,-0.349825386675712,-0.183069865867354,1
