"Posterior_Mean","Posterior_SD","Posterior_LB","Posterior_UB","prob"
-0.193014754289721,0.041048373655068,-0.273618207393299,-0.115441140051718,0.999999999999259
