"Posterior_Mean","Posterior_SD","Posterior_LB","Posterior_UB","prob"
-0.236339876448772,0.0401932427963573,-0.31990808744902,-0.159018088222441,1
