"Posterior_Mean","Posterior_SD","Posterior_LB","Posterior_UB","prob"
-0.247154083621159,0.0402433582442562,-0.326000056552514,-0.166848847627811,1
