"Posterior_Mean","Posterior_SD","Posterior_LB","Posterior_UB","prob"
-0.247338155433759,0.0400869819250558,-0.324612545812941,-0.167948605794005,0.999999999999114
