"Posterior_Mean","Posterior_SD","Posterior_LB","Posterior_UB","prob"
-0.293423280260134,0.0457453848952502,-0.414436486397478,-0.154342435227943,0.999999486995135
