"Posterior_Mean","Posterior_SD","Posterior_LB","Posterior_UB","prob"
-0.190355359004299,0.0410392797012577,-0.271438772553386,-0.107508409891442,0.999999773008627
