"Posterior_Mean","Posterior_SD","Posterior_LB","Posterior_UB","prob"
-0.265805428705081,0.03861773964586,-0.341471218503142,-0.187167381784515,1
