"Posterior_Mean","Posterior_SD","Posterior_LB","Posterior_UB","prob"
-0.24409429909647,0.0410355858011058,-0.333778326501543,-0.163030908323799,1
