"Posterior_Mean","Posterior_SD","Posterior_LB","Posterior_UB","prob"
-0.236577274948418,0.0403708051418684,-0.316617995252937,-0.158738410056291,0.999999998643388
