"Posterior_Mean","Posterior_SD","Posterior_LB","Posterior_UB","prob"
-0.248540740245603,0.041621804500207,-0.330065515350815,-0.161353288046098,0.999999999999977
