"Posterior_Mean","Posterior_SD","Posterior_LB","Posterior_UB","prob"
-0.226715266448135,0.0419705062322899,-0.313131127208603,-0.13745737432657,0.999997352340001
