"Posterior_Mean","Posterior_SD","Posterior_LB","Posterior_UB","prob"
-0.258702298462775,0.0417200925015264,-0.340349901312158,-0.178193775903572,0.999999874418888
