"Posterior_Mean","Posterior_SD","Posterior_LB","Posterior_UB","prob"
-0.263433961043547,0.0403020007906259,-0.342281507033863,-0.184642322878351,0.999999816677506
