"Posterior_Mean","Posterior_SD","Posterior_LB","Posterior_UB","prob"
-0.253469992048166,0.0404134413320576,-0.332190278281345,-0.175253620788782,1
