"Posterior_Mean","Posterior_SD","Posterior_LB","Posterior_UB","prob"
-0.243090102405572,0.0392519303765609,-0.317374286861191,-0.16618535415688,0.999999997802372
