"Posterior_Mean","Posterior_SD","Posterior_LB","Posterior_UB","prob"
-0.206542740714372,0.0412409351534456,-0.29086243890761,-0.124598721204159,0.999985996911809
