"Posterior_Mean","Posterior_SD","Posterior_LB","Posterior_UB","prob"
-0.2782739893527,0.0398792060653508,-0.356290155698147,-0.198766341348496,0.999999999999975
