"Posterior_Mean","Posterior_SD","Posterior_LB","Posterior_UB","prob"
-0.22505383482656,0.0459314874080895,-0.317672340102015,-0.132840111543596,1
