"Posterior_Mean","Posterior_SD","Posterior_LB","Posterior_UB","prob"
-0.23295054019204,0.0416217363988265,-0.313864834514302,-0.151866827920467,1
