"Posterior_Mean","Posterior_SD","Posterior_LB","Posterior_UB","prob"
-0.183780481620735,0.0399946506923175,-0.263457428142321,-0.107700855312083,0.999999907148617
