"Posterior_Mean","Posterior_SD","Posterior_LB","Posterior_UB","prob"
-0.24886335980456,0.0409605069928527,-0.329072769589914,-0.168796693301124,0.999999748561537
