"Posterior_Mean","Posterior_SD","Posterior_LB","Posterior_UB","prob"
-0.205788809826615,0.0434604190358117,-0.29192990505103,-0.112253609163469,0.999984796184271
