"Posterior_Mean","Posterior_SD","Posterior_LB","Posterior_UB","prob"
-0.279999925586683,0.0414920421428344,-0.363325166820343,-0.204611331995299,0.999999999991386
