"Posterior_Mean","Posterior_SD","Posterior_LB","Posterior_UB","prob"
-0.181342517651793,0.0408215047714699,-0.264841268547759,-0.0926698622921771,0.999684414034511
