"Posterior_Mean","Posterior_SD","Posterior_LB","Posterior_UB","prob"
-0.305356716905984,0.0410154296049338,-0.385882306113019,-0.226682649000597,1
