"Posterior_Mean","Posterior_SD","Posterior_LB","Posterior_UB","prob"
-0.186132272841236,0.0389802474757129,-0.259352192826725,-0.107651457951735,0.999999998378837
