"Posterior_Mean","Posterior_SD","Posterior_LB","Posterior_UB","prob"
-0.256253455337963,0.0397680825302486,-0.336388046958072,-0.179334813365195,0.999999999996613
