"Posterior_Mean","Posterior_SD","Posterior_LB","Posterior_UB","prob"
-0.222548691911521,0.0400582621209124,-0.300891354235212,-0.147998039491025,0.99999991359613
