"Posterior_Mean","Posterior_SD","Posterior_LB","Posterior_UB","prob"
-0.269960302457794,0.0391457018449028,-0.347930062805867,-0.190680425091662,1
