"Posterior_Mean","Posterior_SD","Posterior_LB","Posterior_UB","prob"
-0.214493844907294,0.0397990709846719,-0.290605631687825,-0.135927689433572,0.999999993737356
