"Posterior_Mean","Posterior_SD","Posterior_LB","Posterior_UB","prob"
-0.283759630208901,0.0415363425657114,-0.374408888641657,-0.201963143826406,1
