"Posterior_Mean","Posterior_SD","Posterior_LB","Posterior_UB","prob"
-0.177972855212411,0.0413588830219673,-0.259900367232783,-0.0948097069505024,0.999958834488174
