"Posterior_Mean","Posterior_SD","Posterior_LB","Posterior_UB","prob"
-0.291444732650448,0.0402895737672009,-0.372339922296917,-0.215170564393373,0.999999999999778
