"Posterior_Mean","Posterior_SD","Posterior_LB","Posterior_UB","prob"
-0.262897380525212,0.0423690987547801,-0.354785154771371,-0.15162840209957,0.999964460738627
