"Posterior_Mean","Posterior_SD","Posterior_LB","Posterior_UB","prob"
-0.278822852360482,0.0403133201995594,-0.358105079678148,-0.199286077316759,0.999999991242863
