"Posterior_Mean","Posterior_SD","Posterior_LB","Posterior_UB","prob"
-0.191585391794654,0.0405590737321818,-0.274113564467241,-0.11457831986797,0.99999993148709
