"Posterior_Mean","Posterior_SD","Posterior_LB","Posterior_UB","prob"
-0.221453149723383,0.0411199286750116,-0.303831626609635,-0.141241292832069,0.999999676483342
