"Posterior_Mean","Posterior_SD","Posterior_LB","Posterior_UB","prob"
-0.259845276251557,0.042267826651277,-0.346349772702403,-0.171609899208657,0.999973574610232
