"Posterior_Mean","Posterior_SD","Posterior_LB","Posterior_UB","prob"
-0.210923506983104,0.0407729092636109,-0.292422234650501,-0.132127555365585,0.999999999549332
