"Posterior_Mean","Posterior_SD","Posterior_LB","Posterior_UB","prob"
-0.235234825059685,0.0426017503709593,-0.337136109979276,-0.145284281426815,0.999999942440511
