"Posterior_Mean","Posterior_SD","Posterior_LB","Posterior_UB","prob"
-0.23800564473796,0.0402153598783165,-0.317411425734466,-0.160715855732241,0.999998050820391
