"Posterior_Mean","Posterior_SD","Posterior_LB","Posterior_UB","prob"
-0.150309867363661,0.0392912091690267,-0.232094580905468,-0.068187204464773,0.999516465494955
