"Posterior_Mean","Posterior_SD","Posterior_LB","Posterior_UB","prob"
-0.201095683824121,0.0406856711241672,-0.279104566031972,-0.11851039742304,0.99997884883602
