"Posterior_Mean","Posterior_SD","Posterior_LB","Posterior_UB","prob"
-0.28548056634215,0.0402253204412829,-0.365427685750842,-0.206521809158367,1
