"Posterior_Mean","Posterior_SD","Posterior_LB","Posterior_UB","prob"
-0.237657084941661,0.0400807135154808,-0.313820686242578,-0.155413497428569,0.999999999745737
