"Posterior_Mean","Posterior_SD","Posterior_LB","Posterior_UB","prob"
-0.203199957081469,0.0402731155285803,-0.279490620520813,-0.120282093617034,0.999999992974001
