"Posterior_Mean","Posterior_SD","Posterior_LB","Posterior_UB","prob"
-0.212639543327164,0.0400578643249309,-0.292301240940685,-0.135449405341049,0.999999945671695
