"Posterior_Mean","Posterior_SD","Posterior_LB","Posterior_UB","prob"
-0.239765059278549,0.0416665630730162,-0.320001921997399,-0.158133042709288,0.999999992984582
