"Posterior_Mean","Posterior_SD","Posterior_LB","Posterior_UB","prob"
-0.237403576529906,0.042192180407891,-0.32506180474055,-0.15459229542962,1
