"Posterior_Mean","Posterior_SD","Posterior_LB","Posterior_UB","prob"
-0.276685212958391,0.0394274480863036,-0.356268898136379,-0.201499630427516,0.999999999995801
