"Posterior_Mean","Posterior_SD","Posterior_LB","Posterior_UB","prob"
-0.201191747749677,0.0403314112221407,-0.279115427428403,-0.122725206473613,0.999954797835646
