"Posterior_Mean","Posterior_SD","Posterior_LB","Posterior_UB","prob"
-0.267448962009226,0.039853256875702,-0.344479659889756,-0.189243519991239,0.9999999985608
