"Posterior_Mean","Posterior_SD","Posterior_LB","Posterior_UB","prob"
-0.225879394945235,0.0395917615191385,-0.308672047129819,-0.14970155743125,1
