"Posterior_Mean","Posterior_SD","Posterior_LB","Posterior_UB","prob"
-0.151498479101316,0.0386609148359917,-0.230222577835925,-0.0766666247866618,0.999507385237561
