"Posterior_Mean","Posterior_SD","Posterior_LB","Posterior_UB","prob"
-0.320681004851045,0.0409465306349152,-0.403070468791638,-0.239006093754615,1
