"Posterior_Mean","Posterior_SD","Posterior_LB","Posterior_UB","prob"
-0.233964229293876,0.0411407014587644,-0.316547892481772,-0.154248996484299,0.999999999999959
