"Posterior_Mean","Posterior_SD","Posterior_LB","Posterior_UB","prob"
-0.219381751292361,0.0398621919937826,-0.298210708906643,-0.141046416130834,0.999999987137253
