"Posterior_Mean","Posterior_SD","Posterior_LB","Posterior_UB","prob"
-0.256047742246453,0.0450882124780242,-0.34536509244348,-0.166095405039947,0.999969526941798
