"Posterior_Mean","Posterior_SD","Posterior_LB","Posterior_UB","prob"
-0.175514578035146,0.0400608361045919,-0.252489583876685,-0.0933953516905289,0.999999811632596
