"Posterior_Mean","Posterior_SD","Posterior_LB","Posterior_UB","prob"
-0.176414823984111,0.0393088691572675,-0.258523635855024,-0.103514892943583,0.999999999738269
