"Posterior_Mean","Posterior_SD","Posterior_LB","Posterior_UB","prob"
-0.192393057902371,0.0399465586511855,-0.273040128817111,-0.11444232538652,0.999999948742447
