"Posterior_Mean","Posterior_SD","Posterior_LB","Posterior_UB","prob"
-0.286713354718848,0.0397039191508785,-0.365347712196511,-0.207919561891146,0.999999999999999
