"Posterior_Mean","Posterior_SD","Posterior_LB","Posterior_UB","prob"
-0.191891638489204,0.0421469495847144,-0.275611115844982,-0.108810535989616,0.999998374205657
