"Posterior_Mean","Posterior_SD","Posterior_LB","Posterior_UB","prob"
-0.261236743633187,0.041850110414148,-0.342859326755536,-0.176092046294462,0.999999519207627
