"Posterior_Mean","Posterior_SD","Posterior_LB","Posterior_UB","prob"
-0.190688559269312,0.0388327632237964,-0.265784046164715,-0.114342212997657,0.999999999999546
