"Posterior_Mean","Posterior_SD","Posterior_LB","Posterior_UB","prob"
-0.204821265060071,0.0394475132743391,-0.281547966451135,-0.125706262954616,0.999999741649789
