"Posterior_Mean","Posterior_SD","Posterior_LB","Posterior_UB","prob"
-0.276803224194267,0.0427899848289439,-0.359924387158528,-0.190084385683147,0.999999560862457
