"Posterior_Mean","Posterior_SD","Posterior_LB","Posterior_UB","prob"
-0.230302658930795,0.0437555865164092,-0.325230038692601,-0.124111682485094,0.999615878762752
