"Posterior_Mean","Posterior_SD","Posterior_LB","Posterior_UB","prob"
-0.241595151855035,0.0417087299749504,-0.322132694671429,-0.16132309014343,0.999999993755218
