"Posterior_Mean","Posterior_SD","Posterior_LB","Posterior_UB","prob"
-0.225549189836697,0.0406139978479516,-0.305436240871575,-0.132012402394463,0.999878657523723
