"Posterior_Mean","Posterior_SD","Posterior_LB","Posterior_UB","prob"
-0.181360116349753,0.0408395445194457,-0.257953225309281,-0.102699452349687,0.999999828358226
