"Posterior_Mean","Posterior_SD","Posterior_LB","Posterior_UB","prob"
-0.21714896524151,0.0409370317064488,-0.297891347051637,-0.134906174914015,0.99999999644331
