"Posterior_Mean","Posterior_SD","Posterior_LB","Posterior_UB","prob"
-0.187867886542948,0.0406180682255411,-0.26667150427804,-0.10883807187946,0.999999997281317
