"Posterior_Mean","Posterior_SD","Posterior_LB","Posterior_UB","prob"
-0.210396684053078,0.0402283260286069,-0.294919696700971,-0.10082099020268,0.999829949843855
