"Posterior_Mean","Posterior_SD","Posterior_LB","Posterior_UB","prob"
-0.19578739672556,0.0408233888655293,-0.279580779424882,-0.114531873841687,0.999996643775641
