"Posterior_Mean","Posterior_SD","Posterior_LB","Posterior_UB","prob"
-0.193204863826579,0.0399796835985363,-0.273246870073335,-0.107048374001518,0.999948768926381
