"Posterior_Mean","Posterior_SD","Posterior_LB","Posterior_UB","prob"
-0.17962658439802,0.0399945827040847,-0.259331914146555,-0.101052936158236,0.999999627952991
