"","Posterior_Mean","Posterior_SD","Posterior_LB","Posterior_UB"
"1",0.0942790519727335,0.0384597341027178,0.0182107675065654,0.16934835259142
