"","Posterior_Mean","Posterior_SD","Posterior_LB","Posterior_UB"
"1",0.0326039384086143,0.0394195741338893,-0.0440133960062128,0.111730856271314
