"","Posterior_Mean","Posterior_SD","Posterior_LB","Posterior_UB"
"1",0.0420456329454202,0.0396982495106714,-0.0308414043591291,0.12035410354062
