"","Posterior_Mean","Posterior_SD","Posterior_LB","Posterior_UB"
"1",0.00291758274125556,0.0398465032070353,-0.0741995542682689,0.0831706713194716
