"","Posterior_Mean","Posterior_SD","Posterior_LB","Posterior_UB"
"1",-0.0162076056947539,0.0387460879328998,-0.0889237227843579,0.0612018218829452
