"","Posterior_Mean","Posterior_SD","Posterior_LB","Posterior_UB"
"1",0.023455653444961,0.0392730002264423,-0.0566415658564943,0.0966275166282616
