"","Posterior_Mean","Posterior_SD","Posterior_LB","Posterior_UB"
"1",-0.0726020450459462,0.0417529834312911,-0.155815799197337,0.00862741409366492
