"","Posterior_Mean","Posterior_SD","Posterior_LB","Posterior_UB"
"1",-0.0277477568851971,0.0398040442011035,-0.105365058923715,0.0503056148907828
