"Posterior_Mean","Posterior_SD","Posterior_LB","Posterior_UB","prob"
-0.209205759657105,0.0356517504390706,-0.27729352154673,-0.136684005050002,1
