"Posterior_Mean","Posterior_SD","Posterior_LB","Posterior_UB","prob"
-0.264228800478469,0.0397257043426754,-0.349797322819752,-0.173173331620724,0.999988535324322
