"Posterior_Mean","Posterior_SD","Posterior_LB","Posterior_UB","prob"
-0.139208153556421,0.0364798090289693,-0.212486139431385,-0.0702875728793719,0.999999994880681
