"Posterior_Mean","Posterior_SD","Posterior_LB","Posterior_UB","prob"
-0.187816522405052,0.0362763056201556,-0.259814832298408,-0.116737676638593,0.999999999887325
