"Posterior_Mean","Posterior_SD","Posterior_LB","Posterior_UB","prob"
-0.19862593507921,0.0358349867696627,-0.272923197393283,-0.119557905499341,0.999958195355467
