"Posterior_Mean","Posterior_SD","Posterior_LB","Posterior_UB","prob"
-0.189481128612158,0.0360472995540739,-0.2657119052199,-0.119344045732659,1
