"Posterior_Mean","Posterior_SD","Posterior_LB","Posterior_UB","prob"
-0.214465583481025,0.0351515179024084,-0.286445779651044,-0.142175859142885,0.999999043953895
