"Posterior_Mean","Posterior_SD","Posterior_LB","Posterior_UB","prob"
-0.209878888383859,0.0376160815591687,-0.28779684373403,-0.135385113678499,0.999999706892863
