"Posterior_Mean","Posterior_SD","Posterior_LB","Posterior_UB","prob"
-0.262647457842119,0.0372480510160635,-0.333908819549153,-0.18933799563526,0.999999980701674
