"Posterior_Mean","Posterior_SD","Posterior_LB","Posterior_UB","prob"
-0.24385340790979,0.0359195907184319,-0.314777393319641,-0.172755391640643,0.99999998415362
