"Posterior_Mean","Posterior_SD","Posterior_LB","Posterior_UB","prob"
-0.260995816649636,0.0354018816088589,-0.330087450025161,-0.192517109794724,1
