"Posterior_Mean","Posterior_SD","Posterior_LB","Posterior_UB","prob"
-0.229201630816298,0.0371360715007438,-0.30759265952967,-0.15319038247369,0.999999837828422
