"Posterior_Mean","Posterior_SD","Posterior_LB","Posterior_UB","prob"
-0.169482514548392,0.0370139808248956,-0.241267330716193,-0.0914540094897233,0.999997847015818
