"Posterior_Mean","Posterior_SD","Posterior_LB","Posterior_UB","prob"
-0.216840289840011,0.035501382293318,-0.286008429885766,-0.148406684410848,0.999999997272199
