"Posterior_Mean","Posterior_SD","Posterior_LB","Posterior_UB","prob"
-0.244300969150752,0.0362816218324829,-0.316078813257793,-0.173466122614795,0.999999999872432
