"Posterior_Mean","Posterior_SD","Posterior_LB","Posterior_UB","prob"
-0.253908853410058,0.0373992388343522,-0.327373063960368,-0.182059355504417,1
