"Posterior_Mean","Posterior_SD","Posterior_LB","Posterior_UB","prob"
-0.186219933192552,0.0362487189302995,-0.25897659821309,-0.116375669462283,0.999998199532256
