"Posterior_Mean","Posterior_SD","Posterior_LB","Posterior_UB","prob"
-0.192819352054949,0.0373469904202407,-0.266141099847157,-0.118985278998166,0.999998111305314
