"Posterior_Mean","Posterior_SD","Posterior_LB","Posterior_UB","prob"
-0.201119813675174,0.0362692145601489,-0.275871488572292,-0.131566949243604,0.999999990624349
