"Posterior_Mean","Posterior_SD","Posterior_LB","Posterior_UB","prob"
-0.223993169903223,0.0399290706220995,-0.30372267141559,-0.135497689559893,0.999996768948878
