"Posterior_Mean","Posterior_SD","Posterior_LB","Posterior_UB","prob"
-0.244527335687483,0.0373486001117871,-0.319480344967462,-0.168839559867306,0.999999997211152
