"Posterior_Mean","Posterior_SD","Posterior_LB","Posterior_UB","prob"
-0.216803260265875,0.0363433201841163,-0.289187415708918,-0.143445352606615,0.999999979705264
