"Posterior_Mean","Posterior_SD","Posterior_LB","Posterior_UB","prob"
-0.236833933001093,0.0382695148048262,-0.319563397315873,-0.159006617912359,1
