"Posterior_Mean","Posterior_SD","Posterior_LB","Posterior_UB","prob"
-0.165816934644609,0.0352954862691286,-0.233615991114712,-0.0969978817547713,0.999998854901245
