"Posterior_Mean","Posterior_SD","Posterior_LB","Posterior_UB","prob"
-0.206847073685143,0.0349584262949208,-0.274498547869256,-0.135527122305603,0.99999980019108
