"Posterior_Mean","Posterior_SD","Posterior_LB","Posterior_UB","prob"
-0.202850697607438,0.035388273099125,-0.272926339168168,-0.134235900855211,0.999987467860438
