"Posterior_Mean","Posterior_SD","Posterior_LB","Posterior_UB","prob"
-0.209178413750931,0.0361391377002058,-0.281001048084269,-0.140498611287815,0.999999980141602
