"Posterior_Mean","Posterior_SD","Posterior_LB","Posterior_UB","prob"
-0.230235052661918,0.0355919153980802,-0.300538973730293,-0.161527153448724,0.999999974512944
