"","Posterior_Mean","Posterior_SD","Posterior_LB","Posterior_UB"
"1",0.127910194293434,0.0456114086503645,0.0386078959460715,0.216372939338873
