"","Posterior_Mean","Posterior_SD","Posterior_LB","Posterior_UB"
"1",-0.0423105621242061,0.0424182589551519,-0.126642897872992,0.041283522189649
