"","Posterior_Mean","Posterior_SD","Posterior_LB","Posterior_UB"
"1",-0.0231391247078943,0.0460528009793236,-0.11260227596817,0.066017708876097
