"","Posterior_Mean","Posterior_SD","Posterior_LB","Posterior_UB"
"1",0.0492066585362441,0.044808073035126,-0.0397825920138484,0.136931888466816
