"","Posterior_Mean","Posterior_SD","Posterior_LB","Posterior_UB"
"1",0.0209635936635309,0.046605071166663,-0.0729803253580999,0.10956417280006
