"Posterior_Mean","Posterior_SD","Posterior_LB","Posterior_UB","prob"
0.126523670078729,0.136539740375444,-0.159279910829377,0.475177419587044,0.235693738163449
