"Posterior_Mean","Posterior_SD","Posterior_LB","Posterior_UB","prob"
0.00956335427021677,0.0902285405156707,-0.166306509770505,0.196401659663439,0.461994833510045
