"Posterior_Mean","Posterior_SD","Posterior_LB","Posterior_UB","prob"
0.159417536299193,0.139463703208238,-0.124084034194933,0.498929662808855,0.147664514894178
