"Posterior_Mean","Posterior_SD","Posterior_LB","Posterior_UB","prob"
-0.44242479025878,0.157105259425563,-0.75255010591635,-0.13862734857308,0.998958975855121
