"Posterior_Mean","Posterior_SD","Posterior_LB","Posterior_UB","prob"
0.0343897302965574,0.106392168189551,-0.217160811171957,0.250827206453521,0.363176202229628
