"Posterior_Mean","Posterior_SD","Posterior_LB","Posterior_UB","prob"
-0.246858694856135,0.148326127824973,-0.570917153274645,0.0661191839462017,0.93899629520203
