"Posterior_Mean","Posterior_SD","Posterior_LB","Posterior_UB","prob"
0.227228031932129,0.158232850794808,-0.0772720019908248,0.54122381528127,0.0741898317268662
