"Posterior_Mean","Posterior_SD","Posterior_LB","Posterior_UB","prob"
0.355667392282563,0.161393305938759,0.0281506372289449,0.689877806135128,0.0157841183796419
