"Posterior_Mean","Posterior_SD","Posterior_LB","Posterior_UB","prob"
0.0601269846495636,0.168456641118663,-0.263344598059856,0.383315349245669,0.350891735102323
