"Posterior_Mean","Posterior_SD","Posterior_LB","Posterior_UB","prob"
0.0751148304406414,0.129505879332286,-0.196958724526242,0.355797973953785,0.278670436366296
