"Posterior_Mean","Posterior_SD","Posterior_LB","Posterior_UB","prob"
0.0359594664895556,0.103901824829975,-0.215267558315299,0.265639518815039,0.362552861659186
