"Posterior_Mean","Posterior_SD","Posterior_LB","Posterior_UB","prob"
0.0725306171338153,0.135915136536455,-0.200872945223252,0.359819227816618,0.301112373963375
