"Posterior_Mean","Posterior_SD","Posterior_LB","Posterior_UB","prob"
0.120744128784441,0.117612444842555,-0.117524225488403,0.441971185433103,0.181895017942305
