"Posterior_Mean","Posterior_SD","Posterior_LB","Posterior_UB","prob"
0.0454632092873592,0.121338094864115,-0.238536107530368,0.282228443774659,0.335198751200304
