"Posterior_Mean","Posterior_SD","Posterior_LB","Posterior_UB","prob"
0.221555759527071,0.160335607791182,-0.0835438104441134,0.543220743236198,0.0871198455991186
