"Posterior_Mean","Posterior_SD","Posterior_LB","Posterior_UB","prob"
-0.203773712181818,0.115982724861972,-0.482860021324544,0.0275191730242207,0.954906170882648
