"Posterior_Mean","Posterior_SD","Posterior_LB","Posterior_UB","prob"
0.287395139381864,0.144843509455739,-0.0185938238643383,0.621033187860836,0.037134628338738
