"Posterior_Mean","Posterior_SD","Posterior_LB","Posterior_UB","prob"
0.109622837686174,0.135657394342363,-0.176468495596441,0.479992214337489,0.26654777762671
