"Posterior_Mean","Posterior_SD","Posterior_LB","Posterior_UB","prob"
-0.0919051247351732,0.139075478960718,-0.396896890440755,0.189262038601946,0.746033074940558
