"Posterior_Mean","Posterior_SD","Posterior_LB","Posterior_UB","prob"
0.0305770100876758,0.155156912483746,-0.286710834577876,0.34563314556049,0.420150294877782
