"Posterior_Mean","Posterior_SD","Posterior_LB","Posterior_UB","prob"
-0.0217679694682603,0.117581853067627,-0.275064410568469,0.215164017805895,0.569959300584863
