"Posterior_Mean","Posterior_SD","Posterior_LB","Posterior_UB","prob"
0.0713580509058666,0.0931796043183114,-0.120760492695678,0.259409357370494,0.222086459740007
