"Posterior_Mean","Posterior_SD","Posterior_LB","Posterior_UB","prob"
0.041359056910704,0.110895971139139,-0.197061761959434,0.273744863372546,0.360213050697072
