"Posterior_Mean","Posterior_SD","Posterior_LB","Posterior_UB","prob"
0.0244743266031108,0.146240356363765,-0.276901614273513,0.324139116298297,0.436820108497098
