"Posterior_Mean","Posterior_SD","Posterior_LB","Posterior_UB","prob"
0.029575400361926,0.11300707690654,-0.195106807699933,0.300502369921525,0.419530903428665
