"Posterior_Mean","Posterior_SD","Posterior_LB","Posterior_UB","prob"
0.135073280175988,0.119431477364913,-0.136990450477378,0.442402222907047,0.180398501159821
