"Posterior_Mean","Posterior_SD","Posterior_LB","Posterior_UB","prob"
-0.0426039541467066,0.0897385395662342,-0.24200948474987,0.135307279492911,0.661086031995133
