"Posterior_Mean","Posterior_SD","Posterior_LB","Posterior_UB","prob"
-0.167572585296804,0.171737778005459,-0.498223566967018,0.176864443201623,0.837999292584428
