"Posterior_Mean","Posterior_SD","Posterior_LB","Posterior_UB","prob"
0.0816555745294993,0.168632840315373,-0.252722019279661,0.415786474742767,0.317112615663331
