"Posterior_Mean","Posterior_SD","Posterior_LB","Posterior_UB","prob"
-0.0444139178696671,0.0919607902166284,-0.244049992685177,0.137072846406845,0.675537674631249
