"Posterior_Mean","Posterior_SD","Posterior_LB","Posterior_UB","prob"
-0.0410705188401322,0.144233352985722,-0.361198214656945,0.256088671191218,0.602932539286971
