"Posterior_Mean","Posterior_SD","Posterior_LB","Posterior_UB","prob"
-0.153480573890312,0.144435730858142,-0.48207719083357,0.12607009620014,0.843103074503012
