"Posterior_Mean","Posterior_SD","Posterior_LB","Posterior_UB","prob"
0.00632987518524816,0.114637443119834,-0.267447736222646,0.253791941186559,0.463246292414961
