"Posterior_Mean","Posterior_SD","Posterior_LB","Posterior_UB","prob"
-0.0660122644121985,0.127241373152982,-0.366196289393228,0.187650582955415,0.681011938581032
