"Posterior_Mean","Posterior_SD","Posterior_LB","Posterior_UB","prob"
-0.072905740637116,0.13670633797785,-0.367886035830011,0.204443866531347,0.704139894169523
