"Posterior_Mean","Posterior_SD","Posterior_LB","Posterior_UB","prob"
0.172793483695284,0.142795891251716,-0.122153223542904,0.470270175319293,0.127001980734891
