"Posterior_Mean","Posterior_SD","Posterior_LB","Posterior_UB","prob"
0.0235235378802941,0.176492535401348,-0.341745871187991,0.361350641252451,0.44148601703857
