"Posterior_Mean","Posterior_SD","Posterior_LB","Posterior_UB","prob"
-0.103769949063089,0.133221463586665,-0.38359633636586,0.16952504575436,0.782586993656188
