"Posterior_Mean","Posterior_SD","Posterior_LB","Posterior_UB","prob"
-0.0132106329929155,0.124361353233748,-0.273205244549947,0.25205697640354,0.539908227059332
