"Posterior_Mean","Posterior_SD","Posterior_LB","Posterior_UB","prob"
0.00472274950222322,0.106378470313077,-0.222766589223666,0.21689410783629,0.471953053146372
