"Posterior_Mean","Posterior_SD","Posterior_LB","Posterior_UB","prob"
-0.133020320055317,0.115998800199455,-0.387240507755158,0.108244515097795,0.873380306214199
