"Posterior_Mean","Posterior_SD","Posterior_LB","Posterior_UB","prob"
-0.0686322495789825,0.0905328470486069,-0.247424836361892,0.134182874574362,0.77746777634205
