"Posterior_Mean","Posterior_SD","Posterior_LB","Posterior_UB","prob"
-0.0932247087675813,0.117983707342364,-0.41246930329483,0.143032061013097,0.750256477335804
