"Posterior_Mean","Posterior_SD","Posterior_LB","Posterior_UB","prob"
-0.0115967635334474,0.119368367670447,-0.242466380965884,0.294261555405104,0.574065780456352
