"Posterior_Mean","Posterior_SD","Posterior_LB","Posterior_UB","prob"
-0.195186172821588,0.152912344470682,-0.532014330278083,0.113933748856669,0.875588877719043
