"Posterior_Mean","Posterior_SD","Posterior_LB","Posterior_UB","prob"
0.124675954517378,0.162515744600853,-0.190194225866351,0.437004283262887,0.230997304481849
