"Posterior_Mean","Posterior_SD","Posterior_LB","Posterior_UB","prob"
0.221860173994163,0.161837213656126,-0.0911834885914721,0.537732529715706,0.0838448422363513
