"Posterior_Mean","Posterior_SD","Posterior_LB","Posterior_UB","prob"
-0.0203941347383735,0.116723049367954,-0.262986083140461,0.21573518609531,0.566736131549352
