"Posterior_Mean","Posterior_SD","Posterior_LB","Posterior_UB","prob"
-0.0089607071624675,0.146625256519783,-0.30330488051637,0.302754783232717,0.531271430494347
