"Posterior_Mean","Posterior_SD","Posterior_LB","Posterior_UB","prob"
-0.0349404025698642,0.102155774885198,-0.246483444279095,0.165890353292764,0.636538348846625
