"Posterior_Mean","Posterior_SD","Posterior_LB","Posterior_UB","prob"
0.0381992222956137,0.116496469440261,-0.203908879889606,0.292937949586504,0.379880492416889
