"Posterior_Mean","Posterior_SD","Posterior_LB","Posterior_UB","prob"
0.254832789353651,0.16606541334522,-0.0674046765182904,0.583329352712375,0.0630000129932832
