"Posterior_Mean","Posterior_SD","Posterior_LB","Posterior_UB","prob"
0.127569145566114,0.15230403896367,-0.169710349468592,0.454743986553461,0.206570435048714
