"Posterior_Mean","Posterior_SD","Posterior_LB","Posterior_UB","prob"
0.0693716207740567,0.104780698677685,-0.139089753704242,0.305889381559212,0.26330668976567
