"Posterior_Mean","Posterior_SD","Posterior_LB","Posterior_UB","prob"
0.0462678230846054,0.0943274348033381,-0.154282098302903,0.249507079541091,0.320388659902135
