"Posterior_Mean","Posterior_SD","Posterior_LB","Posterior_UB","prob"
0.053461948864769,0.121318625630899,-0.200256916964528,0.402207449942779,0.398043601974432
