"Posterior_Mean","Posterior_SD","Posterior_LB","Posterior_UB","prob"
-0.0668809002815021,0.159678046031751,-0.374091307088365,0.244678329071104,0.653003273468716
