"Posterior_Mean","Posterior_SD","Posterior_LB","Posterior_UB","prob"
-0.0788976225966131,0.0855882251074469,-0.253075882156011,0.0941617022389303,0.821291615617459
