"Posterior_Mean","Posterior_SD","Posterior_LB","Posterior_UB","prob"
-0.0675311453124159,0.0900800580415504,-0.255760910556657,0.110776460111613,0.772000539696938
