"Posterior_Mean","Posterior_SD","Posterior_LB","Posterior_UB","prob"
0.0343564448362137,0.155465198760665,-0.269471807938206,0.332595861238669,0.42300933502748
