"Posterior_Mean","Posterior_SD","Posterior_LB","Posterior_UB","prob"
-0.0936957355366989,0.129328785784983,-0.364094900525361,0.179642672895139,0.770705424252461
