"Posterior_Mean","Posterior_SD","Posterior_LB","Posterior_UB","prob"
0.0518968510227982,0.108444184764563,-0.263535507810156,0.277792132552013,0.303223559123794
