"Posterior_Mean","Posterior_SD","Posterior_LB","Posterior_UB","prob"
-0.0311031082167971,0.134050107727099,-0.343061480225714,0.234494735672336,0.564026493622607
