"Posterior_Mean","Posterior_SD","Posterior_LB","Posterior_UB","prob"
0.103378770023305,0.171038296202507,-0.227586674061608,0.44003892525309,0.277151165335204
