"Posterior_Mean","Posterior_SD","Posterior_LB","Posterior_UB","prob"
0.166547524986775,0.106619573847078,-0.0536420364386045,0.408782011892661,0.064816281260548
