"Posterior_Mean","Posterior_SD","Posterior_LB","Posterior_UB","prob"
-0.0359635615078195,0.155461126049596,-0.34934728876758,0.258181787565432,0.57255422474994
