"Posterior_Mean","Posterior_SD","Posterior_LB","Posterior_UB","prob"
-0.215465897414195,0.149418544737276,-0.544587621209726,0.0831641965034211,0.917310885754243
