"Posterior_Mean","Posterior_SD","Posterior_LB","Posterior_UB","prob"
0.488905521568034,0.162411666751315,0.17588596355725,0.807288413395782,5.60932847867612e-05
