"Posterior_Mean","Posterior_SD","Posterior_LB","Posterior_UB","prob"
-0.0385892751470063,0.130219076408442,-0.310109414690869,0.218631992342416,0.613016926383422
