"Posterior_Mean","Posterior_SD","Posterior_LB","Posterior_UB","prob"
-0.063594577517953,0.0872627310000685,-0.236893790323644,0.110377316178538,0.761435337359369
