"Posterior_Mean","Posterior_SD","Posterior_LB","Posterior_UB","prob"
-0.101547692372338,0.0964565725177012,-0.326354590947461,0.108273588701296,0.826482421801689
