"Posterior_Mean","Posterior_SD","Posterior_LB","Posterior_UB","prob"
-0.0339966873545175,0.0910384930305568,-0.238574167578292,0.14944960282181,0.636718654379248
