"Posterior_Mean","Posterior_SD","Posterior_LB","Posterior_UB","prob"
0.0260855466956195,0.12254784831683,-0.236786492331934,0.266776603521084,0.406562705268429
