"Posterior_Mean","Posterior_SD","Posterior_LB","Posterior_UB","prob"
0.0507528489841008,0.120016702424912,-0.229599739695268,0.284458134745209,0.324296780577873
