"Posterior_Mean","Posterior_SD","Posterior_LB","Posterior_UB","prob"
0.0290739676245664,0.15568128394378,-0.279619355765305,0.325494121210317,0.431346822408145
