"Posterior_Mean","Posterior_SD","Posterior_LB","Posterior_UB","prob"
-0.192183999785475,0.161644030129281,-0.493522392254877,0.123742059413274,0.871499541279498
