"Posterior_Mean","Posterior_SD","Posterior_LB","Posterior_UB","prob"
-0.0551596485371996,0.118180693501429,-0.413339642776802,0.189448753250084,0.595376921841205
