"Posterior_Mean","Posterior_SD","Posterior_LB","Posterior_UB","prob"
0.247860222919381,0.100547277768679,0.0507335244549185,0.47461541399605,0.00792934345440378
