"Posterior_Mean","Posterior_SD","Posterior_LB","Posterior_UB","prob"
-0.0626702671887751,0.135583629121746,-0.345234304951572,0.262283677057924,0.684196397255356
