"Posterior_Mean","Posterior_SD","Posterior_LB","Posterior_UB","prob"
0.0388152224515497,0.096710037646968,-0.16258061119075,0.230285038347333,0.336237091166777
