"Posterior_Mean","Posterior_SD","Posterior_LB","Posterior_UB","prob"
-0.029886801202392,0.135608324432621,-0.334674742630511,0.244292458450744,0.577848632758511
