"Posterior_Mean","Posterior_SD","Posterior_LB","Posterior_UB","prob"
0.121404972517531,0.128621141562527,-0.166889173850405,0.389893735543564,0.191837220342876
