"Posterior_Mean","Posterior_SD","Posterior_LB","Posterior_UB","prob"
0.0157593106062388,0.112471661006615,-0.227699770126885,0.314266714982373,0.473872699852109
