"Posterior_Mean","Posterior_SD","Posterior_LB","Posterior_UB","prob"
-0.0646474102990066,0.100405758286958,-0.303536727468187,0.13976744501099,0.724329750373396
