"Posterior_Mean","Posterior_SD","Posterior_LB","Posterior_UB","prob"
-0.10060193543288,0.165675413770308,-0.426851250612619,0.239474611499061,0.722003706030894
