"Posterior_Mean","Posterior_SD","Posterior_LB","Posterior_UB","prob"
-0.0949956380489897,0.158110732107777,-0.423662604242147,0.232524681058387,0.705713037106924
