"Posterior_Mean","Posterior_SD","Posterior_LB","Posterior_UB","prob"
-0.195139732907604,0.158524227474622,-0.518362560057641,0.102326586004211,0.887932661372341
