"Posterior_Mean","Posterior_SD","Posterior_LB","Posterior_UB","prob"
0.0248429187020199,0.0960075196841725,-0.173024697279559,0.223329601964405,0.397220274957244
