"Posterior_Mean","Posterior_SD","Posterior_LB","Posterior_UB","prob"
0.151057031449585,0.109198135429013,-0.08039261146983,0.480686995358354,0.116842553846809
