"Posterior_Mean","Posterior_SD","Posterior_LB","Posterior_UB","prob"
-0.0111652227533824,0.140046655955772,-0.334697784361216,0.313306954996682,0.533422681933489
