"Posterior_Mean","Posterior_SD","Posterior_LB","Posterior_UB","prob"
0.111826314013517,0.153051087784044,-0.196325630746926,0.431556404352554,0.236702411041358
