"Posterior_Mean","Posterior_SD","Posterior_LB","Posterior_UB","prob"
-0.2108373706234,0.169618982087712,-0.547915055551311,0.137890705102839,0.882800644841423
