"Posterior_Mean","Posterior_SD","Posterior_LB","Posterior_UB","prob"
-0.0972508927901196,0.128980337803728,-0.401959137143504,0.17290220931755,0.73928934993227
