"Posterior_Mean","Posterior_SD","Posterior_LB","Posterior_UB","prob"
0.157874587029894,0.16271088124446,-0.163223634659266,0.478878382775675,0.161007612804177
