"Posterior_Mean","Posterior_SD","Posterior_LB","Posterior_UB","prob"
-0.026982727677329,0.105113022160146,-0.295646838469416,0.190550032884799,0.565041117892159
