"Posterior_Mean","Posterior_SD","Posterior_LB","Posterior_UB","prob"
0.00808540702158106,0.104271364654111,-0.23339011113864,0.243462363851298,0.464665999725941
