"Posterior_Mean","Posterior_SD","Posterior_LB","Posterior_UB","prob"
0.00962204808235629,0.100720569202113,-0.202040520814366,0.234117322793671,0.468341637455542
