"Posterior_Mean","Posterior_SD","Posterior_LB","Posterior_UB","prob"
0.301153768427026,0.130238670730735,0.0374066999734696,0.645652597088387,0.0115663531748705
