"Posterior_Mean","Posterior_SD","Posterior_LB","Posterior_UB","prob"
0.0345447668807948,0.109470389260657,-0.187834903522771,0.345758518737755,0.427349110927767
