"Posterior_Mean","Posterior_SD","Posterior_LB","Posterior_UB","prob"
0.240840625426769,0.0970619063292012,0.0513969084423294,0.458626679783367,0.00636995111471254
