"Posterior_Mean","Posterior_SD","Posterior_LB","Posterior_UB","prob"
0.0198432331704148,0.094824186115146,-0.202872730002207,0.213988401233023,0.404211657311468
