"Posterior_Mean","Posterior_SD","Posterior_LB","Posterior_UB","prob"
-0.118241881450076,0.091077518422479,-0.304452326915287,0.0549824896660865,0.906984691517382
