"Posterior_Mean","Posterior_SD","Posterior_LB","Posterior_UB","prob"
-0.0931126394405241,0.135818201247086,-0.402286399386306,0.175972233513676,0.748426064145154
