"Posterior_Mean","Posterior_SD","Posterior_LB","Posterior_UB","prob"
0.110562363685489,0.109243967281988,-0.119880788506387,0.354015970101456,0.165795930315788
