"Posterior_Mean","Posterior_SD","Posterior_LB","Posterior_UB","prob"
0.0400491100027167,0.116152928575839,-0.209556523469282,0.28489070362473,0.35833763682396
