"Posterior_Mean","Posterior_SD","Posterior_LB","Posterior_UB","prob"
0.149509452549135,0.153679879442274,-0.157654287700215,0.477943812413188,0.199259890291194
