"Posterior_Mean","Posterior_SD","Posterior_LB","Posterior_UB","prob"
0.0044077556879784,0.140102934852817,-0.299276848410435,0.286789991371415,0.474505754647748
