"Posterior_Mean","Posterior_SD","Posterior_LB","Posterior_UB","prob"
-0.019335304546272,0.106111697430639,-0.262417994218203,0.192132255985128,0.5553730580813
