"Posterior_Mean","Posterior_SD","Posterior_LB","Posterior_UB","prob"
-0.2733811249012,0.165042823646608,-0.596342900526539,0.0471191479449059,0.951978853448206
