"Posterior_Mean","Posterior_SD","Posterior_LB","Posterior_UB","prob"
-0.254608639463152,0.158246219307796,-0.583024215997024,0.0779026864605242,0.927664936047094
