"Posterior_Mean","Posterior_SD","Posterior_LB","Posterior_UB","prob"
0.080829314640993,0.100680763781553,-0.152372627060761,0.330457850092167,0.263558367267302
