"Posterior_Mean","Posterior_SD","Posterior_LB","Posterior_UB","prob"
-0.206356913399482,0.159940018853404,-0.528974727896547,0.109961518704621,0.90449214980932
