"Posterior_Mean","Posterior_SD","Posterior_LB","Posterior_UB","prob"
0.00568909056844489,0.156153296238575,-0.297433375269623,0.340444740108261,0.488352269629199
