"Posterior_Mean","Posterior_SD","Posterior_LB","Posterior_UB","prob"
-0.0173228473045339,0.113093611823005,-0.242307299043323,0.287304339934202,0.603346057423649
