"Posterior_Mean","Posterior_SD","Posterior_LB","Posterior_UB","prob"
-0.103098216411165,0.14720948789817,-0.445586527797945,0.246315395598736,0.705345848112097
