"Posterior_Mean","Posterior_SD","Posterior_LB","Posterior_UB","prob"
0.14601069160646,0.10464114704382,-0.0732821225000399,0.493648483363276,0.109514790441048
