"Posterior_Mean","Posterior_SD","Posterior_LB","Posterior_UB","prob"
0.124036351697305,0.110379563150946,-0.100976168821566,0.417809191193029,0.143665440869296
