"Posterior_Mean","Posterior_SD","Posterior_LB","Posterior_UB","prob"
0.161863190737961,0.135254067784952,-0.105222449424674,0.459430102782427,0.118694333428765
