"Posterior_Mean","Posterior_SD","Posterior_LB","Posterior_UB","prob"
-0.129260031518647,0.0886324599673781,-0.305245885131153,0.0491460849279285,0.928503263829025
