"Posterior_Mean","Posterior_SD","Posterior_LB","Posterior_UB","prob"
0.0702528443151758,0.105985011490559,-0.137642545529168,0.314539889242627,0.267053392526608
