"Posterior_Mean","Posterior_SD","Posterior_LB","Posterior_UB","prob"
0.0800393117818429,0.151953847628283,-0.228930067590841,0.38717914572691,0.310019665439427
