"Posterior_Mean","Posterior_SD","Posterior_LB","Posterior_UB","prob"
0.101081373014836,0.115036269421539,-0.164435352280624,0.37070856047088,0.231510826305524
