"Posterior_Mean","Posterior_SD","Posterior_LB","Posterior_UB","prob"
-0.020647546835816,0.100405844578921,-0.223404007903704,0.201657461545049,0.596374598710026
