"Posterior_Mean","Posterior_SD","Posterior_LB","Posterior_UB","prob"
-0.0636187123614189,0.12863892115953,-0.364482480189875,0.279474964164496,0.655132375338857
