"Posterior_Mean","Posterior_SD","Posterior_LB","Posterior_UB","prob"
0.119662787265083,0.114400645661671,-0.118968512787444,0.389213491046788,0.160867128618652
