"Posterior_Mean","Posterior_SD","Posterior_LB","Posterior_UB","prob"
0.0239510076387204,0.112786694759069,-0.273540881807472,0.254422170278492,0.395028475433399
