"Posterior_Mean","Posterior_SD","Posterior_LB","Posterior_UB","prob"
0.0944853154860914,0.141738274611592,-0.211553332947773,0.374360384250996,0.242267472897817
