"Posterior_Mean","Posterior_SD","Posterior_LB","Posterior_UB","prob"
0.0884180554316701,0.130326428090365,-0.170370203356217,0.383142971999949,0.258775713796104
