"Posterior_Mean","Posterior_SD","Posterior_LB","Posterior_UB","prob"
0.139841755843808,0.106395897342171,-0.0762229810436072,0.385465077799053,0.0957588593445336
