"Posterior_Mean","Posterior_SD","Posterior_LB","Posterior_UB","prob"
-0.100088479147863,0.123684955784536,-0.375360734169754,0.143459588846792,0.787960747257169
