"Posterior_Mean","Posterior_SD","Posterior_LB","Posterior_UB","prob"
0.0036663393411782,0.148755813847757,-0.307688878084434,0.337330494135964,0.508036633191576
