"Posterior_Mean","Posterior_SD","Posterior_LB","Posterior_UB","prob"
0.00690138587390689,0.136058466464871,-0.276185681343798,0.300674135427419,0.486316859523542
