"Posterior_Mean","Posterior_SD","Posterior_LB","Posterior_UB","prob"
-0.0571251849089748,0.115289817562465,-0.363680081895856,0.171143034495027,0.650058769506426
