"Posterior_Mean","Posterior_SD","Posterior_LB","Posterior_UB","prob"
0.215211430913713,0.168331875960982,-0.114760993443349,0.547373067202704,0.0981882602374463
