"Posterior_Mean","Posterior_SD","Posterior_LB","Posterior_UB","prob"
-0.0160218609939766,0.111548026296212,-0.32063735678798,0.208886037249598,0.518520811859315
