"Posterior_Mean","Posterior_SD","Posterior_LB","Posterior_UB","prob"
-0.136416673914652,0.108411714939479,-0.454913906899922,0.100533921306498,0.844883220287974
