"Posterior_Mean","Posterior_SD","Posterior_LB","Posterior_UB","prob"
-0.0835676238486412,0.106311421477026,-0.349598287251033,0.131247507177807,0.767285366651624
