"Posterior_Mean","Posterior_SD","Posterior_LB","Posterior_UB","prob"
-0.208621240510525,0.143024489086928,-0.560810159689013,0.105891592021031,0.883262947705853
