"Posterior_Mean","Posterior_SD","Posterior_LB","Posterior_UB","prob"
0.050609527935404,0.103353871355142,-0.18076705260732,0.275559103231002,0.311804577091956
