"Posterior_Mean","Posterior_SD","Posterior_LB","Posterior_UB","prob"
0.119152600263578,0.148442980567831,-0.196561047693587,0.423212681558061,0.20789558524442
