"Posterior_Mean","Posterior_SD","Posterior_LB","Posterior_UB","prob"
-0.316189599995049,0.0484156087756965,-0.459843274510274,-0.20818384672041,1
