"Posterior_Mean","Posterior_SD","Posterior_LB","Posterior_UB","prob"
-0.186923206804591,0.057057184740585,-0.324826183637385,-0.0695265846310826,0.998464225105982
