"Posterior_Mean","Posterior_SD","Posterior_LB","Posterior_UB","prob"
-0.280690182668917,0.0440034924370874,-0.366969259805305,-0.196663398581777,1
