"Posterior_Mean","Posterior_SD","Posterior_LB","Posterior_UB","prob"
-0.175978032799387,0.0487233174957985,-0.267100977127749,-0.0754889098170852,0.99834379051491
