"Posterior_Mean","Posterior_SD","Posterior_LB","Posterior_UB","prob"
-0.284142297510232,0.0448794291576376,-0.3997171608118,-0.161732673927768,0.999986880216872
