"Posterior_Mean","Posterior_SD","Posterior_LB","Posterior_UB","prob"
-0.301421108185439,0.0456791703508209,-0.429043074745211,-0.14904434937937,0.999994361142484
