"Posterior_Mean","Posterior_SD","Posterior_LB","Posterior_UB","prob"
-0.313438988991513,0.043550694456582,-0.401647881377539,-0.198103947425749,0.999695735727073
