"Posterior_Mean","Posterior_SD","Posterior_LB","Posterior_UB","prob"
-0.179346067915436,0.0599432301511892,-0.320338528252762,-0.00848832339784441,0.978930317403696
