"","Posterior_Mean","Posterior_SD","Posterior_LB","Posterior_UB"
"1",0.00294801239715702,0.0390497319084383,-0.0722836342713093,0.0806888206517703
