"Posterior_Mean","Posterior_SD","Posterior_LB","Posterior_UB","prob"
-0.359954393911077,0.0409558820799357,-0.442870983751079,-0.275633923815875,1
