"Posterior_Mean","Posterior_SD","Posterior_LB","Posterior_UB","prob"
-0.322525451566749,0.0504923502837205,-0.439942279434292,-0.178674104460042,1
