"Posterior_Mean","Posterior_SD","Posterior_LB","Posterior_UB","prob"
-0.25709101516204,0.0462261103128484,-0.352391957513568,-0.15867157288932,0.999997670850395
