"Posterior_Mean","Posterior_SD","Posterior_LB","Posterior_UB","prob"
-0.350687727165961,0.0474106503722036,-0.44785691034834,-0.245874213347526,0.999989155737314
