"Posterior_Mean","Posterior_SD","Posterior_LB","Posterior_UB","prob"
-0.344764364870821,0.0420990140892366,-0.436940890820963,-0.253953702593495,1
