"Posterior_Mean","Posterior_SD","Posterior_LB","Posterior_UB","prob"
-0.256201772226149,0.0476561963610997,-0.374668890986352,-0.119573558239984,0.999773903110102
