"Posterior_Mean","Posterior_SD","Posterior_LB","Posterior_UB","prob"
-0.203120159395384,0.0505672524837084,-0.310212708875873,-0.097341417015104,0.999774963523705
