"Posterior_Mean","Posterior_SD","Posterior_LB","Posterior_UB","prob"
-0.259635590302711,0.0431311251730511,-0.348614499478008,-0.163040500705859,0.99999818734378
