"Posterior_Mean","Posterior_SD","Posterior_LB","Posterior_UB","prob"
-0.364812747920137,0.0402363513848188,-0.448455500594564,-0.286828500989134,1
