"Posterior_Mean","Posterior_SD","Posterior_LB","Posterior_UB","prob"
-0.336864335796131,0.0486775639794837,-0.437305421039048,-0.22022255474256,0.999963729333601
