"Posterior_Mean","Posterior_SD","Posterior_LB","Posterior_UB","prob"
-0.265471954745969,0.0467355653248611,-0.355975086059637,-0.171722076905771,0.999998899770596
