"Posterior_Mean","Posterior_SD","Posterior_LB","Posterior_UB","prob"
-0.271732197966548,0.0483530733255711,-0.379690683989761,-0.14980054397954,0.999849557572799
