"Posterior_Mean","Posterior_SD","Posterior_LB","Posterior_UB","prob"
-0.175898150084933,0.0477130940112196,-0.274964625858401,-0.0686823435007336,0.998094943151593
