"Posterior_Mean","Posterior_SD","Posterior_LB","Posterior_UB","prob"
-0.373919583623038,0.0421524907894276,-0.461632785882147,-0.277556941788528,1
