"Posterior_Mean","Posterior_SD","Posterior_LB","Posterior_UB","prob"
-0.189849438368749,0.0538251581777707,-0.33919150172053,-0.0443109594374052,0.995074012738841
