"","Posterior_Mean","Posterior_SD","Posterior_LB","Posterior_UB"
"1",-0.0732848946440734,0.041899132627604,-0.153701254934038,0.0105271110418501
