"Posterior_Mean","Posterior_SD","Posterior_LB","Posterior_UB","prob"
-0.159544750667125,0.0483039278224977,-0.259115562579777,-0.0625884841992171,0.999247471630616
