"Posterior_Mean","Posterior_SD","Posterior_LB","Posterior_UB","prob"
-0.22348826847757,0.0488744068144994,-0.320448622441186,-0.121764326227875,0.999968334436887
