"Posterior_Mean","Posterior_SD","Posterior_LB","Posterior_UB","prob"
-0.225562678458125,0.125461950224362,-0.498782254563229,0.0842939906858126,0.930518207199397
