"Posterior_Mean","Posterior_SD","Posterior_LB","Posterior_UB","prob"
-0.197498149089742,0.137698837049747,-0.515825414846382,0.102473372386329,0.908328039860724
