"Posterior_Mean","Posterior_SD","Posterior_LB","Posterior_UB","prob"
-0.211827876126862,0.113824831254518,-0.458428897653201,0.0887502880999852,0.928196163131954
