"Posterior_Mean","Posterior_SD","Posterior_LB","Posterior_UB","prob"
-0.390044501975546,0.105091361838992,-0.601661975623521,-0.112661241412478,0.993451453034526
