"Posterior_Mean","Posterior_SD","Posterior_LB","Posterior_UB","prob"
-0.427036900114551,0.118375401719286,-0.677529659711236,-0.16753735927341,0.998523275151592
