"Posterior_Mean","Posterior_SD","Posterior_LB","Posterior_UB","prob"
0.0468444758611101,0.156900433326588,-0.297699788806896,0.370353684698837,0.37750038414394
