"Posterior_Mean","Posterior_SD","Posterior_LB","Posterior_UB","prob"
-0.523348183877748,0.163902906571234,-0.85687485166314,-0.205957458457499,0.999103051919219
