"Posterior_Mean","Posterior_SD","Posterior_LB","Posterior_UB","prob"
-0.339926760767424,0.122920225183387,-0.605525718107357,0.0335109291602636,0.963635223873058
