"Posterior_Mean","Posterior_SD","Posterior_LB","Posterior_UB","prob"
-0.365289044735531,0.138750531748991,-0.651305221630192,-0.0603436664517695,0.989557930447844
