"Posterior_Mean","Posterior_SD","Posterior_LB","Posterior_UB","prob"
-0.0547297729537184,0.142620619496406,-0.395480314021368,0.279541096827549,0.620949537327618
