"Posterior_Mean","Posterior_SD","Posterior_LB","Posterior_UB","prob"
-0.172147059153731,0.146085626235987,-0.476100042515841,0.1355633343414,0.850021978377897
