"Posterior_Mean","Posterior_SD","Posterior_LB","Posterior_UB","prob"
-0.351472874244615,0.116006769054303,-0.59887425158645,-0.0824551843385379,0.993645836291055
