"Posterior_Mean","Posterior_SD","Posterior_LB","Posterior_UB","prob"
0.0712899736610718,0.165129602827558,-0.255372381133581,0.401732260839785,0.354699258822488
