"Posterior_Mean","Posterior_SD","Posterior_LB","Posterior_UB","prob"
-0.0484285072308044,0.155899195719626,-0.353973790399559,0.2647453949244,0.618604914966367
