"Posterior_Mean","Posterior_SD","Posterior_LB","Posterior_UB","prob"
-0.34146097521302,0.130099274907939,-0.632874749805538,-0.0675411367523707,0.993972786803411
