"Posterior_Mean","Posterior_SD","Posterior_LB","Posterior_UB","prob"
-0.213077600987039,0.127283147711085,-0.475234897242295,0.125288186364732,0.910864103407322
