"Posterior_Mean","Posterior_SD","Posterior_LB","Posterior_UB","prob"
-0.300305728710982,0.169739939080505,-0.63959969398904,0.0327231730792185,0.958601540997892
