"Posterior_Mean","Posterior_SD","Posterior_LB","Posterior_UB","prob"
-0.438042935913545,0.129307437122583,-0.70242422015291,-0.16293438178295,0.998377540862418
