"Posterior_Mean","Posterior_SD","Posterior_LB","Posterior_UB","prob"
-0.0606954715999302,0.140948089339415,-0.388458469949849,0.293726152148064,0.644092569959405
