"Posterior_Mean","Posterior_SD","Posterior_LB","Posterior_UB","prob"
-0.124238267124992,0.11364721710489,-0.368129604382056,0.149478519271188,0.827040790765982
