"Posterior_Mean","Posterior_SD","Posterior_LB","Posterior_UB","prob"
-0.0840922941989426,0.147103567526755,-0.388393225528373,0.296827502228584,0.69818682982866
