"Posterior_Mean","Posterior_SD","Posterior_LB","Posterior_UB","prob"
-0.218262874283842,0.132844055719622,-0.487295220342293,0.0620875314402001,0.937949953662295
