"Posterior_Mean","Posterior_SD","Posterior_LB","Posterior_UB","prob"
-0.089688838122388,0.140257781323474,-0.441404502767404,0.250388773548149,0.678254650814789
