"Posterior_Mean","Posterior_SD","Posterior_LB","Posterior_UB","prob"
-0.301876534008563,0.142191787196889,-0.59789801876618,0.0376453427000331,0.966538774985249
