"Posterior_Mean","Posterior_SD","Posterior_LB","Posterior_UB","prob"
-0.567075908147461,0.108615557936984,-0.791122138228243,-0.277359564426866,0.999740932865831
