"Posterior_Mean","Posterior_SD","Posterior_LB","Posterior_UB","prob"
-0.195066710323073,0.152982755028266,-0.501829457416013,0.119360645517472,0.873089771363953
