"Posterior_Mean","Posterior_SD","Posterior_LB","Posterior_UB","prob"
-0.102159266260361,0.137354552853216,-0.378719870188056,0.222522152849847,0.756063521611
