"Posterior_Mean","Posterior_SD","Posterior_LB","Posterior_UB","prob"
-0.268242374373674,0.159937980239447,-0.588481166168151,0.0714704578263228,0.934679490854394
