"Posterior_Mean","Posterior_SD","Posterior_LB","Posterior_UB","prob"
-0.172519245238642,0.124200608055883,-0.479612544723367,0.0837682949825658,0.894985068255098
