"Posterior_Mean","Posterior_SD","Posterior_LB","Posterior_UB","prob"
-0.351076013526792,0.134670101121367,-0.624265926468163,-0.0442337775125057,0.98600218219682
