"Posterior_Mean","Posterior_SD","Posterior_LB","Posterior_UB","prob"
-0.285248925062423,0.11296995230954,-0.513788472359495,0.000732030324788496,0.97500254394752
