"Posterior_Mean","Posterior_SD","Posterior_LB","Posterior_UB","prob"
-0.109309772418763,0.112408694529349,-0.347336930049284,0.195976831109786,0.795397200268481
