"Posterior_Mean","Posterior_SD","Posterior_LB","Posterior_UB","prob"
-0.0448196095241077,0.160065499541415,-0.360457376059527,0.264380093664225,0.605642157101097
