"Posterior_Mean","Posterior_SD","Posterior_LB","Posterior_UB","prob"
-0.247202405947606,0.125501404364187,-0.508697708899246,0.0813525078418865,0.934866893413659
