"Posterior_Mean","Posterior_SD","Posterior_LB","Posterior_UB","prob"
-0.292221733917711,0.153551994968313,-0.590769561650806,0.033457100037081,0.962203320063213
