"Posterior_Mean","Posterior_SD","Posterior_LB","Posterior_UB","prob"
-0.226935527201375,0.115864240116421,-0.466942501624474,0.101040539493767,0.929453360193739
