"Posterior_Mean","Posterior_SD","Posterior_LB","Posterior_UB","prob"
-0.00715175098055302,0.160992121205027,-0.33723185374776,0.323161286451986,0.520015843381959
