"Posterior_Mean","Posterior_SD","Posterior_LB","Posterior_UB","prob"
-0.401804407039353,0.161038355670477,-0.72238012501123,-0.0823959637122348,0.993506933300356
