"Posterior_Mean","Posterior_SD","Posterior_LB","Posterior_UB","prob"
-0.409875742001396,0.121389668550721,-0.675641777481083,-0.152309879819266,0.997883162761515
