"Posterior_Mean","Posterior_SD","Posterior_LB","Posterior_UB","prob"
0.05166254645213,0.150511300664585,-0.250946933929979,0.39611683669072,0.394984214228662
