"Posterior_Mean","Posterior_SD","Posterior_LB","Posterior_UB","prob"
-0.371118547602119,0.10777473656397,-0.615160158593867,0.0057407404478617,0.972441946512264
