"Posterior_Mean","Posterior_SD","Posterior_LB","Posterior_UB","prob"
-0.223573485840254,0.130822939756317,-0.539705590860671,0.134168036634149,0.886581371704259
