"Posterior_Mean","Posterior_SD","Posterior_LB","Posterior_UB","prob"
-0.377612120661719,0.120331943763031,-0.635817506623409,-0.131107008219924,0.997045841745809
