"Posterior_Mean","Posterior_SD","Posterior_LB","Posterior_UB","prob"
-0.497453919415255,0.104357587252819,-0.739496745867149,-0.186328833390685,0.998502809250683
