"Posterior_Mean","Posterior_SD","Posterior_LB","Posterior_UB","prob"
-0.309547618105292,0.110480881424942,-0.543769538728589,0.023566522802494,0.967063743889595
