"Posterior_Mean","Posterior_SD","Posterior_LB","Posterior_UB","prob"
-0.257889842072848,0.127295499247156,-0.524558562144516,0.0566755843399504,0.94874490022783
