"Posterior_Mean","Posterior_SD","Posterior_LB","Posterior_UB","prob"
-0.157105579526889,0.139717453841424,-0.449496682024314,0.181960448623583,0.835574714960459
