"Posterior_Mean","Posterior_SD","Posterior_LB","Posterior_UB","prob"
-0.198766625169431,0.158770146910429,-0.516394744429785,0.131603794951954,0.883416767160933
