"Posterior_Mean","Posterior_SD","Posterior_LB","Posterior_UB","prob"
-0.492731114182883,0.108972067352944,-0.726917033765038,-0.19420014782373,0.998080262306093
