"Posterior_Mean","Posterior_SD","Posterior_LB","Posterior_UB","prob"
-0.251761942087967,0.140145535376308,-0.559101112923119,0.0685699357734183,0.936572473892667
