"Posterior_Mean","Posterior_SD","Posterior_LB","Posterior_UB","prob"
-0.250196132609732,0.155392867670322,-0.597549700143295,0.0951083483859195,0.923151829055094
