"Posterior_Mean","Posterior_SD","Posterior_LB","Posterior_UB","prob"
-0.343813476355605,0.125264815733705,-0.620463870639183,-0.0906937768609562,0.997117578445882
