"Posterior_Mean","Posterior_SD","Posterior_LB","Posterior_UB","prob"
-0.344848894173143,0.150974944074462,-0.637682822141933,-0.0228534168598849,0.98228831699727
