"Posterior_Mean","Posterior_SD","Posterior_LB","Posterior_UB","prob"
-0.294314464579406,0.134345933630863,-0.566378749273259,0.0305342210740213,0.962666445305721
