"Posterior_Mean","Posterior_SD","Posterior_LB","Posterior_UB","prob"
-0.0793577818161703,0.144240145858703,-0.382293472260224,0.212652321127753,0.698494587739694
