"Posterior_Mean","Posterior_SD","Posterior_LB","Posterior_UB","prob"
-0.0710052592968777,0.159798793398014,-0.374600714586717,0.245409042838169,0.666907217876406
