"Posterior_Mean","Posterior_SD","Posterior_LB","Posterior_UB","prob"
-0.245815659064229,0.164430639555908,-0.586377478709041,0.104348862002963,0.912919491416939
