"Posterior_Mean","Posterior_SD","Posterior_LB","Posterior_UB","prob"
-0.144390265314011,0.161313822227115,-0.469397824197397,0.174180101981543,0.797288315812348
