"Posterior_Mean","Posterior_SD","Posterior_LB","Posterior_UB","prob"
-0.380035551804403,0.120288063425745,-0.628858576604797,-0.116573682928685,0.99612936949248
