"Posterior_Mean","Posterior_SD","Posterior_LB","Posterior_UB","prob"
-0.298963726803045,0.121128885112557,-0.556842291564943,-0.0345255218710392,0.987049874250348
