"Posterior_Mean","Posterior_SD","Posterior_LB","Posterior_UB","prob"
-0.237080862121749,0.118250418191946,-0.481492554024697,0.00356074387607838,0.974526065729461
