"Posterior_Mean","Posterior_SD","Posterior_LB","Posterior_UB","prob"
-0.572926421340425,0.10899925750267,-0.885686562878858,-0.349749088658996,1
