"Posterior_Mean","Posterior_SD","Posterior_LB","Posterior_UB","prob"
-0.400157193231344,0.169015613766429,-0.731705358176737,-0.0703281435693541,0.992009621915316
