"Posterior_Mean","Posterior_SD","Posterior_LB","Posterior_UB","prob"
-0.482365787091481,0.141207924262902,-0.801410295907217,-0.20823075335923,0.999219711182555
