"Posterior_Mean","Posterior_SD","Posterior_LB","Posterior_UB","prob"
-0.197353379647797,0.131657789681943,-0.457900668100276,0.118861619618687,0.901808524727294
