"Posterior_Mean","Posterior_SD","Posterior_LB","Posterior_UB","prob"
0.0353286392186988,0.156338960484187,-0.277436303898446,0.350671175683264,0.419638207220747
