"Posterior_Mean","Posterior_SD","Posterior_LB","Posterior_UB","prob"
-0.314899536801489,0.0997279026234175,-0.539343526854675,-0.0460880979921972,0.983653048217502
