"Posterior_Mean","Posterior_SD","Posterior_LB","Posterior_UB","prob"
-0.474102257486034,0.122802564317096,-0.750712954235967,-0.215484263337366,0.999857660397488
