"Posterior_Mean","Posterior_SD","Posterior_LB","Posterior_UB","prob"
-0.256973944691368,0.127713807119625,-0.513103765408239,0.0438203383054909,0.956426233461738
