"Posterior_Mean","Posterior_SD","Posterior_LB","Posterior_UB","prob"
-0.35174691869469,0.111819710015946,-0.581781485546108,-0.106105915591495,0.996530257558835
