"Posterior_Mean","Posterior_SD","Posterior_LB","Posterior_UB","prob"
-0.193274722626102,0.122583100544911,-0.480553054281557,0.101605380708956,0.915977284161156
