"Posterior_Mean","Posterior_SD","Posterior_LB","Posterior_UB","prob"
-0.368136222256,0.0983165299931685,-0.589855240761688,-0.10210853231458,0.994115534465223
