"Posterior_Mean","Posterior_SD","Posterior_LB","Posterior_UB","prob"
0.0264168828697379,0.157648462619619,-0.320337883846633,0.359088861226598,0.427479124322709
