"Posterior_Mean","Posterior_SD","Posterior_LB","Posterior_UB","prob"
-0.157183627505013,0.15153854455392,-0.506150442350127,0.206394281302283,0.792335041027505
