"","Posterior_Mean","Posterior_SD","Posterior_LB","Posterior_UB"
"1",0.0183841567792684,0.0440746707322301,-0.0668607084817345,0.103898832677867
