"","Posterior_Mean","Posterior_SD","Posterior_LB","Posterior_UB"
"1",0.0651565136636949,0.0427134153760777,-0.019265203733161,0.146561703518699
