"","Posterior_Mean","Posterior_SD","Posterior_LB","Posterior_UB"
"1",-0.00385567648690309,0.0440194941136988,-0.0916647865170601,0.0847649971434364
