"","Posterior_Mean","Posterior_SD","Posterior_LB","Posterior_UB"
"1",0.0173605462665234,0.0400990249987624,-0.0649932919856317,0.0922870408831034
