"","Posterior_Mean","Posterior_SD","Posterior_LB","Posterior_UB"
"1",-0.00147215366375292,0.0424801498302025,-0.082721876371643,0.0844563841454108
