"","Posterior_Mean","Posterior_SD","Posterior_LB","Posterior_UB"
"1",0.0374858614097961,0.0432362155710007,-0.0456028170342856,0.12273277717701
