"","Posterior_Mean","Posterior_SD","Posterior_LB","Posterior_UB"
"1",0.0527109770874249,0.0432446507507525,-0.0312977877567521,0.13812291128763
