"","Posterior_Mean","Posterior_SD","Posterior_LB","Posterior_UB"
"1",-0.055074873095403,0.0415814505265592,-0.136953303093003,0.026388898747861
