"Posterior_Mean","Posterior_SD","Posterior_LB","Posterior_UB","prob"
-0.188286178048404,0.0564923367831879,-0.30942491136366,-0.0044778059215822,0.977648314726134
