"Posterior_Mean","Posterior_SD","Posterior_LB","Posterior_UB","prob"
0.0514268852742517,0.0585851990109087,-0.0986091819958844,0.205913897889043,0.240753587953211
