"Posterior_Mean","Posterior_SD","Posterior_LB","Posterior_UB","prob"
-0.0848244672601301,0.0644648553104605,-0.232154157070225,0.0495012873288607,0.894882110300404
