"Posterior_Mean","Posterior_SD","Posterior_LB","Posterior_UB","prob"
-0.0720414075839142,0.0559774192990436,-0.180911255816593,0.0444964731271839,0.889393456822554
