"Posterior_Mean","Posterior_SD","Posterior_LB","Posterior_UB","prob"
0.0238723837805586,0.0557796877498247,-0.124052938492172,0.149437864124635,0.348233090627384
