"Posterior_Mean","Posterior_SD","Posterior_LB","Posterior_UB","prob"
-0.194444884039127,0.042860155895148,-0.300629809238808,-0.0826169250826975,0.998600076163349
