"Posterior_Mean","Posterior_SD","Posterior_LB","Posterior_UB","prob"
0.059791815217831,0.0586915744660135,-0.0613116288875146,0.177721756905778,0.168745738073175
