"Posterior_Mean","Posterior_SD","Posterior_LB","Posterior_UB","prob"
-0.00595282149719908,0.0561246440318035,-0.14013306878596,0.122925931137863,0.53296518308702
