"Posterior_Mean","Posterior_SD","Posterior_LB","Posterior_UB","prob"
-0.0280846487281425,0.0513390612248309,-0.127044572614364,0.0877197880183579,0.719572101822616
