"Posterior_Mean","Posterior_SD","Posterior_LB","Posterior_UB","prob"
0.0435844251186447,0.0521983523200045,-0.0769775284001143,0.181815997668976,0.290069194094257
