"Posterior_Mean","Posterior_SD","Posterior_LB","Posterior_UB","prob"
-0.136180820119034,0.0537805246471719,-0.269562097388271,-0.0197551108492745,0.988996443538069
