"Posterior_Mean","Posterior_SD","Posterior_LB","Posterior_UB","prob"
0.0765932482464118,0.0582575336124238,-0.0436808842465138,0.19980094059307,0.115904156053557
