"Posterior_Mean","Posterior_SD","Posterior_LB","Posterior_UB","prob"
-0.0789807290220583,0.0659999273057515,-0.261206819928004,0.0610607207746457,0.832144850100098
