"","Posterior_Mean","Posterior_SD","Posterior_LB","Posterior_UB"
"1",0.0158868300023718,0.0435891318477763,-0.0694243453475846,0.0996411422019431
