"","Posterior_Mean","Posterior_SD","Posterior_LB","Posterior_UB"
"1",0.0425006545690182,0.041332355734504,-0.0355399612165814,0.126212295052144
