"Posterior_Mean","Posterior_SD","Posterior_LB","Posterior_UB","prob"
-0.0280330665709727,0.0519346306691357,-0.132319067850848,0.0921694788278115,0.701464173292011
