"Posterior_Mean","Posterior_SD","Posterior_LB","Posterior_UB","prob"
-0.11881857657538,0.0657584324509155,-0.250528815451239,0.0186383798010656,0.960458590981388
