"Posterior_Mean","Posterior_SD","Posterior_LB","Posterior_UB","prob"
0.0963241640433751,0.0598497038154468,-0.0301992334521785,0.223852300377373,0.0615237594632802
