"Posterior_Mean","Posterior_SD","Posterior_LB","Posterior_UB","prob"
-0.117415008781254,0.0596792820022002,-0.247387805602455,0.00452051586699038,0.971093410966115
