"Posterior_Mean","Posterior_SD","Posterior_LB","Posterior_UB","prob"
-0.13270269151277,0.0474974083744282,-0.239670226712448,0.00671628553616644,0.969060799619833
