"Posterior_Mean","Posterior_SD","Posterior_LB","Posterior_UB","prob"
0.0137279477463996,0.0621419169593375,-0.115808680520041,0.136272896942822,0.404423498656501
