"Posterior_Mean","Posterior_SD","Posterior_LB","Posterior_UB","prob"
-0.0237202301393378,0.0611031651415614,-0.143819652035232,0.120782332989916,0.651846229503256
