"Posterior_Mean","Posterior_SD","Posterior_LB","Posterior_UB","prob"
0.115885595900593,0.0603739608400767,-0.00496841812821967,0.258703833785747,0.0326492278974446
