"Posterior_Mean","Posterior_SD","Posterior_LB","Posterior_UB","prob"
-0.35050380501661,0.0532355213064556,-0.457750850279332,-0.231344576382158,0.999988544558761
