"Posterior_Mean","Posterior_SD","Posterior_LB","Posterior_UB","prob"
-0.311333213215877,0.0597304649572565,-0.429930146413391,-0.194069465305388,0.999966275161192
