"Posterior_Mean","Posterior_SD","Posterior_LB","Posterior_UB","prob"
-0.192260264094925,0.0520385709144197,-0.303227521216781,-0.0619379363707964,0.99599658951811
