"Posterior_Mean","Posterior_SD","Posterior_LB","Posterior_UB","prob"
-0.291663672686699,0.0614545721881661,-0.432271539730263,-0.113487713942407,0.998683733088145
