"Posterior_Mean","Posterior_SD","Posterior_LB","Posterior_UB","prob"
-0.326368369733456,0.056784790073715,-0.443131951037965,-0.204522532383789,1
