"Posterior_Mean","Posterior_SD","Posterior_LB","Posterior_UB","prob"
-0.279600363598216,0.0686698522273114,-0.442789074503709,-0.0801494381732031,0.996801860014091
