"Posterior_Mean","Posterior_SD","Posterior_LB","Posterior_UB","prob"
-0.294901168232315,0.0732608776858639,-0.496237477392236,-0.0886635593192239,0.998755447927433
