"Posterior_Mean","Posterior_SD","Posterior_LB","Posterior_UB","prob"
-0.126459118060015,0.0602709891644623,-0.276842147474596,0.022869863348279,0.945973396992794
