"Posterior_Mean","Posterior_SD","Posterior_LB","Posterior_UB","prob"
-0.373448504834131,0.0526461266474207,-0.486685874026946,-0.245332665685622,1
