"Posterior_Mean","Posterior_SD","Posterior_LB","Posterior_UB","prob"
-0.318477495745586,0.0685153467740652,-0.458484819282372,-0.165738330889042,1
