"Posterior_Mean","Posterior_SD","Posterior_LB","Posterior_UB","prob"
-0.267627122127366,0.0628294162280491,-0.412287756098657,-0.122920880538841,0.999121439952404
