"Posterior_Mean","Posterior_SD","Posterior_LB","Posterior_UB","prob"
-0.276836028812895,0.0554039745400865,-0.40271110057882,-0.108969739906332,0.997161339021858
