"Posterior_Mean","Posterior_SD","Posterior_LB","Posterior_UB","prob"
-0.0982563431413375,0.0757731266917212,-0.303428785614866,0.125376581303274,0.770064646485136
