"Posterior_Mean","Posterior_SD","Posterior_LB","Posterior_UB","prob"
-0.369894156259547,0.0542794317563053,-0.480077418901161,-0.215549926274805,0.999700396363776
