"Posterior_Mean","Posterior_SD","Posterior_LB","Posterior_UB","prob"
-0.300250600265826,0.062652833586119,-0.428932865121366,-0.172842486724478,0.999967772004709
