"Posterior_Mean","Posterior_SD","Posterior_LB","Posterior_UB","prob"
-0.381369239395497,0.0619534811070784,-0.504648864844159,-0.258993158365396,1
