"Posterior_Mean","Posterior_SD","Posterior_LB","Posterior_UB","prob"
-0.263799536542158,0.0676584994831828,-0.407529287125438,-0.128393265211574,1
