"Posterior_Mean","Posterior_SD","Posterior_LB","Posterior_UB","prob"
-0.291926301812019,0.0602928706731492,-0.430584072829896,-0.16656104934101,0.999990169308084
