"Posterior_Mean","Posterior_SD","Posterior_LB","Posterior_UB","prob"
-0.169168819551894,0.0711176486186151,-0.328849785244791,0.032241812668579,0.948462861602589
