"Posterior_Mean","Posterior_SD","Posterior_LB","Posterior_UB","prob"
-0.276285040167919,0.0594402477338005,-0.399085991932984,-0.160604557465887,0.99995214655977
