"Posterior_Mean","Posterior_SD","Posterior_LB","Posterior_UB","prob"
-0.151378428712217,0.0815616713262467,-0.351923332360856,0.0300193170696661,0.950117070120101
