"Posterior_Mean","Posterior_SD","Posterior_LB","Posterior_UB","prob"
-0.324231760282626,0.0706719323678549,-0.492142558032235,-0.0893980347952655,0.997829994517133
