"Posterior_Mean","Posterior_SD","Posterior_LB","Posterior_UB","prob"
-0.311906378583327,0.0536812431619447,-0.43240610166478,-0.133511368860716,0.997629440834038
