"Posterior_Mean","Posterior_SD","Posterior_LB","Posterior_UB","prob"
-0.377514489768015,0.0558664619877055,-0.509612006094202,-0.186198081532777,0.999646039962336
