"Posterior_Mean","Posterior_SD","Posterior_LB","Posterior_UB","prob"
-0.392486904644154,0.0501417764109102,-0.495503025219225,-0.265636626517698,0.999951200964279
