"Posterior_Mean","Posterior_SD","Posterior_LB","Posterior_UB","prob"
-0.337136824663881,0.0500219452551351,-0.442944092555081,-0.191103534152098,0.999809254702494
