"Posterior_Mean","Posterior_SD","Posterior_LB","Posterior_UB","prob"
-0.468590486303133,0.0512990134237693,-0.571332742635362,-0.354660210089058,1
