"Posterior_Mean","Posterior_SD","Posterior_LB","Posterior_UB","prob"
-0.397164802461407,0.0510325968663223,-0.496732666110415,-0.290315015182842,1
