"Posterior_Mean","Posterior_SD","Posterior_LB","Posterior_UB","prob"
-0.169254041881306,0.0812807204494194,-0.379843856455178,0.0283197944797732,0.949451334131256
