"Posterior_Mean","Posterior_SD","Posterior_LB","Posterior_UB","prob"
-0.237692435084052,0.0777212270904322,-0.400240642817843,-0.0563403557696408,0.996037277804409
