"Posterior_Mean","Posterior_SD","Posterior_LB","Posterior_UB","prob"
-0.327966027511973,0.0561197954943082,-0.45213023152054,-0.197705618126952,1
