"Posterior_Mean","Posterior_SD","Posterior_LB","Posterior_UB","prob"
-0.129882221664224,0.085781032869039,-0.335555119026768,0.0520205488220365,0.917867783706455
