"Posterior_Mean","Posterior_SD","Posterior_LB","Posterior_UB","prob"
-0.351211603186331,0.0524528964091799,-0.472263392733485,-0.21005268275222,0.99991400191429
