"Posterior_Mean","Posterior_SD","Posterior_LB","Posterior_UB","prob"
-0.238180932182063,0.0736488595366113,-0.408198614762599,-0.0179076155436838,0.983949774675176
