"Posterior_Mean","Posterior_SD","Posterior_LB","Posterior_UB","prob"
-0.0936661221969031,0.091114211613471,-0.275439692210276,0.0881388532251558,0.84273095521965
