"Posterior_Mean","Posterior_SD","Posterior_LB","Posterior_UB","prob"
-0.205880657485633,0.0770197453407988,-0.433797889210232,0.0114434987655958,0.969003672993649
