"Posterior_Mean","Posterior_SD","Posterior_LB","Posterior_UB","prob"
-0.353652475648803,0.0508356079908615,-0.452820407325208,-0.252834254440774,1
