"Posterior_Mean","Posterior_SD","Posterior_LB","Posterior_UB","prob"
-0.31173988201043,0.0539660638254825,-0.430006741617512,-0.157781727035618,0.99979415688151
