"Posterior_Mean","Posterior_SD","Posterior_LB","Posterior_UB","prob"
-0.234123541159565,0.0594989386052391,-0.3660360313028,-0.107594036029431,0.999841631905689
