"Posterior_Mean","Posterior_SD","Posterior_LB","Posterior_UB","prob"
-0.246651516434247,0.0614144874494354,-0.374654280622153,-0.119200405672039,1
