"Posterior_Mean","Posterior_SD","Posterior_LB","Posterior_UB","prob"
-0.253818239254937,0.078283620140306,-0.424108936622629,-0.0631935685764353,0.997331562011357
