"Posterior_Mean","Posterior_SD","Posterior_LB","Posterior_UB","prob"
-0.344457669106941,0.0528920266284004,-0.454496295702971,-0.105489125472312,0.997006563194361
