"Posterior_Mean","Posterior_SD","Posterior_LB","Posterior_UB","prob"
-0.252457375945742,0.0664879405246586,-0.416231567217183,-0.108146480815205,0.999539610569441
