"Posterior_Mean","Posterior_SD","Posterior_LB","Posterior_UB","prob"
-0.285243348828789,0.0606775703376156,-0.443816836912649,-0.149384914604273,0.999868151124041
