"Posterior_Mean","Posterior_SD","Posterior_LB","Posterior_UB","prob"
-0.188633899273554,0.0580284914756763,-0.336643400175018,-0.0492637432418864,0.995039608825671
