"Posterior_Mean","Posterior_SD","Posterior_LB","Posterior_UB","prob"
-0.171179601926753,0.0648361255960872,-0.303825801344019,-0.00396790709063838,0.976323362646101
