"Posterior_Mean","Posterior_SD","Posterior_LB","Posterior_UB","prob"
-0.024089236859199,0.0853656312054809,-0.220350028397533,0.157861151506555,0.591162287783361
