"Posterior_Mean","Posterior_SD","Posterior_LB","Posterior_UB","prob"
-0.343609697765098,0.0611306564954493,-0.463530945421046,-0.219459936967086,0.99998395738586
