"Posterior_Mean","Posterior_SD","Posterior_LB","Posterior_UB","prob"
-0.208311368109484,0.0678295239526986,-0.370760291366703,0.0319084707417632,0.95193709299009
