"Posterior_Mean","Posterior_SD","Posterior_LB","Posterior_UB","prob"
-0.387974021654824,0.0523173785894277,-0.492116552878872,-0.261342675527624,1
