"Posterior_Mean","Posterior_SD","Posterior_LB","Posterior_UB","prob"
-0.31068545939705,0.0731191351145761,-0.458507729439331,-0.154519924083075,0.999789996796501
