"Posterior_Mean","Posterior_SD","Posterior_LB","Posterior_UB","prob"
-0.378305093458648,0.0501979545523734,-0.483601755685376,-0.268402912821052,0.999987308548951
