"Posterior_Mean","Posterior_SD","Posterior_LB","Posterior_UB","prob"
-0.464860230377897,0.0589198749423054,-0.581913069351366,-0.323387869144419,1
