"Posterior_Mean","Posterior_SD","Posterior_LB","Posterior_UB","prob"
-0.314053196793693,0.0581820724285059,-0.431618331720364,-0.192216267647195,0.999987324122793
