"Posterior_Mean","Posterior_SD","Posterior_LB","Posterior_UB","prob"
-0.266676597814991,0.0700028180546502,-0.417324038917771,-0.0691285207231405,0.996631565050156
