"Posterior_Mean","Posterior_SD","Posterior_LB","Posterior_UB","prob"
-0.149671269444809,0.0786750555742134,-0.330304085861029,0.042146747453255,0.938291205900666
