"Posterior_Mean","Posterior_SD","Posterior_LB","Posterior_UB","prob"
-0.249644712290206,0.0682035477523796,-0.391088602088523,-0.103383062187881,0.998208758852364
