"Posterior_Mean","Posterior_SD","Posterior_LB","Posterior_UB","prob"
-0.206982698995341,0.0612816527913462,-0.342350511125107,-0.0129820494554253,0.980503650506889
