"Posterior_Mean","Posterior_SD","Posterior_LB","Posterior_UB","prob"
-0.180258632963932,0.0619207770188897,-0.333800328714482,-0.0346487973212219,0.993017468363784
