"Posterior_Mean","Posterior_SD","Posterior_LB","Posterior_UB","prob"
-0.0537194424071652,0.0839503340252313,-0.248967287076086,0.131858360097599,0.70309651311348
