"Posterior_Mean","Posterior_SD","Posterior_LB","Posterior_UB","prob"
-0.269496304092523,0.0832244308695058,-0.442045828386133,-0.103201057013224,1
