"Posterior_Mean","Posterior_SD","Posterior_LB","Posterior_UB","prob"
-0.152029535367783,0.05928844748177,-0.271558572341773,-0.0340306069781844,0.99146593752675
