"Posterior_Mean","Posterior_SD","Posterior_LB","Posterior_UB","prob"
-0.258830311556595,0.0604693216386391,-0.384212103375829,-0.13903795808778,0.999027277769047
