"Posterior_Mean","Posterior_SD","Posterior_LB","Posterior_UB","prob"
-0.288904384902423,0.0555523663594282,-0.415498021507912,-0.0381990181392963,0.987772879823112
