"Posterior_Mean","Posterior_SD","Posterior_LB","Posterior_UB","prob"
-0.346729561729182,0.05662343031605,-0.457780164598979,-0.222795529960742,0.999990709031699
