"Posterior_Mean","Posterior_SD","Posterior_LB","Posterior_UB","prob"
-0.153765503782044,0.0838700554675955,-0.37387874031487,0.0470163992225951,0.93070868361536
