"Posterior_Mean","Posterior_SD","Posterior_LB","Posterior_UB","prob"
-0.280550406418034,0.0704184860560255,-0.424179406263394,-0.11603743638002,0.999779463420013
