"Posterior_Mean","Posterior_SD","Posterior_LB","Posterior_UB","prob"
-0.431574789571252,0.044151576847179,-0.520226111893391,-0.310782107551945,1
