"Posterior_Mean","Posterior_SD","Posterior_LB","Posterior_UB","prob"
-0.310497199841402,0.0703431613276391,-0.458192868476969,-0.151791070345451,1
