"Posterior_Mean","Posterior_SD","Posterior_LB","Posterior_UB","prob"
-0.0891962477023111,0.084538897340232,-0.267632301313937,0.0826427306286368,0.851878808373944
