"Posterior_Mean","Posterior_SD","Posterior_LB","Posterior_UB","prob"
-0.196473386862434,0.079711422440958,-0.370259390455301,-0.0216506704399543,0.98214105156043
