"Posterior_Mean","Posterior_SD","Posterior_LB","Posterior_UB","prob"
-0.298566684455146,0.0651212177698032,-0.437953102187224,-0.168222170618711,0.999997410224074
