"Posterior_Mean","Posterior_SD","Posterior_LB","Posterior_UB","prob"
-0.405112114352991,0.0531439368948957,-0.509226838565101,-0.29644478430118,1
