"Posterior_Mean","Posterior_SD","Posterior_LB","Posterior_UB","prob"
-0.269586645565636,0.0659325372115708,-0.403201123757669,-0.137351194102236,0.999726328435321
