"Posterior_Mean","Posterior_SD","Posterior_LB","Posterior_UB","prob"
-0.369177470668842,0.0711443367451983,-0.530889519397498,-0.129747186955003,0.999250340253407
