"Posterior_Mean","Posterior_SD","Posterior_LB","Posterior_UB","prob"
-0.263338747845643,0.0674322272898153,-0.39428429233014,-0.108347229864204,0.997797778736619
