"Posterior_Mean","Posterior_SD","Posterior_LB","Posterior_UB","prob"
-0.14002555246797,0.0692248077314477,-0.28610514180888,0.0830097443207972,0.925946358392089
