"Posterior_Mean","Posterior_SD","Posterior_LB","Posterior_UB","prob"
-0.353490807991261,0.0558067851588481,-0.468524911088226,-0.212667691381827,0.999993385277643
