"Posterior_Mean","Posterior_SD","Posterior_LB","Posterior_UB","prob"
-0.250354282327656,0.0680774225462914,-0.384568787423552,-0.0721956846991847,0.993210957303487
