"Posterior_Mean","Posterior_SD","Posterior_LB","Posterior_UB","prob"
-0.170632767225876,0.0915945781381574,-0.35556629882697,0.00696709836835191,0.969666666666667
