"Posterior_Mean","Posterior_SD","Posterior_LB","Posterior_UB","prob"
-0.364050752463552,0.0536273511659443,-0.480894146138612,-0.239778782096279,0.999999858685153
