"Posterior_Mean","Posterior_SD","Posterior_LB","Posterior_UB","prob"
-0.221551566186527,0.0807080739890982,-0.396231575319147,-0.00134938795199414,0.976341884127081
