"Posterior_Mean","Posterior_SD","Posterior_LB","Posterior_UB","prob"
-0.272095233994731,0.061797876975024,-0.400315352293676,-0.0725991632139155,0.994858397064124
