"Posterior_Mean","Posterior_SD","Posterior_LB","Posterior_UB","prob"
-0.332939192728753,0.0548932858943663,-0.446124556952672,-0.211024288484664,0.999980276692123
