"Posterior_Mean","Posterior_SD","Posterior_LB","Posterior_UB","prob"
-0.248762644717041,0.0639450654543918,-0.376188688982103,-0.12264665562568,0.999909799165693
