"Posterior_Mean","Posterior_SD","Posterior_LB","Posterior_UB","prob"
-0.432268803513887,0.0591458591896096,-0.570620380274995,-0.247645284996211,0.999959670687149
