"Posterior_Mean","Posterior_SD","Posterior_LB","Posterior_UB","prob"
-0.273236337584027,0.0679958004272986,-0.407874894988581,-0.101640875659264,0.996330920471596
