"Posterior_Mean","Posterior_SD","Posterior_LB","Posterior_UB","prob"
-0.339592819459261,0.06361695530105,-0.522879703149203,-0.0513561941600652,0.993169315079469
