"Posterior_Mean","Posterior_SD","Posterior_LB","Posterior_UB","prob"
-0.268815418572957,0.0680512082647143,-0.402399981556121,-0.116012783398,0.998538621879081
