"Posterior_Mean","Posterior_SD","Posterior_LB","Posterior_UB","prob"
-0.506787096716716,0.061480476255435,-0.634585182340102,-0.335331993542442,1
