"Posterior_Mean","Posterior_SD","Posterior_LB","Posterior_UB","prob"
-0.240601150729997,0.0788111187692335,-0.448580304529182,0.0203972400678828,0.964423867280517
