"Posterior_Mean","Posterior_SD","Posterior_LB","Posterior_UB","prob"
-0.218180612523567,0.0926900287449221,-0.402531543943525,-0.0382326843009963,0.991833333333333
