"Posterior_Mean","Posterior_SD","Posterior_LB","Posterior_UB","prob"
-0.313597566505397,0.0544603012159025,-0.427774374548886,-0.182250289417463,0.999995429094424
