"Posterior_Mean","Posterior_SD","Posterior_LB","Posterior_UB","prob"
-0.336792526312601,0.0533222534446777,-0.440714029771033,-0.226314736201937,0.99999919873303
