"Posterior_Mean","Posterior_SD","Posterior_LB","Posterior_UB","prob"
-0.269954711972059,0.0569932980318458,-0.403726833259077,-0.097797646524115,0.999236878339735
