"Posterior_Mean","Posterior_SD","Posterior_LB","Posterior_UB","prob"
-0.304662157731138,0.070160869537682,-0.454018431346125,-0.0904231350038948,0.997049374898746
