"Posterior_Mean","Posterior_SD","Posterior_LB","Posterior_UB","prob"
-0.302630076733073,0.0511431330458362,-0.408043509694243,-0.202388538264467,0.999999472391423
