"Posterior_Mean","Posterior_SD","Posterior_LB","Posterior_UB","prob"
-0.172765204226336,0.0926544371033444,-0.351764679105966,0.0070425545922095,0.9715
