"Posterior_Mean","Posterior_SD","Posterior_LB","Posterior_UB","prob"
-0.298318918636348,0.0859761041614549,-0.47033599341066,-0.118519175303979,0.999656537663092
