"Posterior_Mean","Posterior_SD","Posterior_LB","Posterior_UB","prob"
-0.304088330240666,0.0702972385263535,-0.453073708323188,-0.0853223598091321,0.99666746574889
