"Posterior_Mean","Posterior_SD","Posterior_LB","Posterior_UB","prob"
-0.358388520538357,0.0512301881024635,-0.462934303671359,-0.24677135582721,0.99999738793794
