"Posterior_Mean","Posterior_SD","Posterior_LB","Posterior_UB","prob"
-0.185137538698601,0.0940449231854864,-0.367946975321959,-0.00336360622330178,0.976666666666667
