"Posterior_Mean","Posterior_SD","Posterior_LB","Posterior_UB","prob"
-0.310707978475149,0.0697496799858964,-0.446065855089671,-0.167669732934691,0.999759042602661
