"Posterior_Mean","Posterior_SD","Posterior_LB","Posterior_UB","prob"
-0.267301912809962,0.0975872361881268,-0.457766455085394,-0.0794417711555277,0.996166666666667
