"Posterior_Mean","Posterior_SD","Posterior_LB","Posterior_UB","prob"
-0.373493506418284,0.0527235493087913,-0.487259449637862,-0.231980281569496,0.999949271005713
