"Posterior_Mean","Posterior_SD","Posterior_LB","Posterior_UB","prob"
-0.264047233132328,0.0660004364945161,-0.397512510571069,-0.123360571290959,0.998579646903943
