"Posterior_Mean","Posterior_SD","Posterior_LB","Posterior_UB","prob"
-0.373415216974589,0.0552620966474046,-0.516524506681379,-0.239650971599244,0.999980296599794
