"Posterior_Mean","Posterior_SD","Posterior_LB","Posterior_UB","prob"
-0.333531973487497,0.0670403690028479,-0.464631357390367,-0.200521638510481,0.999987500527672
