"Posterior_Mean","Posterior_SD","Posterior_LB","Posterior_UB","prob"
-0.372725618566326,0.0466549437647083,-0.467320039643712,-0.26852139279742,0.99998787652281
