"Posterior_Mean","Posterior_SD","Posterior_LB","Posterior_UB","prob"
-0.237964547832263,0.0649587006103936,-0.365168295687964,-0.11033067701858,0.999310040145305
