"Posterior_Mean","Posterior_SD","Posterior_LB","Posterior_UB","prob"
-0.1947752474127,0.0747615930849924,-0.397575546998063,0.0529337825392647,0.931582941489383
