"Posterior_Mean","Posterior_SD","Posterior_LB","Posterior_UB","prob"
-0.29921197682258,0.0695846769760351,-0.434836039435766,-0.159393767063719,0.999842703442632
