"Posterior_Mean","Posterior_SD","Posterior_LB","Posterior_UB","prob"
-0.420666104202424,0.0526065372655339,-0.523372321302689,-0.308698410106583,0.999998096089397
