"Posterior_Mean","Posterior_SD","Posterior_LB","Posterior_UB","prob"
-0.349791001053041,0.0506862678628232,-0.465359519742838,-0.209522361903929,0.99986048723816
