"Posterior_Mean","Posterior_SD","Posterior_LB","Posterior_UB","prob"
-0.24244181514684,0.0670737136237702,-0.380678724273579,-0.107694484481394,0.99948577318905
