"Posterior_Mean","Posterior_SD","Posterior_LB","Posterior_UB","prob"
-0.431619699824071,0.0496703277048029,-0.561586184388495,-0.296569760937784,0.999999984873031
