"Posterior_Mean","Posterior_SD","Posterior_LB","Posterior_UB","prob"
-0.340750095391165,0.0540379526388668,-0.447682656849491,-0.226009433432066,0.999970028502696
