"Posterior_Mean","Posterior_SD","Posterior_LB","Posterior_UB","prob"
-0.407051738874438,0.0556328593570385,-0.52010204894402,-0.284917396357759,0.999942183534905
