"Posterior_Mean","Posterior_SD","Posterior_LB","Posterior_UB","prob"
-0.269236797741016,0.065513588129575,-0.430997057366554,-0.116091648616304,0.999673484944999
