"Posterior_Mean","Posterior_SD","Posterior_LB","Posterior_UB","prob"
-0.283924099206462,0.0650571898206822,-0.429644304652465,-0.153966805463316,1
