"Posterior_Mean","Posterior_SD","Posterior_LB","Posterior_UB","prob"
-0.303235185078085,0.0611560443218304,-0.43278652314566,-0.151366018995725,0.999121546525003
