"Posterior_Mean","Posterior_SD","Posterior_LB","Posterior_UB","prob"
-0.38353730389675,0.0547642537805064,-0.49565735484988,-0.256332405998471,0.999970204518444
