"Posterior_Mean","Posterior_SD","Posterior_LB","Posterior_UB","prob"
-0.399533129772943,0.0608727244491308,-0.53413248373145,-0.207919356769707,0.999889354141845
