"Posterior_Mean","Posterior_SD","Posterior_LB","Posterior_UB","prob"
-0.327819706398302,0.0501686657189934,-0.450516101489516,-0.209293972283126,0.999998008188298
