"Posterior_Mean","Posterior_SD","Posterior_LB","Posterior_UB","prob"
-0.357710155940507,0.0659572638716753,-0.487153659255462,-0.228427543750724,1
