"Posterior_Mean","Posterior_SD","Posterior_LB","Posterior_UB","prob"
-0.235109028718615,0.0663872179099624,-0.373114070652252,-0.0995115400318834,0.999300051166428
