"Posterior_Mean","Posterior_SD","Posterior_LB","Posterior_UB","prob"
-0.394458845454598,0.0522393220348858,-0.512025759322832,-0.281986629427995,1
