"Posterior_Mean","Posterior_SD","Posterior_LB","Posterior_UB","prob"
-0.2843793871781,0.0680981086840591,-0.416494460943636,-0.148902239029769,0.999943559852486
