"Posterior_Mean","Posterior_SD","Posterior_LB","Posterior_UB","prob"
-0.316651450043436,0.0535367201736072,-0.421922869890864,-0.207862548321284,0.999959305366722
