"Posterior_Mean","Posterior_SD","Posterior_LB","Posterior_UB","prob"
-0.265793203756961,0.0753350079377703,-0.41241887978959,-0.0907484722354973,0.997246162883328
