"Posterior_Mean","Posterior_SD","Posterior_LB","Posterior_UB","prob"
-0.381339340462899,0.0553955552190776,-0.487897576725232,-0.264777794918075,0.999972539264443
