"Posterior_Mean","Posterior_SD","Posterior_LB","Posterior_UB","prob"
-0.256442779162148,0.0714598778471318,-0.400609831243878,-0.0583367115156698,0.993254696619034
