"Posterior_Mean","Posterior_SD","Posterior_LB","Posterior_UB","prob"
-0.278191799815156,0.0762234151375288,-0.438743222876637,-0.0632811835718116,0.994780814044621
