"Posterior_Mean","Posterior_SD","Posterior_LB","Posterior_UB","prob"
-0.26907328509929,0.0867741341111053,-0.438775218573711,-0.0920134284781514,0.998815832121153
