"Posterior_Mean","Posterior_SD","Posterior_LB","Posterior_UB","prob"
-0.116083773990988,0.0927887838888344,-0.298449224717188,0.0669123633480692,0.894166666666667
