"Posterior_Mean","Posterior_SD","Posterior_LB","Posterior_UB","prob"
-0.523827072360114,0.0489176186574223,-0.62748904363585,-0.403071806402272,0.99999926071053
