"Posterior_Mean","Posterior_SD","Posterior_LB","Posterior_UB","prob"
-0.404013720596443,0.0492721522030581,-0.506620927686842,-0.270298867472769,1
