"Posterior_Mean","Posterior_SD","Posterior_LB","Posterior_UB","prob"
-0.444347192175367,0.0455911831391158,-0.532543267974249,-0.351952749997514,1
