"Posterior_Mean","Posterior_SD","Posterior_LB","Posterior_UB","prob"
-0.165607539934407,0.0939859762162054,-0.355637707696796,0.0169868138820528,0.962574314939011
