"Posterior_Mean","Posterior_SD","Posterior_LB","Posterior_UB","prob"
-0.370148980282177,0.0525065196281813,-0.497888481958707,-0.257967062111697,0.999999963642463
