"Posterior_Mean","Posterior_SD","Posterior_LB","Posterior_UB","prob"
-0.304106597035056,0.0599311436689944,-0.425740649068351,-0.179652995440884,0.999986424365198
