"Posterior_Mean","Posterior_SD","Posterior_LB","Posterior_UB","prob"
-0.32357426515436,0.0546762711569564,-0.453449824129376,-0.210976297865048,0.999999528528709
