"Posterior_Mean","Posterior_SD","Posterior_LB","Posterior_UB","prob"
-0.246338743678221,0.0927312383167718,-0.428259242818315,-0.0643857924173228,0.992526958257729
