"Posterior_Mean","Posterior_SD","Posterior_LB","Posterior_UB","prob"
-0.31127992709964,0.0679213697461681,-0.441163742192012,-0.177727929327041,0.999959608927948
