"Posterior_Mean","Posterior_SD","Posterior_LB","Posterior_UB","prob"
-0.402200098069812,0.0539523756241948,-0.509667334804633,-0.295525641522124,0.999999970428853
