"Posterior_Mean","Posterior_SD","Posterior_LB","Posterior_UB","prob"
-0.236956895568116,0.09294783563092,-0.417640430564571,-0.0564436866932808,0.994666666666667
