"Posterior_Mean","Posterior_SD","Posterior_LB","Posterior_UB","prob"
-0.378252357310227,0.0545589342449759,-0.496838735950649,-0.224193941848925,0.999999009457344
