"Posterior_Mean","Posterior_SD","Posterior_LB","Posterior_UB","prob"
-0.450597711845428,0.0475102214387586,-0.543823568063028,-0.355116362312564,1
