"Posterior_Mean","Posterior_SD","Posterior_LB","Posterior_UB","prob"
-0.386399564751089,0.0681911306603446,-0.570627260645178,-0.103549292704201,0.998311580525467
