"Posterior_Mean","Posterior_SD","Posterior_LB","Posterior_UB","prob"
-0.165071672736704,0.0745308844428097,-0.349442725841755,0.0656649356162491,0.911800732274177
