"Posterior_Mean","Posterior_SD","Posterior_LB","Posterior_UB","prob"
-0.401902850236193,0.0563787780922588,-0.518802585155965,-0.216689289934803,0.999684250303484
