"Posterior_Mean","Posterior_SD","Posterior_LB","Posterior_UB","prob"
-0.304956690752648,0.0558075678310616,-0.414242508783773,-0.181450699682209,0.999921839994161
