"Posterior_Mean","Posterior_SD","Posterior_LB","Posterior_UB","prob"
-0.261152131127448,0.074246690293186,-0.423951149756546,-0.0429343910332328,0.989708346639556
