"Posterior_Mean","Posterior_SD","Posterior_LB","Posterior_UB","prob"
-0.256177848062743,0.0737587770579611,-0.415946189701153,-0.0505051647236254,0.991948249500288
