"Posterior_Mean","Posterior_SD","Posterior_LB","Posterior_UB","prob"
-0.341681403926167,0.06923018654712,-0.520405607944489,-0.0862296960891752,0.996907149349
