"Posterior_Mean","Posterior_SD","Posterior_LB","Posterior_UB","prob"
-0.411974805278433,0.0559625305201072,-0.521098278693471,-0.277574786046527,0.999999318735737
