"Posterior_Mean","Posterior_SD","Posterior_LB","Posterior_UB","prob"
-0.409129623684089,0.0627484413565597,-0.55190389077957,-0.26374326224427,1
