"Posterior_Mean","Posterior_SD","Posterior_LB","Posterior_UB","prob"
-0.406875990141903,0.0516257604732494,-0.529114957954475,-0.29240265825708,1
