"Posterior_Mean","Posterior_SD","Posterior_LB","Posterior_UB","prob"
-0.291155688154608,0.0676960115512425,-0.427226693227092,-0.132865529959712,0.998206372626313
