"Posterior_Mean","Posterior_SD","Posterior_LB","Posterior_UB","prob"
-0.383113306162622,0.0542433530440591,-0.486881987293174,-0.276774407300491,1
