"Posterior_Mean","Posterior_SD","Posterior_LB","Posterior_UB","prob"
-0.305902158710686,0.0757985077822158,-0.471901157769706,-0.0719852803347689,0.99568219807673
