"Posterior_Mean","Posterior_SD","Posterior_LB","Posterior_UB","prob"
-0.30395110038918,0.0691258946001629,-0.44130843148813,-0.165791542706244,0.999968622122118
