"Posterior_Mean","Posterior_SD","Posterior_LB","Posterior_UB","prob"
-0.455275047245602,0.05416030667121,-0.591024452943955,-0.306242190239876,1
