"Posterior_Mean","Posterior_SD","Posterior_LB","Posterior_UB","prob"
-0.244074997590257,0.0872935562365778,-0.453227668608489,-0.0452713922882438,0.993533095673207
