"Posterior_Mean","Posterior_SD","Posterior_LB","Posterior_UB","prob"
-0.335252512015447,0.0521506799093058,-0.443597107998759,-0.224524257876746,0.999999854637159
