"Posterior_Mean","Posterior_SD","Posterior_LB","Posterior_UB","prob"
-0.106043735038161,0.0941022694085248,-0.29416147701732,0.0731233614800798,0.871166666666667
