"Posterior_Mean","Posterior_SD","Posterior_LB","Posterior_UB","prob"
-0.22645031099667,0.0664485160379662,-0.383653242263551,0.0282814132578364,0.956799389886293
