"Posterior_Mean","Posterior_SD","Posterior_LB","Posterior_UB","prob"
-0.235853771563108,0.065256660227402,-0.367728778139712,-0.107032289671457,0.999796737326364
