"Posterior_Mean","Posterior_SD","Posterior_LB","Posterior_UB","prob"
-0.280552643150772,0.0549651429754102,-0.391301093869015,-0.157212341266761,0.999389126481872
