"Posterior_Mean","Posterior_SD","Posterior_LB","Posterior_UB","prob"
-0.364991210047138,0.0551231273422799,-0.475506188541786,-0.254045093784551,0.99999952451341
