"Posterior_Mean","Posterior_SD","Posterior_LB","Posterior_UB","prob"
-0.35942731308102,0.0545370782011758,-0.514168075393299,-0.199552295512584,0.999998272602951
