"Posterior_Mean","Posterior_SD","Posterior_LB","Posterior_UB","prob"
-0.340242375469091,0.0657683494149723,-0.470456492037086,-0.210011696864239,0.999971489766762
