"Posterior_Mean","Posterior_SD","Posterior_LB","Posterior_UB","prob"
-0.0833115895723216,0.0929872948700087,-0.266609646620259,0.100786817705893,0.8165
