"Posterior_Mean","Posterior_SD","Posterior_LB","Posterior_UB","prob"
-0.267848204552481,0.0664743177753606,-0.397827396054194,-0.119599746628026,0.997677303532274
