"Posterior_Mean","Posterior_SD","Posterior_LB","Posterior_UB","prob"
-0.332132721652128,0.0793931239085157,-0.493713751079623,-0.155823440668253,1
