"Posterior_Mean","Posterior_SD","Posterior_LB","Posterior_UB","prob"
-0.157559990061161,0.0880440209396,-0.331307310646574,0.0179870812338112,0.959137705186941
