"Posterior_Mean","Posterior_SD","Posterior_LB","Posterior_UB","prob"
-0.100064063130548,0.0633333583935176,-0.230276535938788,0.0265951227988669,0.943893312953132
