"Posterior_Mean","Posterior_SD","Posterior_LB","Posterior_UB","prob"
-0.320345460239068,0.057070670207961,-0.434235382891178,-0.180318130783308,0.999593201826218
