"Posterior_Mean","Posterior_SD","Posterior_LB","Posterior_UB","prob"
-0.35350254163276,0.0536284880737438,-0.457677926839658,-0.241354458099416,0.9999935480765
