"Posterior_Mean","Posterior_SD","Posterior_LB","Posterior_UB","prob"
-0.373700561994324,0.0581703613053032,-0.48965089974179,-0.215407397156474,0.999723456460293
