"Posterior_Mean","Posterior_SD","Posterior_LB","Posterior_UB","prob"
-0.203869483926373,0.0692099254511651,-0.342084153864315,-0.0421463435909173,0.989575298358438
