"Posterior_Mean","Posterior_SD","Posterior_LB","Posterior_UB","prob"
-0.286888915502814,0.0655714756991563,-0.414108734367167,-0.155958874306129,0.999979779978886
