"Posterior_Mean","Posterior_SD","Posterior_LB","Posterior_UB","prob"
-0.382204160973729,0.0629923625632461,-0.514523634551717,-0.244588006217887,0.999990554735854
