"Posterior_Mean","Posterior_SD","Posterior_LB","Posterior_UB","prob"
-0.265754353959875,0.0557936972350834,-0.378835243594603,-0.140761418651555,0.999739841488315
