"Posterior_Mean","Posterior_SD","Posterior_LB","Posterior_UB","prob"
-0.309968963753001,0.0547678562159203,-0.419885464055571,-0.196063990744011,0.999977038751692
