"Posterior_Mean","Posterior_SD","Posterior_LB","Posterior_UB","prob"
-0.319260856813772,0.0617219934232389,-0.459046705081705,-0.174305571820713,0.999970163392165
