"Posterior_Mean","Posterior_SD","Posterior_LB","Posterior_UB","prob"
-0.258930092928715,0.0544827694828478,-0.366307351052339,-0.148735239214199,0.999996116223584
