"Posterior_Mean","Posterior_SD","Posterior_LB","Posterior_UB","prob"
-0.337554368342112,0.084070981796995,-0.509286976170756,-0.159016639733591,1
