"Posterior_Mean","Posterior_SD","Posterior_LB","Posterior_UB","prob"
-0.252524581113243,0.0896023935032131,-0.434583632972467,-0.0665986367025807,0.995553829013183
