"Posterior_Mean","Posterior_SD","Posterior_LB","Posterior_UB","prob"
-0.281520434103652,0.0525904284098344,-0.383629406948515,-0.174201452047355,0.999999955954309
