"Posterior_Mean","Posterior_SD","Posterior_LB","Posterior_UB","prob"
-0.30344594437539,0.0620662365625483,-0.429784908144662,-0.160549859479283,0.999991791784971
