"Posterior_Mean","Posterior_SD","Posterior_LB","Posterior_UB","prob"
-0.419407517216064,0.0543294798471764,-0.555898119952415,-0.262360208572136,0.999999550622391
