"Posterior_Mean","Posterior_SD","Posterior_LB","Posterior_UB","prob"
-0.219725624696772,0.0947591027006704,-0.405894238019542,-0.0289887556903683,0.989833333333333
