"Posterior_Mean","Posterior_SD","Posterior_LB","Posterior_UB","prob"
-0.361181476641472,0.0565106914701694,-0.475519351560118,-0.216260296277928,0.999901304049582
