"Posterior_Mean","Posterior_SD","Posterior_LB","Posterior_UB","prob"
-0.232385529723029,0.0725613124023615,-0.391748557561532,-0.0910649814154138,0.998690324902141
