"Posterior_Mean","Posterior_SD","Posterior_LB","Posterior_UB","prob"
-0.176757327651311,0.0886844780079163,-0.355160787783066,0.00868106495602455,0.968769250022882
