"Posterior_Mean","Posterior_SD","Posterior_LB","Posterior_UB","prob"
-0.218492235881544,0.0706784582440222,-0.370560701521786,0.00810190244554649,0.970487335920987
