"Posterior_Mean","Posterior_SD","Posterior_LB","Posterior_UB","prob"
-0.165572481831755,0.0952742200621234,-0.355337453315639,0.0186915162542104,0.959666666666667
