"Posterior_Mean","Posterior_SD","Posterior_LB","Posterior_UB","prob"
-0.340745001049449,0.0540262525851642,-0.453572157526727,-0.223955090493808,0.999988199565315
