"Posterior_Mean","Posterior_SD","Posterior_LB","Posterior_UB","prob"
-0.295872829296757,0.0599235812260042,-0.425752294880986,-0.0419216257035717,0.988502716494941
