"Posterior_Mean","Posterior_SD","Posterior_LB","Posterior_UB","prob"
-0.306556797492273,0.0533826281398198,-0.41081222581687,-0.200391797657565,0.999996705373942
