"Posterior_Mean","Posterior_SD","Posterior_LB","Posterior_UB","prob"
-0.335699155017603,0.0618311361247558,-0.461281423026218,-0.172538111152866,0.999643756596006
