"Posterior_Mean","Posterior_SD","Posterior_LB","Posterior_UB","prob"
-0.240041538611006,0.0570697164704749,-0.356923436143589,-0.106769187318691,0.999311106128581
