"Posterior_Mean","Posterior_SD","Posterior_LB","Posterior_UB","prob"
-0.310614376428928,0.0774424874021871,-0.511520864477163,-0.0937181310230403,0.998144114465538
