"Posterior_Mean","Posterior_SD","Posterior_LB","Posterior_UB","prob"
-0.42378026808389,0.0548950081674192,-0.531077682244484,-0.310981020975519,1
