"Posterior_Mean","Posterior_SD","Posterior_LB","Posterior_UB","prob"
-0.362429238455085,0.072383699694211,-0.521810866460882,-0.175458349398115,0.999543520054468
