"Posterior_Mean","Posterior_SD","Posterior_LB","Posterior_UB","prob"
-0.268015831603608,0.0644466744969398,-0.39777575782775,-0.141301079440303,0.999990491028219
