"Posterior_Mean","Posterior_SD","Posterior_LB","Posterior_UB","prob"
-0.359881186265877,0.0666880456363697,-0.494113216879258,-0.231270090414342,0.999989967997356
