"Posterior_Mean","Posterior_SD","Posterior_LB","Posterior_UB","prob"
-0.402637561675894,0.0538630570924638,-0.509951141647882,-0.294936045244052,0.999999586987247
