"Posterior_Mean","Posterior_SD","Posterior_LB","Posterior_UB","prob"
-0.319116864008042,0.0522718174047988,-0.421653542135915,-0.210023936280166,0.999997725396255
