"Posterior_Mean","Posterior_SD","Posterior_LB","Posterior_UB","prob"
-0.0788366678001154,0.0955013584746503,-0.258561999457844,0.107277949567977,0.796021760193811
