"Posterior_Mean","Posterior_SD","Posterior_LB","Posterior_UB","prob"
-0.387209544997292,0.0499664826268927,-0.492588035308599,-0.282736449841668,1
