"Posterior_Mean","Posterior_SD","Posterior_LB","Posterior_UB","prob"
-0.35566238440383,0.0650126379486646,-0.489554595972591,-0.211690613709667,0.999999891460398
