"Posterior_Mean","Posterior_SD","Posterior_LB","Posterior_UB","prob"
-0.250444988296972,0.065696308680454,-0.376591715989345,-0.116566487247433,0.999001889867656
