"Posterior_Mean","Posterior_SD","Posterior_LB","Posterior_UB","prob"
-0.384879605344575,0.0553135767295112,-0.498726211348312,-0.259822467898765,0.999997626828253
