"Posterior_Mean","Posterior_SD","Posterior_LB","Posterior_UB","prob"
-0.390840293172515,0.0552066431080309,-0.501898020435909,-0.278227248604289,0.999999895282521
