"Posterior_Mean","Posterior_SD","Posterior_LB","Posterior_UB","prob"
-0.187102077010211,0.0679154188850091,-0.325279558502257,-0.0521878992177689,0.996599970018932
