"Posterior_Mean","Posterior_SD","Posterior_LB","Posterior_UB","prob"
-0.203183589392046,0.0599605819368025,-0.335878495930871,0.00876944199189517,0.971409195949545
