"Posterior_Mean","Posterior_SD","Posterior_LB","Posterior_UB","prob"
-0.23349847555373,0.0936448100133762,-0.41258988071879,-0.0506965861742789,0.9945
