"Posterior_Mean","Posterior_SD","Posterior_LB","Posterior_UB","prob"
-0.401093656505002,0.053001076384851,-0.503588685046439,-0.294870451631047,0.999999452953446
