"Posterior_Mean","Posterior_SD","Posterior_LB","Posterior_UB","prob"
-0.319947497462292,0.0677980688065462,-0.454348853750016,-0.176569432868163,0.999642317680603
