"Posterior_Mean","Posterior_SD","Posterior_LB","Posterior_UB","prob"
-0.123010867178114,0.0907941750270513,-0.301217710756421,0.0573444287884132,0.9135
