"Posterior_Mean","Posterior_SD","Posterior_LB","Posterior_UB","prob"
-0.247458166968046,0.066877313645317,-0.378904203451124,-0.110562918227746,0.998562100006995
