"Posterior_Mean","Posterior_SD","Posterior_LB","Posterior_UB","prob"
-0.3560473676224,0.0635235920992044,-0.48709852174786,-0.230580209526043,1
