"Posterior_Mean","Posterior_SD","Posterior_LB","Posterior_UB","prob"
-0.296026016763198,0.0544533975685677,-0.411662782305458,-0.149516990463352,0.999841973641996
