"Posterior_Mean","Posterior_SD","Posterior_LB","Posterior_UB","prob"
-0.177643997363507,0.0650420903750073,-0.305466532489482,-0.0520447872630481,0.996704998401936
