"Posterior_Mean","Posterior_SD","Posterior_LB","Posterior_UB","prob"
-0.313847459646642,0.0532485407783191,-0.41602986281619,-0.207434440016995,0.999999021889863
