"Posterior_Mean","Posterior_SD","Posterior_LB","Posterior_UB","prob"
-0.33865003550416,0.0585023034520061,-0.458127058209201,-0.175603677844978,0.999206278977201
