"Posterior_Mean","Posterior_SD","Posterior_LB","Posterior_UB","prob"
-0.0829897560754836,0.0911557776423073,-0.26996462842841,0.108235029085912,0.810093229771915
