"Posterior_Mean","Posterior_SD","Posterior_LB","Posterior_UB","prob"
-0.296272180262098,0.0926950217700382,-0.479437319986216,-0.121456086258536,0.999833333333333
