"Posterior_Mean","Posterior_SD","Posterior_LB","Posterior_UB","prob"
-0.304775079655618,0.0670680156784313,-0.439562183831925,-0.173570752704947,0.999981096389013
