"Posterior_Mean","Posterior_SD","Posterior_LB","Posterior_UB","prob"
-0.324009811111939,0.0539830537631008,-0.434490940531373,-0.199220676921729,0.999644685835211
