"Posterior_Mean","Posterior_SD","Posterior_LB","Posterior_UB","prob"
-0.195130402754757,0.0661733484148333,-0.328866940622239,-0.0632380949744577,0.997855957465825
