"Posterior_Mean","Posterior_SD","Posterior_LB","Posterior_UB","prob"
-0.301732816000469,0.0579478237790699,-0.423243651261531,-0.147107684835018,0.998831726160924
