"Posterior_Mean","Posterior_SD","Posterior_LB","Posterior_UB","prob"
-0.0245585703954688,0.235260137517384,-0.495560514097509,0.453586531194742,0.533459789929436
