"Posterior_Mean","Posterior_SD","Posterior_LB","Posterior_UB","prob"
-0.186182324739363,0.205656210308642,-0.619946917809298,0.264615263585687,0.807919705357524
