"Posterior_Mean","Posterior_SD","Posterior_LB","Posterior_UB","prob"
-0.0223153838861648,0.200074191016551,-0.453065948528831,0.456543203848449,0.552891951905511
