"Posterior_Mean","Posterior_SD","Posterior_LB","Posterior_UB","prob"
-0.204356454094345,0.222312553963397,-0.649473452184801,0.237219051062086,0.820084520310636
