"Posterior_Mean","Posterior_SD","Posterior_LB","Posterior_UB","prob"
-0.125490920863423,0.219429336528618,-0.553380962676295,0.29877920961481,0.71230251328641
