"Posterior_Mean","Posterior_SD","Posterior_LB","Posterior_UB","prob"
-0.578669122261334,0.235165722572431,-1.05474565403029,-0.104241832114331,0.994029013697728
