"Posterior_Mean","Posterior_SD","Posterior_LB","Posterior_UB","prob"
-0.589919344145007,0.233329435681869,-1.0488108760065,-0.13282026573811,0.995461144504594
