"Posterior_Mean","Posterior_SD","Posterior_LB","Posterior_UB","prob"
0.0888632974020209,0.189879279892611,-0.29588348685758,0.483741702767977,0.323825093568441
