"Posterior_Mean","Posterior_SD","Posterior_LB","Posterior_UB","prob"
-0.16005684518176,0.204295129894485,-0.563094677867444,0.280714543266814,0.7780043628479
