"Posterior_Mean","Posterior_SD","Posterior_LB","Posterior_UB","prob"
-0.490720869019856,0.200961280423191,-0.910161155399996,-0.0163869626064739,0.980275618056563
