"Posterior_Mean","Posterior_SD","Posterior_LB","Posterior_UB","prob"
0.164477587821732,0.232996231126083,-0.310681224926757,0.637857805694443,0.245322374420567
