"Posterior_Mean","Posterior_SD","Posterior_LB","Posterior_UB","prob"
-0.229373248480883,0.224531651329241,-0.684274416935408,0.220489046231162,0.847621049424298
