"Posterior_Mean","Posterior_SD","Posterior_LB","Posterior_UB","prob"
-0.256688079030621,0.234042894866543,-0.718284903308565,0.193425164583661,0.856792092396314
