"Posterior_Mean","Posterior_SD","Posterior_LB","Posterior_UB","prob"
-0.0413309798976303,0.223420194617271,-0.488211409992436,0.413763830576821,0.56876985345025
