"Posterior_Mean","Posterior_SD","Posterior_LB","Posterior_UB","prob"
-0.275058291897742,0.199870337265962,-0.692607600431083,0.14328618998084,0.905491645668739
