"Posterior_Mean","Posterior_SD","Posterior_LB","Posterior_UB","prob"
0.232384934167723,0.230680429133869,-0.222289244785897,0.691162707768682,0.150683148698561
