"Posterior_Mean","Posterior_SD","Posterior_LB","Posterior_UB","prob"
-0.673300427386128,0.171834367058712,-1.07770208503847,-0.341491971648047,0.999827674457442
