"Posterior_Mean","Posterior_SD","Posterior_LB","Posterior_UB","prob"
-0.548643966761436,0.226099245824321,-0.990687289333946,-0.0930800778986414,0.993219472685146
