"Posterior_Mean","Posterior_SD","Posterior_LB","Posterior_UB","prob"
0.299206845509692,0.22507925544834,-0.153905000005469,0.767063092802084,0.0887803118142549
