"Posterior_Mean","Posterior_SD","Posterior_LB","Posterior_UB","prob"
0.299476176880713,0.236736310662302,-0.169781029345703,0.768010231991282,0.111073114818758
