"Posterior_Mean","Posterior_SD","Posterior_LB","Posterior_UB","prob"
-0.582248766659188,0.248141927983992,-1.08383022288916,-0.110527529667976,0.990999856991294
