"Posterior_Mean","Posterior_SD","Posterior_LB","Posterior_UB","prob"
-0.0219559297736332,0.241943712058619,-0.488086007878781,0.452290630029034,0.538737588950165
