"Posterior_Mean","Posterior_SD","Posterior_LB","Posterior_UB","prob"
-0.3304157233257,0.196687444965447,-0.730912579130473,0.0980579882599018,0.940392831237656
