"Posterior_Mean","Posterior_SD","Posterior_LB","Posterior_UB","prob"
-0.331321715982943,0.203331186413828,-0.77527004691107,0.106769521144208,0.932816683237608
