"Posterior_Mean","Posterior_SD","Posterior_LB","Posterior_UB","prob"
-0.523826746291368,0.200338836132732,-0.947318760093338,-0.126497567139038,0.995048574579069
