"Posterior_Mean","Posterior_SD","Posterior_LB","Posterior_UB","prob"
-0.465752522381418,0.191077847526824,-0.953339559308133,-0.096987539984246,0.994377126354929
