"Posterior_Mean","Posterior_SD","Posterior_LB","Posterior_UB","prob"
-0.174155364695391,0.228405647236276,-0.640364581846703,0.291539799959269,0.779935386819166
