"Posterior_Mean","Posterior_SD","Posterior_LB","Posterior_UB","prob"
-0.346612563429406,0.227512957134373,-0.799859554284407,0.108587113432411,0.93177986182317
