"Posterior_Mean","Posterior_SD","Posterior_LB","Posterior_UB","prob"
-0.132315722075889,0.22326187122535,-0.57721752838651,0.313331599771149,0.726672878237636
