"Posterior_Mean","Posterior_SD","Posterior_LB","Posterior_UB","prob"
-0.177275456347907,0.220338073236964,-0.615833770984038,0.298075051276015,0.778087387051513
