"Posterior_Mean","Posterior_SD","Posterior_LB","Posterior_UB","prob"
-0.228409360757552,0.231932996568264,-0.68660552146192,0.229914441526439,0.844113952690254
