"Posterior_Mean","Posterior_SD","Posterior_LB","Posterior_UB","prob"
-0.0281472819809375,0.230242383853063,-0.489961655719299,0.444683363921232,0.543450591248326
