"Posterior_Mean","Posterior_SD","Posterior_LB","Posterior_UB","prob"
0.455263152958587,0.230653984060587,0.00106828840379408,0.92924519102963,0.0236031654160867
