"Posterior_Mean","Posterior_SD","Posterior_LB","Posterior_UB","prob"
-0.132577667172821,0.17973364953558,-0.485665523386247,0.266918625673702,0.776986142002103
