"Posterior_Mean","Posterior_SD","Posterior_LB","Posterior_UB","prob"
-0.0892814976866868,0.184210964101636,-0.49836665587536,0.337830773707311,0.66036450765857
