"Posterior_Mean","Posterior_SD","Posterior_LB","Posterior_UB","prob"
-0.00865675328495271,0.203677666355911,-0.417985666418445,0.415579236277618,0.52955146248173
