"Posterior_Mean","Posterior_SD","Posterior_LB","Posterior_UB","prob"
-0.340636441071458,0.222209569269651,-0.774652105461202,0.110469876329704,0.929846439858719
