"Posterior_Mean","Posterior_SD","Posterior_LB","Posterior_UB","prob"
-0.231954721554494,0.212443245650629,-0.665328981835111,0.195241621781393,0.851058970245115
