"Posterior_Mean","Posterior_SD","Posterior_LB","Posterior_UB","prob"
-0.100386324341875,0.205405199321733,-0.547853362319056,0.335981930158125,0.665479015859451
