"Posterior_Mean","Posterior_SD","Posterior_LB","Posterior_UB","prob"
-0.367239981958956,0.228158799449935,-0.849441423250609,0.093813282130177,0.944827786623299
