"Posterior_Mean","Posterior_SD","Posterior_LB","Posterior_UB","prob"
-0.112355605105332,0.22431820853687,-0.573219318895883,0.358457615361738,0.685861096801308
