"Posterior_Mean","Posterior_SD","Posterior_LB","Posterior_UB","prob"
-0.0102230915357692,0.23192884778323,-0.501860039690405,0.481601996582931,0.511244718804044
