"Posterior_Mean","Posterior_SD","Posterior_LB","Posterior_UB","prob"
-0.027194755435362,0.213274183361704,-0.461325204291247,0.419115267341228,0.556530713855386
