"Posterior_Mean","Posterior_SD","Posterior_LB","Posterior_UB","prob"
0.244738025632821,0.232513655814522,-0.226318247348978,0.731480959010429,0.151683122079863
