"Posterior_Mean","Posterior_SD","Posterior_LB","Posterior_UB","prob"
-0.143940894569164,0.193487519924891,-0.555185033538078,0.270987846155307,0.767566389024431
