"Posterior_Mean","Posterior_SD","Posterior_LB","Posterior_UB","prob"
-0.598580369698185,0.22648750460195,-1.04787999674841,-0.137550088773098,0.996437922215412
