"Posterior_Mean","Posterior_SD","Posterior_LB","Posterior_UB","prob"
-0.193152289291388,0.238479974003977,-0.706343558751548,0.289955113390462,0.775280685438067
