"Posterior_Mean","Posterior_SD","Posterior_LB","Posterior_UB","prob"
0.0630157673200845,0.226698934706441,-0.407016018967499,0.537721775408371,0.388191442339213
