"Posterior_Mean","Posterior_SD","Posterior_LB","Posterior_UB","prob"
0.00374432574931646,0.234319593529846,-0.438254200232952,0.474951798971326,0.498964013430952
