"Posterior_Mean","Posterior_SD","Posterior_LB","Posterior_UB","prob"
0.266102736536052,0.23281179372898,-0.185733963222472,0.744121285642297,0.129545301405501
