"Posterior_Mean","Posterior_SD","Posterior_LB","Posterior_UB","prob"
-0.343867842946481,0.203637376805992,-0.740719147102805,0.0631107300413185,0.944497674407611
