"Posterior_Mean","Posterior_SD","Posterior_LB","Posterior_UB","prob"
-0.289385292472535,0.22112880681636,-0.739403727301519,0.165776098435477,0.905182632137379
