"Posterior_Mean","Posterior_SD","Posterior_LB","Posterior_UB","prob"
-0.503997792941376,0.2160954237549,-0.929108446768717,-0.067373002767008,0.987299613534196
