"Posterior_Mean","Posterior_SD","Posterior_LB","Posterior_UB","prob"
-0.611298346982774,0.213651895689424,-1.04897543860426,-0.192678816786859,0.997988534764641
