"Posterior_Mean","Posterior_SD","Posterior_LB","Posterior_UB","prob"
-0.399886094319756,0.225892736307867,-0.859644886108775,0.0648809629626976,0.959137776727792
