"Posterior_Mean","Posterior_SD","Posterior_LB","Posterior_UB","prob"
-0.160882427469815,0.227351771770848,-0.614934223858513,0.293189220559712,0.752699939627406
