"Posterior_Mean","Posterior_SD","Posterior_LB","Posterior_UB","prob"
-0.407968374865889,0.203472773407203,-0.834233628339281,0.00793871392818998,0.973283196348821
