"Posterior_Mean","Posterior_SD","Posterior_LB","Posterior_UB","prob"
-0.188799630306459,0.211319885271873,-0.599099946477911,0.244140342451913,0.811321044372532
