"Posterior_Mean","Posterior_SD","Posterior_LB","Posterior_UB","prob"
0.0600054526933116,0.202849665694474,-0.35467460928161,0.532701814436953,0.403856132431296
