"Posterior_Mean","Posterior_SD","Posterior_LB","Posterior_UB","prob"
0.141027830071452,0.221893883624023,-0.307900714999524,0.599125335280013,0.285807128731314
