"Posterior_Mean","Posterior_SD","Posterior_LB","Posterior_UB","prob"
0.0095485588878892,0.217976430957911,-0.436961445060701,0.431756251256919,0.476396336185378
