"Posterior_Mean","Posterior_SD","Posterior_LB","Posterior_UB","prob"
-0.205875701687297,0.195718301258061,-0.601787758943526,0.24071515381175,0.84361422394275
