"Posterior_Mean","Posterior_SD","Posterior_LB","Posterior_UB","prob"
-0.200331822685708,0.217184413183874,-0.626699149792797,0.241775501095616,0.804079195015184
