"Posterior_Mean","Posterior_SD","Posterior_LB","Posterior_UB","prob"
-0.478580788547919,0.209779364425656,-0.888890748023557,-0.049975815987189,0.986177251016162
