"Posterior_Mean","Posterior_SD","Posterior_LB","Posterior_UB","prob"
0.104033817274608,0.223504911908067,-0.356215165564239,0.559948748335894,0.31743519636917
