"Posterior_Mean","Posterior_SD","Posterior_LB","Posterior_UB","prob"
-0.341951111125359,0.21792447829074,-0.785218660711362,0.162402926700842,0.916442473925293
