"Posterior_Mean","Posterior_SD","Posterior_LB","Posterior_UB","prob"
-0.433803185916016,0.219070445689123,-0.888437344250153,-0.00343236548836137,0.976170101100539
