"Posterior_Mean","Posterior_SD","Posterior_LB","Posterior_UB","prob"
-0.354474689286628,0.213397529494229,-0.773355793617292,0.0995101838023112,0.938582781230378
