"Posterior_Mean","Posterior_SD","Posterior_LB","Posterior_UB","prob"
-0.119558595294753,0.20453403749697,-0.545697313477363,0.296859233692678,0.710529577137389
