"Posterior_Mean","Posterior_SD","Posterior_LB","Posterior_UB","prob"
-0.32534045941042,0.238117594369738,-0.809115020760369,0.1451009433872,0.912465465928354
