"Posterior_Mean","Posterior_SD","Posterior_LB","Posterior_UB","prob"
-0.183778037250772,0.202682396296398,-0.578793582519733,0.243189432973623,0.810211361088959
