"Posterior_Mean","Posterior_SD","Posterior_LB","Posterior_UB","prob"
-0.250671377567003,0.193886507161508,-0.649875269881152,0.188772477008918,0.882506479578358
