"Posterior_Mean","Posterior_SD","Posterior_LB","Posterior_UB","prob"
-0.466113506614112,0.208992716661989,-0.901259659853467,-0.0323215635002739,0.980661788698591
