"Posterior_Mean","Posterior_SD","Posterior_LB","Posterior_UB","prob"
-0.366944594599573,0.213225204423911,-0.79019828466492,0.0623165854916366,0.952854268739297
