"Posterior_Mean","Posterior_SD","Posterior_LB","Posterior_UB","prob"
0.173804164472985,0.220352592052212,-0.261991505163862,0.60709532536283,0.211303600379216
