"Posterior_Mean","Posterior_SD","Posterior_LB","Posterior_UB","prob"
0.0330861735824083,0.222096403441078,-0.396459814022608,0.469588786805949,0.439903681361165
