"Posterior_Mean","Posterior_SD","Posterior_LB","Posterior_UB","prob"
-0.188236802650019,0.208269147207628,-0.620460259965359,0.282597413338411,0.782925394592945
