"Posterior_Mean","Posterior_SD","Posterior_LB","Posterior_UB","prob"
-0.0741725938757292,0.192943279250883,-0.529408081826278,0.406188467957886,0.612058074303102
