"Posterior_Mean","Posterior_SD","Posterior_LB","Posterior_UB","prob"
-0.313700427869512,0.236795286990681,-0.784032464860861,0.175724912496212,0.894776083388508
