"Posterior_Mean","Posterior_SD","Posterior_LB","Posterior_UB","prob"
-0.203045714298152,0.240290142640969,-0.688919971748768,0.28623017042107,0.79109504585228
