"Posterior_Mean","Posterior_SD","Posterior_LB","Posterior_UB","prob"
0.0665165382519499,0.234405382927195,-0.397894716901928,0.521564979324044,0.37617814339209
