"Posterior_Mean","Posterior_SD","Posterior_LB","Posterior_UB","prob"
-0.00014316669605196,0.199676986473489,-0.415130747503784,0.483522213707051,0.521076473980095
