"Posterior_Mean","Posterior_SD","Posterior_LB","Posterior_UB","prob"
-0.13776502552732,0.222527620569782,-0.59116791436287,0.295762645318376,0.718478321249488
