"Posterior_Mean","Posterior_SD","Posterior_LB","Posterior_UB","prob"
-0.238997315617257,0.0512373518482396,-0.343857939657679,-0.13538161218647,0.999919571107733
