"Posterior_Mean","Posterior_SD","Posterior_LB","Posterior_UB","prob"
-0.249283350745334,0.0516017826727403,-0.353931688506813,-0.144899802875281,1
