"Posterior_Mean","Posterior_SD","Posterior_LB","Posterior_UB","prob"
-0.291528698796795,0.0511780171340587,-0.389182867333215,-0.190527539816356,0.999999438500462
