"Posterior_Mean","Posterior_SD","Posterior_LB","Posterior_UB","prob"
-0.176272630524531,0.0567088249343855,-0.293804201172478,-0.0606906704392582,0.995797965353187
