"Posterior_Mean","Posterior_SD","Posterior_LB","Posterior_UB","prob"
-0.208606593418479,0.0533855714398565,-0.314453188364826,-0.105180414947388,0.999997882993112
