"Posterior_Mean","Posterior_SD","Posterior_LB","Posterior_UB","prob"
-0.25188483377381,0.0503086828948006,-0.352289096895566,-0.149429099346256,0.999999108744704
