"Posterior_Mean","Posterior_SD","Posterior_LB","Posterior_UB","prob"
-0.231686562050013,0.059632125068278,-0.358659777580913,-0.115580192863261,0.999835659534471
