"Posterior_Mean","Posterior_SD","Posterior_LB","Posterior_UB","prob"
-0.185664027963008,0.0648892244509954,-0.314871931736548,-0.0452911418353116,0.990934792380564
