"Posterior_Mean","Posterior_SD","Posterior_LB","Posterior_UB","prob"
-0.192509287636778,0.0544113800101647,-0.301980813419091,-0.0842558261746167,0.999375765104379
