"Posterior_Mean","Posterior_SD","Posterior_LB","Posterior_UB","prob"
-0.294416187211983,0.0542409610351634,-0.403858964360413,-0.18447300479795,0.999999125123411
