"Posterior_Mean","Posterior_SD","Posterior_LB","Posterior_UB","prob"
-0.279140849213409,0.0560557038730305,-0.407296924458903,-0.159175694697524,0.999991107304649
