"Posterior_Mean","Posterior_SD","Posterior_LB","Posterior_UB","prob"
-0.158042707109473,0.0625883522970719,-0.338479845992402,-0.00643802068257911,0.978637100959344
