"Posterior_Mean","Posterior_SD","Posterior_LB","Posterior_UB","prob"
-0.174133838479765,0.049834491134349,-0.273699452184033,-0.0751464547141822,0.999878205802194
