"Posterior_Mean","Posterior_SD","Posterior_LB","Posterior_UB","prob"
-0.151445359134625,0.0622353810355492,-0.317353782688299,0.00836332982796674,0.968791555994259
