"Posterior_Mean","Posterior_SD","Posterior_LB","Posterior_UB","prob"
-0.270542834367958,0.0566619928016951,-0.385233276354145,-0.154780690509555,0.99998086021301
