"Posterior_Mean","Posterior_SD","Posterior_LB","Posterior_UB","prob"
-0.286182436373454,0.0546253118394312,-0.39879609894152,-0.155377136704367,0.999626377128986
