"Posterior_Mean","Posterior_SD","Posterior_LB","Posterior_UB","prob"
-0.260383126431896,0.0526944982794687,-0.367663999414021,-0.143441510725255,0.999979753677038
