"Posterior_Mean","Posterior_SD","Posterior_LB","Posterior_UB","prob"
-0.264958630110028,0.053719085731952,-0.375644196671269,-0.160750495877789,0.999999872544954
