"Posterior_Mean","Posterior_SD","Posterior_LB","Posterior_UB","prob"
0.0195186865675558,0.0772005159554652,-0.128150763854037,0.173313781435049,0.40156319234079
