"Posterior_Mean","Posterior_SD","Posterior_LB","Posterior_UB","prob"
-0.112120880925824,0.0548629654638965,-0.217592670569235,-0.00182364088519512,0.977547672865598
