"Posterior_Mean","Posterior_SD","Posterior_LB","Posterior_UB","prob"
-0.0509565772162322,0.0756584532733938,-0.228842731922798,0.117561601382477,0.71627467664774
