"Posterior_Mean","Posterior_SD","Posterior_LB","Posterior_UB","prob"
-0.213353013618847,0.0394119650803301,-0.288901836735614,-0.129810534919865,0.999588388438414
