"Posterior_Mean","Posterior_SD","Posterior_LB","Posterior_UB","prob"
-0.167704447833102,0.0554143659429245,-0.282215371871581,-0.0521464893739605,0.995403086524455
