"Posterior_Mean","Posterior_SD","Posterior_LB","Posterior_UB","prob"
0.0617836143266003,0.0758809309742454,-0.0966714190587479,0.214886236861409,0.208854613226471
