"Posterior_Mean","Posterior_SD","Posterior_LB","Posterior_UB","prob"
0.173039006832284,0.078491485496997,0.0166481021975429,0.328517812834602,0.0156520173133533
