"Posterior_Mean","Posterior_SD","Posterior_LB","Posterior_UB","prob"
-0.0457440601935506,0.0722543142818732,-0.239037752672161,0.113639394741201,0.681742918116526
