"Posterior_Mean","Posterior_SD","Posterior_LB","Posterior_UB","prob"
-0.0655491339587307,0.0646058300332477,-0.22879663040774,0.113475408974425,0.767403862511438
