"","Posterior_Mean","Posterior_SD","Posterior_LB","Posterior_UB"
"1",-2.50313204750322e-05,0.0395921228680433,-0.0781631704945693,0.0796283157092674
