"","Posterior_Mean","Posterior_SD","Posterior_LB","Posterior_UB"
"1",0.0445730503870057,0.0393310481321482,-0.0305860686803566,0.123536518905038
