"","Posterior_Mean","Posterior_SD","Posterior_LB","Posterior_UB"
"1",0.0150629267150384,0.039711899035026,-0.0631373866803902,0.0925715269262653
