"","Posterior_Mean","Posterior_SD","Posterior_LB","Posterior_UB"
"1",-0.0496046494011966,0.0612230730215757,-0.168052751965968,0.0695596457653283
