"Posterior_Mean","Posterior_SD","Posterior_LB","Posterior_UB","prob"
-0.0422015949758448,0.0857079448475849,-0.213875181948629,0.130022157455897,0.685658076455779
