"Posterior_Mean","Posterior_SD","Posterior_LB","Posterior_UB","prob"
-0.153729795964385,0.088813010932655,-0.392716656932903,0.0393112995783485,0.936068331383477
