"Posterior_Mean","Posterior_SD","Posterior_LB","Posterior_UB","prob"
0.0240251455115685,0.0803411711178179,-0.158498839844623,0.190872409129892,0.368768835959176
