"Posterior_Mean","Posterior_SD","Posterior_LB","Posterior_UB","prob"
-0.0862373277965903,0.101739027362998,-0.315270160779621,0.142227154472116,0.776652075923456
