"Posterior_Mean","Posterior_SD","Posterior_LB","Posterior_UB","prob"
0.105048289150107,0.110977073517272,-0.112909344424789,0.339999250065539,0.169032082378287
