"Posterior_Mean","Posterior_SD","Posterior_LB","Posterior_UB","prob"
0.0220090355199624,0.0930394619988612,-0.217440445191042,0.210067980708334,0.379993022912869
