"Posterior_Mean","Posterior_SD","Posterior_LB","Posterior_UB","prob"
-0.0598432331431583,0.0795440988688332,-0.233084922042499,0.16697819903607,0.774968012658292
