"Posterior_Mean","Posterior_SD","Posterior_LB","Posterior_UB","prob"
-0.0838387747420698,0.0757955575742526,-0.294440530029246,0.067710844649683,0.84707920985012
