"Posterior_Mean","Posterior_SD","Posterior_LB","Posterior_UB","prob"
-0.167420551779381,0.0859121843778894,-0.382058282664797,0.00538051642821169,0.970584072483272
