"","Posterior_Mean","Posterior_SD","Posterior_LB","Posterior_UB"
"1",0.0334349067396854,0.0415020075078282,-0.0471671116331756,0.116169286124447
