"","Posterior_Mean","Posterior_SD","Posterior_LB","Posterior_UB"
"1",0.0608891469006034,0.0422564795636023,-0.0260162431186127,0.140560394912992
