"","Posterior_Mean","Posterior_SD","Posterior_LB","Posterior_UB"
"1",-0.00141787215786965,0.0483355849280079,-0.0943354671167859,0.0914989591407466
