"","Posterior_Mean","Posterior_SD","Posterior_LB","Posterior_UB"
"1",-0.0815900920813136,0.0463379106512443,-0.174831096257496,0.0102570812125766
