"","Posterior_Mean","Posterior_SD","Posterior_LB","Posterior_UB"
"1",0.0175391516720998,0.0514364800149844,-0.0850153984268635,0.117775149926552
