"","Posterior_Mean","Posterior_SD","Posterior_LB","Posterior_UB"
"1",-9.49559503843206e-05,0.0449642340192056,-0.091761566923799,0.0854686689543224
