"Posterior_Mean","Posterior_SD","Posterior_LB","Posterior_UB","prob"
-0.166393071917988,0.0617694945894204,-0.294900373846334,-0.0357012842462541,0.992126575086881
