"Posterior_Mean","Posterior_SD","Posterior_LB","Posterior_UB","prob"
-0.120864490019021,0.0644271798662565,-0.338189434346488,0.0390985267373587,0.923595692438049
