"Posterior_Mean","Posterior_SD","Posterior_LB","Posterior_UB","prob"
-0.285452359195879,0.0564396493359909,-0.43537438177048,-0.13167984932857,0.999899097604737
