"Posterior_Mean","Posterior_SD","Posterior_LB","Posterior_UB","prob"
-0.215825797523277,0.0630877642276734,-0.344720841394785,-0.074912992569565,0.998152011465781
