"Posterior_Mean","Posterior_SD","Posterior_LB","Posterior_UB","prob"
-0.316003645794001,0.0487584875185966,-0.425083183788501,-0.193570245355557,0.99996665543851
