"Posterior_Mean","Posterior_SD","Posterior_LB","Posterior_UB","prob"
-0.396237752503353,0.0508501384143601,-0.511295714085712,-0.267876618306217,1
