"Posterior_Mean","Posterior_SD","Posterior_LB","Posterior_UB","prob"
-0.301062540620866,0.0583257588582269,-0.429325552182801,-0.183188653640689,1
