"Posterior_Mean","Posterior_SD","Posterior_LB","Posterior_UB","prob"
-0.269004157413487,0.0540530377305103,-0.406168243408268,-0.144647343209679,1
