"Posterior_Mean","Posterior_SD","Posterior_LB","Posterior_UB","prob"
-0.32204366493213,0.052853673704839,-0.429810183000765,-0.195893614621748,0.999655797806604
