"Posterior_Mean","Posterior_SD","Posterior_LB","Posterior_UB","prob"
-0.237224106479444,0.0558875534120533,-0.375171222763786,-0.0556486683766107,0.995049299503696
