"Posterior_Mean","Posterior_SD","Posterior_LB","Posterior_UB","prob"
-0.282039234629575,0.080161991468726,-0.438239329206539,-0.102722511543846,0.998264081916228
