"Posterior_Mean","Posterior_SD","Posterior_LB","Posterior_UB","prob"
-0.327173733775569,0.0473335285250277,-0.422418133747827,-0.220685115146645,0.99999877412765
