"Posterior_Mean","Posterior_SD","Posterior_LB","Posterior_UB","prob"
-0.270654375528891,0.0570614468324105,-0.394710114873911,-0.0622114156140925,0.990552220276861
