"Posterior_Mean","Posterior_SD","Posterior_LB","Posterior_UB","prob"
-0.470476675144683,0.0584628710188977,-0.585494389882532,-0.338017736628321,1
