"Posterior_Mean","Posterior_SD","Posterior_LB","Posterior_UB","prob"
-0.243395731857574,0.0546650485614242,-0.35770759239287,-0.134879512196688,1
