"Posterior_Mean","Posterior_SD","Posterior_LB","Posterior_UB","prob"
-0.218467326584816,0.0576542917924516,-0.335498671040737,-0.102582400028983,0.999820628169817
