"Posterior_Mean","Posterior_SD","Posterior_LB","Posterior_UB","prob"
-0.342768477792727,0.065230943003625,-0.47246771160754,-0.207725135464414,0.999915452986708
