"Posterior_Mean","Posterior_SD","Posterior_LB","Posterior_UB","prob"
-0.313485880931749,0.0495747696770412,-0.419334123051077,-0.212008213967732,0.999999682440576
