"Posterior_Mean","Posterior_SD","Posterior_LB","Posterior_UB","prob"
-0.294585764360729,0.0529733380161145,-0.443933547303524,-0.11898687565957,0.999222766173886
