"Posterior_Mean","Posterior_SD","Posterior_LB","Posterior_UB","prob"
-0.220248030493438,0.0585606871560259,-0.341217178185043,-0.0665892908992528,0.994936908154754
