"Posterior_Mean","Posterior_SD","Posterior_LB","Posterior_UB","prob"
-0.286414569380559,0.0542746503990193,-0.402218149986545,-0.174807581826855,0.999980067381878
