"Posterior_Mean","Posterior_SD","Posterior_LB","Posterior_UB","prob"
-0.27254226752915,0.0513943431493465,-0.384113005224408,-0.155555317855116,0.999967163066035
