"Posterior_Mean","Posterior_SD","Posterior_LB","Posterior_UB","prob"
-0.319842965378581,0.0625329308763372,-0.44979256920666,-0.172216316806522,1
