"Posterior_Mean","Posterior_SD","Posterior_LB","Posterior_UB","prob"
-0.201935020376274,0.0588160296649292,-0.320519159735334,-0.0863109706820487,0.99989358272192
