"Posterior_Mean","Posterior_SD","Posterior_LB","Posterior_UB","prob"
-0.326160058356973,0.0628006778246716,-0.456654548942616,-0.156715678196533,1
