"Posterior_Mean","Posterior_SD","Posterior_LB","Posterior_UB","prob"
-0.317256661187164,0.0539987950466352,-0.471606606336641,-0.189520529142177,0.999943743566722
