"Posterior_Mean","Posterior_SD","Posterior_LB","Posterior_UB","prob"
-0.340317331922154,0.0469991909451553,-0.437460868992213,-0.246305542256125,0.999999100213904
