"Posterior_Mean","Posterior_SD","Posterior_LB","Posterior_UB","prob"
-0.245700165287,0.0702473343334759,-0.410758632551076,-0.0644350978119863,0.997519858748485
