"Posterior_Mean","Posterior_SD","Posterior_LB","Posterior_UB","prob"
-0.264056738214431,0.054433426942345,-0.393462917481181,-0.144935297368699,0.999964062990626
