"Posterior_Mean","Posterior_SD","Posterior_LB","Posterior_UB","prob"
-0.244421832563839,0.0549582122329987,-0.368556885710814,-0.0437567727764466,0.990419642012746
