"Posterior_Mean","Posterior_SD","Posterior_LB","Posterior_UB","prob"
-0.330784296237561,0.0520658006186429,-0.441560410203161,-0.209477083529531,0.999987957465312
