"Posterior_Mean","Posterior_SD","Posterior_LB","Posterior_UB","prob"
-0.276604844135715,0.0582008299932828,-0.391661278072241,-0.153196155175273,0.999943552401625
