"Posterior_Mean","Posterior_SD","Posterior_LB","Posterior_UB","prob"
-0.300237137171108,0.0575339891388224,-0.449888559708912,-0.16507900612179,1
