"Posterior_Mean","Posterior_SD","Posterior_LB","Posterior_UB","prob"
-0.434470754661708,0.0441134315946774,-0.539522111706363,-0.317782126423934,1
