"Posterior_Mean","Posterior_SD","Posterior_LB","Posterior_UB","prob"
-0.405213389421053,0.0473886329575656,-0.506908425648291,-0.271560468090724,0.999950481682525
