"Posterior_Mean","Posterior_SD","Posterior_LB","Posterior_UB","prob"
-0.173661099586086,0.062135984042796,-0.332144475189858,0.0181084996718135,0.963894815697408
