"Posterior_Mean","Posterior_SD","Posterior_LB","Posterior_UB","prob"
-0.275604567780844,0.0488465485674256,-0.376027121484027,-0.161328405564842,0.999974898841104
