"Posterior_Mean","Posterior_SD","Posterior_LB","Posterior_UB","prob"
-0.251907568908522,0.0581514914410774,-0.366093063461203,-0.124310832960496,0.999450774789234
