"","Posterior_Mean","Posterior_SD","Posterior_LB","Posterior_UB"
"1",-0.0630169047661767,0.0408747417317037,-0.140929223090576,0.0190217833457153
