"Posterior_Mean","Posterior_SD","Posterior_LB","Posterior_UB","prob"
-0.296672230658934,0.0701598353163784,-0.462165510085138,-0.109394819613681,0.999433113464548
