"Posterior_Mean","Posterior_SD","Posterior_LB","Posterior_UB","prob"
-0.279023281618416,0.0597067729292106,-0.441209774019246,-0.0328769363486917,0.990798968633745
