"Posterior_Mean","Posterior_SD","Posterior_LB","Posterior_UB","prob"
-0.43835812616043,0.0529726381944651,-0.54335444706762,-0.320355464999574,1
