"Posterior_Mean","Posterior_SD","Posterior_LB","Posterior_UB","prob"
-0.308895461926029,0.0733410560467452,-0.460280808714334,-0.159646729109681,0.99966274536813
