"Posterior_Mean","Posterior_SD","Posterior_LB","Posterior_UB","prob"
-0.323639739381237,0.0476371124115869,-0.419708612921155,-0.205976408296479,0.999980607196353
