"Posterior_Mean","Posterior_SD","Posterior_LB","Posterior_UB","prob"
-0.34126708072871,0.0475844111957709,-0.438615096890139,-0.213567966235124,0.999996932598585
