"Posterior_Mean","Posterior_SD","Posterior_LB","Posterior_UB","prob"
-0.316471038051765,0.0533739554147623,-0.423569438918368,-0.155017420667546,0.999867288403951
