"Posterior_Mean","Posterior_SD","Posterior_LB","Posterior_UB","prob"
-0.272755643617048,0.046639443552938,-0.369275104045534,-0.157797740552927,0.999899049365603
