"Posterior_Mean","Posterior_SD","Posterior_LB","Posterior_UB","prob"
-0.251737861339617,0.0727996728021016,-0.443093716175566,-0.054337127209869,0.99367074827876
