"Posterior_Mean","Posterior_SD","Posterior_LB","Posterior_UB","prob"
-0.267950272091711,0.0579108930683217,-0.385228103051384,-0.152661856220045,1
