"Posterior_Mean","Posterior_SD","Posterior_LB","Posterior_UB","prob"
-0.347269151546755,0.0496222407210445,-0.463122014084617,-0.184928244784861,0.99989231202683
