"Posterior_Mean","Posterior_SD","Posterior_LB","Posterior_UB","prob"
-0.203655657805005,0.074134336316609,-0.345921682800885,-0.0409411502777707,0.990530191287133
