"Posterior_Mean","Posterior_SD","Posterior_LB","Posterior_UB","prob"
-0.3104777797617,0.0573192054496872,-0.424883466086519,-0.195940706704812,0.999987741969731
