"Posterior_Mean","Posterior_SD","Posterior_LB","Posterior_UB","prob"
-0.26058771733766,0.0672264498002318,-0.414332824140531,-0.0668219374300524,0.997388190736895
