"Posterior_Mean","Posterior_SD","Posterior_LB","Posterior_UB","prob"
-0.0436951712057775,0.0765889358496522,-0.193879979785464,0.110386810560405,0.713672414129554
