"Posterior_Mean","Posterior_SD","Posterior_LB","Posterior_UB","prob"
-0.40444898172896,0.0520540472421442,-0.551067747891311,-0.265031570734847,1
