"Posterior_Mean","Posterior_SD","Posterior_LB","Posterior_UB","prob"
-0.311750716706944,0.0582218591651384,-0.427492267090614,-0.191334230596858,0.999908458630284
