"Posterior_Mean","Posterior_SD","Posterior_LB","Posterior_UB","prob"
-0.186981536514402,0.0800312077121188,-0.415685424461286,-0.0126888828821239,0.982262355000992
