"Posterior_Mean","Posterior_SD","Posterior_LB","Posterior_UB","prob"
-0.318244403963584,0.0466902105607533,-0.413445155177423,-0.217470492942309,0.999830151272577
