"Posterior_Mean","Posterior_SD","Posterior_LB","Posterior_UB","prob"
-0.192218596897017,0.0591902297697685,-0.31391737257306,-0.0602858286182484,0.994728668494381
