"Posterior_Mean","Posterior_SD","Posterior_LB","Posterior_UB","prob"
-0.274285153005029,0.0595648313454077,-0.390883861450914,-0.159513476822806,0.999926770681817
