"Posterior_Mean","Posterior_SD","Posterior_LB","Posterior_UB","prob"
-0.248315055502992,0.0573978084511916,-0.375068190620667,-0.128505184032592,0.999668035885752
