"Posterior_Mean","Posterior_SD","Posterior_LB","Posterior_UB","prob"
-0.177848134681926,0.0568966702766531,-0.293699100662347,-0.0625447377289469,0.997734907208656
