"Posterior_Mean","Posterior_SD","Posterior_LB","Posterior_UB","prob"
-0.226649970944134,0.0602839386285034,-0.360032771910919,-0.0943744483233167,0.998989099217628
