"Posterior_Mean","Posterior_SD","Posterior_LB","Posterior_UB","prob"
-0.43709329348875,0.0479719038921456,-0.532235618441628,-0.335066525190901,1
