"Posterior_Mean","Posterior_SD","Posterior_LB","Posterior_UB","prob"
-0.37565310816873,0.0463353632488017,-0.471009456235717,-0.248574199263817,1
