"Posterior_Mean","Posterior_SD","Posterior_LB","Posterior_UB","prob"
-0.225834834297484,0.0574657135374787,-0.340643163341588,-0.0436003124503674,0.992318522568858
