"Posterior_Mean","Posterior_SD","Posterior_LB","Posterior_UB","prob"
-0.215956650236556,0.0594833278394277,-0.347322321755278,-0.0922573337708765,0.999984880542636
