"Posterior_Mean","Posterior_SD","Posterior_LB","Posterior_UB","prob"
-0.213044619378587,0.0728769945437037,-0.377327215384628,-0.0273307428400965,0.988048708274671
