"Posterior_Mean","Posterior_SD","Posterior_LB","Posterior_UB","prob"
-0.200265293216749,0.0620896561087281,-0.329290141230661,-0.0546608586469706,0.993003539016164
