"Posterior_Mean","Posterior_SD","Posterior_LB","Posterior_UB","prob"
-0.209606015439067,0.0788141673226896,-0.383512981684088,-0.0411698298920467,0.994965318682129
