"Posterior_Mean","Posterior_SD","Posterior_LB","Posterior_UB","prob"
-0.291912620631572,0.0586758802264871,-0.408752757699945,-0.18010723471228,1
