"Posterior_Mean","Posterior_SD","Posterior_LB","Posterior_UB","prob"
-0.430320855610964,0.0495689697618522,-0.551576497655785,-0.225305325418079,1
