"Posterior_Mean","Posterior_SD","Posterior_LB","Posterior_UB","prob"
-0.269482623233791,0.0783067654115377,-0.42683741498387,-0.107978489698336,1
