"Posterior_Mean","Posterior_SD","Posterior_LB","Posterior_UB","prob"
-0.297739179351225,0.0487521765789218,-0.395703318711291,-0.16933963912147,0.999677984418742
