"Posterior_Mean","Posterior_SD","Posterior_LB","Posterior_UB","prob"
-0.289235466290585,0.0548624230300476,-0.402813096220913,-0.155427502637357,0.999937278969399
