"Posterior_Mean","Posterior_SD","Posterior_LB","Posterior_UB","prob"
-0.489913450652463,0.0399506513653416,-0.569417146044801,-0.409504211909072,1
