"Posterior_Mean","Posterior_SD","Posterior_LB","Posterior_UB","prob"
-0.195003652191339,0.0629156282106107,-0.336011112161623,-0.0150189722006671,0.983858613633441
