"Posterior_Mean","Posterior_SD","Posterior_LB","Posterior_UB","prob"
-0.303797731849101,0.048579630009382,-0.401080819990382,-0.194378693173478,0.999999609173913
