"Posterior_Mean","Posterior_SD","Posterior_LB","Posterior_UB","prob"
-0.312424024322123,0.0600726125318803,-0.440613867619851,-0.130279512114479,0.999173214979055
