"Posterior_Mean","Posterior_SD","Posterior_LB","Posterior_UB","prob"
-0.270704070806503,0.0713996951791755,-0.419497227655154,-0.0926369405499999,0.998574248257864
