"Posterior_Mean","Posterior_SD","Posterior_LB","Posterior_UB","prob"
-0.1957965492264,0.076735643053518,-0.373794641424704,-0.0280743556617751,0.986869746320137
