"Posterior_Mean","Posterior_SD","Posterior_LB","Posterior_UB","prob"
-0.346208677388922,0.0776699943504119,-0.502988638803688,-0.195187510975666,1
