"Posterior_Mean","Posterior_SD","Posterior_LB","Posterior_UB","prob"
0.0404655477024022,0.0778195369334428,-0.163950143007548,0.202384040072868,0.300090290328943
