"Posterior_Mean","Posterior_SD","Posterior_LB","Posterior_UB","prob"
-0.115857986545999,0.0806721926342597,-0.276489936342685,0.0420830549159568,0.924748849156845
