"Posterior_Mean","Posterior_SD","Posterior_LB","Posterior_UB","prob"
-0.317237614889116,0.0594799020585567,-0.443485876784111,-0.194716755795593,1
