"Posterior_Mean","Posterior_SD","Posterior_LB","Posterior_UB","prob"
-0.307906022881388,0.0546639513383953,-0.420888105697274,-0.132632815292607,0.999595102705826
