"Posterior_Mean","Posterior_SD","Posterior_LB","Posterior_UB","prob"
-0.170404286068684,0.0592103434966789,-0.296731736845,0.00931737059997631,0.971384454967493
