"Posterior_Mean","Posterior_SD","Posterior_LB","Posterior_UB","prob"
-0.380775137500058,0.056499013155834,-0.555396004450324,-0.136656769759295,0.99956572938875
