"Posterior_Mean","Posterior_SD","Posterior_LB","Posterior_UB","prob"
-0.286908853407598,0.0476984369124791,-0.381980544612076,-0.171760365358929,0.99981214258888
