"Posterior_Mean","Posterior_SD","Posterior_LB","Posterior_UB","prob"
-0.264242187968599,0.0569181436588165,-0.393411080584249,-0.144991687734715,0.99998806458536
