"Posterior_Mean","Posterior_SD","Posterior_LB","Posterior_UB","prob"
-0.27332961491268,0.0595709511503362,-0.39967727795617,-0.130765849194544,0.999707606179221
