"Posterior_Mean","Posterior_SD","Posterior_LB","Posterior_UB","prob"
-0.362298042563203,0.0563115747581433,-0.484945081262845,-0.227222059472694,1
