"Posterior_Mean","Posterior_SD","Posterior_LB","Posterior_UB","prob"
-0.266582493720807,0.0639053797625331,-0.392119640963139,-0.128923877500041,0.999036171658075
