"Posterior_Mean","Posterior_SD","Posterior_LB","Posterior_UB","prob"
-0.302287391570516,0.0471303636937084,-0.400820572109942,-0.19463601084229,0.999931672126484
