"Posterior_Mean","Posterior_SD","Posterior_LB","Posterior_UB","prob"
-0.315309876539318,0.0592109491135568,-0.437588784135174,-0.139107216018121,0.999291784866238
