"Posterior_Mean","Posterior_SD","Posterior_LB","Posterior_UB","prob"
-0.395458575333928,0.057129759288002,-0.522477481916957,-0.221418826594671,0.99995335539701
