"Posterior_Mean","Posterior_SD","Posterior_LB","Posterior_UB","prob"
-0.386629891793838,0.0491078977456704,-0.482571907943105,-0.291623616504666,1
