"Posterior_Mean","Posterior_SD","Posterior_LB","Posterior_UB","prob"
-0.357589343652901,0.0485623818469583,-0.455312852925525,-0.234106027876991,0.999901523608941
