"Posterior_Mean","Posterior_SD","Posterior_LB","Posterior_UB","prob"
-0.29049416473108,0.0479828238193689,-0.385957213941986,-0.176753589301897,0.999954871813948
