"Posterior_Mean","Posterior_SD","Posterior_LB","Posterior_UB","prob"
-0.349844166665541,0.0479459432693495,-0.448965623122916,-0.235920507429367,0.999993000034297
