"","Posterior_Mean","Posterior_SD","Posterior_LB","Posterior_UB"
"1",0.00227387789410966,0.0559823825099732,-0.110782955229664,0.112687850339406
