"Posterior_Mean","Posterior_SD","Posterior_LB","Posterior_UB","prob"
-0.305727234332725,0.119876478567732,-0.558539981421389,-0.00179428211801017,0.976253885345847
