"Posterior_Mean","Posterior_SD","Posterior_LB","Posterior_UB","prob"
-0.372222214389974,0.124783715688975,-0.627893734557081,-0.0925346477616408,0.993696202350731
