"Posterior_Mean","Posterior_SD","Posterior_LB","Posterior_UB","prob"
-0.251538286320642,0.13511948872469,-0.527213552207532,0.0449131323422642,0.95418423439345
