"Posterior_Mean","Posterior_SD","Posterior_LB","Posterior_UB","prob"
-0.245360849083216,0.12041863362992,-0.503142279057355,0.106498525147102,0.924817892109537
