"Posterior_Mean","Posterior_SD","Posterior_LB","Posterior_UB","prob"
-0.353763329295713,0.0960624930644126,-0.582795089654819,-0.122268619362728,0.997889829720126
