"Posterior_Mean","Posterior_SD","Posterior_LB","Posterior_UB","prob"
-0.580713379593905,0.128358093303682,-0.870952563044728,-0.332215457456224,1
