"Posterior_Mean","Posterior_SD","Posterior_LB","Posterior_UB","prob"
-0.332341731580512,0.115450750751268,-0.576332271833134,-0.0935928910317954,0.995184985201236
