"Posterior_Mean","Posterior_SD","Posterior_LB","Posterior_UB","prob"
-0.287827173361913,0.0939184605174903,-0.519242004321957,-0.0741716491107534,0.995463246273593
