"Posterior_Mean","Posterior_SD","Posterior_LB","Posterior_UB","prob"
-0.164965715909529,0.111657404530834,-0.406136068033664,0.0594451289619921,0.931670804235061
