"Posterior_Mean","Posterior_SD","Posterior_LB","Posterior_UB","prob"
-0.29782858210435,0.135959636376732,-0.627861622904945,0.0501453284367874,0.956825733476989
