"Posterior_Mean","Posterior_SD","Posterior_LB","Posterior_UB","prob"
-0.0430850914690325,0.0472211462450855,-0.171330171487848,0.172888051701981,0.710920397317364
