"Posterior_Mean","Posterior_SD","Posterior_LB","Posterior_UB","prob"
-0.00800917455201235,0.0512496952726629,-0.132867755751146,0.121031689450469,0.547923600661302
