"Posterior_Mean","Posterior_SD","Posterior_LB","Posterior_UB","prob"
0.105901910051055,0.0560115774650371,-0.0047176180447342,0.215710981778499,0.0307636695046912
