"Posterior_Mean","Posterior_SD","Posterior_LB","Posterior_UB","prob"
-0.0459513583286714,0.0540079194094615,-0.171124624910641,0.0709780923005802,0.771359136933982
