"Posterior_Mean","Posterior_SD","Posterior_LB","Posterior_UB","prob"
-0.0211737084178023,0.0519541479038913,-0.135198825769045,0.0950594978115895,0.641210167422991
