"Posterior_Mean","Posterior_SD","Posterior_LB","Posterior_UB","prob"
-0.01701768634203,0.0537244910968886,-0.160787446513866,0.104279026519359,0.575498525124533
