"Posterior_Mean","Posterior_SD","Posterior_LB","Posterior_UB","prob"
0.0424440331977906,0.0497172825677252,-0.0591233842951454,0.161618476710605,0.22769706405935
