"Posterior_Mean","Posterior_SD","Posterior_LB","Posterior_UB","prob"
-0.0564461140166395,0.0467816194238885,-0.159205596561591,0.0629292112129314,0.838710172420606
