"Posterior_Mean","Posterior_SD","Posterior_LB","Posterior_UB","prob"
-0.170849959132214,0.0415115085947685,-0.287721527225357,-0.0159675189324857,0.980579656036267
