"Posterior_Mean","Posterior_SD","Posterior_LB","Posterior_UB","prob"
-0.0222125291987255,0.0485788879884091,-0.128999197397994,0.0998704796258839,0.675385170648485
