"Posterior_Mean","Posterior_SD","Posterior_LB","Posterior_UB","prob"
0.035825372253023,0.0542494187317978,-0.107405117884166,0.145749934043472,0.2551985086467
