"Posterior_Mean","Posterior_SD","Posterior_LB","Posterior_UB","prob"
0.0878718590672237,0.0566942283766144,-0.0296436438234424,0.199776224889586,0.0671924243186783
