"Posterior_Mean","Posterior_SD","Posterior_LB","Posterior_UB","prob"
-0.126992327147731,0.0437060869911949,-0.223517958564825,-0.0266721901453749,0.99344683137833
