"Posterior_Mean","Posterior_SD","Posterior_LB","Posterior_UB","prob"
0.0360247347002157,0.0542185410662873,-0.102007456824357,0.157785586392513,0.25642225247431
