"Posterior_Mean","Posterior_SD","Posterior_LB","Posterior_UB","prob"
-0.0411013249526572,0.0483382046369055,-0.145431238630667,0.061048371358043,0.784733818021484
