"Posterior_Mean","Posterior_SD","Posterior_LB","Posterior_UB","prob"
0.000984129944084371,0.0625448439149182,-0.151558840288132,0.121251705173071,0.465022762863052
