"Posterior_Mean","Posterior_SD","Posterior_LB","Posterior_UB","prob"
0.0967758502821001,0.0524323469355928,-0.0105805851933166,0.204166726141377,0.0375065773069739
