"Posterior_Mean","Posterior_SD","Posterior_LB","Posterior_UB","prob"
-0.0862944281874451,0.0486391266992513,-0.225215298370391,0.122208293837626,0.791724039736305
