"Posterior_Mean","Posterior_SD","Posterior_LB","Posterior_UB","prob"
0.000417009823926322,0.0593710744334293,-0.135276381310971,0.138545491088886,0.495005658486439
