"Posterior_Mean","Posterior_SD","Posterior_LB","Posterior_UB","prob"
-0.0729632072531876,0.0467916996292663,-0.178674662209301,0.0563045622377801,0.877063999077662
