"Posterior_Mean","Posterior_SD","Posterior_LB","Posterior_UB","prob"
0.0218284972427689,0.0534514594394627,-0.0803925985068487,0.12915004971896,0.337173033794878
