"Posterior_Mean","Posterior_SD","Posterior_LB","Posterior_UB","prob"
-0.0591693199648817,0.0573899171599174,-0.172237289146701,0.0544745997174976,0.848733172182799
