"Posterior_Mean","Posterior_SD","Posterior_LB","Posterior_UB","prob"
-0.0126861353538229,0.0641899917993944,-0.150768418404204,0.152558198745334,0.604490074855089
