"Posterior_Mean","Posterior_SD","Posterior_LB","Posterior_UB","prob"
0.0101433362599886,0.0606103531492487,-0.123230729745026,0.17361179113269,0.472305974923351
