"Posterior_Mean","Posterior_SD","Posterior_LB","Posterior_UB","prob"
-0.0539022536987948,0.0444739012436163,-0.137618037327046,0.0358646396985932,0.877263301772745
