"Posterior_Mean","Posterior_SD","Posterior_LB","Posterior_UB","prob"
0.192951165389409,0.0533699611442477,0.0881593486100508,0.298297115857296,0.000135007910185486
