"Posterior_Mean","Posterior_SD","Posterior_LB","Posterior_UB","prob"
0.0359867993878226,0.054791266748893,-0.0720893393224602,0.149820035649733,0.272403021686595
