"Posterior_Mean","Posterior_SD","Posterior_LB","Posterior_UB","prob"
-0.0106621620260874,0.0559808957194609,-0.124851549469229,0.110886938782117,0.571846769385157
