"Posterior_Mean","Posterior_SD","Posterior_LB","Posterior_UB","prob"
-0.139501315974437,0.0630657202555381,-0.28719691069956,0.0594811127640893,0.92533563097405
