"Posterior_Mean","Posterior_SD","Posterior_LB","Posterior_UB","prob"
-0.0753802362286226,0.0563108101687233,-0.20398481486789,0.0564476245036294,0.882057304252572
