"Posterior_Mean","Posterior_SD","Posterior_LB","Posterior_UB","prob"
-0.037282113443959,0.0628841803584673,-0.16671751171714,0.0871820980690823,0.717287404914473
