"Posterior_Mean","Posterior_SD","Posterior_LB","Posterior_UB","prob"
-0.119259264872827,0.0541961908216387,-0.24459813930152,0.0151965183407714,0.960623282132312
