"Posterior_Mean","Posterior_SD","Posterior_LB","Posterior_UB","prob"
0.021399260187432,0.0643601566723724,-0.114822011229533,0.156155997442819,0.383122568452315
