"Posterior_Mean","Posterior_SD","Posterior_LB","Posterior_UB","prob"
-0.0676866212291478,0.0552909590370973,-0.233221015650493,0.0841314463345786,0.769247924262967
