"Posterior_Mean","Posterior_SD","Posterior_LB","Posterior_UB","prob"
-0.113786453938133,0.0511321989907125,-0.253917455997419,0.0567172713617059,0.913229295853831
