"Posterior_Mean","Posterior_SD","Posterior_LB","Posterior_UB","prob"
0.043159473218452,0.0641091832299985,-0.0912541674010467,0.175636051364281,0.256868418575097
