"Posterior_Mean","Posterior_SD","Posterior_LB","Posterior_UB","prob"
0.0230259927903208,0.0580692966545369,-0.124647625237701,0.173255580094797,0.392522937689582
