"Posterior_Mean","Posterior_SD","Posterior_LB","Posterior_UB","prob"
0.037570410658981,0.0666369550649313,-0.0930597504274054,0.173148675205941,0.302049184665288
