"Posterior_Mean","Posterior_SD","Posterior_LB","Posterior_UB","prob"
-0.0781861789094,0.0548283788195168,-0.282933146859368,0.120399894389925,0.701403855393756
