"Posterior_Mean","Posterior_SD","Posterior_LB","Posterior_UB","prob"
0.0576261389506221,0.0544957057689113,-0.0527083155112229,0.189003050918967,0.175438919076761
