"Posterior_Mean","Posterior_SD","Posterior_LB","Posterior_UB","prob"
-0.223023786265996,0.0522693316885239,-0.33242955150409,-0.094567126995031,0.997228461634445
