"Posterior_Mean","Posterior_SD","Posterior_LB","Posterior_UB","prob"
0.0594520167153574,0.0616330900281529,-0.0884399571963696,0.186678205372496,0.181645798895228
