"Posterior_Mean","Posterior_SD","Posterior_LB","Posterior_UB","prob"
-0.127970858105452,0.0541944239318873,-0.253247989117965,0.0202963518020475,0.956440552411245
