"Posterior_Mean","Posterior_SD","Posterior_LB","Posterior_UB","prob"
0.0282367833772221,0.0620053422203668,-0.0882880771550544,0.153964585874487,0.337380221893949
