"Posterior_Mean","Posterior_SD","Posterior_LB","Posterior_UB","prob"
0.0496206788964676,0.0585968682139422,-0.0818992723621342,0.18161429797565,0.252227740784258
