"Posterior_Mean","Posterior_SD","Posterior_LB","Posterior_UB","prob"
-0.0140080223098836,0.0515885114923376,-0.119162259949009,0.0921190450992857,0.606515340011082
