"Posterior_Mean","Posterior_SD","Posterior_LB","Posterior_UB","prob"
-0.116114400736174,0.0603461929452838,-0.272714778684935,0.0244022529594604,0.945303508821555
