"Posterior_Mean","Posterior_SD","Posterior_LB","Posterior_UB","prob"
-0.2030859709294,0.0557674414052276,-0.323518210170733,-0.0237265956936764,0.9831730040226
