"Posterior_Mean","Posterior_SD","Posterior_LB","Posterior_UB","prob"
-0.106370245060765,0.0559449251397005,-0.229391792816363,0.0315400424056613,0.937482184719076
