"Posterior_Mean","Posterior_SD","Posterior_LB","Posterior_UB","prob"
0.0588159384033586,0.0610436920597734,-0.095909317490789,0.201200574905387,0.208579812924563
