"","Posterior_Mean","Posterior_SD","Posterior_LB","Posterior_UB"
"1",0.0333870233265217,0.0492062847815508,-0.062075554288343,0.130996047148064
