"","Posterior_Mean","Posterior_SD","Posterior_LB","Posterior_UB"
"1",0.0374658381266844,0.0464948979787603,-0.0520969290767823,0.128950583784817
