"Posterior_Mean","Posterior_SD","Posterior_LB","Posterior_UB","prob"
-0.122619755461805,0.0558425560949523,-0.260534964109407,0.0323500423079078,0.942228119717055
