"Posterior_Mean","Posterior_SD","Posterior_LB","Posterior_UB","prob"
-0.109011757060753,0.0612316502057707,-0.237862965463859,0.0159423820840356,0.956787711594304
