"Posterior_Mean","Posterior_SD","Posterior_LB","Posterior_UB","prob"
0.00126193835798861,0.0582726827779847,-0.197033123374436,0.156876121718341,0.445539783554659
