"Posterior_Mean","Posterior_SD","Posterior_LB","Posterior_UB","prob"
-0.0955146362598686,0.0692928564837519,-0.235473938830757,0.0776091872853625,0.892691964376941
