"","Posterior_Mean","Posterior_SD","Posterior_LB","Posterior_UB"
"1",0.0357303197039015,0.037724655874899,-0.039208800954212,0.108502088592716
