"","Posterior_Mean","Posterior_SD","Posterior_LB","Posterior_UB"
"1",0.0179554342862297,0.0380791876462515,-0.0550655007859735,0.0947405635620929
