"Posterior_Mean","Posterior_SD","Posterior_LB","Posterior_UB","prob"
0.0681929888493638,0.036924048384807,-0.00838953453493101,0.148942633399342,0.0377337579817869
