"Posterior_Mean","Posterior_SD","Posterior_LB","Posterior_UB","prob"
-0.0307908355849206,0.0430516099537265,-0.111691565495714,0.0521084825328658,0.760609893266917
