"Posterior_Mean","Posterior_SD","Posterior_LB","Posterior_UB","prob"
-0.0302444452399185,0.038721095164777,-0.105674495920027,0.0425449214436709,0.768431840724711
