"Posterior_Mean","Posterior_SD","Posterior_LB","Posterior_UB","prob"
0.0113389932205313,0.0374341162569195,-0.062742099362685,0.084456499217003,0.368087273140112
