"Posterior_Mean","Posterior_SD","Posterior_LB","Posterior_UB","prob"
-0.0433918509651784,0.0362790412685994,-0.114869860987193,0.0316391983695011,0.883373645834484
