"Posterior_Mean","Posterior_SD","Posterior_LB","Posterior_UB","prob"
-0.0293097252645033,0.0374988084554708,-0.106007761304418,0.0435720361222303,0.767807094570215
