"Posterior_Mean","Posterior_SD","Posterior_LB","Posterior_UB","prob"
0.0390597366218155,0.03616556928734,-0.0340941959884673,0.10748331830586,0.138903425251342
