"Posterior_Mean","Posterior_SD","Posterior_LB","Posterior_UB","prob"
0.0482925276415369,0.0391732476929661,-0.0278573824106379,0.128775585571926,0.114113144299594
