"Posterior_Mean","Posterior_SD","Posterior_LB","Posterior_UB","prob"
-0.0707839728710285,0.0361912018675596,-0.142279283692301,0.00304812339173687,0.969156187733837
