"Posterior_Mean","Posterior_SD","Posterior_LB","Posterior_UB","prob"
0.0212371491418497,0.0410234675934516,-0.0636672957477513,0.101692565876166,0.308349300593692
