"Posterior_Mean","Posterior_SD","Posterior_LB","Posterior_UB","prob"
-0.0887553596288642,0.0388969322979103,-0.166654383686269,-0.0111614882093678,0.986768871294106
