"Posterior_Mean","Posterior_SD","Posterior_LB","Posterior_UB","prob"
-0.0117215032489587,0.0368917577423232,-0.0844240245214891,0.0612811609375112,0.614118925506521
