"Posterior_Mean","Posterior_SD","Posterior_LB","Posterior_UB","prob"
0.0167953342209278,0.0404514721012501,-0.0618555627423487,0.0959406406348067,0.344036444030399
