"Posterior_Mean","Posterior_SD","Posterior_LB","Posterior_UB","prob"
-0.0636316224090718,0.0371765738215451,-0.136836435598998,0.0131219156937911,0.951508593853792
