"Posterior_Mean","Posterior_SD","Posterior_LB","Posterior_UB","prob"
-0.0451038357792225,0.0371387733694454,-0.118587479100281,0.0280714632456433,0.890201264060905
