"Posterior_Mean","Posterior_SD","Posterior_LB","Posterior_UB","prob"
0.0135096548621902,0.0364334149814041,-0.0571673428467738,0.0875817951712669,0.360212819995192
