"Posterior_Mean","Posterior_SD","Posterior_LB","Posterior_UB","prob"
0.0176890477712033,0.0391380913924338,-0.0596621258811501,0.0957940169158615,0.320710779161127
