"Posterior_Mean","Posterior_SD","Posterior_LB","Posterior_UB","prob"
-0.00970511853256277,0.0385919144027309,-0.10823789516206,0.0756915029272482,0.560201379249398
