"Posterior_Mean","Posterior_SD","Posterior_LB","Posterior_UB","prob"
0.0184415415273416,0.0407958265173882,-0.0713304279280382,0.110883132441439,0.36545070658052
