"Posterior_Mean","Posterior_SD","Posterior_LB","Posterior_UB","prob"
0.00196670149409664,0.0362767841488274,-0.0646433921825083,0.0724963160655376,0.473391747570015
