"","Posterior_Mean","Posterior_SD","Posterior_LB","Posterior_UB"
"1",0.00825465186930825,0.0392906304212362,-0.0655921813042336,0.085796639829761
