"","Posterior_Mean","Posterior_SD","Posterior_LB","Posterior_UB"
"1",0.0525499252439575,0.0407093678667019,-0.024428290777786,0.133850538534462
