"","Posterior_Mean","Posterior_SD","Posterior_LB","Posterior_UB"
"1",0.0283000549429483,0.0407575565546339,-0.0516341409282755,0.109911432640947
