"Posterior_Mean","Posterior_SD","Posterior_LB","Posterior_UB","prob"
-0.188868246621407,0.0587756252592153,-0.311889739551994,-0.0718188921029705,0.99787378243095
