"Posterior_Mean","Posterior_SD","Posterior_LB","Posterior_UB","prob"
-0.247453374124577,0.0538232793630859,-0.354427868344597,-0.134433411840361,0.999998363492038
