"Posterior_Mean","Posterior_SD","Posterior_LB","Posterior_UB","prob"
-0.212687386910676,0.0531883119155901,-0.323506410069419,-0.105218233346204,0.999654397417072
