"Posterior_Mean","Posterior_SD","Posterior_LB","Posterior_UB","prob"
-0.305630678555859,0.0556232222394291,-0.418459867052223,-0.188688979412072,0.999401249682781
