"Posterior_Mean","Posterior_SD","Posterior_LB","Posterior_UB","prob"
-0.182020672279115,0.0518624495213405,-0.28817310815697,-0.0781821169569755,0.999738120252316
