"Posterior_Mean","Posterior_SD","Posterior_LB","Posterior_UB","prob"
-0.29443511914705,0.0534449528823243,-0.440118035927833,-0.180354314798787,1
