"Posterior_Mean","Posterior_SD","Posterior_LB","Posterior_UB","prob"
-0.263946796872006,0.0526593952994913,-0.368835883998872,-0.162184274052501,0.999991948112108
