"","Posterior_Mean","Posterior_SD","Posterior_LB","Posterior_UB"
"1",-0.0128444436592473,0.0517420498967147,-0.110773182978439,0.0850409117035649
