"Posterior_Mean","Posterior_SD","Posterior_LB","Posterior_UB","prob"
-0.236385052493315,0.0586085086970564,-0.380848483467137,-0.0936364049613485,0.999639528807803
