"Posterior_Mean","Posterior_SD","Posterior_LB","Posterior_UB","prob"
-0.155029819150823,0.0561910332436,-0.293411415694178,-0.0218306603595834,0.989212922039061
