"Posterior_Mean","Posterior_SD","Posterior_LB","Posterior_UB","prob"
-0.17391598155855,0.0507579228923057,-0.277902718782731,-0.0735338581180155,0.999909805723437
