"Posterior_Mean","Posterior_SD","Posterior_LB","Posterior_UB","prob"
-0.232941635075956,0.0523267592412903,-0.334443270628858,-0.130412607525142,0.999877025658725
