"Posterior_Mean","Posterior_SD","Posterior_LB","Posterior_UB","prob"
-0.179714531302759,0.0513495477014558,-0.278035968232853,-0.0790906636766727,0.999990209189746
