"Posterior_Mean","Posterior_SD","Posterior_LB","Posterior_UB","prob"
-0.250574835156046,0.050774845638493,-0.352259883421927,-0.151093856203743,0.99999541240996
