"Posterior_Mean","Posterior_SD","Posterior_LB","Posterior_UB","prob"
-0.157317695277785,0.0699485931642692,-0.310154132228763,-0.00245436754402664,0.976985952638053
