"Posterior_Mean","Posterior_SD","Posterior_LB","Posterior_UB","prob"
-0.137016687317152,0.0574415837150407,-0.256965132140308,-0.00454382700691416,0.97745789226829
