"Posterior_Mean","Posterior_SD","Posterior_LB","Posterior_UB","prob"
-0.208883467128445,0.0544200796780865,-0.33485639825659,-0.0987692477489747,0.999947489690096
