"Posterior_Mean","Posterior_SD","Posterior_LB","Posterior_UB","prob"
-0.342758037248607,0.0602334627556879,-0.538760627554854,-0.197459051138143,1
