"Posterior_Mean","Posterior_SD","Posterior_LB","Posterior_UB","prob"
-0.287549035875437,0.0577696501150969,-0.406187824058731,-0.158316138597165,0.999863247467124
