"Posterior_Mean","Posterior_SD","Posterior_LB","Posterior_UB","prob"
-0.259753283129043,0.0510036382813972,-0.364554941734285,-0.155972813890552,0.999999382394107
