"Posterior_Mean","Posterior_SD","Posterior_LB","Posterior_UB","prob"
-0.1781533533468,0.061166515540044,-0.303737139871396,-0.0529622556078554,0.996129273824225
