"Posterior_Mean","Posterior_SD","Posterior_LB","Posterior_UB","prob"
-0.00284729459577865,0.0574379661825593,-0.137719900914243,0.117800453447914,0.498268944697583
