"Posterior_Mean","Posterior_SD","Posterior_LB","Posterior_UB","prob"
-0.119874439062129,0.048233179412216,-0.216060486041177,-0.0256711995552788,0.994405093317019
