"Posterior_Mean","Posterior_SD","Posterior_LB","Posterior_UB","prob"
-0.0195884895824993,0.0590050646190254,-0.18550800568639,0.208326512838886,0.642722445901556
