"Posterior_Mean","Posterior_SD","Posterior_LB","Posterior_UB","prob"
0.0692335815622613,0.057129186468116,-0.0594290340369393,0.18501199216963,0.124058480143998
