"Posterior_Mean","Posterior_SD","Posterior_LB","Posterior_UB","prob"
-0.0527995595402573,0.0692337161687776,-0.256189946249265,0.0999681953702456,0.704105791910028
