"Posterior_Mean","Posterior_SD","Posterior_LB","Posterior_UB","prob"
-0.119542828218966,0.0468157414902549,-0.248619673985229,0.0271342894043215,0.946224234299222
