"Posterior_Mean","Posterior_SD","Posterior_LB","Posterior_UB","prob"
-0.0194128730046366,0.0590265960354392,-0.134799931084423,0.0962199526768401,0.628615148973244
