"Posterior_Mean","Posterior_SD","Posterior_LB","Posterior_UB","prob"
-0.154423751731481,0.0471826437885672,-0.281621467051081,4.05837950629498e-05,0.975232999137764
