"Posterior_Mean","Posterior_SD","Posterior_LB","Posterior_UB","prob"
0.0579071700858895,0.0587378083192178,-0.0600819997701192,0.179008538823154,0.164538824295083
