"Posterior_Mean","Posterior_SD","Posterior_LB","Posterior_UB","prob"
-0.0745329010406185,0.0596036826966038,-0.203502679357048,0.0602547998256873,0.868392178203666
