"Posterior_Mean","Posterior_SD","Posterior_LB","Posterior_UB","prob"
-0.0663163065070969,0.0541673270734833,-0.183109995886128,0.0547817935587468,0.863099818522842
