"Posterior_Mean","Posterior_SD","Posterior_LB","Posterior_UB","prob"
-0.204658683596089,0.0477358585914844,-0.303976034633943,-0.0374811925242487,0.985683245016449
