"Posterior_Mean","Posterior_SD","Posterior_LB","Posterior_UB","prob"
-0.089992371357957,0.0652598951644487,-0.233628568847023,0.054836052272622,0.898402722372214
