"Posterior_Mean","Posterior_SD","Posterior_LB","Posterior_UB","prob"
-0.089322620892917,0.0457452425691569,-0.198282786174861,0.0291790793270264,0.935943363220414
