"Posterior_Mean","Posterior_SD","Posterior_LB","Posterior_UB","prob"
-0.108589737135353,0.0475457173823257,-0.200216882776087,-0.0146633319950738,0.990746968597105
