"","Posterior_Mean","Posterior_SD","Posterior_LB","Posterior_UB"
"1",0.00954620341209528,0.0400950263841406,-0.0705187473395089,0.0911375199684547
