"","Posterior_Mean","Posterior_SD","Posterior_LB","Posterior_UB"
"1",-0.0101893774873181,0.0437171077586968,-0.0933040726736925,0.0761961528239408
