"","Posterior_Mean","Posterior_SD","Posterior_LB","Posterior_UB"
"1",0.00959768584721367,0.0401984618627256,-0.0710445866622063,0.0851158425670271
