"Posterior_Mean","Posterior_SD","Posterior_LB","Posterior_UB","prob"
-0.222532280934548,0.0544422263666181,-0.326732450678012,-0.117624450286646,0.999952210192796
