"Posterior_Mean","Posterior_SD","Posterior_LB","Posterior_UB","prob"
-0.162671253698879,0.104824668143624,-0.363951891832509,0.0700902683561933,0.924307284562502
