"Posterior_Mean","Posterior_SD","Posterior_LB","Posterior_UB","prob"
-0.197199935858601,0.0548673893407283,-0.305191951847407,-0.0895461247889023,0.998953043422327
