"Posterior_Mean","Posterior_SD","Posterior_LB","Posterior_UB","prob"
-0.0556879113679261,0.0578288472066383,-0.190123012624661,0.0632727898249588,0.813900281455291
