"Posterior_Mean","Posterior_SD","Posterior_LB","Posterior_UB","prob"
-0.135870189064378,0.0571633832642816,-0.247655618576636,-0.025216807145137,0.989918367174853
