"Posterior_Mean","Posterior_SD","Posterior_LB","Posterior_UB","prob"
-0.277926861197943,0.0596351190672208,-0.40622181876311,-0.155626967987272,0.999951887530121
