"Posterior_Mean","Posterior_SD","Posterior_LB","Posterior_UB","prob"
-0.147947191373538,0.0664937831688843,-0.289603326137977,-0.00805662967579568,0.980649520779436
