"Posterior_Mean","Posterior_SD","Posterior_LB","Posterior_UB","prob"
-0.199481881184138,0.0912938962362407,-0.380819179748295,0.0129840377009589,0.969524251829638
