"Posterior_Mean","Posterior_SD","Posterior_LB","Posterior_UB","prob"
-0.204237430914139,0.0610022724405862,-0.324810985732127,-0.0713014108700334,0.996476825162891
