"Posterior_Mean","Posterior_SD","Posterior_LB","Posterior_UB","prob"
-0.203695936249142,0.0813424656806431,-0.366470688641542,-0.0431742472336873,0.992777245064494
