"Posterior_Mean","Posterior_SD","Posterior_LB","Posterior_UB","prob"
-0.255045546076248,0.0609568632748831,-0.375839791261023,-0.135248904671207,0.999970294788478
