"Posterior_Mean","Posterior_SD","Posterior_LB","Posterior_UB","prob"
-0.246188908169282,0.0580677476789955,-0.359631759047283,-0.128437564441509,0.999963895275278
