"Posterior_Mean","Posterior_SD","Posterior_LB","Posterior_UB","prob"
-0.112338797390934,0.0600632084668486,-0.234356810821072,0.019981695406618,0.955486559673406
