"Posterior_Mean","Posterior_SD","Posterior_LB","Posterior_UB","prob"
-0.250935413561256,0.0617700079057307,-0.378843362253909,-0.112478371492942,0.999587974307612
