"Posterior_Mean","Posterior_SD","Posterior_LB","Posterior_UB","prob"
-0.249890421396665,0.0578809891541584,-0.366133657120769,-0.129950772361834,0.999999994062445
