"Posterior_Mean","Posterior_SD","Posterior_LB","Posterior_UB","prob"
-0.254339187656044,0.0577196733144295,-0.36280859600215,-0.137807094826931,0.999999919041924
