"Posterior_Mean","Posterior_SD","Posterior_LB","Posterior_UB","prob"
-0.202708298764375,0.0602196851684199,-0.326554990869068,-0.0809672633924725,0.998628581428694
