"Posterior_Mean","Posterior_SD","Posterior_LB","Posterior_UB","prob"
-0.146452165676451,0.0636826065533208,-0.273334293726789,-0.0104909954889104,0.984169724815082
