"Posterior_Mean","Posterior_SD","Posterior_LB","Posterior_UB","prob"
-0.277166024519388,0.0562103114793168,-0.390734291612647,-0.160822957253098,0.999988821514572
