"Posterior_Mean","Posterior_SD","Posterior_LB","Posterior_UB","prob"
-0.200613741953875,0.06471389765136,-0.329563661602537,-0.0641648319406738,0.996892341996891
