"Posterior_Mean","Posterior_SD","Posterior_LB","Posterior_UB","prob"
-0.169126194237386,0.0712421972598105,-0.312884599062102,-0.0289022419256903,0.98968471791035
