"Posterior_Mean","Posterior_SD","Posterior_LB","Posterior_UB","prob"
-0.296370316546002,0.058724225879657,-0.41591288419023,-0.177926795869339,1
