"Posterior_Mean","Posterior_SD","Posterior_LB","Posterior_UB","prob"
-0.192529928796039,0.0562329759781995,-0.304772526715503,-0.0823151515271303,0.999819466182995
