"Posterior_Mean","Posterior_SD","Posterior_LB","Posterior_UB","prob"
-0.204220990887185,0.0598643785820629,-0.32558703380288,-0.0674127071776814,0.996005980417744
