"Posterior_Mean","Posterior_SD","Posterior_LB","Posterior_UB","prob"
-0.289237056192939,0.0547535632793572,-0.402635708208624,-0.180226718176208,0.999999777739439
