"Posterior_Mean","Posterior_SD","Posterior_LB","Posterior_UB","prob"
-0.17423635956541,0.0566893736731871,-0.280145773268559,-0.0563876231022552,0.99849792910036
