"Posterior_Mean","Posterior_SD","Posterior_LB","Posterior_UB","prob"
-0.235070819790539,0.0585552161467794,-0.350592352886529,-0.114545313910286,0.999956338518955
