"Posterior_Mean","Posterior_SD","Posterior_LB","Posterior_UB","prob"
-0.184518698641687,0.0643112063031302,-0.31981271501501,-0.0436338902244393,0.992747944601459
