"Posterior_Mean","Posterior_SD","Posterior_LB","Posterior_UB","prob"
-0.154700411225769,0.0590731382691575,-0.27122133050241,-0.039246900900985,0.993897887252645
