"Posterior_Mean","Posterior_SD","Posterior_LB","Posterior_UB","prob"
-0.270802585550539,0.0702214445447351,-0.426057083946561,-0.113995937474575,0.999083892922487
