"Posterior_Mean","Posterior_SD","Posterior_LB","Posterior_UB","prob"
-0.228613194124654,0.0641472033272731,-0.354799669669331,-0.0996533971490611,0.999172773343951
