"Posterior_Mean","Posterior_SD","Posterior_LB","Posterior_UB","prob"
-0.174005315224447,0.076166868410153,-0.345630710620796,0.0258420830417836,0.956131373575862
