"Posterior_Mean","Posterior_SD","Posterior_LB","Posterior_UB","prob"
-0.188027563216855,0.103973904040465,-0.395030789249678,0.0354535387939862,0.956112991509112
