"Posterior_Mean","Posterior_SD","Posterior_LB","Posterior_UB","prob"
-0.0947983055304498,0.0665699951728402,-0.300619929291141,0.0651303038257444,0.861156066770771
