"Posterior_Mean","Posterior_SD","Posterior_LB","Posterior_UB","prob"
-0.259198979134482,0.0908855353570679,-0.450836131890371,-0.0652792945416034,0.993430866998128
