"Posterior_Mean","Posterior_SD","Posterior_LB","Posterior_UB","prob"
-0.191627783146034,0.0802521825938302,-0.404360203084516,-0.0168425062104169,0.984936314334826
