"Posterior_Mean","Posterior_SD","Posterior_LB","Posterior_UB","prob"
-0.306170354560747,0.0599092712180559,-0.434757408544886,-0.184552012756621,0.999993045330111
