"Posterior_Mean","Posterior_SD","Posterior_LB","Posterior_UB","prob"
-0.206343078862085,0.06276059237374,-0.424378079109848,-0.0771453041398062,0.999877884508881
