"Posterior_Mean","Posterior_SD","Posterior_LB","Posterior_UB","prob"
-0.135216750253827,0.061085378858986,-0.256410384279389,-0.0162842880355533,0.984343840252437
