"Posterior_Mean","Posterior_SD","Posterior_LB","Posterior_UB","prob"
-0.179651486388336,0.0625699114986281,-0.311814394373536,-0.0349926784228626,0.990170921643364
