"Posterior_Mean","Posterior_SD","Posterior_LB","Posterior_UB","prob"
-0.302507251315864,0.0570506253655701,-0.410001488699857,-0.186780097408742,0.99999999654323
