"Posterior_Mean","Posterior_SD","Posterior_LB","Posterior_UB","prob"
-0.180112185375684,0.0567051595290499,-0.299190789549836,-0.0628942538555788,0.997573308882294
