"Posterior_Mean","Posterior_SD","Posterior_LB","Posterior_UB","prob"
-0.187551529602029,0.0768214828700755,-0.37917534727322,0.00388858334367176,0.974112611681153
