"Posterior_Mean","Posterior_SD","Posterior_LB","Posterior_UB","prob"
-0.246430974556829,0.0607077147448311,-0.366413837002532,-0.1108064560345,0.998689482129677
