"Posterior_Mean","Posterior_SD","Posterior_LB","Posterior_UB","prob"
-0.289006155144188,0.0616676252144107,-0.414513071308789,-0.149833433437512,0.998731447872431
