"Posterior_Mean","Posterior_SD","Posterior_LB","Posterior_UB","prob"
-0.182486787697561,0.0575625436554863,-0.29410872966275,-0.0675094315035095,0.998283132221942
