"Posterior_Mean","Posterior_SD","Posterior_LB","Posterior_UB","prob"
-0.260711324531567,0.0653733302608232,-0.405244512943692,-0.115848755543201,0.999688235246873
