"Posterior_Mean","Posterior_SD","Posterior_LB","Posterior_UB","prob"
-0.274572560101033,0.0611721991189205,-0.39899437099531,-0.148997077642464,0.999828073716521
