"Posterior_Mean","Posterior_SD","Posterior_LB","Posterior_UB","prob"
-0.200982842992956,0.0549905700012538,-0.313872440622525,-0.0938737237593164,0.999392110630495
