"Posterior_Mean","Posterior_SD","Posterior_LB","Posterior_UB","prob"
-0.177646274816568,0.0555165202707052,-0.287514436922662,-0.0660611946961095,0.999704519278683
