"Posterior_Mean","Posterior_SD","Posterior_LB","Posterior_UB","prob"
-0.263880840152688,0.0563813731334486,-0.375677348468404,-0.151297355021995,0.99999999105865
