"Posterior_Mean","Posterior_SD","Posterior_LB","Posterior_UB","prob"
-0.304625625614072,0.0575059295643835,-0.415982411162944,-0.188584538249892,0.999997732451733
