"Posterior_Mean","Posterior_SD","Posterior_LB","Posterior_UB","prob"
-0.193966511586063,0.0598130850125758,-0.314628023805306,-0.077950120156829,0.998341777714899
