"Posterior_Mean","Posterior_SD","Posterior_LB","Posterior_UB","prob"
-0.169017839143182,0.0596281056517806,-0.296024208194323,-0.0432996554548838,0.994853025082747
