"Posterior_Mean","Posterior_SD","Posterior_LB","Posterior_UB","prob"
-0.144012667130201,0.0647689341368441,-0.316373969829762,0.0226299422278269,0.957324907012246
