"Posterior_Mean","Posterior_SD","Posterior_LB","Posterior_UB","prob"
-0.287243225481093,0.0565195402297897,-0.398059740903876,-0.175863261995417,0.999999972608589
