"Posterior_Mean","Posterior_SD","Posterior_LB","Posterior_UB","prob"
-0.133407619547026,0.071278878168126,-0.27850522962896,0.0200362258139486,0.95780108344114
