"Posterior_Mean","Posterior_SD","Posterior_LB","Posterior_UB","prob"
-0.173293985356989,0.0587320035202731,-0.28854392883939,-0.05624309793253,0.997785360892807
