"Posterior_Mean","Posterior_SD","Posterior_LB","Posterior_UB","prob"
-0.245114369250571,0.0599736077016257,-0.365662840082456,-0.124006723223465,0.999403272673057
