"Posterior_Mean","Posterior_SD","Posterior_LB","Posterior_UB","prob"
-0.34405021834637,0.0614584631713896,-0.481251608973511,-0.215740203410984,0.999997650271581
