"Posterior_Mean","Posterior_SD","Posterior_LB","Posterior_UB","prob"
-0.277819713652928,0.0617764155235901,-0.438703972975013,-0.136873207297395,0.999832215409629
