"Posterior_Mean","Posterior_SD","Posterior_LB","Posterior_UB","prob"
-0.235411699875262,0.0596706116758161,-0.35339563101186,-0.121339777485337,0.99999766417058
