"Posterior_Mean","Posterior_SD","Posterior_LB","Posterior_UB","prob"
-0.203392025515008,0.0564538985653867,-0.316243889215805,-0.0963169872394058,0.999948536059852
