"Posterior_Mean","Posterior_SD","Posterior_LB","Posterior_UB","prob"
-0.213869549323379,0.0583068047534386,-0.330435844472404,-0.0977845431129651,0.999800406129187
