"Posterior_Mean","Posterior_SD","Posterior_LB","Posterior_UB","prob"
-0.178430337140606,0.0569255586719841,-0.287793760824411,-0.0679931364291751,0.99997289370939
