"Posterior_Mean","Posterior_SD","Posterior_LB","Posterior_UB","prob"
-0.146621336809644,0.0552019235583525,-0.256998523163815,-0.040493239628991,0.996514843073737
