"Posterior_Mean","Posterior_SD","Posterior_LB","Posterior_UB","prob"
-0.299619520961529,0.0677695259201226,-0.450681277225616,-0.147026222661392,0.999832610553205
