"Posterior_Mean","Posterior_SD","Posterior_LB","Posterior_UB","prob"
-0.247125600191869,0.060123448669003,-0.367641284839245,-0.129766907973569,0.999995411248246
