"Posterior_Mean","Posterior_SD","Posterior_LB","Posterior_UB","prob"
-0.200906497281171,0.0640913203662176,-0.331299517912542,-0.0617061883166245,0.995877514540193
