"Posterior_Mean","Posterior_SD","Posterior_LB","Posterior_UB","prob"
-0.174047513305721,0.063346569107088,-0.310753767510286,0.00779931609334799,0.96994095065481
