"Posterior_Mean","Posterior_SD","Posterior_LB","Posterior_UB","prob"
-0.223881968149933,0.0606401427346817,-0.358187777013009,-0.10167939594844,0.999574469956947
