"Posterior_Mean","Posterior_SD","Posterior_LB","Posterior_UB","prob"
-0.272212064574925,0.0592851300929381,-0.393852386185796,-0.156596119329721,0.999955420877553
