"Posterior_Mean","Posterior_SD","Posterior_LB","Posterior_UB","prob"
-0.192594003482837,0.0597077846639018,-0.3121951943674,-0.0636711713465793,0.99810554436747
