"Posterior_Mean","Posterior_SD","Posterior_LB","Posterior_UB","prob"
-0.283235145942843,0.0669306410756436,-0.455187061347724,-0.148033864369165,0.999975977546208
