"Posterior_Mean","Posterior_SD","Posterior_LB","Posterior_UB","prob"
-0.107629083591721,0.0614694420534802,-0.226167111244117,0.0257332131655989,0.946727340151629
