"Posterior_Mean","Posterior_SD","Posterior_LB","Posterior_UB","prob"
-0.240366505256887,0.0683159481547937,-0.376839424291667,-0.0685856917561742,0.990484089961997
