"Posterior_Mean","Posterior_SD","Posterior_LB","Posterior_UB","prob"
-0.225912667851863,0.0577525497961532,-0.339380423426634,-0.106220070276085,0.999413280523965
