"Posterior_Mean","Posterior_SD","Posterior_LB","Posterior_UB","prob"
-0.213319784165934,0.0554882820328077,-0.323418677275819,-0.10624640370508,0.999980620839719
