"Posterior_Mean","Posterior_SD","Posterior_LB","Posterior_UB","prob"
-0.107505540204908,0.0633677324190536,-0.248673349747126,0.0248233832720323,0.946750933025294
