"Posterior_Mean","Posterior_SD","Posterior_LB","Posterior_UB","prob"
-0.186470656364875,0.057783387359582,-0.297531129856475,-0.0634764920606125,0.998790618937461
