"Posterior_Mean","Posterior_SD","Posterior_LB","Posterior_UB","prob"
-0.202304232131875,0.0607515270386479,-0.323041456455518,-0.0802021101433229,0.999441996487783
