"Posterior_Mean","Posterior_SD","Posterior_LB","Posterior_UB","prob"
-0.229492816389267,0.0606239152419055,-0.352504522676805,-0.107731246154753,0.999529232708186
