"Posterior_Mean","Posterior_SD","Posterior_LB","Posterior_UB","prob"
-0.176862849970703,0.0563900273309411,-0.293906848460799,-0.0634270743604061,0.998675651483277
