"Posterior_Mean","Posterior_SD","Posterior_LB","Posterior_UB","prob"
-0.226774935915247,0.0581306345767125,-0.34142903748271,-0.115109636881508,0.999973814725886
