"Posterior_Mean","Posterior_SD","Posterior_LB","Posterior_UB","prob"
-0.18204608173956,0.0560156276919508,-0.294244138748197,-0.0730799202536956,0.999722615137981
