"Posterior_Mean","Posterior_SD","Posterior_LB","Posterior_UB","prob"
-0.18713498003757,0.0631006216464668,-0.315638217536883,-0.0507513596993864,0.995993614137167
