"Posterior_Mean","Posterior_SD","Posterior_LB","Posterior_UB","prob"
-0.321179032993074,0.0602326244045114,-0.445490315092253,-0.199866823707171,1
