"Posterior_Mean","Posterior_SD","Posterior_LB","Posterior_UB","prob"
-0.11718669647516,0.0579541991634352,-0.23589801602028,-0.00243274447878791,0.978366552691071
