"Posterior_Mean","Posterior_SD","Posterior_LB","Posterior_UB","prob"
-0.296344013569961,0.0576713236654292,-0.422795767051709,-0.183836671000884,0.999997249355706
