"Posterior_Mean","Posterior_SD","Posterior_LB","Posterior_UB","prob"
-0.349153548542206,0.0846689806957172,-0.527483313831168,-0.181421617682429,0.999902608055483
