"Posterior_Mean","Posterior_SD","Posterior_LB","Posterior_UB","prob"
-0.131447736970935,0.0774079879881564,-0.293059160389464,0.0836911672804961,0.91463418824889
