"Posterior_Mean","Posterior_SD","Posterior_LB","Posterior_UB","prob"
-0.280927221963612,0.0575349069207373,-0.390455042985488,-0.168250059699427,0.99999999796657
