"Posterior_Mean","Posterior_SD","Posterior_LB","Posterior_UB","prob"
-0.24109208254469,0.0723796606889205,-0.416266518414615,-0.0721208457923042,0.996905399394381
