"Posterior_Mean","Posterior_SD","Posterior_LB","Posterior_UB","prob"
-0.217707102314543,0.0822347760469054,-0.400620349506881,-0.0169950952792139,0.98181693256368
