"Posterior_Mean","Posterior_SD","Posterior_LB","Posterior_UB","prob"
-0.281363824532507,0.0609915418567176,-0.411470827673688,-0.147553716398551,0.999985411678724
