"Posterior_Mean","Posterior_SD","Posterior_LB","Posterior_UB","prob"
-0.239778760807908,0.0615723898352337,-0.396676623863459,-0.110755848927756,0.999985541232183
