"Posterior_Mean","Posterior_SD","Posterior_LB","Posterior_UB","prob"
-0.341149097218643,0.0577143983500383,-0.4600099675729,-0.232346661999672,0.999998716641114
