"Posterior_Mean","Posterior_SD","Posterior_LB","Posterior_UB","prob"
-0.285414713898419,0.0637944587273385,-0.442310040918492,-0.158257376433751,1
