"Posterior_Mean","Posterior_SD","Posterior_LB","Posterior_UB","prob"
-0.335040308163633,0.0627526547123508,-0.45510916175442,-0.210848414157243,0.999999549287461
