"Posterior_Mean","Posterior_SD","Posterior_LB","Posterior_UB","prob"
-0.214047090436946,0.0607059776449769,-0.342052275139717,-0.0878210781997698,0.999389986914016
