"Posterior_Mean","Posterior_SD","Posterior_LB","Posterior_UB","prob"
-0.252155363025508,0.0596914571251964,-0.378640369338731,-0.130601014321959,0.999957122152807
