"Posterior_Mean","Posterior_SD","Posterior_LB","Posterior_UB","prob"
-0.196138989582086,0.0604130958683572,-0.326886963427784,-0.068035381801959,0.997998705390765
