"Posterior_Mean","Posterior_SD","Posterior_LB","Posterior_UB","prob"
-0.349644715814514,0.0849845704434505,-0.567687788390682,-0.174790558897926,0.999991324192653
