"Posterior_Mean","Posterior_SD","Posterior_LB","Posterior_UB","prob"
-0.217932823472622,0.0555663132480822,-0.32692338637635,-0.108276889832849,0.999993966559172
