"Posterior_Mean","Posterior_SD","Posterior_LB","Posterior_UB","prob"
-0.294447427947656,0.0618905925448476,-0.417079226698198,-0.170786841522256,0.999992383725506
