"Posterior_Mean","Posterior_SD","Posterior_LB","Posterior_UB","prob"
-0.164879294998427,0.0677322885146335,-0.299593857827136,-0.0281689940485905,0.990178784964964
