"Posterior_Mean","Posterior_SD","Posterior_LB","Posterior_UB","prob"
-0.225380754124381,0.0583202457207742,-0.349611941830139,-0.110981025274533,0.999948755400234
