"Posterior_Mean","Posterior_SD","Posterior_LB","Posterior_UB","prob"
-0.166377725858847,0.0594405978960825,-0.293427889984,-0.0456988213135983,0.995848191351503
