"Posterior_Mean","Posterior_SD","Posterior_LB","Posterior_UB","prob"
-0.222315437915232,0.0643547016533242,-0.349136870556702,-0.0892520610392424,0.998687478423898
