"Posterior_Mean","Posterior_SD","Posterior_LB","Posterior_UB","prob"
-0.29607376346147,0.0580557757040277,-0.411659492919364,-0.183638589220297,0.999999795613976
