"Posterior_Mean","Posterior_SD","Posterior_LB","Posterior_UB","prob"
-0.197918520339064,0.0564436672331896,-0.306862986518779,-0.0848817799252375,0.999751726006706
