"Posterior_Mean","Posterior_SD","Posterior_LB","Posterior_UB","prob"
-0.095423292826187,0.0627515011837594,-0.224429914820756,0.0480975257869622,0.917043098177641
