"Posterior_Mean","Posterior_SD","Posterior_LB","Posterior_UB","prob"
-0.341051585327922,0.0602667652359691,-0.476480378645351,-0.219696023410201,1
