"Posterior_Mean","Posterior_SD","Posterior_LB","Posterior_UB","prob"
-0.224213801897974,0.112747511213243,-0.446568401127319,-0.00138219610662822,0.975569970542787
