"Posterior_Mean","Posterior_SD","Posterior_LB","Posterior_UB","prob"
-0.1250294636306,0.0599507268823785,-0.246475179837205,0.00299844118467868,0.973133131626121
