"Posterior_Mean","Posterior_SD","Posterior_LB","Posterior_UB","prob"
-0.200721834626942,0.05786401632441,-0.313474812046237,-0.0832919941311292,0.999932436378717
