"Posterior_Mean","Posterior_SD","Posterior_LB","Posterior_UB","prob"
-0.0701495659460576,0.0603448411425486,-0.194155879956959,0.0504766115358516,0.860549561681934
