"Posterior_Mean","Posterior_SD","Posterior_LB","Posterior_UB","prob"
-0.160132931593583,0.0644426529550939,-0.29949476529007,-0.0100454136503002,0.981919953533468
