"Posterior_Mean","Posterior_SD","Posterior_LB","Posterior_UB","prob"
-0.301378124972072,0.0567093934826383,-0.413234287264541,-0.184926283535564,0.999999335132097
