"Posterior_Mean","Posterior_SD","Posterior_LB","Posterior_UB","prob"
-0.148332691781081,0.0574024814565359,-0.268091045056419,-0.0251712288472677,0.990649133961902
