"Posterior_Mean","Posterior_SD","Posterior_LB","Posterior_UB","prob"
-0.143009972239046,0.0563639353687144,-0.256580017740433,-0.0254192251604175,0.993980524159595
