"Posterior_Mean","Posterior_SD","Posterior_LB","Posterior_UB","prob"
-0.250626410021614,0.0644213817443768,-0.402447930499119,-0.0836219459187411,0.99732508950631
