"Posterior_Mean","Posterior_SD","Posterior_LB","Posterior_UB","prob"
-0.21972103418256,0.057365174484242,-0.334102360353814,-0.102410678696281,0.999886079214022
