"Posterior_Mean","Posterior_SD","Posterior_LB","Posterior_UB","prob"
-0.271652379731634,0.069296444718917,-0.444738363417013,-0.125220986558016,0.999985326255253
