"Posterior_Mean","Posterior_SD","Posterior_LB","Posterior_UB","prob"
-0.234543479795256,0.060742085972151,-0.355972688420928,-0.110084949935831,0.9999753431147
