"Posterior_Mean","Posterior_SD","Posterior_LB","Posterior_UB","prob"
-0.326829787358079,0.0567842307181136,-0.440016694953574,-0.215167760812626,0.999999658369993
