"Posterior_Mean","Posterior_SD","Posterior_LB","Posterior_UB","prob"
0.0256397598857996,0.0469614921221761,-0.0656942469813,0.117343918151391,0.295217476500907
