"Posterior_Mean","Posterior_SD","Posterior_LB","Posterior_UB","prob"
0.0869616739514932,0.0482015600892146,-0.0110288326278117,0.182062227925065,0.0397343394943838
