"Posterior_Mean","Posterior_SD","Posterior_LB","Posterior_UB","prob"
0.00445798901282739,0.0478335311767693,-0.093290615263063,0.0967697602825913,0.449899559880778
