"Posterior_Mean","Posterior_SD","Posterior_LB","Posterior_UB","prob"
-0.0660634593466655,0.0483241921562523,-0.163646386306698,0.0261001434667652,0.915948307750068
