"Posterior_Mean","Posterior_SD","Posterior_LB","Posterior_UB","prob"
-0.0169643357482996,0.0478569356541783,-0.121452394978488,0.0764931803920673,0.618362806371769
