"Posterior_Mean","Posterior_SD","Posterior_LB","Posterior_UB","prob"
0.0607632151914533,0.0467584300176369,-0.0319507388067737,0.158204857437548,0.0897119315212997
