"Posterior_Mean","Posterior_SD","Posterior_LB","Posterior_UB","prob"
0.0701913713995788,0.0501579759097485,-0.0342235536616014,0.170396723065154,0.0934958929980211
