"Posterior_Mean","Posterior_SD","Posterior_LB","Posterior_UB","prob"
0.0245903536598796,0.0487673009618767,-0.0726457854152368,0.117092373960768,0.298970757832967
