"Posterior_Mean","Posterior_SD","Posterior_LB","Posterior_UB","prob"
-0.00830953464448832,0.0491811075397486,-0.106277165308,0.0892466542473006,0.563185360720084
