"Posterior_Mean","Posterior_SD","Posterior_LB","Posterior_UB","prob"
0.10622133027074,0.055121822680693,-0.0131723043641302,0.220698055066373,0.0372886261872056
