"Posterior_Mean","Posterior_SD","Posterior_LB","Posterior_UB","prob"
-0.0614848641120638,0.048705449163725,-0.160681450373206,0.0340323574733192,0.893795564512282
