"Posterior_Mean","Posterior_SD","Posterior_LB","Posterior_UB","prob"
-0.000569506581815522,0.0370523024492604,-0.074381635419146,0.0739458709178773,0.511145710605367
