"Posterior_Mean","Posterior_SD","Posterior_LB","Posterior_UB","prob"
-0.0279733984939666,0.0410617608963428,-0.114699733808975,0.0564060079263117,0.747956203619155
