"Posterior_Mean","Posterior_SD","Posterior_LB","Posterior_UB","prob"
-0.0193373942555881,0.0372035908126142,-0.100144466638302,0.060261264287005,0.684137773620204
