"","Posterior_Mean","Posterior_SD","Posterior_LB","Posterior_UB"
"1",-0.0179721913380073,0.0403096486870537,-0.0982530715232355,0.0604041410338289
