"Posterior_Mean","Posterior_SD","Posterior_LB","Posterior_UB","prob"
-0.0283443320707907,0.0392446739687891,-0.106373096533827,0.0509235430535135,0.766846740409939
