"Posterior_Mean","Posterior_SD","Posterior_LB","Posterior_UB","prob"
0.0638268855532756,0.0392952185794428,-0.0175123498762094,0.155368576334732,0.0651400042030549
