"","Posterior_Mean","Posterior_SD","Posterior_LB","Posterior_UB"
"1",-0.0615090953080184,0.0389130954240527,-0.141053075561465,0.0136866658481319
