"","Posterior_Mean","Posterior_SD","Posterior_LB","Posterior_UB"
"1",0.00635900564608475,0.0356860032248174,-0.0658802982849328,0.0801397220925295
