"Posterior_Mean","Posterior_SD","Posterior_LB","Posterior_UB","prob"
-0.0287670355378406,0.0375679184683662,-0.104220585282251,0.0457248984616299,0.781424986841884
