"Posterior_Mean","Posterior_SD","Posterior_LB","Posterior_UB","prob"
0.0218330427245954,0.0388446074023336,-0.0622206940248508,0.121424163823417,0.331486741784227
