"Posterior_Mean","Posterior_SD","Posterior_LB","Posterior_UB","prob"
0.0130040158134158,0.040141151821554,-0.0727133233175205,0.114350119488136,0.405840250074233
