"Posterior_Mean","Posterior_SD","Posterior_LB","Posterior_UB","prob"
0.0188655485317924,0.0373559507601974,-0.0514944318176399,0.0909345074753062,0.325359446947289
