"Posterior_Mean","Posterior_SD","Posterior_LB","Posterior_UB","prob"
0.0168631730538581,0.0374458077727826,-0.0577010907155201,0.0940277209125198,0.325323028987335
