"","Posterior_Mean","Posterior_SD","Posterior_LB","Posterior_UB"
"1",0.00271742358071082,0.0368295318357175,-0.0680483474333405,0.0754764870873114
