"Posterior_Mean","Posterior_SD","Posterior_LB","Posterior_UB","prob"
0.0198680602764563,0.0387704058819326,-0.0547184928260405,0.0963780280864892,0.298249709636919
