"Posterior_Mean","Posterior_SD","Posterior_LB","Posterior_UB","prob"
-0.0144739530159235,0.0372796462722041,-0.0902294359414199,0.0589260043183601,0.638386251884151
