"Posterior_Mean","Posterior_SD","Posterior_LB","Posterior_UB","prob"
-0.0366261240016187,0.0352651067646236,-0.108833643985007,0.0327618277514108,0.833377141588191
