"Posterior_Mean","Posterior_SD","Posterior_LB","Posterior_UB","prob"
0.00641218991136704,0.0378910276348676,-0.071600755063896,0.0858862015074943,0.429374051775802
