"Posterior_Mean","Posterior_SD","Posterior_LB","Posterior_UB","prob"
0.0502938624770103,0.0371152562628687,-0.0259826026471798,0.121960434402068,0.088993498547736
