"","Posterior_Mean","Posterior_SD","Posterior_LB","Posterior_UB"
"1",-0.0433520671278589,0.0402148638093742,-0.124162767154812,0.0366501029457698
