"Posterior_Mean","Posterior_SD","Posterior_LB","Posterior_UB","prob"
-0.000592466577213919,0.0364437524189725,-0.0699608690502037,0.0693935620546607,0.508474403561806
