"Posterior_Mean","Posterior_SD","Posterior_LB","Posterior_UB","prob"
0.00595044256288522,0.0374934646861141,-0.0662943851169678,0.0761694016155068,0.434040298318438
