"Posterior_Mean","Posterior_SD","Posterior_LB","Posterior_UB","prob"
0.0471470943749293,0.0368186746889267,-0.0236744560575811,0.12066790824437,0.0986801170260251
