"Posterior_Mean","Posterior_SD","Posterior_LB","Posterior_UB","prob"
-0.0217854763790998,0.0404663677914723,-0.102219396515933,0.0645888110190619,0.716413929589927
