"Posterior_Mean","Posterior_SD","Posterior_LB","Posterior_UB","prob"
-0.478035280406256,0.224739770408264,-0.926669697173731,-0.0536819202841338,0.982058022082533
