"Posterior_Mean","Posterior_SD","Posterior_LB","Posterior_UB","prob"
-0.0442295590942186,0.210355400661016,-0.46967716158988,0.387995532734614,0.585142376991138
