"Posterior_Mean","Posterior_SD","Posterior_LB","Posterior_UB","prob"
-0.381611081327539,0.201900036344829,-0.79069347978272,0.0393048534839995,0.960675771608357
