"Posterior_Mean","Posterior_SD","Posterior_LB","Posterior_UB","prob"
-0.0898096989656848,0.189631027280712,-0.520777533333127,0.311488406719453,0.655667914149811
