"Posterior_Mean","Posterior_SD","Posterior_LB","Posterior_UB","prob"
-0.098100326378966,0.212404564091989,-0.542173380927111,0.347512251754797,0.664795222912704
