"Posterior_Mean","Posterior_SD","Posterior_LB","Posterior_UB","prob"
-0.554694103228802,0.230244179115689,-1.05898604127003,-0.0985405557824779,0.993341548345905
