"Posterior_Mean","Posterior_SD","Posterior_LB","Posterior_UB","prob"
-0.206962481850131,0.223279170889433,-0.632808669737663,0.227992108220062,0.821511082415005
