"Posterior_Mean","Posterior_SD","Posterior_LB","Posterior_UB","prob"
-0.377452233171402,0.17681687930306,-0.732270669738961,-0.0175201069954317,0.979822267238524
