"Posterior_Mean","Posterior_SD","Posterior_LB","Posterior_UB","prob"
-0.106438337051829,0.22897143327781,-0.563177931668846,0.3741601781477,0.681279566719507
