"","Posterior_Mean","Posterior_SD","Posterior_LB","Posterior_UB"
"LowBound",0.14714393781035,0.207430373236533,-0.285318565196444,0.557319164972011
