"","Posterior_Mean","Posterior_SD","Posterior_LB","Posterior_UB"
"LowBound",0.101880408351504,0.217472201257144,-0.339232109746699,0.542738118971967
