"","Posterior_Mean","Posterior_SD","Posterior_LB","Posterior_UB"
"LowBound",-0.170152217265069,0.23347844269906,-0.625070867212644,0.287717716510268
