"","Posterior_Mean","Posterior_SD","Posterior_LB","Posterior_UB"
"LowBound",0.0080522091944391,0.215532747077112,-0.423400252465672,0.470728423085723
