"","Posterior_Mean","Posterior_SD","Posterior_LB","Posterior_UB"
"LowBound",-0.0817032794739827,0.181895771899269,-0.448282051307975,0.390279704624328
