"","Posterior_Mean","Posterior_SD","Posterior_LB","Posterior_UB"
"LowBound",0.336513357834756,0.243490799393245,-0.142059407636805,0.813927708043382
