"","Posterior_Mean","Posterior_SD","Posterior_LB","Posterior_UB"
"LowBound",-0.0952341924572682,0.183022606973652,-0.456889145331566,0.335163699029192
