"","Posterior_Mean","Posterior_SD","Posterior_LB","Posterior_UB"
"LowBound",-0.0442898464643478,0.218317200568383,-0.476259520082414,0.412249566653088
