"Posterior_Mean","Posterior_SD","Posterior_LB","Posterior_UB","prob"
-0.0480490747436476,0.180185767815435,-0.397631029641743,0.371321316539379,0.627333003914984
