"","Posterior_Mean","Posterior_SD","Posterior_LB","Posterior_UB"
"LowBound",-0.343047349032183,0.216726798076736,-0.771702686548157,0.111903353632462
