"","Posterior_Mean","Posterior_SD","Posterior_LB","Posterior_UB"
"LowBound",0.320086366569814,0.230971168727349,-0.17193362890634,0.798841591838998
