"Posterior_Mean","Posterior_SD","Posterior_LB","Posterior_UB","prob"
-0.0305324205067969,0.247201743107052,-0.516088335854777,0.473086946241704,0.55316509970248
