"Posterior_Mean","Posterior_SD","Posterior_LB","Posterior_UB","prob"
-0.0713113549687081,0.231688044986842,-0.523147268961874,0.399703964244384,0.6340879272919
