"","Posterior_Mean","Posterior_SD","Posterior_LB","Posterior_UB"
"LowBound",-0.159779141642015,0.20863239998111,-0.579842185172819,0.256272145186979
