"","Posterior_Mean","Posterior_SD","Posterior_LB","Posterior_UB"
"LowBound",-0.0636125060577292,0.224826651634012,-0.514046445798311,0.413020243110442
