"","Posterior_Mean","Posterior_SD","Posterior_LB","Posterior_UB"
"LowBound",-0.106431060593382,0.230643909320644,-0.568830284108441,0.357792418092103
