"Posterior_Mean","Posterior_SD","Posterior_LB","Posterior_UB","prob"
-0.0985835829252821,0.188143679254414,-0.470060350589062,0.313180135385858,0.710011584461706
