"Posterior_Mean","Posterior_SD","Posterior_LB","Posterior_UB","prob"
0.0348159642506819,0.236309811337007,-0.444267266171679,0.513865376500859,0.454767137127524
