"","Posterior_Mean","Posterior_SD","Posterior_LB","Posterior_UB"
"LowBound",0.0793930547130172,0.22601224652462,-0.374869588903622,0.556621302428454
