"","Posterior_Mean","Posterior_SD","Posterior_LB","Posterior_UB"
"LowBound",-0.388416882772152,0.224103729960891,-0.82590109104621,0.0839173901220898
