"","Posterior_Mean","Posterior_SD","Posterior_LB","Posterior_UB"
"LowBound",-0.0590898089497043,0.219424247782252,-0.529879655554719,0.39354702551942
