"","Posterior_Mean","Posterior_SD","Posterior_LB","Posterior_UB"
"LowBound",-0.0981857435902608,0.214445056987258,-0.537018382191878,0.330391126631418
