"","Posterior_Mean","Posterior_SD","Posterior_LB","Posterior_UB"
"LowBound",-0.0782029261487575,0.167408216018023,-0.41759305968976,0.298096805074441
