"","Posterior_Mean","Posterior_SD","Posterior_LB","Posterior_UB"
"LowBound",0.244454561895334,0.226854020902635,-0.22294862922982,0.713481246775767
