"","Posterior_Mean","Posterior_SD","Posterior_LB","Posterior_UB"
"LowBound",-0.223068425664881,0.238643955904856,-0.690336844894832,0.245919638738988
