"","Posterior_Mean","Posterior_SD","Posterior_LB","Posterior_UB"
"LowBound",-0.242268728770747,0.175248788317081,-0.599871549984927,0.148675593453162
