"","Posterior_Mean","Posterior_SD","Posterior_LB","Posterior_UB"
"LowBound",-0.0422107748071588,0.203002551450289,-0.447553228365386,0.394710394299576
