"","Posterior_Mean","Posterior_SD","Posterior_LB","Posterior_UB"
"LowBound",0.431839217671872,0.228568030706776,-0.0337879185371048,0.890652165928871
