"","Posterior_Mean","Posterior_SD","Posterior_LB","Posterior_UB"
"LowBound",0.756400340361958,0.229728319107177,0.299978858411377,1.20769009308649
