"Posterior_Mean","Posterior_SD","Posterior_LB","Posterior_UB","prob"
-0.221794237264486,0.220905899321519,-0.689000682542149,0.211698957405744,0.836043378052662
