"Posterior_Mean","Posterior_SD","Posterior_LB","Posterior_UB","prob"
-0.194021119534469,0.214441076279923,-0.602147977912381,0.281094077987721,0.796339319005721
