"","Posterior_Mean","Posterior_SD","Posterior_LB","Posterior_UB"
"LowBound",-0.0815199381479041,0.210533073642571,-0.506154649164876,0.38856308832065
