"","Posterior_Mean","Posterior_SD","Posterior_LB","Posterior_UB"
"LowBound",-0.00147816613868399,0.250248698293016,-0.505759286897639,0.508356737974506
