"","Posterior_Mean","Posterior_SD","Posterior_LB","Posterior_UB"
"LowBound",-0.10623536830735,0.214884069071701,-0.528018825096648,0.338296442760219
