"","Posterior_Mean","Posterior_SD","Posterior_LB","Posterior_UB"
"LowBound",-0.114924258616863,0.228869814095461,-0.568360891963902,0.364690771540749
