"","Posterior_Mean","Posterior_SD","Posterior_LB","Posterior_UB"
"LowBound",0.130188666664384,0.240182060686921,-0.349770753487367,0.607880212056208
