"","Posterior_Mean","Posterior_SD","Posterior_LB","Posterior_UB"
"LowBound",-0.226780230320269,0.233376026455274,-0.678947217208658,0.253642590843046
