"","Posterior_Mean","Posterior_SD","Posterior_LB","Posterior_UB"
"LowBound",-0.10498718234098,0.217735119995955,-0.576371366692312,0.392813311517376
