"","Posterior_Mean","Posterior_SD","Posterior_LB","Posterior_UB"
"LowBound",0.0245271476091656,0.217170641403302,-0.416451305127978,0.499404056280886
