"","Posterior_Mean","Posterior_SD","Posterior_LB","Posterior_UB"
"LowBound",0.477519738193436,0.233505693474344,0.011718130830699,0.941150590787227
