"","Posterior_Mean","Posterior_SD","Posterior_LB","Posterior_UB"
"LowBound",0.140848286428664,0.213026293358248,-0.292639704192111,0.583841548618911
