"","Posterior_Mean","Posterior_SD","Posterior_LB","Posterior_UB"
"LowBound",-0.187468698496269,0.240842289462543,-0.658498214753711,0.290949141995081
