"","Posterior_Mean","Posterior_SD","Posterior_LB","Posterior_UB"
"LowBound",0.070463909033312,0.234073198019114,-0.401920819282547,0.564072006348006
