"","Posterior_Mean","Posterior_SD","Posterior_LB","Posterior_UB"
"LowBound",-0.137446008058371,0.201256060569953,-0.5418820755556,0.28236743386865
