"","Posterior_Mean","Posterior_SD","Posterior_LB","Posterior_UB"
"LowBound",0.0438237390081369,0.234307046054838,-0.416284063640085,0.512160286544693
