"Posterior_Mean","Posterior_SD","Posterior_LB","Posterior_UB","prob"
-0.0253653079074001,0.21384232214781,-0.440926372606141,0.392644350379085,0.55165332558025
