"Posterior_Mean","Posterior_SD","Posterior_LB","Posterior_UB","prob"
0.0655682088811789,0.20447530570113,-0.353772482997621,0.541663662827966,0.410183025802791
