"","Posterior_Mean","Posterior_SD","Posterior_LB","Posterior_UB"
"LowBound",-0.413775656549874,0.227872204173998,-0.856795312640669,0.0307879341765427
