"","Posterior_Mean","Posterior_SD","Posterior_LB","Posterior_UB"
"LowBound",0.194363651958383,0.218170969870094,-0.242545761254018,0.647199644345632
