"Posterior_Mean","Posterior_SD","Posterior_LB","Posterior_UB","prob"
-0.151029645985313,0.185640361573376,-0.549168282746682,0.315740015901019,0.771647489996386
