"","Posterior_Mean","Posterior_SD","Posterior_LB","Posterior_UB"
"LowBound",0.0592531992760088,0.227103703375381,-0.388667227053301,0.507331047869347
