"","Posterior_Mean","Posterior_SD","Posterior_LB","Posterior_UB"
"LowBound",0.203586594845455,0.227348787709163,-0.261622719792528,0.665495273468233
