"","Posterior_Mean","Posterior_SD","Posterior_LB","Posterior_UB"
"LowBound",-0.0497536838622753,0.212612485530581,-0.47050813773602,0.408208162815435
