"","Posterior_Mean","Posterior_SD","Posterior_LB","Posterior_UB"
"LowBound",0.0896832593353714,0.252652277288625,-0.403770128790246,0.586874656218697
