"Posterior_Mean","Posterior_SD","Posterior_LB","Posterior_UB","prob"
-0.219228973008002,0.236730073170951,-0.668008504730359,0.247654960492506,0.82335140419285
