"Posterior_Mean","Posterior_SD","Posterior_LB","Posterior_UB","prob"
-0.0248830048077028,0.234138359014111,-0.50941386100451,0.446503270806988,0.545164715168435
