"","Posterior_Mean","Posterior_SD","Posterior_LB","Posterior_UB"
"LowBound",0.220360577920242,0.246160466589772,-0.262875179717472,0.706897091904376
