"","Posterior_Mean","Posterior_SD","Posterior_LB","Posterior_UB"
"LowBound",0.0197547433878074,0.229904449717048,-0.43147372875162,0.47614249086429
