"","Posterior_Mean","Posterior_SD","Posterior_LB","Posterior_UB"
"LowBound",0.175594160648966,0.234955161841025,-0.295985338791085,0.648558180242335
