"","Posterior_Mean","Posterior_SD","Posterior_LB","Posterior_UB"
"LowBound",-0.135060380629376,0.233232698211486,-0.607339374498245,0.325449884721581
