"","Posterior_Mean","Posterior_SD","Posterior_LB","Posterior_UB"
"LowBound",-0.0378581653519784,0.238514229138764,-0.507538208948203,0.438825051977813
