"","Posterior_Mean","Posterior_SD","Posterior_LB","Posterior_UB"
"LowBound",0.00648237687545557,0.204556922720942,-0.404930154999426,0.430059019718771
