"","Posterior_Mean","Posterior_SD","Posterior_LB","Posterior_UB"
"LowBound",-0.0679727616556542,0.248646155325678,-0.557957766781668,0.425708059395819
