"Posterior_Mean","Posterior_SD","Posterior_LB","Posterior_UB","prob"
-0.169598856237624,0.24755101198392,-0.645782234228703,0.302219086154399,0.755764428118783
