"Posterior_Mean","Posterior_SD","Posterior_LB","Posterior_UB","prob"
-0.049526251277743,0.207327740535345,-0.467404081209294,0.399219265406284,0.598726861040088
