"Posterior_Mean","Posterior_SD","Posterior_LB","Posterior_UB","prob"
0.259958010319936,0.250860197095307,-0.225884702474989,0.745113560692973,0.144280471253235
