"","Posterior_Mean","Posterior_SD","Posterior_LB","Posterior_UB"
"LowBound",0.133265824383599,0.19638128229656,-0.287862405625513,0.619063390575684
