"Posterior_Mean","Posterior_SD","Posterior_LB","Posterior_UB","prob"
-0.14613513866283,0.243481122008828,-0.635398252396007,0.32688993930791,0.729056794847758
