"","Posterior_Mean","Posterior_SD","Posterior_LB","Posterior_UB"
"LowBound",-0.257283236155254,0.229033417374732,-0.702462775569699,0.195915252339377
