"","Posterior_Mean","Posterior_SD","Posterior_LB","Posterior_UB"
"LowBound",-0.0529692563863015,0.230403600052609,-0.517215763606572,0.404547543526254
