"Posterior_Mean","Posterior_SD","Posterior_LB","Posterior_UB","prob"
-0.443345638488752,0.206816723518261,-0.885247660383315,-0.0218975721833263,0.980989266194566
