"","Posterior_Mean","Posterior_SD","Posterior_LB","Posterior_UB"
"LowBound",-0.0664080001513749,0.214323157186213,-0.510070190869404,0.378861406206768
