"Posterior_Mean","Posterior_SD","Posterior_LB","Posterior_UB","prob"
-0.160721260341962,0.234338289758454,-0.61260226640786,0.336185250636928,0.747520187612464
