"","Posterior_Mean","Posterior_SD","Posterior_LB","Posterior_UB"
"LowBound",-0.0536260151639415,0.197135458402282,-0.491980678565575,0.366530883184701
