"","Posterior_Mean","Posterior_SD","Posterior_LB","Posterior_UB"
"LowBound",-0.0686553108718838,0.227034500433021,-0.515681616679713,0.38648450622979
