"Posterior_Mean","Posterior_SD","Posterior_LB","Posterior_UB","prob"
-0.10723453604814,0.215305267844916,-0.568094493576854,0.404768084306629,0.664956032884124
