"Posterior_Mean","Posterior_SD","Posterior_LB","Posterior_UB","prob"
-0.329443572728099,0.195529933059796,-0.723830483374864,0.07528970786406,0.950458338262468
