"","Posterior_Mean","Posterior_SD","Posterior_LB","Posterior_UB"
"LowBound",-0.475310161406823,0.248629466537791,-0.961492622724822,0.0122570102568156
