"Posterior_Mean","Posterior_SD","Posterior_LB","Posterior_UB","prob"
-0.0600572851052927,0.193650129082088,-0.447005741025474,0.392458375640535,0.641492978840106
