"","Posterior_Mean","Posterior_SD","Posterior_LB","Posterior_UB"
"LowBound",-0.272161507989827,0.180393868633666,-0.661609000088174,0.0931393008387111
