"Posterior_Mean","Posterior_SD","Posterior_LB","Posterior_UB","prob"
-0.41698178597168,0.224913765132356,-0.907433983766821,0.0250525576958114,0.966106041471394
