"","Posterior_Mean","Posterior_SD","Posterior_LB","Posterior_UB"
"LowBound",-0.141833096033801,0.191593826695097,-0.534514589599855,0.32736945925336
