"","Posterior_Mean","Posterior_SD","Posterior_LB","Posterior_UB"
"LowBound",0.000956535601251005,0.190930281563421,-0.408911714995285,0.427168860369647
