"","Posterior_Mean","Posterior_SD","Posterior_LB","Posterior_UB"
"LowBound",-0.158584808005324,0.235263245611138,-0.626264290966563,0.314966625787185
