"","Posterior_Mean","Posterior_SD","Posterior_LB","Posterior_UB"
"LowBound",0.0704488365852451,0.186837555643023,-0.295343620258604,0.509064568742319
