"","Posterior_Mean","Posterior_SD","Posterior_LB","Posterior_UB"
"LowBound",-0.592099928083479,0.208780544589965,-1.050720665927,-0.147783821395858
