"Posterior_Mean","Posterior_SD","Posterior_LB","Posterior_UB","prob"
-0.172972736115444,0.216877119553142,-0.623451751709835,0.269773617369273,0.785871650131061
