"","Posterior_Mean","Posterior_SD","Posterior_LB","Posterior_UB"
"LowBound",-0.150767118644142,0.182766656732209,-0.540867457498241,0.299425000175023
