"","Posterior_Mean","Posterior_SD","Posterior_LB","Posterior_UB"
"LowBound",-0.0668271110719124,0.212479947182374,-0.520135416402235,0.371611659120571
