"","Posterior_Mean","Posterior_SD","Posterior_LB","Posterior_UB"
"LowBound",-0.443185745960881,0.234502917473661,-0.901555551496737,0.0183952152847053
