"","Posterior_Mean","Posterior_SD","Posterior_LB","Posterior_UB"
"LowBound",-0.061300462828731,0.207452418300175,-0.480812806480323,0.384641770189026
