"","Posterior_Mean","Posterior_SD","Posterior_LB","Posterior_UB"
"LowBound",-0.268815526617813,0.207974242071682,-0.677938996720774,0.171682321562767
