"","Posterior_Mean","Posterior_SD","Posterior_LB","Posterior_UB"
"LowBound",-0.426308870423733,0.211680159658815,-0.886976292629886,-0.0091792555206014
