"","Posterior_Mean","Posterior_SD","Posterior_LB","Posterior_UB"
"LowBound",-0.254125395041046,0.17658290927605,-0.623091718568636,0.104774707790435
