"","Posterior_Mean","Posterior_SD","Posterior_LB","Posterior_UB"
"LowBound",-0.0484295186639678,0.234000594765724,-0.520014335412914,0.413285122069911
