"","Posterior_Mean","Posterior_SD","Posterior_LB","Posterior_UB"
"LowBound",-0.0813770930087991,0.229730960889226,-0.534758030543979,0.39312056491334
