"","Posterior_Mean","Posterior_SD","Posterior_LB","Posterior_UB"
"LowBound",0.191300065008914,0.247937645055528,-0.294408832788351,0.689667242741116
