"Posterior_Mean","Posterior_SD","Posterior_LB","Posterior_UB","prob"
0.134994915576289,0.191830192961509,-0.256514008820868,0.525880621677971,0.239134571607137
