"","Posterior_Mean","Posterior_SD","Posterior_LB","Posterior_UB"
"LowBound",-0.250127835354046,0.206644521829899,-0.671152749131991,0.22039332975094
