"","Posterior_Mean","Posterior_SD","Posterior_LB","Posterior_UB"
"LowBound",0.546698426444478,0.220362700418876,0.108549783743078,0.979327610843973
