"","Posterior_Mean","Posterior_SD","Posterior_LB","Posterior_UB"
"LowBound",0.407947029109547,0.248200470025571,-0.0822384206883509,0.893767554169282
