"","Posterior_Mean","Posterior_SD","Posterior_LB","Posterior_UB"
"LowBound",0.131093218257079,0.184086139715784,-0.248522682316729,0.503811432428265
