"","Posterior_Mean","Posterior_SD","Posterior_LB","Posterior_UB"
"LowBound",-0.0572301377451979,0.192136422955268,-0.443671708976748,0.39761097879125
