"Posterior_Mean","Posterior_SD","Posterior_LB","Posterior_UB","prob"
0.255270551595587,0.24392311489694,-0.215318665628039,0.731808680577312,0.140908281020052
