"","Posterior_Mean","Posterior_SD","Posterior_LB","Posterior_UB"
"1",0.0356418182475583,0.0570632592774856,-0.0760931253845499,0.145511775957575
