"","Posterior_Mean","Posterior_SD","Posterior_LB","Posterior_UB"
"1",-0.0426693839952003,0.0549903969067772,-0.152537400655814,0.0625553864450656
