"","Posterior_Mean","Posterior_SD","Posterior_LB","Posterior_UB"
"1",0.0665276687584104,0.0536105703881524,-0.0378018294079904,0.173339949200655
