"","Posterior_Mean","Posterior_SD","Posterior_LB","Posterior_UB"
"1",0.105493835775423,0.0519189776430166,-0.000496023376191506,0.205915874108907
