"","Posterior_Mean","Posterior_SD","Posterior_LB","Posterior_UB"
"1",-0.0289573750448608,0.0524980023537884,-0.132397334408139,0.0764211417691422
