"Posterior_Mean","Posterior_SD","Posterior_LB","Posterior_UB","prob"
-0.193530212583222,0.0633379752565061,-0.338240322176929,-0.0109741541065282,0.98066655162821
