"Posterior_Mean","Posterior_SD","Posterior_LB","Posterior_UB","prob"
-0.354069520444926,0.0470581599282772,-0.451433396213054,-0.232994357881581,0.999996717750522
