"Posterior_Mean","Posterior_SD","Posterior_LB","Posterior_UB","prob"
-0.356927689877633,0.0491522318844257,-0.467689941756227,-0.198245415051984,0.999800612540301
