"Posterior_Mean","Posterior_SD","Posterior_LB","Posterior_UB","prob"
-0.243238787047034,0.0579757043363088,-0.358370743856805,-0.129432683151396,0.999730632918917
