"Posterior_Mean","Posterior_SD","Posterior_LB","Posterior_UB","prob"
-0.326812259078211,0.0564074546326937,-0.447615350212576,-0.210794891519522,1
