"Posterior_Mean","Posterior_SD","Posterior_LB","Posterior_UB","prob"
-0.260373357469766,0.0570907866302777,-0.37129130657319,-0.14889656998977,0.999997569128201
