"Posterior_Mean","Posterior_SD","Posterior_LB","Posterior_UB","prob"
-0.437793593300493,0.0492986635715866,-0.539674500279235,-0.307732548051203,0.999998428725598
