"Posterior_Mean","Posterior_SD","Posterior_LB","Posterior_UB","prob"
-0.323824291048388,0.0452415651374371,-0.413463854419262,-0.233278812254892,0.999993176678775
