"Posterior_Mean","Posterior_SD","Posterior_LB","Posterior_UB","prob"
-0.326324746154529,0.0590439991925912,-0.442120175410952,-0.201712620019747,0.999982010476999
