"Posterior_Mean","Posterior_SD","Posterior_LB","Posterior_UB","prob"
-0.179258876673832,0.0802489480464413,-0.340144133722924,-0.0260488440053048,0.988166666666667
