"Posterior_Mean","Posterior_SD","Posterior_LB","Posterior_UB","prob"
-0.244279826159657,0.055481781837029,-0.381539828699613,-0.119689937150111,0.999978041844083
