"Posterior_Mean","Posterior_SD","Posterior_LB","Posterior_UB","prob"
-0.42225769948968,0.0485725389114415,-0.518989433093244,-0.321298781791891,1
