"Posterior_Mean","Posterior_SD","Posterior_LB","Posterior_UB","prob"
-0.34665655895379,0.0469337857908302,-0.438650951856523,-0.249833148128032,0.999998653569395
