"Posterior_Mean","Posterior_SD","Posterior_LB","Posterior_UB","prob"
-0.44561178094099,0.0467443705046753,-0.540835319968738,-0.356421987000146,1
