"Posterior_Mean","Posterior_SD","Posterior_LB","Posterior_UB","prob"
-0.376523634215232,0.0579644109489533,-0.490752978478337,-0.254050444885111,0.999980111755413
