"","Posterior_Mean","Posterior_SD","Posterior_LB","Posterior_UB"
"1",-0.0428258052212368,0.0461168193982316,-0.133915817482153,0.0467650155028754
