"","Posterior_Mean","Posterior_SD","Posterior_LB","Posterior_UB"
"1",-0.0203515595883766,0.0421692148995924,-0.10520468728066,0.0618747791812611
