"Posterior_Mean","Posterior_SD","Posterior_LB","Posterior_UB","prob"
-0.235270575714942,0.081781961577148,-0.395737337654031,-0.0744672505921642,0.998
