"","Posterior_Mean","Posterior_SD","Posterior_LB","Posterior_UB"
"1",0.0203125515443798,0.041841988609131,-0.0596252729327823,0.103316769004145
