"","Posterior_Mean","Posterior_SD","Posterior_LB","Posterior_UB"
"1",-0.0113335176635009,0.0434412844536696,-0.0997760175795543,0.0731099594833509
