"Posterior_Mean","Posterior_SD","Posterior_LB","Posterior_UB","prob"
-0.291882181669817,0.0474658516926647,-0.385729753760887,-0.199260896714564,0.999999456811089
