"","Posterior_Mean","Posterior_SD","Posterior_LB","Posterior_UB"
"1",-0.0216890832637575,0.0446537203972205,-0.109124137051086,0.0681302554196672
