"Posterior_Mean","Posterior_SD","Posterior_LB","Posterior_UB","prob"
-0.13776202977518,0.0572119149930183,-0.249040154485584,-0.0265407976702663,0.990567734917815
