"Posterior_Mean","Posterior_SD","Posterior_LB","Posterior_UB","prob"
-0.402153738637596,0.0462829914980349,-0.49102167355616,-0.310894855036679,1
