"Posterior_Mean","Posterior_SD","Posterior_LB","Posterior_UB","prob"
-0.298918927152463,0.0582197780030699,-0.413298135596464,-0.179124676528255,0.999991695302771
