"Posterior_Mean","Posterior_SD","Posterior_LB","Posterior_UB","prob"
-0.175239286114875,0.0563426274814458,-0.285580235337822,-0.0632175283620125,0.9994519185016
