"Posterior_Mean","Posterior_SD","Posterior_LB","Posterior_UB","prob"
-0.449317587434805,0.039553887151361,-0.526659290702983,-0.371287970142586,1
