"Posterior_Mean","Posterior_SD","Posterior_LB","Posterior_UB","prob"
-0.256440292627904,0.0583911301015285,-0.372036224655958,-0.139028086699853,0.999900779646725
