"Posterior_Mean","Posterior_SD","Posterior_LB","Posterior_UB","prob"
-0.266863768334334,0.0806029985056409,-0.425812119141051,-0.112127772372239,0.999500087793324
