"Posterior_Mean","Posterior_SD","Posterior_LB","Posterior_UB","prob"
-0.219741693504688,0.06755608059694,-0.404946512767458,-0.0213377044191645,0.986665666780193
