"Posterior_Mean","Posterior_SD","Posterior_LB","Posterior_UB","prob"
-0.302137597993471,0.0524621891488193,-0.427757674096752,-0.167574042129331,0.999591779306444
