"Posterior_Mean","Posterior_SD","Posterior_LB","Posterior_UB","prob"
-0.177677672555712,0.0582541484489854,-0.294289312668231,-0.0337850875163089,0.987577077895093
