"Posterior_Mean","Posterior_SD","Posterior_LB","Posterior_UB","prob"
-0.297394321920971,0.0466714891760891,-0.39180739039535,-0.195175583291634,0.999820037721728
