"Posterior_Mean","Posterior_SD","Posterior_LB","Posterior_UB","prob"
-0.239609472446894,0.056705380003062,-0.346588704906827,-0.126525139137158,0.999973413632439
