"Posterior_Mean","Posterior_SD","Posterior_LB","Posterior_UB","prob"
-0.350917253456111,0.0457189494036232,-0.465257180246374,-0.244255098526016,0.999999627643236
