"Posterior_Mean","Posterior_SD","Posterior_LB","Posterior_UB","prob"
-0.301227163851255,0.0569255695031474,-0.412750727945031,-0.188109029043117,0.999991942392565
