"Posterior_Mean","Posterior_SD","Posterior_LB","Posterior_UB","prob"
-0.38440767781687,0.0443320518556257,-0.499889743164013,-0.208704273326105,0.999999798152576
