"Posterior_Mean","Posterior_SD","Posterior_LB","Posterior_UB","prob"
-0.29545253739729,0.0540272778285419,-0.408196068897825,-0.110525143425108,0.998878923428788
