"Posterior_Mean","Posterior_SD","Posterior_LB","Posterior_UB","prob"
-0.0976948837563267,0.07946999210979,-0.253779693928843,0.0550291391236309,0.889666666666667
