"Posterior_Mean","Posterior_SD","Posterior_LB","Posterior_UB","prob"
-0.459198671294354,0.0481314145930046,-0.560552604811056,-0.316797875224998,1
