"Posterior_Mean","Posterior_SD","Posterior_LB","Posterior_UB","prob"
-0.318875687054913,0.0480180158525005,-0.415649461269893,-0.207356604304388,0.999976077245807
