"Posterior_Mean","Posterior_SD","Posterior_LB","Posterior_UB","prob"
-0.179450185350715,0.0585883066755302,-0.30915682190694,-0.0247911589758091,0.984147339029451
