"Posterior_Mean","Posterior_SD","Posterior_LB","Posterior_UB","prob"
-0.284373565942181,0.0562290101058457,-0.395983573406627,-0.168422192909678,0.999967350433592
