"Posterior_Mean","Posterior_SD","Posterior_LB","Posterior_UB","prob"
-0.35528063783608,0.0594564877950492,-0.473825385447896,-0.235250017337424,1
