"Posterior_Mean","Posterior_SD","Posterior_LB","Posterior_UB","prob"
-0.309139009777492,0.0466680026738485,-0.400962864827333,-0.217807479419525,0.999999903944472
