"Posterior_Mean","Posterior_SD","Posterior_LB","Posterior_UB","prob"
-0.250034970746285,0.0557672111322962,-0.360160009115199,-0.142458368361696,0.999999208762053
