"Posterior_Mean","Posterior_SD","Posterior_LB","Posterior_UB","prob"
-0.316944481641474,0.0463057220780984,-0.411999599954165,-0.213769306791956,0.9999999890932
