"Posterior_Mean","Posterior_SD","Posterior_LB","Posterior_UB","prob"
-0.0408693337313282,0.0796364820717961,-0.202503435116663,0.123602761801096,0.704486716110882
