"Posterior_Mean","Posterior_SD","Posterior_LB","Posterior_UB","prob"
-0.389328417308112,0.050217644950768,-0.512551610714937,-0.228904361194411,0.9998451190413
