"Posterior_Mean","Posterior_SD","Posterior_LB","Posterior_UB","prob"
-0.335745273895389,0.0462917930543755,-0.429014726421508,-0.233668328956553,0.999982563928325
