"Posterior_Mean","Posterior_SD","Posterior_LB","Posterior_UB","prob"
-0.336279219185694,0.058707683126097,-0.453701787445331,-0.18793528428573,0.999924697477913
