"Posterior_Mean","Posterior_SD","Posterior_LB","Posterior_UB","prob"
-0.211818085271335,0.0580886401718339,-0.325522124333029,-0.0939153473267894,0.999544773146879
