"Posterior_Mean","Posterior_SD","Posterior_LB","Posterior_UB","prob"
-0.176272756584469,0.082470526076225,-0.348398418149344,-0.00423203191354525,0.97881414128808
