"Posterior_Mean","Posterior_SD","Posterior_LB","Posterior_UB","prob"
-0.254237797208524,0.046059531104645,-0.345303080539013,-0.165411826990776,0.999999838781663
