"Posterior_Mean","Posterior_SD","Posterior_LB","Posterior_UB","prob"
-0.0977591534430308,0.0816081355529683,-0.258401954329872,0.0588382308377078,0.879833333333333
