"Posterior_Mean","Posterior_SD","Posterior_LB","Posterior_UB","prob"
-0.214769728020105,0.0531715572682993,-0.353983042465342,-0.0924739764851319,0.999828215314274
