"Posterior_Mean","Posterior_SD","Posterior_LB","Posterior_UB","prob"
-0.307778259040967,0.0567812632990514,-0.417149006256279,-0.195499379965819,0.999998117378975
