"Posterior_Mean","Posterior_SD","Posterior_LB","Posterior_UB","prob"
-0.298047303092293,0.0472226645032119,-0.391737221832107,-0.203155012313769,0.999999992641162
