"Posterior_Mean","Posterior_SD","Posterior_LB","Posterior_UB","prob"
-0.42500278677127,0.0473533382402634,-0.517784128686851,-0.329827570684653,1
