"Posterior_Mean","Posterior_SD","Posterior_LB","Posterior_UB","prob"
-0.17556764979531,0.0797996489935401,-0.334971131448795,-0.0209795089167229,0.9875
