"Posterior_Mean","Posterior_SD","Posterior_LB","Posterior_UB","prob"
-0.304446182153253,0.0470509232605174,-0.399635527443914,-0.192383162059551,0.999894639267493
