"Posterior_Mean","Posterior_SD","Posterior_LB","Posterior_UB","prob"
-0.302708039706355,0.0589766886595682,-0.427248387845632,-0.184063650457583,1
