"Posterior_Mean","Posterior_SD","Posterior_LB","Posterior_UB","prob"
-0.355503216472539,0.0457233624024311,-0.450992324364182,-0.261885156487435,0.999999995149277
