"Posterior_Mean","Posterior_SD","Posterior_LB","Posterior_UB","prob"
-0.338711725622551,0.0520998752720203,-0.445342762766307,-0.224414784807405,0.999998268907214
