"Posterior_Mean","Posterior_SD","Posterior_LB","Posterior_UB","prob"
-0.128184856377276,0.0620420322158521,-0.256491507109249,0.0550305449874828,0.933591235764736
