"Posterior_Mean","Posterior_SD","Posterior_LB","Posterior_UB","prob"
-0.0815356053850553,0.077423709883957,-0.232097632604589,0.0676985378699536,0.853005965735764
