"Posterior_Mean","Posterior_SD","Posterior_LB","Posterior_UB","prob"
-0.330331256057607,0.0464648649107678,-0.420195768326256,-0.234854041912639,0.999999992750758
