"Posterior_Mean","Posterior_SD","Posterior_LB","Posterior_UB","prob"
-0.351051412899685,0.0448709338626417,-0.467253213742694,-0.252869654481416,1
