"Posterior_Mean","Posterior_SD","Posterior_LB","Posterior_UB","prob"
-0.316407808492046,0.045795822808999,-0.409153861320161,-0.225652619568272,0.999999995383151
