"Posterior_Mean","Posterior_SD","Posterior_LB","Posterior_UB","prob"
-0.225739594610053,0.0745821668757868,-0.391297273880411,-0.0516099222525342,0.993743411731084
