"Posterior_Mean","Posterior_SD","Posterior_LB","Posterior_UB","prob"
-0.198135691941821,0.0806753379295062,-0.356629164393869,-0.0426956808551961,0.992333333333333
