"Posterior_Mean","Posterior_SD","Posterior_LB","Posterior_UB","prob"
-0.165769141577259,0.0764443661904533,-0.361712518672285,0.0115164030705533,0.965019684147572
