"Posterior_Mean","Posterior_SD","Posterior_LB","Posterior_UB","prob"
-0.234874470259533,0.0809261434411593,-0.393525672388781,-0.0733173792303781,0.997666666666667
