"Posterior_Mean","Posterior_SD","Posterior_LB","Posterior_UB","prob"
-0.227376158439195,0.0785919825555836,-0.386415950967483,-0.0645933901367155,0.996026749035403
