"Posterior_Mean","Posterior_SD","Posterior_LB","Posterior_UB","prob"
-0.229356630832779,0.0595064792294479,-0.353017575331133,-0.0535925094717446,0.992226545191058
