"Posterior_Mean","Posterior_SD","Posterior_LB","Posterior_UB","prob"
-0.311192547546011,0.0575981316393249,-0.423779741720377,-0.197931709006975,0.999987481960462
