"Posterior_Mean","Posterior_SD","Posterior_LB","Posterior_UB","prob"
-0.251810165125158,0.0674105235610591,-0.382353519883943,-0.103306229465482,0.998384756452717
