"Posterior_Mean","Posterior_SD","Posterior_LB","Posterior_UB","prob"
-0.245644853809387,0.0575825074525135,-0.358543899637563,-0.125877547039581,0.999450961567313
