"Posterior_Mean","Posterior_SD","Posterior_LB","Posterior_UB","prob"
-0.33640241311409,0.0462333782176649,-0.429708386606144,-0.24380401022971,1
