"Posterior_Mean","Posterior_SD","Posterior_LB","Posterior_UB","prob"
-0.305025476226594,0.0471464365025073,-0.397337203290882,-0.205746566470741,0.999987586818836
