"Posterior_Mean","Posterior_SD","Posterior_LB","Posterior_UB","prob"
-0.410424461688365,0.0465000636712862,-0.502636373567016,-0.310306356952253,0.99999967174871
