"Posterior_Mean","Posterior_SD","Posterior_LB","Posterior_UB","prob"
-0.249170403944511,0.0614643713233878,-0.367256258700301,-0.11179716582433,0.998995235815009
