"","Posterior_Mean","Posterior_SD","Posterior_LB","Posterior_UB"
"1",-0.0178548208089884,0.0441032037970351,-0.102668932834735,0.0678836432517708
