"Posterior_Mean","Posterior_SD","Posterior_LB","Posterior_UB","prob"
-0.121807894221795,0.0817412251619543,-0.279864757312576,0.0417755466334113,0.926333333333333
