"Posterior_Mean","Posterior_SD","Posterior_LB","Posterior_UB","prob"
-0.317986611258603,0.0465144000028997,-0.443639835689299,-0.166339012376424,0.999999557309395
