"Posterior_Mean","Posterior_SD","Posterior_LB","Posterior_UB","prob"
-0.176995973091913,0.0789413841712269,-0.333623217706802,-0.0225884128020518,0.986833333333333
