"Posterior_Mean","Posterior_SD","Posterior_LB","Posterior_UB","prob"
-0.383482707875913,0.0483753459287968,-0.48132488209219,-0.28128014577223,1
