"Posterior_Mean","Posterior_SD","Posterior_LB","Posterior_UB","prob"
-0.360490601892096,0.0572768630290515,-0.473050655214213,-0.249871768625559,1
