"","Posterior_Mean","Posterior_SD","Posterior_LB","Posterior_UB"
"1",-0.0693122983233797,0.0437275525027579,-0.154951559069052,0.0177680551335497
