"Posterior_Mean","Posterior_SD","Posterior_LB","Posterior_UB","prob"
-0.16896529969382,0.0785680643370786,-0.324016294654781,-0.0153966086811804,0.984333333333333
