"Posterior_Mean","Posterior_SD","Posterior_LB","Posterior_UB","prob"
-0.339985141506954,0.0437098010368611,-0.430282632101609,-0.252790298885673,1
