"Posterior_Mean","Posterior_SD","Posterior_LB","Posterior_UB","prob"
-0.264020501717505,0.057317959700599,-0.402114707983689,-0.126140255939323,0.999279738458149
