"Posterior_Mean","Posterior_SD","Posterior_LB","Posterior_UB","prob"
-0.293006394616879,0.0565334729642315,-0.405274811182002,-0.179737863710695,0.999991347878531
