"Posterior_Mean","Posterior_SD","Posterior_LB","Posterior_UB","prob"
-0.202630569807059,0.0712725295221062,-0.357000283541596,-0.00993337950325566,0.980983288912405
