"Posterior_Mean","Posterior_SD","Posterior_LB","Posterior_UB","prob"
-0.272262272070395,0.0604501775918906,-0.405127754210688,-0.0997475805391875,0.997065832656786
