"Posterior_Mean","Posterior_SD","Posterior_LB","Posterior_UB","prob"
-0.116590401359781,0.0805609865035132,-0.279546174694016,0.0428880302417343,0.928333333333333
