"Posterior_Mean","Posterior_SD","Posterior_LB","Posterior_UB","prob"
-0.315811045486156,0.0451897991787864,-0.403819157355746,-0.226006527484588,0.999999837486454
