"Posterior_Mean","Posterior_SD","Posterior_LB","Posterior_UB","prob"
-0.216034356004238,0.057074298418882,-0.328273518090601,-0.103846380999506,0.999828241678082
