"Posterior_Mean","Posterior_SD","Posterior_LB","Posterior_UB","prob"
-0.343695320450593,0.0478874152113412,-0.442481630252482,-0.200324198841242,0.998594111212271
