"Posterior_Mean","Posterior_SD","Posterior_LB","Posterior_UB","prob"
-0.340155501684987,0.0502072943481064,-0.448809066420538,-0.198981776564735,0.999999565859733
