"Posterior_Mean","Posterior_SD","Posterior_LB","Posterior_UB","prob"
-0.300428405293521,0.0504370767873707,-0.401132736423197,-0.178052721283058,0.999948962380378
