"Posterior_Mean","Posterior_SD","Posterior_LB","Posterior_UB","prob"
-0.39913702439188,0.0469594309694356,-0.489962092143162,-0.305368913508545,1
