"Posterior_Mean","Posterior_SD","Posterior_LB","Posterior_UB","prob"
-0.403765618136349,0.046298148584854,-0.497687249163552,-0.310910171491513,1
