"Posterior_Mean","Posterior_SD","Posterior_LB","Posterior_UB","prob"
-0.31850145431975,0.0474682447908229,-0.412054687814926,-0.212905075096601,0.99979858875718
