"Posterior_Mean","Posterior_SD","Posterior_LB","Posterior_UB","prob"
-0.29159618956376,0.0581086285777965,-0.405881917500781,-0.177101823581168,0.999993558744555
