"Posterior_Mean","Posterior_SD","Posterior_LB","Posterior_UB","prob"
-0.191831558369779,0.0788786548632866,-0.347698890664536,-0.0369465072571499,0.993
