"Posterior_Mean","Posterior_SD","Posterior_LB","Posterior_UB","prob"
-0.359961569972432,0.0465886794215312,-0.452504685298473,-0.258641927971357,1
