"Posterior_Mean","Posterior_SD","Posterior_LB","Posterior_UB","prob"
-0.416749872407542,0.0481312123236375,-0.512358689100487,-0.305929433258348,1
