"Posterior_Mean","Posterior_SD","Posterior_LB","Posterior_UB","prob"
-0.332668288920627,0.0481807121218181,-0.435920301100252,-0.118115489754612,0.996212462230907
