"Posterior_Mean","Posterior_SD","Posterior_LB","Posterior_UB","prob"
-0.281875234213116,0.0839681906432386,-0.445407416620446,-0.113552038318037,1
