"Posterior_Mean","Posterior_SD","Posterior_LB","Posterior_UB","prob"
-0.280194494932544,0.05621775088998,-0.391216992855235,-0.171238971166598,0.999989870182181
