"Posterior_Mean","Posterior_SD","Posterior_LB","Posterior_UB","prob"
-0.267439133398174,0.0432854741201726,-0.386133018697548,-0.169032135204959,0.999999997718471
