"Posterior_Mean","Posterior_SD","Posterior_LB","Posterior_UB","prob"
-0.335750975472732,0.0585014222583224,-0.448824728850644,-0.207433699412847,0.99998743755164
