"Posterior_Mean","Posterior_SD","Posterior_LB","Posterior_UB","prob"
-0.243688298266943,0.0572769680457778,-0.354109270172457,-0.130571648380954,0.999997482835085
