"Posterior_Mean","Posterior_SD","Posterior_LB","Posterior_UB","prob"
-0.448357214871095,0.0484908488068494,-0.546574043741787,-0.341785179784303,1
