"Posterior_Mean","Posterior_SD","Posterior_LB","Posterior_UB","prob"
-0.282456872205934,0.0614194429608786,-0.405913523101599,-0.143683125656069,0.999741609923386
