"Posterior_Mean","Posterior_SD","Posterior_LB","Posterior_UB","prob"
-0.45150407978589,0.0584095015288108,-0.5666395192032,-0.32530206040304,1
