"Posterior_Mean","Posterior_SD","Posterior_LB","Posterior_UB","prob"
-0.195863367719797,0.0802210443321827,-0.352095911839323,-0.043102345848297,0.9925
