"Posterior_Mean","Posterior_SD","Posterior_LB","Posterior_UB","prob"
-0.282790937095663,0.0571769796321133,-0.39634394972541,-0.170004197199948,0.999962001923541
