"Posterior_Mean","Posterior_SD","Posterior_LB","Posterior_UB","prob"
-0.13528475184049,0.0589123337550072,-0.252083220537471,-0.00944512128266377,0.979708778161411
