"Posterior_Mean","Posterior_SD","Posterior_LB","Posterior_UB","prob"
-0.39071162104221,0.0588336812973104,-0.50391635932117,-0.271975822599799,1
