"Posterior_Mean","Posterior_SD","Posterior_LB","Posterior_UB","prob"
-0.233226091380585,0.0799727195614656,-0.391181161477594,-0.0731847423475022,0.998333333333333
