"Posterior_Mean","Posterior_SD","Posterior_LB","Posterior_UB","prob"
-0.241742231088387,0.063272737857986,-0.367738757215522,-0.109683780174523,0.999224818510656
