"Posterior_Mean","Posterior_SD","Posterior_LB","Posterior_UB","prob"
-0.305390452265623,0.0470495164414055,-0.400098757811296,-0.205919851917009,0.999999735316966
