"","Posterior_Mean","Posterior_SD","Posterior_LB","Posterior_UB"
"1",-0.0429807753307985,0.0401551453423293,-0.123968271529749,0.0354459985947186
