"Posterior_Mean","Posterior_SD","Posterior_LB","Posterior_UB","prob"
-0.141118479793981,0.0831790326934081,-0.305998483301305,0.0222093337637804,0.955333333333333
