"Posterior_Mean","Posterior_SD","Posterior_LB","Posterior_UB","prob"
-0.340896809326196,0.0492841585965675,-0.441256555624396,-0.222031605926962,0.99999608114044
