"Posterior_Mean","Posterior_SD","Posterior_LB","Posterior_UB","prob"
-0.3569256944156,0.0468981032043087,-0.453341755703032,-0.264401585772684,0.999999999042211
