"Posterior_Mean","Posterior_SD","Posterior_LB","Posterior_UB","prob"
-0.18210331625214,0.0603725898830642,-0.311495228820412,-0.0264154048869963,0.987162026627347
