"Posterior_Mean","Posterior_SD","Posterior_LB","Posterior_UB","prob"
-0.334515518190174,0.050437755411166,-0.44184728223519,-0.119869902739804,0.998598140777473
