"Posterior_Mean","Posterior_SD","Posterior_LB","Posterior_UB","prob"
-0.325650634230007,0.046947831006845,-0.417624279413079,-0.228443002567376,0.999999988459462
