"Posterior_Mean","Posterior_SD","Posterior_LB","Posterior_UB","prob"
-0.333744572061127,0.0459082313977941,-0.430814034517939,-0.216158402190654,1
