"Posterior_Mean","Posterior_SD","Posterior_LB","Posterior_UB","prob"
-0.320651808099449,0.0552463272036907,-0.43331278347017,-0.159928890401238,0.999418651577365
