"Posterior_Mean","Posterior_SD","Posterior_LB","Posterior_UB","prob"
-0.219286094717376,0.0573066237964908,-0.334200333632011,-0.0814926326537446,0.995618468443197
