"Posterior_Mean","Posterior_SD","Posterior_LB","Posterior_UB","prob"
-0.30689889814602,0.0588997966172085,-0.421023341772551,-0.190783919009152,1
