"Posterior_Mean","Posterior_SD","Posterior_LB","Posterior_UB","prob"
-0.386337691166162,0.0460114542556463,-0.486927608467737,-0.289543121842372,0.999999997666878
