"Posterior_Mean","Posterior_SD","Posterior_LB","Posterior_UB","prob"
-0.330549101196029,0.0552799072782278,-0.474994109420378,-0.183893069976299,0.999796923194589
