"Posterior_Mean","Posterior_SD","Posterior_LB","Posterior_UB","prob"
0.0506531193724064,0.0791608819299344,-0.104594183314086,0.20514572544801,0.265
