"Posterior_Mean","Posterior_SD","Posterior_LB","Posterior_UB","prob"
-0.23300705249892,0.0702209088837753,-0.401753426404684,-0.0468107830112363,0.992107014677023
