"Posterior_Mean","Posterior_SD","Posterior_LB","Posterior_UB","prob"
-0.195519234175919,0.0573622407506606,-0.308531366591429,-0.0759724303478926,0.997188702641624
