"Posterior_Mean","Posterior_SD","Posterior_LB","Posterior_UB","prob"
-0.282720561085356,0.0641714731545677,-0.43198432790977,-0.0756740031223913,0.998480447317805
