"Posterior_Mean","Posterior_SD","Posterior_LB","Posterior_UB","prob"
-0.404181365667064,0.0501073098940349,-0.504033193723811,-0.296748073626338,1
