"Posterior_Mean","Posterior_SD","Posterior_LB","Posterior_UB","prob"
-0.326454929675725,0.0567243557559314,-0.440139482010447,-0.206208759463369,0.999977359968868
