"Posterior_Mean","Posterior_SD","Posterior_LB","Posterior_UB","prob"
-0.342592581951669,0.0477114086380611,-0.436516029634294,-0.236491954592853,0.999998255039043
