"Posterior_Mean","Posterior_SD","Posterior_LB","Posterior_UB","prob"
-0.305782616634181,0.0467632615746511,-0.399027249454389,-0.201745436530229,0.999984192055579
