"Posterior_Mean","Posterior_SD","Posterior_LB","Posterior_UB","prob"
-0.212162283483031,0.0628080177150187,-0.353315743757317,-0.0477270364007319,0.993838887706452
