"Posterior_Mean","Posterior_SD","Posterior_LB","Posterior_UB","prob"
-0.256066311126505,0.0703227774878329,-0.394394633870199,-0.0968085177689157,0.999742681731594
