"Posterior_Mean","Posterior_SD","Posterior_LB","Posterior_UB","prob"
-0.257983227853911,0.0579864085731805,-0.372954947345943,-0.144114642654639,0.999992267839314
