"Posterior_Mean","Posterior_SD","Posterior_LB","Posterior_UB","prob"
-0.395889250896279,0.0453711562967529,-0.487496260089866,-0.307065054925138,0.999999692319289
