"Posterior_Mean","Posterior_SD","Posterior_LB","Posterior_UB","prob"
-0.237516603802049,0.0570292296038921,-0.347714860999421,-0.123670774107336,0.999596848367422
