"Posterior_Mean","Posterior_SD","Posterior_LB","Posterior_UB","prob"
-0.415665385722205,0.0498510363535589,-0.530327468382335,-0.25855193168416,0.999966842476193
