"Posterior_Mean","Posterior_SD","Posterior_LB","Posterior_UB","prob"
-0.0385319721059234,0.0796803043224041,-0.189097937724374,0.114323977611172,0.691031278377
