"Posterior_Mean","Posterior_SD","Posterior_LB","Posterior_UB","prob"
-0.167615306731786,0.0660132624184957,-0.336688392600838,0.0507563620009006,0.92944986984837
