"Posterior_Mean","Posterior_SD","Posterior_LB","Posterior_UB","prob"
-0.394635905343207,0.0463659869670912,-0.490421741105643,-0.304680186268198,1
