"Posterior_Mean","Posterior_SD","Posterior_LB","Posterior_UB","prob"
-0.268291899244849,0.0504204790470416,-0.373835637966041,-0.0976339320203708,0.996670895561651
