"","Posterior_Mean","Posterior_SD","Posterior_LB","Posterior_UB"
"1",0.0317177648408233,0.0424117224881602,-0.0521817234642794,0.114494012960286
