"Posterior_Mean","Posterior_SD","Posterior_LB","Posterior_UB","prob"
-0.272788788723794,0.0629635082065111,-0.428728847952542,-0.113066631276701,0.998720374627903
