"Posterior_Mean","Posterior_SD","Posterior_LB","Posterior_UB","prob"
-0.427467177989004,0.0648945831554119,-0.591940873117069,-0.259308969987327,0.999994080442405
