"Posterior_Mean","Posterior_SD","Posterior_LB","Posterior_UB","prob"
-0.360032971718039,0.083627693226588,-0.524786532792011,-0.194004430394428,0.999954757639598
