"Posterior_Mean","Posterior_SD","Posterior_LB","Posterior_UB","prob"
-0.323142466623313,0.0600580364041765,-0.459051756398026,-0.197144604491511,1
