"Posterior_Mean","Posterior_SD","Posterior_LB","Posterior_UB","prob"
-0.201532749078235,0.108237884241024,-0.431043173975578,0.0384397330269904,0.950764192602659
