"Posterior_Mean","Posterior_SD","Posterior_LB","Posterior_UB","prob"
-0.382053323241288,0.0632545243103275,-0.521681253575546,-0.247529848015724,0.999997331447721
