"Posterior_Mean","Posterior_SD","Posterior_LB","Posterior_UB","prob"
-0.393617880049339,0.0664694116571258,-0.5374188212628,-0.260346177026296,1
