"Posterior_Mean","Posterior_SD","Posterior_LB","Posterior_UB","prob"
-0.365881972728604,0.0647722070466701,-0.512455894733962,-0.186622340901624,0.999985190103317
