"Posterior_Mean","Posterior_SD","Posterior_LB","Posterior_UB","prob"
-0.213762026417478,0.0730788414846708,-0.36563538806042,-0.0225005039397941,0.982239273734384
