"Posterior_Mean","Posterior_SD","Posterior_LB","Posterior_UB","prob"
-0.100654629100395,0.0897298182672148,-0.311020213780108,0.10531494927696,0.829654991132404
