"Posterior_Mean","Posterior_SD","Posterior_LB","Posterior_UB","prob"
-0.209501963863873,0.064373648135025,-0.337423516582596,-0.0846506382124077,0.998193494804049
