"Posterior_Mean","Posterior_SD","Posterior_LB","Posterior_UB","prob"
-0.308086417547779,0.0677018709708504,-0.459080500588161,-0.133792479027338,0.999279130385069
