"Posterior_Mean","Posterior_SD","Posterior_LB","Posterior_UB","prob"
-0.123219224995907,0.0858612889573335,-0.321693195702784,0.058103069323472,0.909265026895324
