"Posterior_Mean","Posterior_SD","Posterior_LB","Posterior_UB","prob"
-0.210499133251496,0.0907265714153292,-0.451137621039062,0.0813053516128964,0.919016330242252
