"Posterior_Mean","Posterior_SD","Posterior_LB","Posterior_UB","prob"
-0.374355029074758,0.0836540459304478,-0.551358138020475,-0.164102522431252,0.999192819032631
