"Posterior_Mean","Posterior_SD","Posterior_LB","Posterior_UB","prob"
0.0865088629782023,0.0679547714174504,-0.0737044157422719,0.241901073351479,0.134227613787136
