"Posterior_Mean","Posterior_SD","Posterior_LB","Posterior_UB","prob"
0.0591723127419392,0.0563331471444109,-0.0598086910776956,0.184085033307558,0.162953547333032
