"Posterior_Mean","Posterior_SD","Posterior_LB","Posterior_UB","prob"
0.0802023571462482,0.0682204110066069,-0.0620436460944666,0.241479814891929,0.135597350579215
