"Posterior_Mean","Posterior_SD","Posterior_LB","Posterior_UB","prob"
0.0449857882740192,0.0584077214897359,-0.070323204302195,0.155953443754483,0.220335494155395
