"Posterior_Mean","Posterior_SD","Posterior_LB","Posterior_UB","prob"
-0.00619021719352955,0.0616901475724552,-0.130124496966467,0.12115953484375,0.5286881379407
