"Posterior_Mean","Posterior_SD","Posterior_LB","Posterior_UB","prob"
-0.0531980582123288,0.0623088765459536,-0.180223216031691,0.0780599887191903,0.791743621196305
