"Posterior_Mean","Posterior_SD","Posterior_LB","Posterior_UB","prob"
0.0262803021272948,0.0572252933612781,-0.0898379570079148,0.140605634257909,0.309494145942222
