"Posterior_Mean","Posterior_SD","Posterior_LB","Posterior_UB","prob"
0.0636322308988991,0.0669804723389298,-0.0797150336367376,0.251569439490014,0.208798185087256
