"Posterior_Mean","Posterior_SD","Posterior_LB","Posterior_UB","prob"
0.0469338697635949,0.0601382760247017,-0.0721282926306535,0.159368423258043,0.209352751478559
