"Posterior_Mean","Posterior_SD","Posterior_LB","Posterior_UB","prob"
0.00695656407990265,0.0648851819988012,-0.127684354832993,0.135584079944553,0.453475347527296
