"Posterior_Mean","Posterior_SD","Posterior_LB","Posterior_UB","prob"
-0.0813870018784464,0.0593734573628712,-0.191270998073761,0.0415062966504945,0.909003981727501
