"Posterior_Mean","Posterior_SD","Posterior_LB","Posterior_UB","prob"
0.00328982900136316,0.0613586539427942,-0.121716422735986,0.125984951768857,0.471470020697465
