"Posterior_Mean","Posterior_SD","Posterior_LB","Posterior_UB","prob"
0.072353245825583,0.0713268667244956,-0.0723292805498206,0.232966853602433,0.164780486270508
