"Posterior_Mean","Posterior_SD","Posterior_LB","Posterior_UB","prob"
0.0352942737452425,0.0834739742263269,-0.1534841421352,0.210847002551924,0.326754369705752
