"Posterior_Mean","Posterior_SD","Posterior_LB","Posterior_UB","prob"
0.0283979943651246,0.0601564283616851,-0.0911202606118794,0.152732847902082,0.318377839538381
