"Posterior_Mean","Posterior_SD","Posterior_LB","Posterior_UB","prob"
-0.00722529395825446,0.0664047222113426,-0.252502297158117,0.136160784905299,0.470430343085333
