"Posterior_Mean","Posterior_SD","Posterior_LB","Posterior_UB","prob"
0.0254811887696658,0.0585388651741314,-0.096038363454348,0.138907585210465,0.33405859696595
