"Posterior_Mean","Posterior_SD","Posterior_LB","Posterior_UB","prob"
0.0483485478620315,0.0586551593515112,-0.0725423741349756,0.160752791158008,0.195755083790678
