"Posterior_Mean","Posterior_SD","Posterior_LB","Posterior_UB","prob"
0.12695535842866,0.0653253591691673,-0.00848145471850885,0.267421193203693,0.0317903556968161
