"Posterior_Mean","Posterior_SD","Posterior_LB","Posterior_UB","prob"
0.0132793668132857,0.0606451026822879,-0.107866755735747,0.126418774958724,0.407227631417113
