"Posterior_Mean","Posterior_SD","Posterior_LB","Posterior_UB","prob"
0.0632861250302751,0.0706929726724827,-0.0854592208565366,0.248498814582249,0.213009583621634
