"Posterior_Mean","Posterior_SD","Posterior_LB","Posterior_UB","prob"
0.118325364680474,0.0771624683177227,-0.0407539056542724,0.323044884793842,0.0762834072551938
