"Posterior_Mean","Posterior_SD","Posterior_LB","Posterior_UB","prob"
0.0401326850899044,0.0650744333273886,-0.0893058207106961,0.188874079948511,0.302144309511823
