"Posterior_Mean","Posterior_SD","Posterior_LB","Posterior_UB","prob"
0.102458223968783,0.0580443157419675,-0.0154393035366864,0.217623501191966,0.0401831386985319
