"Posterior_Mean","Posterior_SD","Posterior_LB","Posterior_UB","prob"
0.0411097222751386,0.0630932792537572,-0.13270754200759,0.210575026242392,0.332042363094074
