"Posterior_Mean","Posterior_SD","Posterior_LB","Posterior_UB","prob"
-0.00316448936626129,0.0636120790196336,-0.131848970564413,0.1233536667645,0.528421158714085
