"Posterior_Mean","Posterior_SD","Posterior_LB","Posterior_UB","prob"
0.0531926558684014,0.0814765425519748,-0.156324037203581,0.35847864877109,0.379248136664304
