"Posterior_Mean","Posterior_SD","Posterior_LB","Posterior_UB","prob"
0.00476253125620072,0.0613755714986457,-0.122998047054508,0.133431308648841,0.47004709662727
