"Posterior_Mean","Posterior_SD","Posterior_LB","Posterior_UB","prob"
0.00993854502033011,0.0694701200654903,-0.151292862436382,0.156386736856838,0.43641942950692
