"Posterior_Mean","Posterior_SD","Posterior_LB","Posterior_UB","prob"
-0.0292483321840023,0.0598332079747402,-0.147765133920841,0.0923431122155599,0.68681532844794
