"Posterior_Mean","Posterior_SD","Posterior_LB","Posterior_UB","prob"
-0.0892930389882299,0.0664025211991389,-0.214076532411415,0.0429018145466828,0.904943290128416
