"Posterior_Mean","Posterior_SD","Posterior_LB","Posterior_UB","prob"
-0.000629345733561233,0.0641690605998068,-0.135720447117063,0.15096371015869,0.509259951066257
