"Posterior_Mean","Posterior_SD","Posterior_LB","Posterior_UB","prob"
-0.0612437948501015,0.0689700685068222,-0.207789126987464,0.0960476132332614,0.790066998673285
