"Posterior_Mean","Posterior_SD","Posterior_LB","Posterior_UB","prob"
-0.00708849194015246,0.0872137923353398,-0.17850453077485,0.213952819982966,0.573899259894767
