"Posterior_Mean","Posterior_SD","Posterior_LB","Posterior_UB","prob"
-0.0597559791919274,0.0746502106945577,-0.224698258202099,0.205200525199408,0.767909168352231
