"Posterior_Mean","Posterior_SD","Posterior_LB","Posterior_UB","prob"
-0.204776157955199,0.0796283523515149,-0.375708678327323,-0.0243998004238447,0.983869178598241
