"Posterior_Mean","Posterior_SD","Posterior_LB","Posterior_UB","prob"
-0.0178869456681404,0.0587157208535643,-0.129122083112755,0.103022892229181,0.630885796054133
