"Posterior_Mean","Posterior_SD","Posterior_LB","Posterior_UB","prob"
-0.00631883568400318,0.0658453447160784,-0.144868886975692,0.138094209526516,0.540929196658173
