"Posterior_Mean","Posterior_SD","Posterior_LB","Posterior_UB","prob"
0.00125329082617816,0.0823973979441634,-0.177622987651232,0.197217479414333,0.51170385690494
