"Posterior_Mean","Posterior_SD","Posterior_LB","Posterior_UB","prob"
-0.100812863110156,0.0716630307580866,-0.266459418744964,0.0618745133603742,0.889005403559755
