"Posterior_Mean","Posterior_SD","Posterior_LB","Posterior_UB","prob"
-0.0907478354720545,0.105214048155631,-0.316804071672227,0.128051241091609,0.795300448671509
