"Posterior_Mean","Posterior_SD","Posterior_LB","Posterior_UB","prob"
0.0240348173537896,0.0740872035799488,-0.138324746950664,0.216453056968819,0.407965229774562
