"Posterior_Mean","Posterior_SD","Posterior_LB","Posterior_UB","prob"
-0.0227251372607121,0.0593822545101883,-0.144199661048133,0.113640236691721,0.652177302458895
