"Posterior_Mean","Posterior_SD","Posterior_LB","Posterior_UB","prob"
-0.179014891222074,0.112309908711541,-0.402787419634517,0.0354881750920736,0.940357604939931
