"Posterior_Mean","Posterior_SD","Posterior_LB","Posterior_UB","prob"
-0.0201267969876996,0.0929110751849767,-0.24545511741203,0.222044899682469,0.570992546647528
