"Posterior_Mean","Posterior_SD","Posterior_LB","Posterior_UB","prob"
-0.0576707501411794,0.057680189918057,-0.173622986307479,0.0538389493058605,0.840173025768159
