"Posterior_Mean","Posterior_SD","Posterior_LB","Posterior_UB","prob"
0.0329712932925262,0.0577462823657627,-0.0760779996558424,0.14445672044972,0.281767752520934
