"Posterior_Mean","Posterior_SD","Posterior_LB","Posterior_UB","prob"
-0.0703276546157349,0.0642938649267572,-0.226844847202425,0.0763292780818568,0.834225344824351
