"Posterior_Mean","Posterior_SD","Posterior_LB","Posterior_UB","prob"
-0.131772265411481,0.0608099525494548,-0.253061920585622,-0.0118515850242972,0.984779583729757
