"Posterior_Mean","Posterior_SD","Posterior_LB","Posterior_UB","prob"
-0.0238752960609738,0.069231708234579,-0.166999167477516,0.126415209982661,0.64224832717445
