"Posterior_Mean","Posterior_SD","Posterior_LB","Posterior_UB","prob"
0.0486846622403465,0.0609250494253364,-0.0807602046191477,0.169258980802028,0.223854984058077
