"Posterior_Mean","Posterior_SD","Posterior_LB","Posterior_UB","prob"
0.0430180483517439,0.0655637211153458,-0.0906103119524838,0.185327558458197,0.267434905379293
