"Posterior_Mean","Posterior_SD","Posterior_LB","Posterior_UB","prob"
-0.017549355913314,0.0591524118598979,-0.133411961366565,0.0949531089860955,0.619499544768335
