"Posterior_Mean","Posterior_SD","Posterior_LB","Posterior_UB","prob"
-0.0601415375610296,0.0695574711047815,-0.203489847895765,0.0996016196726323,0.799246085265289
