"Posterior_Mean","Posterior_SD","Posterior_LB","Posterior_UB","prob"
0.0100001093099681,0.0652831009677246,-0.122888404176551,0.148262883599113,0.440675065887222
