"Posterior_Mean","Posterior_SD","Posterior_LB","Posterior_UB","prob"
0.122833763586627,0.0588333593237368,0.0043056963424877,0.240505413025965,0.0216679264574038
