"Posterior_Mean","Posterior_SD","Posterior_LB","Posterior_UB","prob"
0.0116150010153216,0.0691069011202414,-0.134960820041631,0.180394778430504,0.457098148409944
