"Posterior_Mean","Posterior_SD","Posterior_LB","Posterior_UB","prob"
-0.169104897500484,0.106223853161109,-0.400379092930135,0.0379964694319663,0.941921487330478
