"Posterior_Mean","Posterior_SD","Posterior_LB","Posterior_UB","prob"
0.0309488049571044,0.0710672610222787,-0.110738092700877,0.172558653816781,0.32674711183587
