"Posterior_Mean","Posterior_SD","Posterior_LB","Posterior_UB","prob"
-0.129277052665065,0.0627197574133987,-0.25981962313236,-0.00613881574065773,0.977876691297043
