"Posterior_Mean","Posterior_SD","Posterior_LB","Posterior_UB","prob"
-0.132400720276709,0.0671259880250645,-0.272763390134862,0.0256213417716006,0.953350039637219
