"Posterior_Mean","Posterior_SD","Posterior_LB","Posterior_UB","prob"
-0.0415634376793621,0.0605406443330234,-0.164359536827267,0.0777013235019089,0.756753530544674
