"Posterior_Mean","Posterior_SD","Posterior_LB","Posterior_UB","prob"
0.00712195937167339,0.0590591530181998,-0.111020080029032,0.124821379937775,0.450950344776513
