"Posterior_Mean","Posterior_SD","Posterior_LB","Posterior_UB","prob"
0.0571560306090229,0.0583713297679802,-0.0587545634514651,0.177008109974388,0.157573780588849
