"Posterior_Mean","Posterior_SD","Posterior_LB","Posterior_UB","prob"
0.081930997968092,0.0638979486632483,-0.0423776949476661,0.209239675734594,0.101601348756966
