"Posterior_Mean","Posterior_SD","Posterior_LB","Posterior_UB","prob"
0.0118842334966054,0.0588968888490025,-0.104734318004052,0.122252362936168,0.420755327819602
