"Posterior_Mean","Posterior_SD","Posterior_LB","Posterior_UB","prob"
0.10221385547543,0.110270109046573,-0.10768507090229,0.324283356862346,0.176818592110298
