"Posterior_Mean","Posterior_SD","Posterior_LB","Posterior_UB","prob"
0.0777102330035473,0.116862219278449,-0.16377396356426,0.322984211014439,0.267676437299716
