"Posterior_Mean","Posterior_SD","Posterior_LB","Posterior_UB","prob"
-0.11219908060261,0.0708374395634733,-0.260132974214449,0.0331590751652047,0.943965474174009
