"Posterior_Mean","Posterior_SD","Posterior_LB","Posterior_UB","prob"
-0.0492267167027625,0.0604201429531357,-0.171538723816391,0.0686085615043971,0.795671836539878
