"Posterior_Mean","Posterior_SD","Posterior_LB","Posterior_UB","prob"
-0.03472747418778,0.0677933228531014,-0.174946473111315,0.118968882796626,0.693038021921557
