"Posterior_Mean","Posterior_SD","Posterior_LB","Posterior_UB","prob"
-0.012129646388751,0.0642865848808117,-0.167413775584578,0.150178854387342,0.573779698230133
