"Posterior_Mean","Posterior_SD","Posterior_LB","Posterior_UB","prob"
-0.0240606666478839,0.0596946188972544,-0.145732681179158,0.0881453586505249,0.65587375406724
