"Posterior_Mean","Posterior_SD","Posterior_LB","Posterior_UB","prob"
0.040592444636905,0.0732031309819439,-0.108025579046117,0.195305317818951,0.285990767921587
