"Posterior_Mean","Posterior_SD","Posterior_LB","Posterior_UB","prob"
-0.119220701613633,0.0618974614569313,-0.246441294977436,0.00427430394061044,0.972633971478262
