"Posterior_Mean","Posterior_SD","Posterior_LB","Posterior_UB","prob"
0.0707640164631276,0.0584335978846977,-0.0472416365751597,0.188386401676206,0.117136226183648
