"Posterior_Mean","Posterior_SD","Posterior_LB","Posterior_UB","prob"
0.158776566567745,0.0801099552200902,-0.022225564891412,0.470180944643704,0.0500080517447863
