"Posterior_Mean","Posterior_SD","Posterior_LB","Posterior_UB","prob"
0.0357895986674296,0.0649770893632263,-0.138729845626517,0.171251980803614,0.291066714118569
