"Posterior_Mean","Posterior_SD","Posterior_LB","Posterior_UB","prob"
-0.0787093106576604,0.0576198264495169,-0.197339003229517,0.0329203887745362,0.918261971762622
