"Posterior_Mean","Posterior_SD","Posterior_LB","Posterior_UB","prob"
-0.0549332263769871,0.078648274586089,-0.217223019689559,0.111278269923615,0.76568374944689
