"Posterior_Mean","Posterior_SD","Posterior_LB","Posterior_UB","prob"
-0.0420178700367042,0.0580459908810512,-0.162114841544988,0.0745280365638877,0.755283568802751
