"Posterior_Mean","Posterior_SD","Posterior_LB","Posterior_UB","prob"
0.0139883081687978,0.0585752607952776,-0.100526888389233,0.132990318722866,0.407737665977688
