"Posterior_Mean","Posterior_SD","Posterior_LB","Posterior_UB","prob"
-0.113393128502551,0.115979894971022,-0.343236116311803,0.115352965172086,0.84092164461485
