"Posterior_Mean","Posterior_SD","Posterior_LB","Posterior_UB","prob"
-0.0582652908265402,0.0673875779001442,-0.200558784979555,0.0920548545358084,0.785098299208972
