"Posterior_Mean","Posterior_SD","Posterior_LB","Posterior_UB","prob"
0.102580622070177,0.0653916476904253,-0.0295921176059162,0.233795549211267,0.0595773583092398
