"Posterior_Mean","Posterior_SD","Posterior_LB","Posterior_UB","prob"
-0.0133784080835991,0.0832015683897499,-0.200547846574896,0.156112673482586,0.548554401505064
