"Posterior_Mean","Posterior_SD","Posterior_LB","Posterior_UB","prob"
-0.178167179571612,0.0748375003113065,-0.365395983464345,-0.0148370143580671,0.984064494327438
