"Posterior_Mean","Posterior_SD","Posterior_LB","Posterior_UB","prob"
0.00150415699932333,0.0592826672435264,-0.118913186237041,0.120398551722114,0.498895367203774
