"Posterior_Mean","Posterior_SD","Posterior_LB","Posterior_UB","prob"
-0.0589525342863229,0.0711349784437866,-0.207299078285066,0.111657949621469,0.79441007196724
