"Posterior_Mean","Posterior_SD","Posterior_LB","Posterior_UB","prob"
0.0229929795441143,0.058898857735964,-0.0962449652737414,0.133063770272909,0.343785948277267
