"Posterior_Mean","Posterior_SD","Posterior_LB","Posterior_UB","prob"
-0.0687110864724765,0.0601826330647969,-0.23097172840593,0.0619173201017658,0.825621142429664
