"Posterior_Mean","Posterior_SD","Posterior_LB","Posterior_UB","prob"
0.0683869532497191,0.0732243089025072,-0.0832127086372722,0.263144180251967,0.189662600031396
