"Posterior_Mean","Posterior_SD","Posterior_LB","Posterior_UB","prob"
-0.0657487594691073,0.0688056528847059,-0.213321103867596,0.0870088250929587,0.798673696513304
