"Posterior_Mean","Posterior_SD","Posterior_LB","Posterior_UB","prob"
0.0383928927268881,0.0591895674552061,-0.0801696591719671,0.158943209090743,0.263291971792004
