"Posterior_Mean","Posterior_SD","Posterior_LB","Posterior_UB","prob"
-0.0527960187539829,0.0603485045015135,-0.176976250455005,0.0683492813098191,0.805254639727946
