"Posterior_Mean","Posterior_SD","Posterior_LB","Posterior_UB","prob"
-0.0163354059762195,0.0664593872431671,-0.186700161247684,0.119940254665768,0.563656230503517
