"Posterior_Mean","Posterior_SD","Posterior_LB","Posterior_UB","prob"
0.145443244827877,0.057808863935104,0.0300436545969519,0.262573027257013,0.00492379763784826
