"Posterior_Mean","Posterior_SD","Posterior_LB","Posterior_UB","prob"
-0.0329726767663681,0.0945087678517628,-0.227641241085892,0.173491406200307,0.649146468453441
