"Posterior_Mean","Posterior_SD","Posterior_LB","Posterior_UB","prob"
0.0157700214579033,0.0620263804066478,-0.104521833437777,0.14220973437137,0.408316387775524
