"Posterior_Mean","Posterior_SD","Posterior_LB","Posterior_UB","prob"
0.118683857098068,0.10554978851251,-0.0883092933053842,0.333229238395648,0.133785801382855
