"Posterior_Mean","Posterior_SD","Posterior_LB","Posterior_UB","prob"
0.0140789245428643,0.058447165846141,-0.109088576576315,0.126952645969109,0.397009936758808
