"Posterior_Mean","Posterior_SD","Posterior_LB","Posterior_UB","prob"
0.0392530728353388,0.0614051985324432,-0.0801126450174127,0.16320578327424,0.264811795340178
