"Posterior_Mean","Posterior_SD","Posterior_LB","Posterior_UB","prob"
0.0706205954104648,0.0664354982796118,-0.0772576734685195,0.23102621257414,0.170985289090055
