"Posterior_Mean","Posterior_SD","Posterior_LB","Posterior_UB","prob"
0.0505941601352397,0.0735516340798419,-0.0911937669083045,0.208138919500821,0.263683319876491
