"Posterior_Mean","Posterior_SD","Posterior_LB","Posterior_UB","prob"
0.0732808829565002,0.0716252379100951,-0.0805868403336157,0.215746174144414,0.155330900352996
