"Posterior_Mean","Posterior_SD","Posterior_LB","Posterior_UB","prob"
0.119315729243132,0.0609169210882304,-0.013565245434092,0.245609749088406,0.0355905461654636
