"Posterior_Mean","Posterior_SD","Posterior_LB","Posterior_UB","prob"
0.0472446839647405,0.0642056307610716,-0.082028703595694,0.187268548071273,0.24564365506124
