"Posterior_Mean","Posterior_SD","Posterior_LB","Posterior_UB","prob"
0.0618718053549924,0.0634542122173086,-0.063835100069118,0.183428207040624,0.171040812726623
