"Posterior_Mean","Posterior_SD","Posterior_LB","Posterior_UB","prob"
0.00411694338409615,0.0468058895762909,-0.0856137321683825,0.0929624483069623,0.458041694983481
