"Posterior_Mean","Posterior_SD","Posterior_LB","Posterior_UB","prob"
0.0249401534026141,0.0460896575708158,-0.0695394769065991,0.112825345882373,0.293487413904875
