"Posterior_Mean","Posterior_SD","Posterior_LB","Posterior_UB","prob"
-0.0621674890059368,0.0471342319462926,-0.158509240400782,0.0388889579174781,0.906482716163586
