"Posterior_Mean","Posterior_SD","Posterior_LB","Posterior_UB","prob"
0.14138668084807,0.0501817442626657,0.0424068852868261,0.242954721449017,0.00138920293924683
