"Posterior_Mean","Posterior_SD","Posterior_LB","Posterior_UB","prob"
-0.0599053935054212,0.0489815468974261,-0.156137779229258,0.0388872205408994,0.894730329814697
