"Posterior_Mean","Posterior_SD","Posterior_LB","Posterior_UB","prob"
-0.0352130770138138,0.0503823821482809,-0.146467331562936,0.0928068156687285,0.730122808546881
