"Posterior_Mean","Posterior_SD","Posterior_LB","Posterior_UB","prob"
-0.0398818149137055,0.0475161093689661,-0.135108510408361,0.0544006881218724,0.801828935112554
