"Posterior_Mean","Posterior_SD","Posterior_LB","Posterior_UB","prob"
0.0179963965960397,0.0496286099324558,-0.0801968365401116,0.119227356697722,0.364996190883121
