"Posterior_Mean","Posterior_SD","Posterior_LB","Posterior_UB","prob"
-0.0316977756736961,0.048600398050114,-0.127933007059752,0.0615041246657051,0.747525848558094
