"Posterior_Mean","Posterior_SD","Posterior_LB","Posterior_UB","prob"
0.0744788060455439,0.0900300849212359,-0.116789224006034,0.278582313006353,0.227794404811151
