"Posterior_Mean","Posterior_SD","Posterior_LB","Posterior_UB","prob"
-0.0125719359890727,0.0475289514497864,-0.108133472085214,0.0818844488534724,0.605718402700596
