"Posterior_Mean","Posterior_SD","Posterior_LB","Posterior_UB","prob"
-0.031888077601667,0.0462490378973091,-0.124516474630446,0.0623017391114586,0.767140254568607
