"Posterior_Mean","Posterior_SD","Posterior_LB","Posterior_UB","prob"
-0.0824267721231016,0.088913699618758,-0.266376242462044,0.0959418590564863,0.817148356971422
