"Posterior_Mean","Posterior_SD","Posterior_LB","Posterior_UB","prob"
0.0278244516834997,0.0477369583216856,-0.0697496663717417,0.117463443603789,0.279702640401415
