"Posterior_Mean","Posterior_SD","Posterior_LB","Posterior_UB","prob"
-0.0453568459839763,0.0505074769714687,-0.154012891484057,0.0557160454809214,0.810953195448918
