"Posterior_Mean","Posterior_SD","Posterior_LB","Posterior_UB","prob"
-0.0413218098468666,0.0473317816145398,-0.132569146330428,0.0502470539407662,0.804915041879246
