"Posterior_Mean","Posterior_SD","Posterior_LB","Posterior_UB","prob"
-0.0266921679383041,0.0475208154966315,-0.127970705762426,0.0674158032372038,0.712769966402876
