"Posterior_Mean","Posterior_SD","Posterior_LB","Posterior_UB","prob"
-0.00112758538112548,0.0491264818155318,-0.0961747454561017,0.0980907033862999,0.508728080579592
