"Posterior_Mean","Posterior_SD","Posterior_LB","Posterior_UB","prob"
0.00877363700446141,0.0489291508048837,-0.0884028131856708,0.109891306296549,0.440097172777071
