"Posterior_Mean","Posterior_SD","Posterior_LB","Posterior_UB","prob"
-0.0134504417090088,0.0481138138272871,-0.106941723636034,0.0797804984219588,0.601572275590855
