"Posterior_Mean","Posterior_SD","Posterior_LB","Posterior_UB","prob"
-0.0377425700909663,0.0527529483008978,-0.159638792483939,0.0771291194718087,0.723980923278056
