"Posterior_Mean","Posterior_SD","Posterior_LB","Posterior_UB","prob"
-0.00868946007790401,0.0485068430144869,-0.105824735616903,0.0866793478819221,0.564767478377881
