"Posterior_Mean","Posterior_SD","Posterior_LB","Posterior_UB","prob"
-0.0166351363343719,0.0477505166206419,-0.109545625650584,0.0758919685156198,0.625949242963128
