"Posterior_Mean","Posterior_SD","Posterior_LB","Posterior_UB","prob"
0.0370632458109967,0.0468339228832728,-0.0592410761184753,0.133506821634076,0.211906673226412
