"Posterior_Mean","Posterior_SD","Posterior_LB","Posterior_UB","prob"
-0.0126867683277544,0.0472993686546675,-0.104146545710854,0.0777369242106705,0.600918047939715
