"Posterior_Mean","Posterior_SD","Posterior_LB","Posterior_UB","prob"
-0.0399946901786442,0.0488488585211375,-0.137298700751139,0.0568287633224748,0.791235193581915
