"Posterior_Mean","Posterior_SD","Posterior_LB","Posterior_UB","prob"
-0.131265481256832,0.0482213165998208,-0.224065998353555,-0.0360356607315584,0.997237320505889
