"Posterior_Mean","Posterior_SD","Posterior_LB","Posterior_UB","prob"
0.0645029225836617,0.0495227270468393,-0.0313251950719843,0.164640505943248,0.0935746809775806
