"Posterior_Mean","Posterior_SD","Posterior_LB","Posterior_UB","prob"
0.0176666687070793,0.0463469758952912,-0.0740472363634284,0.109217007779791,0.356753986513223
