"Posterior_Mean","Posterior_SD","Posterior_LB","Posterior_UB","prob"
-0.0346027969734442,0.0469568334381527,-0.137261179606545,0.0594085638322565,0.75493904961508
