"Posterior_Mean","Posterior_SD","Posterior_LB","Posterior_UB","prob"
-0.0240308636048014,0.0550422273967097,-0.139008689533727,0.0995468093499408,0.676110938479915
