"Posterior_Mean","Posterior_SD","Posterior_LB","Posterior_UB","prob"
0.0262712372304582,0.0470899968246185,-0.0679683366867225,0.115666632602584,0.284712507176074
