"Posterior_Mean","Posterior_SD","Posterior_LB","Posterior_UB","prob"
0.0355079416894642,0.0476309468512965,-0.0593158822472999,0.134287286054681,0.220021534244223
