"Posterior_Mean","Posterior_SD","Posterior_LB","Posterior_UB","prob"
-0.0211134578004605,0.0491232743881973,-0.116861215207876,0.0747600551473584,0.667681910759157
