"Posterior_Mean","Posterior_SD","Posterior_LB","Posterior_UB","prob"
0.0412403345085719,0.0476952173642734,-0.0535600056897728,0.138519010116606,0.197651933095605
