"Posterior_Mean","Posterior_SD","Posterior_LB","Posterior_UB","prob"
-0.0307715487948787,0.052783556552172,-0.144658927690369,0.07324446129455,0.708456437947087
