"Posterior_Mean","Posterior_SD","Posterior_LB","Posterior_UB","prob"
0.0455756183631734,0.0490109042765055,-0.0527786507736936,0.157645081446612,0.185073067085969
