"Posterior_Mean","Posterior_SD","Posterior_LB","Posterior_UB","prob"
-0.0260538697610149,0.0493692071190661,-0.148969820771614,0.0776695320271862,0.674666111544347
