"Posterior_Mean","Posterior_SD","Posterior_LB","Posterior_UB","prob"
0.0586062821900475,0.0704153336725611,-0.114345718311427,0.19569920482687,0.210129500887356
