"Posterior_Mean","Posterior_SD","Posterior_LB","Posterior_UB","prob"
-0.00116624703472884,0.0479711916663641,-0.0993014516285508,0.0940374850587325,0.515170734451882
