"Posterior_Mean","Posterior_SD","Posterior_LB","Posterior_UB","prob"
-0.00767112116122487,0.0475836156450288,-0.102704946433735,0.0947205128400026,0.560505496485303
