"Posterior_Mean","Posterior_SD","Posterior_LB","Posterior_UB","prob"
0.03794028921972,0.0483087239367956,-0.0593854839737091,0.134027721550269,0.212165600332079
