"Posterior_Mean","Posterior_SD","Posterior_LB","Posterior_UB","prob"
0.00804848268309571,0.0466924547403623,-0.0825050733262754,0.100391787303389,0.444160097374799
