"Posterior_Mean","Posterior_SD","Posterior_LB","Posterior_UB","prob"
-0.00318471866562857,0.0496319122227751,-0.0988101465378044,0.0959459369187399,0.531400899004813
