"Posterior_Mean","Posterior_SD","Posterior_LB","Posterior_UB","prob"
-0.0943282688367676,0.0469326779929074,-0.186707235248161,0.000428425652829155,0.975353425877737
