"Posterior_Mean","Posterior_SD","Posterior_LB","Posterior_UB","prob"
-0.0536621578040635,0.0503582809823276,-0.159014767351955,0.0618846919071845,0.848114716703046
