"Posterior_Mean","Posterior_SD","Posterior_LB","Posterior_UB","prob"
-0.102699345128164,0.0483726012437161,-0.199605789064927,-0.00800885963915697,0.982046218461912
