"Posterior_Mean","Posterior_SD","Posterior_LB","Posterior_UB","prob"
-0.118244734258502,0.047948986344769,-0.209900101850178,-0.0263169418400886,0.991274285059286
