"Posterior_Mean","Posterior_SD","Posterior_LB","Posterior_UB","prob"
0.0397010024110156,0.0483911016772318,-0.0541696466571475,0.141758990515263,0.199648437525991
