"Posterior_Mean","Posterior_SD","Posterior_LB","Posterior_UB","prob"
-0.00742901396256587,0.0461744027021058,-0.0985732795178516,0.0875997867060935,0.572487172861562
