"Posterior_Mean","Posterior_SD","Posterior_LB","Posterior_UB","prob"
-0.00243635752772445,0.0480769454799754,-0.0990524012813053,0.0928294090913765,0.530205865546119
