"Posterior_Mean","Posterior_SD","Posterior_LB","Posterior_UB","prob"
0.0286367802645364,0.047516168302278,-0.0608813517322381,0.118265691891774,0.283053578316261
