"Posterior_Mean","Posterior_SD","Posterior_LB","Posterior_UB","prob"
-0.0527580719757609,0.04708028933349,-0.145743925643209,0.0406112907660069,0.869904639724292
