"Posterior_Mean","Posterior_SD","Posterior_LB","Posterior_UB","prob"
0.0381063752149166,0.0513966452940822,-0.0642513953620708,0.141053374061174,0.22150741109698
