"Posterior_Mean","Posterior_SD","Posterior_LB","Posterior_UB","prob"
0.0379417785594458,0.0486316577951136,-0.0752193792183097,0.136340123488902,0.225201151373787
