"Posterior_Mean","Posterior_SD","Posterior_LB","Posterior_UB","prob"
0.0389443152772789,0.0491013920201658,-0.0568768013931059,0.136803897507226,0.217577921808782
