"Posterior_Mean","Posterior_SD","Posterior_LB","Posterior_UB","prob"
0.0654292591586653,0.0481658556776873,-0.0280183733561693,0.163812865473393,0.0875486267231299
