"Posterior_Mean","Posterior_SD","Posterior_LB","Posterior_UB","prob"
0.0487235620557442,0.0482399256655466,-0.0469326648413985,0.145343831198311,0.160217654074742
