"Posterior_Mean","Posterior_SD","Posterior_LB","Posterior_UB","prob"
0.0111799786413418,0.0490964608677821,-0.0875100960174386,0.107702710602481,0.404262398402503
