"Posterior_Mean","Posterior_SD","Posterior_LB","Posterior_UB","prob"
-0.0593218393071844,0.0481471700919781,-0.156966598498236,0.036288585041897,0.890408623260217
