"Posterior_Mean","Posterior_SD","Posterior_LB","Posterior_UB","prob"
0.024040299463683,0.05353661763199,-0.0872716614150478,0.149280853962836,0.358484817322212
