"Posterior_Mean","Posterior_SD","Posterior_LB","Posterior_UB","prob"
0.01372036103022,0.0462941126365573,-0.077263097303112,0.101399790220646,0.385796211735433
