"Posterior_Mean","Posterior_SD","Posterior_LB","Posterior_UB","prob"
-0.022729585351559,0.0476798444119411,-0.117077490676285,0.0703658425477883,0.675531667149983
