"Posterior_Mean","Posterior_SD","Posterior_LB","Posterior_UB","prob"
0.13305740918142,0.0474577258409258,0.0391453350105169,0.223384746011464,0.00202339563849348
