"Posterior_Mean","Posterior_SD","Posterior_LB","Posterior_UB","prob"
-0.0484304756961459,0.0507497087700204,-0.154153368173452,0.0557497270207877,0.822110616510118
