"Posterior_Mean","Posterior_SD","Posterior_LB","Posterior_UB","prob"
-0.0260697290144471,0.0514283161168037,-0.126043343889945,0.0802504225964067,0.704051642113488
