"Posterior_Mean","Posterior_SD","Posterior_LB","Posterior_UB","prob"
0.0369240009020011,0.0480867146423164,-0.0611059514380108,0.129122685860971,0.221203878105854
