"Posterior_Mean","Posterior_SD","Posterior_LB","Posterior_UB","prob"
-0.0157726012117153,0.0510749531140044,-0.119136461283949,0.0874942403625283,0.611547093452522
