"Posterior_Mean","Posterior_SD","Posterior_LB","Posterior_UB","prob"
0.00971579542104934,0.049389781010211,-0.0887691888764912,0.121357222830066,0.436233687437699
