"Posterior_Mean","Posterior_SD","Posterior_LB","Posterior_UB","prob"
0.0195706721576093,0.0538131963653574,-0.0926928223945817,0.133522718369957,0.359700526118559
