"Posterior_Mean","Posterior_SD","Posterior_LB","Posterior_UB","prob"
0.0321217149317507,0.0478359372123643,-0.0606566868311848,0.126136376324875,0.256411354964119
