"Posterior_Mean","Posterior_SD","Posterior_LB","Posterior_UB","prob"
0.00382113974130162,0.0484305310197664,-0.0911081637550214,0.0952657643418339,0.475613479662208
