"Posterior_Mean","Posterior_SD","Posterior_LB","Posterior_UB","prob"
0.0530489800988512,0.0502880694713924,-0.0475738915411444,0.155474446770534,0.148361022254126
