"Posterior_Mean","Posterior_SD","Posterior_LB","Posterior_UB","prob"
-0.00123119735208347,0.0482844615509531,-0.0971214358484132,0.0925261532363703,0.512433336133625
