"Posterior_Mean","Posterior_SD","Posterior_LB","Posterior_UB","prob"
-0.254338988489916,0.0914807386067819,-0.447338507470213,-0.0653347231090257,0.997248104410638
