"Posterior_Mean","Posterior_SD","Posterior_LB","Posterior_UB","prob"
-0.040848068689896,0.0471139611313177,-0.133413644949497,0.0542999734347566,0.811128398465825
