"Posterior_Mean","Posterior_SD","Posterior_LB","Posterior_UB","prob"
0.0124598572184071,0.0489727902428518,-0.0881984559412731,0.113716945484346,0.398476098134643
