"Posterior_Mean","Posterior_SD","Posterior_LB","Posterior_UB","prob"
-0.0235425082954501,0.0468099555691353,-0.110844220303412,0.0761417567796879,0.693368785963386
