"Posterior_Mean","Posterior_SD","Posterior_LB","Posterior_UB","prob"
-0.0158016063198834,0.0485485220561882,-0.115183650048619,0.0831691485507499,0.624483977914761
