"Posterior_Mean","Posterior_SD","Posterior_LB","Posterior_UB","prob"
-0.0577666460462058,0.0466626389730565,-0.148979637142852,0.0322028685293541,0.893423384076194
