"Posterior_Mean","Posterior_SD","Posterior_LB","Posterior_UB","prob"
0.0987466235970092,0.0479463848458138,0.00258148851604784,0.195146814413412,0.0201258200565778
