"Posterior_Mean","Posterior_SD","Posterior_LB","Posterior_UB","prob"
-0.118615740569769,0.0639810362399734,-0.287216350474692,0.0215229154471437,0.953803335236021
