"Posterior_Mean","Posterior_SD","Posterior_LB","Posterior_UB","prob"
0.0336621753740916,0.0483265300283165,-0.0561880339888799,0.12966358252133,0.255949946611032
