"Posterior_Mean","Posterior_SD","Posterior_LB","Posterior_UB","prob"
0.00295118041386142,0.0495272587560004,-0.0967430690440412,0.0953933876460932,0.480991148865982
