"Posterior_Mean","Posterior_SD","Posterior_LB","Posterior_UB","prob"
-0.0124311359366613,0.0465401871225459,-0.101693814677839,0.0788983252700811,0.604903146374174
