"Posterior_Mean","Posterior_SD","Posterior_LB","Posterior_UB","prob"
0.00834623183604035,0.04848996549147,-0.0872890959788713,0.106327188950229,0.435578345765988
