"Posterior_Mean","Posterior_SD","Posterior_LB","Posterior_UB","prob"
-0.0381124792642669,0.0480636193697254,-0.131915449959314,0.0543467069219007,0.786768423169275
