"Posterior_Mean","Posterior_SD","Posterior_LB","Posterior_UB","prob"
0.0253028563380246,0.0484350724355276,-0.0760885720441897,0.117705359299797,0.295108637734889
