"Posterior_Mean","Posterior_SD","Posterior_LB","Posterior_UB","prob"
-0.123681064434445,0.0457351574820706,-0.211269228358244,-0.0286715675993828,0.99598185978005
