"Posterior_Mean","Posterior_SD","Posterior_LB","Posterior_UB","prob"
-0.0464366401179276,0.0497380667299827,-0.186341300142585,0.0778988771541485,0.77672583867868
