"Posterior_Mean","Posterior_SD","Posterior_LB","Posterior_UB","prob"
-0.00752761092499238,0.0516309608632045,-0.112914406521271,0.11788324293651,0.573060576912881
