"Posterior_Mean","Posterior_SD","Posterior_LB","Posterior_UB","prob"
0.128320665240716,0.0465189285073283,0.0370231798769637,0.221785428689365,0.0023287482172448
