"Posterior_Mean","Posterior_SD","Posterior_LB","Posterior_UB","prob"
-0.00582511617346202,0.0475817632683059,-0.0996927773712427,0.0861479937019823,0.548046145662816
