"Posterior_Mean","Posterior_SD","Posterior_LB","Posterior_UB","prob"
-0.0146285324063795,0.0556725139368406,-0.158307037690565,0.164852936539114,0.61702658588653
