"Posterior_Mean","Posterior_SD","Posterior_LB","Posterior_UB","prob"
0.0244291262207232,0.0465378296204059,-0.0675687764320331,0.11441962750356,0.304693436155991
