"Posterior_Mean","Posterior_SD","Posterior_LB","Posterior_UB","prob"
-0.0341829156546398,0.0514702044878521,-0.144271858391375,0.0913807137042019,0.73429179534093
