"Posterior_Mean","Posterior_SD","Posterior_LB","Posterior_UB","prob"
-0.00924889319840168,0.0491173651322449,-0.103917505720489,0.088237092219993,0.570845657722122
