"Posterior_Mean","Posterior_SD","Posterior_LB","Posterior_UB","prob"
-0.0111407107839417,0.0480960299924761,-0.110664091210655,0.086227828921725,0.590541341643259
