"Posterior_Mean","Posterior_SD","Posterior_LB","Posterior_UB","prob"
-0.0972097278050219,0.0477885160233706,-0.192488167990888,-0.00613153175577881,0.981441598548421
