"Posterior_Mean","Posterior_SD","Posterior_LB","Posterior_UB","prob"
-0.168484569960667,0.0869009390783543,-0.365416095765877,0.00421502560484909,0.97148863258931
