"Posterior_Mean","Posterior_SD","Posterior_LB","Posterior_UB","prob"
0.0114025071570462,0.0497538144775072,-0.091366016933724,0.113839677176478,0.402147441582141
