"Posterior_Mean","Posterior_SD","Posterior_LB","Posterior_UB","prob"
-0.0184859868002868,0.0483177564494465,-0.113013446141189,0.0769188093694644,0.638233204108866
