"Posterior_Mean","Posterior_SD","Posterior_LB","Posterior_UB","prob"
0.0330338494056956,0.0487735671028341,-0.0614592064776065,0.130054147408998,0.255386656965397
