"Posterior_Mean","Posterior_SD","Posterior_LB","Posterior_UB","prob"
0.011811193972289,0.0471005544955099,-0.0808663411280753,0.107016749166798,0.419322924541114
