"Posterior_Mean","Posterior_SD","Posterior_LB","Posterior_UB","prob"
0.0198312390116768,0.048749976065624,-0.0782303308488077,0.116279088950286,0.335806956594968
