"Posterior_Mean","Posterior_SD","Posterior_LB","Posterior_UB","prob"
-0.00661192719914113,0.0485822630613418,-0.103930359972517,0.0877129062024051,0.55614938957323
