"Posterior_Mean","Posterior_SD","Posterior_LB","Posterior_UB","prob"
0.0848834794881674,0.0496912849683416,-0.0105522387995546,0.179678614139087,0.0436770369038294
