"Posterior_Mean","Posterior_SD","Posterior_LB","Posterior_UB","prob"
-0.0587315908499007,0.106954378639605,-0.370745358012927,0.1648555127738,0.646937505995901
