"Posterior_Mean","Posterior_SD","Posterior_LB","Posterior_UB","prob"
0.141937185856658,0.125993036771472,-0.114121814005209,0.451268161555766,0.149358830817429
