"Posterior_Mean","Posterior_SD","Posterior_LB","Posterior_UB","prob"
-0.0176253252070527,0.131304651964729,-0.288349081873988,0.272964831797425,0.56741081753444
