"Posterior_Mean","Posterior_SD","Posterior_LB","Posterior_UB","prob"
-0.144249461142493,0.0922687833510637,-0.372978372240372,0.0514579210146591,0.919021873290932
