"Posterior_Mean","Posterior_SD","Posterior_LB","Posterior_UB","prob"
-0.140437097474725,0.142791921776804,-0.441016057651919,0.178160954525111,0.809799003825575
