"Posterior_Mean","Posterior_SD","Posterior_LB","Posterior_UB","prob"
-0.0644852815862719,0.0909672037649526,-0.256373863815681,0.125210633670394,0.75717996494916
