"Posterior_Mean","Posterior_SD","Posterior_LB","Posterior_UB","prob"
-0.0555926043133808,0.107153677932114,-0.266564350620052,0.192511026472062,0.701888054311301
