"Posterior_Mean","Posterior_SD","Posterior_LB","Posterior_UB","prob"
0.00300395720490207,0.123014863977574,-0.256265972693175,0.304937976128428,0.509245933421869
