"Posterior_Mean","Posterior_SD","Posterior_LB","Posterior_UB","prob"
0.187678489581627,0.127096114887461,-0.0698185424510331,0.55245829905426,0.086857528047388
