"Posterior_Mean","Posterior_SD","Posterior_LB","Posterior_UB","prob"
0.253509934590737,0.115369192826278,0.0157497625288422,0.531077306856645,0.0179136918443257
