"Posterior_Mean","Posterior_SD","Posterior_LB","Posterior_UB","prob"
0.0162730134937636,0.0993212116421365,-0.183273938305431,0.269285903161692,0.466111776643403
