"Posterior_Mean","Posterior_SD","Posterior_LB","Posterior_UB","prob"
-0.129869216418725,0.114911353578014,-0.511009498925166,0.125035724629036,0.809422635838708
