"Posterior_Mean","Posterior_SD","Posterior_LB","Posterior_UB","prob"
-0.0926689134547781,0.118983016142794,-0.372244204940519,0.135633704268859,0.771088354030889
