"Posterior_Mean","Posterior_SD","Posterior_LB","Posterior_UB","prob"
0.10606038984111,0.14944319641976,-0.200162428413124,0.41455857234494,0.239737556211218
