"Posterior_Mean","Posterior_SD","Posterior_LB","Posterior_UB","prob"
0.00542378386024586,0.138815863973984,-0.278632933385984,0.295830364936349,0.48993905425711
