"Posterior_Mean","Posterior_SD","Posterior_LB","Posterior_UB","prob"
0.0923331297072249,0.11887157667918,-0.161041392187464,0.406434395018659,0.280512639810019
