"Posterior_Mean","Posterior_SD","Posterior_LB","Posterior_UB","prob"
0.0212258782263825,0.130727650054809,-0.268767563409127,0.269695509734852,0.418343936433086
