"Posterior_Mean","Posterior_SD","Posterior_LB","Posterior_UB","prob"
0.0531890088699754,0.0531789198171619,-0.0698484620429849,0.159177145462091,0.181692246331199
