"Posterior_Mean","Posterior_SD","Posterior_LB","Posterior_UB","prob"
-0.0893923920162424,0.04014992734689,-0.17527473379816,0.0113510717704895,0.961756070624958
