"Posterior_Mean","Posterior_SD","Posterior_LB","Posterior_UB","prob"
-0.00252996593020416,0.0453363162600613,-0.0915570462686365,0.0930329319989261,0.526817541188224
