"Posterior_Mean","Posterior_SD","Posterior_LB","Posterior_UB","prob"
-0.027973592080516,0.0420501021360919,-0.110847304471984,0.0545136922205822,0.742138812789529
