"Posterior_Mean","Posterior_SD","Posterior_LB","Posterior_UB","prob"
-0.0355869452414556,0.0518154505752589,-0.140113824824687,0.0692102738669028,0.756440823309559
