"Posterior_Mean","Posterior_SD","Posterior_LB","Posterior_UB","prob"
0.0101765546837695,0.0518795196664852,-0.0970137760154317,0.109247265607761,0.409052351761735
