"Posterior_Mean","Posterior_SD","Posterior_LB","Posterior_UB","prob"
-0.0014525532271416,0.0541427816723528,-0.113103628651367,0.10823712152673,0.515523805587737
