"Posterior_Mean","Posterior_SD","Posterior_LB","Posterior_UB","prob"
-0.18765723886465,0.0418926480571599,-0.273688837859631,-0.0832959942969365,0.996359178871423
