"Posterior_Mean","Posterior_SD","Posterior_LB","Posterior_UB","prob"
-0.0370347388736299,0.0510808669940647,-0.146627494928843,0.0664736952345859,0.756731644477701
