"Posterior_Mean","Posterior_SD","Posterior_LB","Posterior_UB","prob"
-0.0876888264846903,0.0476209841999526,-0.192203218106173,0.0312890269187947,0.91913230800886
