"Posterior_Mean","Posterior_SD","Posterior_LB","Posterior_UB","prob"
-0.0163955847876326,0.0560090456392064,-0.128295611282896,0.0974317989690667,0.613520953622982
