"Posterior_Mean","Posterior_SD","Posterior_LB","Posterior_UB","prob"
-0.0605544920382539,0.043224908973552,-0.150800218994519,0.0446047256933169,0.899562929073648
