"Posterior_Mean","Posterior_SD","Posterior_LB","Posterior_UB","prob"
0.039403661626114,0.052874030675069,-0.0620899936887041,0.140658582665135,0.231273699800435
