"Posterior_Mean","Posterior_SD","Posterior_LB","Posterior_UB","prob"
0.0209973436769742,0.053675837417316,-0.0877977626820827,0.125885771851038,0.337739220130199
