"Posterior_Mean","Posterior_SD","Posterior_LB","Posterior_UB","prob"
-0.103517397246817,0.0437369465062308,-0.194938468584814,0.00323743379983063,0.972995555066214
