"Posterior_Mean","Posterior_SD","Posterior_LB","Posterior_UB","prob"
0.045961057984019,0.0533413984901145,-0.0620744180322153,0.154114694987481,0.194802041569067
