"Posterior_Mean","Posterior_SD","Posterior_LB","Posterior_UB","prob"
0.0199321194743443,0.051013448994712,-0.120408436468553,0.129205790305878,0.338618146050248
