"Posterior_Mean","Posterior_SD","Posterior_LB","Posterior_UB","prob"
-0.164440042616168,0.230062914115384,-0.638859421386423,0.261375762006675,0.764714247264942
