"Posterior_Mean","Posterior_SD","Posterior_LB","Posterior_UB","prob"
-0.18693159603972,0.206742118118147,-0.692252700059734,0.231915566999454,0.776530613548043
