"Posterior_Mean","Posterior_SD","Posterior_LB","Posterior_UB","prob"
0.017144749351636,0.222506966164467,-0.442679791839177,0.455919499045261,0.463909414124932
