"Posterior_Mean","Posterior_SD","Posterior_LB","Posterior_UB","prob"
0.0981495691199832,0.197477733407357,-0.318176469817191,0.515465904569931,0.324449081065143
