"Posterior_Mean","Posterior_SD","Posterior_LB","Posterior_UB","prob"
0.197518931478336,0.233814299829691,-0.309899835407089,0.671856226230349,0.210563447703219
