"Posterior_Mean","Posterior_SD","Posterior_LB","Posterior_UB","prob"
-0.148922344181029,0.206921389520505,-0.624776138584496,0.283470334316343,0.739236987848187
