"Posterior_Mean","Posterior_SD","Posterior_LB","Posterior_UB","prob"
0.0578472815744697,0.202707716455262,-0.334691655278745,0.526818897101701,0.426165569101889
