"Posterior_Mean","Posterior_SD","Posterior_LB","Posterior_UB","prob"
0.125451509853339,0.225336238231351,-0.305722918767666,0.566818870347375,0.295191718278266
