"Posterior_Mean","Posterior_SD","Posterior_LB","Posterior_UB","prob"
-0.0208041313988561,0.22981740679206,-0.479446620802316,0.447761003737255,0.536189631881061
