"Posterior_Mean","Posterior_SD","Posterior_LB","Posterior_UB","prob"
0.183461280106155,0.219396890260247,-0.266434043162157,0.676333111674329,0.245441266952843
