"Posterior_Mean","Posterior_SD","Posterior_LB","Posterior_UB","prob"
-0.0242679744638477,0.19705137768361,-0.419880775844255,0.376588202004051,0.548973897999654
