"Posterior_Mean","Posterior_SD","Posterior_LB","Posterior_UB","prob"
0.0784628171742228,0.241657622093401,-0.375806812346565,0.561134616586091,0.384042359787363
