"Posterior_Mean","Posterior_SD","Posterior_LB","Posterior_UB","prob"
-0.132522571521757,0.206365775684451,-0.577138837687341,0.273001061939346,0.726361761619276
