"","Posterior_Mean","Posterior_SD","Posterior_LB","Posterior_UB"
"1",0.0124922876807817,0.0530489636658082,-0.0931038299150192,0.113244410162196
