"","Posterior_Mean","Posterior_SD","Posterior_LB","Posterior_UB"
"1",0.0656592558548658,0.0533013908462178,-0.0397255727876941,0.168278596527008
