"","Posterior_Mean","Posterior_SD","Posterior_LB","Posterior_UB"
"1",-0.0494766183975928,0.0538135419963765,-0.15565570962368,0.0541076014364615
