"Posterior_Mean","Posterior_SD","Posterior_LB","Posterior_UB","prob"
-0.192825535024862,0.0456103873374745,-0.279969761853749,-0.102662947144786,0.999948668530898
