"Posterior_Mean","Posterior_SD","Posterior_LB","Posterior_UB","prob"
-0.167538699190888,0.0457395977057667,-0.260983770694559,-0.081777788725766,0.999973123530632
