"Posterior_Mean","Posterior_SD","Posterior_LB","Posterior_UB","prob"
-0.186083622525371,0.0446022234135966,-0.278409422493937,-0.0968851714376609,0.999996887712877
