"Posterior_Mean","Posterior_SD","Posterior_LB","Posterior_UB","prob"
-0.274153839626189,0.0463502792540095,-0.366565926595764,-0.18230235785611,1
