"Posterior_Mean","Posterior_SD","Posterior_LB","Posterior_UB","prob"
-0.173142825224674,0.050429849154512,-0.27254653314296,-0.0729556215168206,0.999471815954213
