"Posterior_Mean","Posterior_SD","Posterior_LB","Posterior_UB","prob"
-0.165711670516468,0.0459287963855026,-0.256248412092772,-0.0751708623987455,0.999993149447635
