"Posterior_Mean","Posterior_SD","Posterior_LB","Posterior_UB","prob"
-0.144188390445511,0.044336610438721,-0.231492304218889,-0.0568028624239026,0.99900183911135
