"Posterior_Mean","Posterior_SD","Posterior_LB","Posterior_UB","prob"
-0.34787374166374,0.0816332078253118,-0.540544100411909,-0.180215115336179,1
