"Posterior_Mean","Posterior_SD","Posterior_LB","Posterior_UB","prob"
-0.173666157354924,0.0484748341306998,-0.274099459212224,-0.0733665494330915,0.999581486435048
