"Posterior_Mean","Posterior_SD","Posterior_LB","Posterior_UB","prob"
-0.243101908486605,0.0509994432081966,-0.355638422517166,-0.138033602466218,0.999973016804804
