"Posterior_Mean","Posterior_SD","Posterior_LB","Posterior_UB","prob"
-0.181686364438091,0.0465444912404038,-0.274651795807117,-0.0898844458493982,0.999898655976224
