"Posterior_Mean","Posterior_SD","Posterior_LB","Posterior_UB","prob"
-0.142133548263465,0.0478149100827111,-0.238191500120339,-0.0473562655249658,0.998994340517112
