"Posterior_Mean","Posterior_SD","Posterior_LB","Posterior_UB","prob"
-0.241083915759928,0.0468409757182921,-0.333408036309644,-0.14405921377394,0.999962891250841
