"Posterior_Mean","Posterior_SD","Posterior_LB","Posterior_UB","prob"
-0.190865818614811,0.0456897142743793,-0.286351443241678,-0.0966254674326833,0.999777766204305
