"Posterior_Mean","Posterior_SD","Posterior_LB","Posterior_UB","prob"
-0.249505031782259,0.0484065933635121,-0.347333653228115,-0.15725452395485,0.999999740251214
