"Posterior_Mean","Posterior_SD","Posterior_LB","Posterior_UB","prob"
-0.0990484655934591,0.0536031383389111,-0.223082172241322,0.0165388796416878,0.95565920153688
