"Posterior_Mean","Posterior_SD","Posterior_LB","Posterior_UB","prob"
-0.203463860062992,0.0465942371301471,-0.297667498878981,-0.110148103425817,0.999995199095615
