"Posterior_Mean","Posterior_SD","Posterior_LB","Posterior_UB","prob"
-0.232484135189392,0.046287568487683,-0.329706211359927,-0.129533098307426,0.999957360419431
