"Posterior_Mean","Posterior_SD","Posterior_LB","Posterior_UB","prob"
-0.256359105404603,0.0468898898986423,-0.349443169662787,-0.160307184268763,1
