"Posterior_Mean","Posterior_SD","Posterior_LB","Posterior_UB","prob"
-0.244738514933737,0.0457684340153125,-0.334473253054463,-0.156402493478032,1
