"Posterior_Mean","Posterior_SD","Posterior_LB","Posterior_UB","prob"
-0.136747807987367,0.048479307963168,-0.237533161270468,-0.0346164357568443,0.995268206330663
