"Posterior_Mean","Posterior_SD","Posterior_LB","Posterior_UB","prob"
-0.245857278237843,0.0527955360203407,-0.368479945787239,-0.140488866193238,0.999995866067276
