"Posterior_Mean","Posterior_SD","Posterior_LB","Posterior_UB","prob"
-0.198810988230854,0.0484957858942186,-0.301826197728708,-0.0914619249261848,0.999315537427197
