"Posterior_Mean","Posterior_SD","Posterior_LB","Posterior_UB","prob"
-0.157219381483872,0.0520539783243578,-0.26664958415042,-0.0489205416350062,0.997567986642961
