"Posterior_Mean","Posterior_SD","Posterior_LB","Posterior_UB","prob"
-0.253513110538386,0.0467250349901254,-0.346897512147188,-0.15903007657068,1
