"Posterior_Mean","Posterior_SD","Posterior_LB","Posterior_UB","prob"
-0.239722312666512,0.0467136355979516,-0.332553747347338,-0.14598309071008,0.99999878233444
