"Posterior_Mean","Posterior_SD","Posterior_LB","Posterior_UB","prob"
-0.255982658545977,0.0471253579663276,-0.350721428768579,-0.163156851338371,0.99999997267266
