"Posterior_Mean","Posterior_SD","Posterior_LB","Posterior_UB","prob"
-0.204179492807442,0.0478649699748226,-0.298318110911718,-0.114257495358106,0.999993989946752
