"Posterior_Mean","Posterior_SD","Posterior_LB","Posterior_UB","prob"
-0.255457202266594,0.0609859295569113,-0.385752546199523,-0.131534947922241,1
