"Posterior_Mean","Posterior_SD","Posterior_LB","Posterior_UB","prob"
-0.220653715653921,0.0469159540290113,-0.309256708078175,-0.125329104704112,0.999992977274237
