"Posterior_Mean","Posterior_SD","Posterior_LB","Posterior_UB","prob"
-0.246332029780675,0.0463720766188141,-0.33544307578133,-0.155202898496809,0.999992532148538
