"Posterior_Mean","Posterior_SD","Posterior_LB","Posterior_UB","prob"
-0.243172461732804,0.0525348687380701,-0.386476288499793,-0.113368111405057,0.999828707565502
