"Posterior_Mean","Posterior_SD","Posterior_LB","Posterior_UB","prob"
-0.190904501317139,0.0440256428191496,-0.281546234225357,-0.105246844732635,0.999999716568123
