"Posterior_Mean","Posterior_SD","Posterior_LB","Posterior_UB","prob"
-0.196540573294417,0.0475265986919156,-0.290039696926338,-0.103865258606219,0.999985710652219
