"Posterior_Mean","Posterior_SD","Posterior_LB","Posterior_UB","prob"
-0.243163550452299,0.0468702606655481,-0.333345325531347,-0.150551918407764,0.99999999869452
