"Posterior_Mean","Posterior_SD","Posterior_LB","Posterior_UB","prob"
-0.233836815013834,0.0478961684918578,-0.326763994444002,-0.138908281261561,0.999986323226714
