"Posterior_Mean","Posterior_SD","Posterior_LB","Posterior_UB","prob"
-0.19792531040791,0.0479276301116533,-0.295247702109609,-0.0951428448900894,0.999493253884889
