"Posterior_Mean","Posterior_SD","Posterior_LB","Posterior_UB","prob"
-0.21306986899792,0.048068466246226,-0.311057290953588,-0.118248080673452,1
