"Posterior_Mean","Posterior_SD","Posterior_LB","Posterior_UB","prob"
-0.257742727361211,0.0454163980490377,-0.342683550864449,-0.162397140234709,0.999999989517305
