"Posterior_Mean","Posterior_SD","Posterior_LB","Posterior_UB","prob"
-0.179384107021766,0.0466593999539768,-0.270581963348469,-0.0911798477374436,0.999999085154566
