"Posterior_Mean","Posterior_SD","Posterior_LB","Posterior_UB","prob"
-0.266565184696243,0.0486199250632784,-0.361406598517875,-0.170144075676173,0.999999866252464
