"Posterior_Mean","Posterior_SD","Posterior_LB","Posterior_UB","prob"
-0.266706331836959,0.0468933735518228,-0.362923938082123,-0.177468612197762,1
