"Posterior_Mean","Posterior_SD","Posterior_LB","Posterior_UB","prob"
-0.167445423995248,0.0454353309500312,-0.255132306348323,-0.0735399915145819,0.999985632238905
