"Posterior_Mean","Posterior_SD","Posterior_LB","Posterior_UB","prob"
-0.200215401935294,0.0465926861172109,-0.290110693748809,-0.108847257697192,0.999980853729753
