"Posterior_Mean","Posterior_SD","Posterior_LB","Posterior_UB","prob"
-0.271829651776784,0.0473805910589258,-0.374338329020159,-0.160077507574126,0.999981213392256
