"Posterior_Mean","Posterior_SD","Posterior_LB","Posterior_UB","prob"
-0.17322227221546,0.0452438292429512,-0.258252119424637,-0.0825345303335917,0.999998961101717
