"Posterior_Mean","Posterior_SD","Posterior_LB","Posterior_UB","prob"
-0.242568051682099,0.0480379596706865,-0.338262979979257,-0.147070486172903,0.999995768760081
