"Posterior_Mean","Posterior_SD","Posterior_LB","Posterior_UB","prob"
-0.208182347006336,0.0492877377647534,-0.308164335647952,-0.105214099704092,0.999798390731073
