"Posterior_Mean","Posterior_SD","Posterior_LB","Posterior_UB","prob"
-0.204011397349463,0.0468533180120619,-0.296785654057761,-0.113529104334604,0.999994963013694
