"Posterior_Mean","Posterior_SD","Posterior_LB","Posterior_UB","prob"
-0.20965012282378,0.047053932883697,-0.306193486082599,-0.122054299601351,0.999996386476067
