"Posterior_Mean","Posterior_SD","Posterior_LB","Posterior_UB","prob"
-0.200638370825088,0.0454327983453213,-0.291071168063306,-0.11179585266619,0.999999714586534
