"Posterior_Mean","Posterior_SD","Posterior_LB","Posterior_UB","prob"
-0.269579329003779,0.049097987992726,-0.368375268298458,-0.175012305816827,1
