"Posterior_Mean","Posterior_SD","Posterior_LB","Posterior_UB","prob"
-0.156901497642482,0.0442466616274741,-0.245045035339135,-0.072800221264541,0.999997350882874
