"Posterior_Mean","Posterior_SD","Posterior_LB","Posterior_UB","prob"
-0.218125887407265,0.0492336728163112,-0.317465614729376,-0.116243452440692,0.999973780494834
