"Posterior_Mean","Posterior_SD","Posterior_LB","Posterior_UB","prob"
-0.250238504459845,0.0470078420981927,-0.350146141014053,-0.156989524201564,1
