"Posterior_Mean","Posterior_SD","Posterior_LB","Posterior_UB","prob"
-0.352689865416064,0.0475114705915067,-0.443384430537814,-0.261437566082468,1
