"Posterior_Mean","Posterior_SD","Posterior_LB","Posterior_UB","prob"
-0.286191589316636,0.0460631851687931,-0.378261912356124,-0.196786537360802,0.99999985325056
