"Posterior_Mean","Posterior_SD","Posterior_LB","Posterior_UB","prob"
-0.262942018486022,0.0529017136220373,-0.378594519727827,-0.137705543966404,0.999958281051447
