"Posterior_Mean","Posterior_SD","Posterior_LB","Posterior_UB","prob"
-0.224347735410712,0.0441727599063494,-0.309126230937695,-0.138148242732433,0.999999997536808
