"Posterior_Mean","Posterior_SD","Posterior_LB","Posterior_UB","prob"
-0.261658544888347,0.0472394853078977,-0.355928082579403,-0.172329990499385,1
