"Posterior_Mean","Posterior_SD","Posterior_LB","Posterior_UB","prob"
-0.184621274676974,0.0489215581642943,-0.285959552341581,-0.0881433136319013,0.999853174980005
