"Posterior_Mean","Posterior_SD","Posterior_LB","Posterior_UB","prob"
-0.262817276036326,0.0550565158414606,-0.396629390127724,-0.153091919721999,1
