"Posterior_Mean","Posterior_SD","Posterior_LB","Posterior_UB","prob"
-0.246975666948103,0.0455589494882984,-0.334960154196112,-0.15616939035882,0.999999996648793
