"Posterior_Mean","Posterior_SD","Posterior_LB","Posterior_UB","prob"
-0.228264575431264,0.0473282411672351,-0.324513946112322,-0.135055021717141,0.999999863189322
