"Posterior_Mean","Posterior_SD","Posterior_LB","Posterior_UB","prob"
-0.207635331123028,0.0465682856301406,-0.323943950630776,-0.10919340582522,0.999920750247095
