"Posterior_Mean","Posterior_SD","Posterior_LB","Posterior_UB","prob"
-0.319651874303149,0.0505220435284808,-0.418681049342052,-0.218750102044351,0.999999999999241
