"Posterior_Mean","Posterior_SD","Posterior_LB","Posterior_UB","prob"
-0.220396113046739,0.045749321269327,-0.31337189948322,-0.131981270611747,1
