"Posterior_Mean","Posterior_SD","Posterior_LB","Posterior_UB","prob"
-0.198184675049676,0.0462051224201874,-0.287614530055118,-0.108664475817957,0.999999976510076
