"Posterior_Mean","Posterior_SD","Posterior_LB","Posterior_UB","prob"
-0.24127766074089,0.0528518059996471,-0.347868565744249,-0.135264455687361,0.999981057375249
