"Posterior_Mean","Posterior_SD","Posterior_LB","Posterior_UB","prob"
-0.302194346953995,0.0462368574316347,-0.399467494395518,-0.20882541420009,1
