"Posterior_Mean","Posterior_SD","Posterior_LB","Posterior_UB","prob"
-0.212866203038906,0.0468331969796676,-0.310316135806295,-0.121668636532587,0.999999850533343
