"Posterior_Mean","Posterior_SD","Posterior_LB","Posterior_UB","prob"
-0.244483730100537,0.0479287374076519,-0.335088880333207,-0.149576846909137,0.999999999999435
