"Posterior_Mean","Posterior_SD","Posterior_LB","Posterior_UB","prob"
-0.153161452101731,0.0461563755513974,-0.238479054255894,-0.0606349233040505,0.999997378712538
