"Posterior_Mean","Posterior_SD","Posterior_LB","Posterior_UB","prob"
-0.178830966526847,0.0445767375222981,-0.27006075123527,-0.0944229417046597,0.999996389826588
