"Posterior_Mean","Posterior_SD","Posterior_LB","Posterior_UB","prob"
-0.283503339752566,0.048390671456056,-0.376002904265997,-0.187271643853026,0.99999997620477
