"Posterior_Mean","Posterior_SD","Posterior_LB","Posterior_UB","prob"
-0.234625654730776,0.0506435495721814,-0.335940110817287,-0.129327777086742,0.999939640042965
