"Posterior_Mean","Posterior_SD","Posterior_LB","Posterior_UB","prob"
-0.169554332200923,0.0481675538347655,-0.257831502505182,-0.0738540355813007,0.999996730009118
