"Posterior_Mean","Posterior_SD","Posterior_LB","Posterior_UB","prob"
-0.288150243668545,0.0482918744718862,-0.383208138246585,-0.194864735242201,0.999999644034901
