"Posterior_Mean","Posterior_SD","Posterior_LB","Posterior_UB","prob"
-0.174871271769102,0.0511020084189181,-0.275927123501999,-0.0715963320191482,0.999564137662443
