"Posterior_Mean","Posterior_SD","Posterior_LB","Posterior_UB","prob"
-0.163935639282026,0.0481741162949647,-0.258580354129565,-0.0686942209921916,0.999991485644219
