"Posterior_Mean","Posterior_SD","Posterior_LB","Posterior_UB","prob"
-0.236321707319929,0.0475535108729983,-0.3282155673241,-0.141988867795897,0.999997613956239
