"Posterior_Mean","Posterior_SD","Posterior_LB","Posterior_UB","prob"
-0.161179460781799,0.0463454240979244,-0.253535141333669,-0.0711169771866628,0.999994199574303
