"Posterior_Mean","Posterior_SD","Posterior_LB","Posterior_UB","prob"
-0.257288161609353,0.0485061268502146,-0.351705654075422,-0.160968251081725,1
