"Posterior_Mean","Posterior_SD","Posterior_LB","Posterior_UB","prob"
-0.114769155292199,0.0778273303124724,-0.274806274593382,0.0687001319076428,0.889590962909984
