"Posterior_Mean","Posterior_SD","Posterior_LB","Posterior_UB","prob"
-0.18349671007537,0.0472505230699062,-0.276065883710097,-0.0892678851794923,0.999993779042223
