"Posterior_Mean","Posterior_SD","Posterior_LB","Posterior_UB","prob"
-0.35192806240725,0.0629185566022191,-0.506089403876368,-0.209859673978645,0.999996253847036
