"Posterior_Mean","Posterior_SD","Posterior_LB","Posterior_UB","prob"
-0.170056179383437,0.0447117797512057,-0.257303766786803,-0.080385404190611,0.999963085967491
