"Posterior_Mean","Posterior_SD","Posterior_LB","Posterior_UB","prob"
-0.190443160488708,0.0467734257044494,-0.284322969756461,-0.0913931646184991,0.999850479478752
