"Posterior_Mean","Posterior_SD","Posterior_LB","Posterior_UB","prob"
-0.226120650224065,0.0459619228436412,-0.316281497345498,-0.135769431451955,0.999999986465799
