"Posterior_Mean","Posterior_SD","Posterior_LB","Posterior_UB","prob"
-0.332063455899133,0.0464950871396304,-0.431954619973855,-0.234305835321911,1
