"Posterior_Mean","Posterior_SD","Posterior_LB","Posterior_UB","prob"
-0.23934386528884,0.0451273700534228,-0.329637999029295,-0.147070537855882,0.999996036881444
