"Posterior_Mean","Posterior_SD","Posterior_LB","Posterior_UB","prob"
-0.24252985599736,0.0494786778667228,-0.346883431102217,-0.146890186645263,0.999994896396541
