"Posterior_Mean","Posterior_SD","Posterior_LB","Posterior_UB","prob"
-0.264815295172864,0.0578117347381785,-0.404024581141316,-0.143268307605742,0.99996773545767
