"Posterior_Mean","Posterior_SD","Posterior_LB","Posterior_UB","prob"
-0.187931969170334,0.0460189784694408,-0.277864280970522,-0.0983822163741104,0.999993592163247
