"Posterior_Mean","Posterior_SD","Posterior_LB","Posterior_UB","prob"
-0.242168979367595,0.0465454385259037,-0.340397654419332,-0.154391465225117,1
