"Posterior_Mean","Posterior_SD","Posterior_LB","Posterior_UB","prob"
-0.173525557959153,0.0499470435210259,-0.280969672303745,-0.0670273310487695,0.998846920648997
