"Posterior_Mean","Posterior_SD","Posterior_LB","Posterior_UB","prob"
-0.187139522668215,0.0478188681812879,-0.278732844276955,-0.0915106895527216,0.999999997751564
