"Posterior_Mean","Posterior_SD","Posterior_LB","Posterior_UB","prob"
-0.201495052608194,0.0453886533928096,-0.292692287397746,-0.108583628514619,0.999916454248769
