"Posterior_Mean","Posterior_SD","Posterior_LB","Posterior_UB","prob"
-0.143769225537278,0.0473940015198969,-0.242229580980616,-0.0499233107392463,0.998498433318078
