"Posterior_Mean","Posterior_SD","Posterior_LB","Posterior_UB","prob"
-0.23332563616368,0.045809442495377,-0.32841675669557,-0.145308067422674,1
