"Posterior_Mean","Posterior_SD","Posterior_LB","Posterior_UB","prob"
-0.210617960909428,0.0463446788040922,-0.302825883442626,-0.120067950197293,0.999999525876309
