"Posterior_Mean","Posterior_SD","Posterior_LB","Posterior_UB","prob"
-0.198690389339985,0.0477529777203911,-0.296402460997982,-0.1030444865757,0.999998848104525
