"Posterior_Mean","Posterior_SD","Posterior_LB","Posterior_UB","prob"
-0.21140154612004,0.0471422472410448,-0.307059912055842,-0.121249622666247,0.999999491028041
