"Posterior_Mean","Posterior_SD","Posterior_LB","Posterior_UB","prob"
-0.202436402556024,0.0489002997743225,-0.297424695686462,-0.105928205101883,0.999969674212049
