"Posterior_Mean","Posterior_SD","Posterior_LB","Posterior_UB","prob"
-0.331783096640718,0.0495843968065423,-0.429532239557044,-0.23464892776247,1
