"Posterior_Mean","Posterior_SD","Posterior_LB","Posterior_UB","prob"
-0.273433333823966,0.048703251216326,-0.364366747572358,-0.173646036315481,1
