"Posterior_Mean","Posterior_SD","Posterior_LB","Posterior_UB","prob"
-0.331386614476823,0.0465934634814435,-0.424039413756777,-0.241341754576394,0.999999999979894
