"Posterior_Mean","Posterior_SD","Posterior_LB","Posterior_UB","prob"
-0.189519900545485,0.0482142697688515,-0.279359792237199,-0.0937163014045459,0.999993727992151
