"Posterior_Mean","Posterior_SD","Posterior_LB","Posterior_UB","prob"
-0.22149076221602,0.0463007953488134,-0.313954465117053,-0.130621060365751,0.999998901577489
