"Posterior_Mean","Posterior_SD","Posterior_LB","Posterior_UB","prob"
-0.216727458217998,0.0478285313312413,-0.30966514494032,-0.127804993659403,0.999999999966762
