"Posterior_Mean","Posterior_SD","Posterior_LB","Posterior_UB","prob"
-0.234576703960429,0.0519576924712607,-0.34195600081037,-0.131687644471235,0.999997068733334
