"Posterior_Mean","Posterior_SD","Posterior_LB","Posterior_UB","prob"
-0.239946811590735,0.0468052758327777,-0.341275751206116,-0.147856009708935,0.999998835470738
