"Posterior_Mean","Posterior_SD","Posterior_LB","Posterior_UB","prob"
-0.254614462592562,0.0469548567370314,-0.346928623900271,-0.163360559486872,0.99999999998471
