"Posterior_Mean","Posterior_SD","Posterior_LB","Posterior_UB","prob"
-0.197016758662338,0.0454680820966264,-0.287730806440846,-0.103499801654736,0.999999798599234
