"Posterior_Mean","Posterior_SD","Posterior_LB","Posterior_UB","prob"
-0.250078457720245,0.0478011374348987,-0.342234904891112,-0.158576596167888,1
