"Posterior_Mean","Posterior_SD","Posterior_LB","Posterior_UB","prob"
-0.179522078199352,0.0488632953012918,-0.278475137665168,-0.0832314835452776,0.999816892897291
