"Posterior_Mean","Posterior_SD","Posterior_LB","Posterior_UB","prob"
-0.17683063200136,0.0478017686889616,-0.271236148252451,-0.0804629868082455,0.999617058520115
