"Posterior_Mean","Posterior_SD","Posterior_LB","Posterior_UB","prob"
-0.22662479896255,0.0493340226698757,-0.329809102184447,-0.11921792863389,0.999991386173293
