"Posterior_Mean","Posterior_SD","Posterior_LB","Posterior_UB","prob"
-0.202766506324153,0.0467006350929657,-0.300345961497102,-0.113442237928046,0.999999986896164
