"Posterior_Mean","Posterior_SD","Posterior_LB","Posterior_UB","prob"
-0.164911890675632,0.0465414420689456,-0.268292493079516,-0.0738484377642226,0.999569268746173
