"Posterior_Mean","Posterior_SD","Posterior_LB","Posterior_UB","prob"
-0.271726052872262,0.0468428346756869,-0.369862024165733,-0.181143456260698,0.999999987221635
