"Posterior_Mean","Posterior_SD","Posterior_LB","Posterior_UB","prob"
-0.16834957595538,0.0571324374559412,-0.371192396734484,-0.00333638559477011,0.978294429812428
