"Posterior_Mean","Posterior_SD","Posterior_LB","Posterior_UB","prob"
-0.267482417752606,0.0455159506325523,-0.355823036203686,-0.177528442292116,0.999999838649211
