"Posterior_Mean","Posterior_SD","Posterior_LB","Posterior_UB","prob"
-0.221813694759758,0.0485632439089633,-0.322027766571318,-0.126228151150298,0.999983310868688
