"Posterior_Mean","Posterior_SD","Posterior_LB","Posterior_UB","prob"
-0.253883576522847,0.0466834490467995,-0.345550592932022,-0.165507744866092,0.99999999764675
