"Posterior_Mean","Posterior_SD","Posterior_LB","Posterior_UB","prob"
-0.215308709534923,0.0461529039081013,-0.306642942680379,-0.127247182559281,0.99999867728153
