"Posterior_Mean","Posterior_SD","Posterior_LB","Posterior_UB","prob"
-0.302838106698486,0.047300557534358,-0.399354146961,-0.212532709278571,0.999999999933518
