"","Posterior_Mean","Posterior_SD","Posterior_LB","Posterior_UB"
"1",-0.00188928756661128,0.0433810581539725,-0.0878483942596345,0.0789981395670608
