"","Posterior_Mean","Posterior_SD","Posterior_LB","Posterior_UB"
"1",-0.0469612408796924,0.0429146303391738,-0.136472899576312,0.0354289507534153
