"Posterior_Mean","Posterior_SD","Posterior_LB","Posterior_UB","prob"
-0.240978643492387,0.0457719839635448,-0.341682638938407,-0.143667397072492,0.999999972270615
