"Posterior_Mean","Posterior_SD","Posterior_LB","Posterior_UB","prob"
-0.219870408542647,0.0540478616504597,-0.359382800899305,-0.0162528284892525,0.982551066674288
