"Posterior_Mean","Posterior_SD","Posterior_LB","Posterior_UB","prob"
-0.296405304135719,0.0505556330225391,-0.403752400064504,-0.161999026271759,0.999710150554232
