"Posterior_Mean","Posterior_SD","Posterior_LB","Posterior_UB","prob"
-0.293975008206238,0.0434492641028177,-0.379183661230263,-0.20670013149919,0.999998470906255
