"Posterior_Mean","Posterior_SD","Posterior_LB","Posterior_UB","prob"
-0.273343685703254,0.0493798443566248,-0.438254362692498,-0.137874681569792,1
