"Posterior_Mean","Posterior_SD","Posterior_LB","Posterior_UB","prob"
-0.173514990568587,0.0438152014466493,-0.268088964299213,-0.0864785612367224,0.999988952582437
