"Posterior_Mean","Posterior_SD","Posterior_LB","Posterior_UB","prob"
-0.376694437821972,0.0384590105616271,-0.451153130344044,-0.301864986370653,1
