"Posterior_Mean","Posterior_SD","Posterior_LB","Posterior_UB","prob"
-0.270438960900998,0.0495875170902914,-0.389879293766863,-0.143240453694566,0.999691554956502
