"Posterior_Mean","Posterior_SD","Posterior_LB","Posterior_UB","prob"
-0.282329944106586,0.0431807190769053,-0.381131456685395,-0.14274059143747,0.999986066472033
