"Posterior_Mean","Posterior_SD","Posterior_LB","Posterior_UB","prob"
-0.245278205855347,0.0494898170571095,-0.359095685130385,-0.0396804035191182,0.988911919672727
