"Posterior_Mean","Posterior_SD","Posterior_LB","Posterior_UB","prob"
-0.322479285520288,0.0395523426153261,-0.398949629924759,-0.239889309231417,1
