"Posterior_Mean","Posterior_SD","Posterior_LB","Posterior_UB","prob"
-0.255215810737728,0.0531542870551329,-0.409888942107113,-0.135173380275381,1
