"Posterior_Mean","Posterior_SD","Posterior_LB","Posterior_UB","prob"
-0.158954990917606,0.0485334402816487,-0.284047928632322,-0.0170866868388595,0.986185872388822
