"Posterior_Mean","Posterior_SD","Posterior_LB","Posterior_UB","prob"
-0.267992887349603,0.0456301558398555,-0.383959075087034,-0.168142738536733,1
