"Posterior_Mean","Posterior_SD","Posterior_LB","Posterior_UB","prob"
-0.33016010874447,0.0436902385813632,-0.422120599430232,-0.220426626824405,0.99999743034599
