"Posterior_Mean","Posterior_SD","Posterior_LB","Posterior_UB","prob"
-0.322074984939316,0.0455127153344953,-0.419371860817435,-0.198721220632839,0.999992821759377
