"Posterior_Mean","Posterior_SD","Posterior_LB","Posterior_UB","prob"
-0.231821967624101,0.0524308570054185,-0.338715681917388,-0.117284143121756,0.99903595812595
