"Posterior_Mean","Posterior_SD","Posterior_LB","Posterior_UB","prob"
-0.346624194164832,0.0410157938323448,-0.428273841864412,-0.261817989777301,1
