"Posterior_Mean","Posterior_SD","Posterior_LB","Posterior_UB","prob"
-0.257658494051613,0.04793661359777,-0.359699294840327,-0.163842366839161,0.999998602587218
