"Posterior_Mean","Posterior_SD","Posterior_LB","Posterior_UB","prob"
-0.227063915239678,0.0431479396299703,-0.317835813470181,-0.144430911511347,1
