"Posterior_Mean","Posterior_SD","Posterior_LB","Posterior_UB","prob"
-0.350404379063509,0.0406858802697931,-0.441757883522528,-0.257488962715362,1
