"Posterior_Mean","Posterior_SD","Posterior_LB","Posterior_UB","prob"
-0.232425489488034,0.0509690956447182,-0.334344766566999,-0.117319675775042,0.999127165908353
