"Posterior_Mean","Posterior_SD","Posterior_LB","Posterior_UB","prob"
-0.319853748025937,0.0415424251570719,-0.407605938981374,-0.228862785460188,1
