"Posterior_Mean","Posterior_SD","Posterior_LB","Posterior_UB","prob"
-0.284176686586861,0.0425354130058648,-0.381018434594991,-0.182497548562365,0.999999194653155
