"Posterior_Mean","Posterior_SD","Posterior_LB","Posterior_UB","prob"
-0.277935925108094,0.0399709360427255,-0.365931967304519,-0.185849839540159,0.999999518159394
