"Posterior_Mean","Posterior_SD","Posterior_LB","Posterior_UB","prob"
-0.417583146670973,0.0462268118741477,-0.511154289561169,-0.320690115280097,0.999998227654955
