"Posterior_Mean","Posterior_SD","Posterior_LB","Posterior_UB","prob"
-0.228186920354022,0.0859895068074975,-0.399976185004124,-0.0484591838624704,0.993585465344753
