"Posterior_Mean","Posterior_SD","Posterior_LB","Posterior_UB","prob"
-0.377725096528437,0.0505196034921156,-0.47903521853731,-0.267363276460887,0.999962150177032
