"Posterior_Mean","Posterior_SD","Posterior_LB","Posterior_UB","prob"
-0.336726281658226,0.04769733916412,-0.433375058871896,-0.232547460716696,1
