"Posterior_Mean","Posterior_SD","Posterior_LB","Posterior_UB","prob"
-0.248195870147162,0.0646241783441789,-0.38411512751182,-0.0397717780315428,0.989196645560532
