"Posterior_Mean","Posterior_SD","Posterior_LB","Posterior_UB","prob"
-0.31292012651911,0.0617448326229229,-0.435819996060494,-0.189810023945156,0.999980596590951
