"Posterior_Mean","Posterior_SD","Posterior_LB","Posterior_UB","prob"
-0.471626266947528,0.0509670232857123,-0.575889918175685,-0.349724815590139,1
