"Posterior_Mean","Posterior_SD","Posterior_LB","Posterior_UB","prob"
-0.28112621644599,0.0915122486396231,-0.463098303105119,-0.0996206620219171,0.998833333333333
