"Posterior_Mean","Posterior_SD","Posterior_LB","Posterior_UB","prob"
-0.344161711700655,0.067087754974671,-0.494909201330473,-0.115434126691401,0.99837535422975
