"Posterior_Mean","Posterior_SD","Posterior_LB","Posterior_UB","prob"
-0.288694767197618,0.0786940106681972,-0.44360005270868,-0.106751429392637,1
