"Posterior_Mean","Posterior_SD","Posterior_LB","Posterior_UB","prob"
-0.290775341991487,0.0601205209655529,-0.417072046196362,-0.170904747284875,1
