"Posterior_Mean","Posterior_SD","Posterior_LB","Posterior_UB","prob"
-0.344800522533577,0.0498621686339622,-0.440140461965937,-0.240413139623458,0.999993328560153
