"Posterior_Mean","Posterior_SD","Posterior_LB","Posterior_UB","prob"
-0.329710288900845,0.05294600730953,-0.453889633383203,-0.181434115069045,0.999693700397725
