"Posterior_Mean","Posterior_SD","Posterior_LB","Posterior_UB","prob"
-0.180209196188613,0.0861277416707093,-0.349654250434508,-0.0107080975227298,0.982333333333333
