"Posterior_Mean","Posterior_SD","Posterior_LB","Posterior_UB","prob"
-0.420812779154319,0.0500696121906812,-0.522454417765089,-0.304220784286564,1
