"Posterior_Mean","Posterior_SD","Posterior_LB","Posterior_UB","prob"
-0.183666156099493,0.0858159641299326,-0.356827273323898,-0.0133492389265934,0.986884390855784
