"Posterior_Mean","Posterior_SD","Posterior_LB","Posterior_UB","prob"
-0.320768630957356,0.0560578457334226,-0.436425313473381,-0.139903386941215,0.999062579836856
