"Posterior_Mean","Posterior_SD","Posterior_LB","Posterior_UB","prob"
-0.173172055466205,0.0590779448760777,-0.28972663078109,-0.0555680962266791,0.996319234810125
