"Posterior_Mean","Posterior_SD","Posterior_LB","Posterior_UB","prob"
-0.285088651281908,0.0499166238942061,-0.387026633912283,-0.168403963629674,0.999971857180775
