"Posterior_Mean","Posterior_SD","Posterior_LB","Posterior_UB","prob"
-0.359232153462957,0.0629151615763973,-0.48433250958637,-0.199052966281324,1
