"Posterior_Mean","Posterior_SD","Posterior_LB","Posterior_UB","prob"
-0.309303830858493,0.0508397922006579,-0.413939663197555,-0.194098198166834,1
