"Posterior_Mean","Posterior_SD","Posterior_LB","Posterior_UB","prob"
0.0646455443771095,0.0875936864092189,-0.101323487245083,0.23599533291798,0.231333333333333
