"Posterior_Mean","Posterior_SD","Posterior_LB","Posterior_UB","prob"
-0.36381991652504,0.0509170848639438,-0.466935277501782,-0.222688357711661,0.999309948482458
