"Posterior_Mean","Posterior_SD","Posterior_LB","Posterior_UB","prob"
-0.230368189871486,0.0668336246345835,-0.422362889882253,-0.0792407040946814,0.998991479529566
