"Posterior_Mean","Posterior_SD","Posterior_LB","Posterior_UB","prob"
-0.342573385891437,0.0547092796246145,-0.451106118867939,-0.232137402525862,0.999969822696049
