"Posterior_Mean","Posterior_SD","Posterior_LB","Posterior_UB","prob"
-0.309892922763135,0.0550977322688847,-0.430444184272868,-0.142264672042914,0.99937598285059
