"Posterior_Mean","Posterior_SD","Posterior_LB","Posterior_UB","prob"
-0.241070625812924,0.0518099013450515,-0.345826157561677,-0.134393804344982,0.99996120107207
