"Posterior_Mean","Posterior_SD","Posterior_LB","Posterior_UB","prob"
-0.375182940414582,0.06163572936209,-0.497548007397988,-0.251449558388527,1
