"Posterior_Mean","Posterior_SD","Posterior_LB","Posterior_UB","prob"
-0.253555287466489,0.0567381960605315,-0.398596070237523,-0.107877969281451,0.999651024559503
