"Posterior_Mean","Posterior_SD","Posterior_LB","Posterior_UB","prob"
-0.357455307772796,0.0494409078146025,-0.453501330454646,-0.263064820431114,0.999999774313676
