"Posterior_Mean","Posterior_SD","Posterior_LB","Posterior_UB","prob"
-0.245060839311101,0.0732263748135775,-0.400212423778441,-0.076652525780099,0.99719815876769
