"Posterior_Mean","Posterior_SD","Posterior_LB","Posterior_UB","prob"
-0.171737487411314,0.0845098783092319,-0.341184475460152,-0.00821626836333526,0.978605002553695
