"Posterior_Mean","Posterior_SD","Posterior_LB","Posterior_UB","prob"
-0.282412735933689,0.0630662095675895,-0.41234954283753,-0.137746088233096,0.998867469945827
