"Posterior_Mean","Posterior_SD","Posterior_LB","Posterior_UB","prob"
-0.37365505246281,0.0504238191721619,-0.501038816727679,-0.242073543620579,0.999994298594507
