"Posterior_Mean","Posterior_SD","Posterior_LB","Posterior_UB","prob"
-0.2564686865206,0.0589272580971058,-0.373645591969709,-0.140694819959948,0.99999438977525
