"Posterior_Mean","Posterior_SD","Posterior_LB","Posterior_UB","prob"
-0.342213605368509,0.0514093111725406,-0.449962004698379,-0.194524928699751,0.998771116340566
