"Posterior_Mean","Posterior_SD","Posterior_LB","Posterior_UB","prob"
-0.35706293550705,0.0476448614884726,-0.452348384920315,-0.26211250455323,0.999999992389562
