"Posterior_Mean","Posterior_SD","Posterior_LB","Posterior_UB","prob"
-0.0714931990893273,0.0838837534048956,-0.233811562283705,0.0910344807608051,0.799833333333333
