"Posterior_Mean","Posterior_SD","Posterior_LB","Posterior_UB","prob"
-0.463124750006286,0.0426416430352784,-0.553143279849077,-0.356524264776613,0.999999999658818
