"Posterior_Mean","Posterior_SD","Posterior_LB","Posterior_UB","prob"
-0.360089119356414,0.0499235648230197,-0.456237637552792,-0.258097720976072,0.999999896504788
