"Posterior_Mean","Posterior_SD","Posterior_LB","Posterior_UB","prob"
-0.326580145314105,0.0606472795273385,-0.466637034665353,-0.199651298428207,0.999995102625465
