"Posterior_Mean","Posterior_SD","Posterior_LB","Posterior_UB","prob"
-0.262448755214813,0.0598535017907238,-0.383570446683651,-0.126864253531709,0.998141790620114
