"Posterior_Mean","Posterior_SD","Posterior_LB","Posterior_UB","prob"
-0.245016380499147,0.0605821543338406,-0.363098466740394,-0.12446499330165,0.999968543590277
