"Posterior_Mean","Posterior_SD","Posterior_LB","Posterior_UB","prob"
-0.0605650407991734,0.0851631244918317,-0.229706891674525,0.105589072256021,0.753290803563143
