"Posterior_Mean","Posterior_SD","Posterior_LB","Posterior_UB","prob"
-0.235779141573926,0.0607691436658154,-0.378888319095178,0.0108200066095616,0.971255568734105
