"Posterior_Mean","Posterior_SD","Posterior_LB","Posterior_UB","prob"
-0.447463067139418,0.0500261755041364,-0.543630411087995,-0.346191562245943,0.999999639521253
