"Posterior_Mean","Posterior_SD","Posterior_LB","Posterior_UB","prob"
-0.386305557955736,0.0549372471275692,-0.507186752538678,-0.254754666684174,1
