"Posterior_Mean","Posterior_SD","Posterior_LB","Posterior_UB","prob"
-0.340233093370582,0.0512208574247786,-0.443794323400044,-0.211300804895386,0.999968223795233
