"Posterior_Mean","Posterior_SD","Posterior_LB","Posterior_UB","prob"
-0.236170651679355,0.0595168359481414,-0.352467346785134,-0.114585449968602,0.999702260059985
