"Posterior_Mean","Posterior_SD","Posterior_LB","Posterior_UB","prob"
-0.227909405590115,0.0869398133998139,-0.398065446499871,-0.0564650232633357,0.996333333333333
