"Posterior_Mean","Posterior_SD","Posterior_LB","Posterior_UB","prob"
-0.337394386315738,0.0525510569732407,-0.44294319522321,-0.21860134055424,0.999966901064099
