"Posterior_Mean","Posterior_SD","Posterior_LB","Posterior_UB","prob"
-0.235859778241288,0.060734647074502,-0.356722672576479,-0.116137355769175,0.999937181490804
