"Posterior_Mean","Posterior_SD","Posterior_LB","Posterior_UB","prob"
-0.140179110912933,0.061223744495946,-0.260172459221585,-0.0212045158596104,0.987768346802716
