"Posterior_Mean","Posterior_SD","Posterior_LB","Posterior_UB","prob"
-0.358401207629693,0.0612851791511951,-0.477235149791554,-0.24000374836523,1
