"Posterior_Mean","Posterior_SD","Posterior_LB","Posterior_UB","prob"
-0.321099167312457,0.0610323455764643,-0.441834205384869,-0.191767633938302,0.999769804581129
