"Posterior_Mean","Posterior_SD","Posterior_LB","Posterior_UB","prob"
-0.0656653951486473,0.0854328193975493,-0.230871770124874,0.103258069898075,0.779333333333333
