"Posterior_Mean","Posterior_SD","Posterior_LB","Posterior_UB","prob"
-0.287723203944726,0.0631380039905421,-0.417683883038701,-0.154735607614865,0.999470050554991
