"Posterior_Mean","Posterior_SD","Posterior_LB","Posterior_UB","prob"
-0.223727469593217,0.08310942628505,-0.393252714455967,-0.0624990386736135,0.993751226864167
