"Posterior_Mean","Posterior_SD","Posterior_LB","Posterior_UB","prob"
-0.308595434368276,0.0629945212999207,-0.432317593642678,-0.162092287295054,0.999518539218374
