"Posterior_Mean","Posterior_SD","Posterior_LB","Posterior_UB","prob"
-0.269053614237591,0.0585508455480436,-0.400238963448904,-0.133306041249039,0.999860163333608
