"Posterior_Mean","Posterior_SD","Posterior_LB","Posterior_UB","prob"
-0.185842205982941,0.0861680861387411,-0.361037351732576,-0.0150513145737658,0.982666666666667
