"","Posterior_Mean","Posterior_SD","Posterior_LB","Posterior_UB"
"1",0.0324993803062291,0.0444144297612716,-0.0574598936321665,0.117476414949435
