"Posterior_Mean","Posterior_SD","Posterior_LB","Posterior_UB","prob"
-0.374998112889704,0.0483946513324779,-0.468853249621185,-0.280715061610093,0.999999987532817
