"Posterior_Mean","Posterior_SD","Posterior_LB","Posterior_UB","prob"
-0.326200407132738,0.0515052712704347,-0.429795317953718,-0.201206307183636,0.999876917149188
