"Posterior_Mean","Posterior_SD","Posterior_LB","Posterior_UB","prob"
-0.380042130853209,0.0492600808435062,-0.477733766484205,-0.277029472078629,0.999957260312359
