"Posterior_Mean","Posterior_SD","Posterior_LB","Posterior_UB","prob"
-0.352032136300878,0.0521286713016113,-0.473398145462919,-0.209309001074509,1
