"Posterior_Mean","Posterior_SD","Posterior_LB","Posterior_UB","prob"
-0.323014996528713,0.0524722664760607,-0.425963999680763,-0.206560685412768,1
