"Posterior_Mean","Posterior_SD","Posterior_LB","Posterior_UB","prob"
-0.349770494853433,0.0558067203975014,-0.476199003501673,-0.217800271733644,1
