"Posterior_Mean","Posterior_SD","Posterior_LB","Posterior_UB","prob"
-0.16799166971554,0.0628233794311974,-0.291534921577486,-0.0418270877901034,0.993170803748728
