"","Posterior_Mean","Posterior_SD","Posterior_LB","Posterior_UB"
"1",0.00262798903061145,0.0447370847507606,-0.081796938294823,0.0921360976873169
