"Posterior_Mean","Posterior_SD","Posterior_LB","Posterior_UB","prob"
-0.424751679559351,0.0509267723495955,-0.523083018479922,-0.320955204870441,1
