"Posterior_Mean","Posterior_SD","Posterior_LB","Posterior_UB","prob"
-0.271335240259513,0.0658958111811172,-0.417967009517371,-0.0438226309252071,0.989730780366263
