"Posterior_Mean","Posterior_SD","Posterior_LB","Posterior_UB","prob"
-0.37675968075982,0.0782122455414068,-0.535823259689811,-0.208325122619048,1
