"Posterior_Mean","Posterior_SD","Posterior_LB","Posterior_UB","prob"
-0.216048286189085,0.0829512565359233,-0.386081415293545,-0.0366867698591081,0.996424399142704
