"Posterior_Mean","Posterior_SD","Posterior_LB","Posterior_UB","prob"
-0.301555561896562,0.0795422854004877,-0.467883149850625,-0.119268586583393,0.999625540115107
