"Posterior_Mean","Posterior_SD","Posterior_LB","Posterior_UB","prob"
-0.346668374291945,0.061477670178473,-0.466957259970678,-0.224855663442584,1
