"Posterior_Mean","Posterior_SD","Posterior_LB","Posterior_UB","prob"
-0.322261524980304,0.0596712760830129,-0.450556909737789,-0.196363322944471,1
