"Posterior_Mean","Posterior_SD","Posterior_LB","Posterior_UB","prob"
-0.244653787665361,0.0639614767012987,-0.383292518762238,-0.118061307737738,0.999925835081482
