"Posterior_Mean","Posterior_SD","Posterior_LB","Posterior_UB","prob"
-0.238907021686635,0.0614310860998488,-0.359522587692076,-0.109390582662481,0.99875992762141
