"Posterior_Mean","Posterior_SD","Posterior_LB","Posterior_UB","prob"
-0.345257603732621,0.0488850194245295,-0.44480102041101,-0.245006132603707,0.999994106105103
