"Posterior_Mean","Posterior_SD","Posterior_LB","Posterior_UB","prob"
-0.11425774128753,0.0858018373756138,-0.291144333497935,0.057170252944227,0.914645104054598
