"Posterior_Mean","Posterior_SD","Posterior_LB","Posterior_UB","prob"
-0.340269660755817,0.0558863466956709,-0.504467802618183,-0.207257332273513,0.999999522903825
