"Posterior_Mean","Posterior_SD","Posterior_LB","Posterior_UB","prob"
-0.241507626689458,0.0873012126763863,-0.414574343091823,-0.0733112877786003,0.996666666666667
