"Posterior_Mean","Posterior_SD","Posterior_LB","Posterior_UB","prob"
-0.265403137376781,0.0605832184535524,-0.382245162872042,-0.145582263317203,0.999985224110518
