"Posterior_Mean","Posterior_SD","Posterior_LB","Posterior_UB","prob"
-0.314480936561689,0.0524561216240857,-0.423562261105112,-0.188805253716649,0.999841027003153
