"Posterior_Mean","Posterior_SD","Posterior_LB","Posterior_UB","prob"
-0.242123417057061,0.0708674621585644,-0.385431346788181,-0.0916158451010495,0.996788326854373
