"Posterior_Mean","Posterior_SD","Posterior_LB","Posterior_UB","prob"
-0.24678271723192,0.0844716167260456,-0.438973728217107,-0.063981896618813,0.99460539084394
