"Posterior_Mean","Posterior_SD","Posterior_LB","Posterior_UB","prob"
-0.476474511162012,0.0430484891277088,-0.559970155351593,-0.373178200735939,0.999999885453755
