"Posterior_Mean","Posterior_SD","Posterior_LB","Posterior_UB","prob"
-0.27632733928826,0.0682616074774462,-0.411446072388912,-0.130358743558428,0.999689086777194
