"Posterior_Mean","Posterior_SD","Posterior_LB","Posterior_UB","prob"
-0.367804844926903,0.0664310459655951,-0.501332715387915,-0.231091428342462,1
