"Posterior_Mean","Posterior_SD","Posterior_LB","Posterior_UB","prob"
-0.210936364052682,0.0614046106302671,-0.329050907222242,-0.0926296658465113,0.999387323289329
