"Posterior_Mean","Posterior_SD","Posterior_LB","Posterior_UB","prob"
-0.27390283562589,0.0700818259553305,-0.419281531202666,-0.0858659203716698,0.997057735583314
