"Posterior_Mean","Posterior_SD","Posterior_LB","Posterior_UB","prob"
0.0674161321737738,0.0849529997570617,-0.0985776365746843,0.227950080495485,0.218015355037992
