"Posterior_Mean","Posterior_SD","Posterior_LB","Posterior_UB","prob"
-0.378038253458795,0.0505241435819338,-0.478611874871941,-0.262031662306906,0.999876933097205
