"Posterior_Mean","Posterior_SD","Posterior_LB","Posterior_UB","prob"
-0.172088495402374,0.0615145713039233,-0.291523781148939,-0.0497916952934446,0.995779909169665
