"Posterior_Mean","Posterior_SD","Posterior_LB","Posterior_UB","prob"
-0.41532888968093,0.052471922730147,-0.531415037217904,-0.276614087935176,1
