"Posterior_Mean","Posterior_SD","Posterior_LB","Posterior_UB","prob"
-0.233522775138268,0.0639552970172809,-0.368112553275419,-0.0455292599755323,0.989743106397295
