"Posterior_Mean","Posterior_SD","Posterior_LB","Posterior_UB","prob"
-0.129444108376315,0.084359033286084,-0.298130126078715,0.034609971479498,0.93502601588895
