"Posterior_Mean","Posterior_SD","Posterior_LB","Posterior_UB","prob"
-0.387220769786506,0.0461687366625883,-0.483670500768412,-0.262493651220498,0.999991072977507
