"Posterior_Mean","Posterior_SD","Posterior_LB","Posterior_UB","prob"
-0.403729862159284,0.0457033626279293,-0.502070611448576,-0.292200423025686,0.999999740611503
