"Posterior_Mean","Posterior_SD","Posterior_LB","Posterior_UB","prob"
-0.312652689715953,0.0485779056322206,-0.414885803849887,-0.216032871033951,0.999999983153817
