"Posterior_Mean","Posterior_SD","Posterior_LB","Posterior_UB","prob"
-0.106354582225771,0.0857648827087962,-0.271727206297698,0.0633438205721553,0.889
