"Posterior_Mean","Posterior_SD","Posterior_LB","Posterior_UB","prob"
-0.334423656424767,0.061457768736298,-0.455853747287243,-0.213687316878196,0.999994585184904
