"Posterior_Mean","Posterior_SD","Posterior_LB","Posterior_UB","prob"
-0.28810322590638,0.0610739069380248,-0.431440139460496,-0.0430314808456832,0.990920193926913
