"Posterior_Mean","Posterior_SD","Posterior_LB","Posterior_UB","prob"
-0.124659492064669,0.0600590289753544,-0.241198010851745,-0.00478882937990603,0.979108489847314
