"Posterior_Mean","Posterior_SD","Posterior_LB","Posterior_UB","prob"
-0.413122299044253,0.05076031667523,-0.513504454819239,-0.307447477313652,1
