"Posterior_Mean","Posterior_SD","Posterior_LB","Posterior_UB","prob"
-0.326974134524854,0.047683254597422,-0.427466807623903,-0.230422444263334,0.999999997872373
