"","Posterior_Mean","Posterior_SD","Posterior_LB","Posterior_UB"
"1",-0.0404522481825062,0.0430847626273906,-0.126726916436977,0.0436387777117802
