"Posterior_Mean","Posterior_SD","Posterior_LB","Posterior_UB","prob"
-0.343629892417034,0.0643967728786689,-0.471428207805186,-0.190907135360963,0.999941014836329
