"Posterior_Mean","Posterior_SD","Posterior_LB","Posterior_UB","prob"
-0.12500629728579,0.0865588836500378,-0.292849369352889,0.0457443053497949,0.928833333333333
