"Posterior_Mean","Posterior_SD","Posterior_LB","Posterior_UB","prob"
-0.468846692210083,0.050670683214914,-0.566273977027955,-0.365923445471633,1
