"Posterior_Mean","Posterior_SD","Posterior_LB","Posterior_UB","prob"
-0.34527777591315,0.0678840732018373,-0.495554845050486,-0.11721266999245,0.998619819775156
