"Posterior_Mean","Posterior_SD","Posterior_LB","Posterior_UB","prob"
-0.310504235145761,0.0607027190831515,-0.426564482351388,-0.190157457385135,1
