"Posterior_Mean","Posterior_SD","Posterior_LB","Posterior_UB","prob"
-0.129385372633375,0.0840349138365953,-0.294499905510113,0.0355912082567083,0.938333333333333
