"","Posterior_Mean","Posterior_SD","Posterior_LB","Posterior_UB"
"1",0.0494592739321875,0.0527333754904806,-0.0540749661977979,0.150789233382919
