"Posterior_Mean","Posterior_SD","Posterior_LB","Posterior_UB","prob"
-0.0391999942034543,0.085885196624792,-0.208548999929884,0.131545388880789,0.679833333333333
