"Posterior_Mean","Posterior_SD","Posterior_LB","Posterior_UB","prob"
-0.176936162961607,0.0673373573136239,-0.326278372469105,0.0331971281524027,0.951440974715205
