"Posterior_Mean","Posterior_SD","Posterior_LB","Posterior_UB","prob"
-0.232519461779659,0.0867633402184701,-0.404358823529811,-0.0648544808774605,0.9965
