"Posterior_Mean","Posterior_SD","Posterior_LB","Posterior_UB","prob"
-0.298168835584746,0.0615707245838587,-0.420162033319278,-0.179464949663024,0.999978199051951
