"Posterior_Mean","Posterior_SD","Posterior_LB","Posterior_UB","prob"
-0.0596064208599093,0.0851735014854431,-0.224458689227685,0.107554912695032,0.754666666666667
