"Posterior_Mean","Posterior_SD","Posterior_LB","Posterior_UB","prob"
-0.318000860267489,0.062135549366978,-0.439392053462771,-0.194265393048427,0.999976042264704
