"Posterior_Mean","Posterior_SD","Posterior_LB","Posterior_UB","prob"
-0.247815266141129,0.0604769319958276,-0.366607869942702,-0.128207097336105,0.999982156056832
