"Posterior_Mean","Posterior_SD","Posterior_LB","Posterior_UB","prob"
-0.0765728418218251,0.0861342078549939,-0.253707801805321,0.0897059524229487,0.817116820962984
