"Posterior_Mean","Posterior_SD","Posterior_LB","Posterior_UB","prob"
-0.395455998772881,0.0620529530549428,-0.519099582335904,-0.275185959866614,1
