"Posterior_Mean","Posterior_SD","Posterior_LB","Posterior_UB","prob"
-0.313697113711578,0.0499291693552945,-0.415903302126277,-0.187576797123915,0.999156712389215
