"Posterior_Mean","Posterior_SD","Posterior_LB","Posterior_UB","prob"
-0.292901846536999,0.050176330911853,-0.390554525405052,-0.19373292462373,0.999982065582489
