"Posterior_Mean","Posterior_SD","Posterior_LB","Posterior_UB","prob"
-0.314262658890363,0.0507640859924814,-0.418416270074096,-0.175626828545058,0.999268687953321
