"Posterior_Mean","Posterior_SD","Posterior_LB","Posterior_UB","prob"
-0.218246563990978,0.061588606714437,-0.340282205453154,-0.0870629919475813,0.997622264468649
