"Posterior_Mean","Posterior_SD","Posterior_LB","Posterior_UB","prob"
-0.357936532413364,0.0564744964361371,-0.485435249198195,-0.161369036674177,0.999579311822177
