"Posterior_Mean","Posterior_SD","Posterior_LB","Posterior_UB","prob"
-0.334470504797898,0.0621688532578608,-0.456932994150593,-0.212751552129247,0.999995067376833
