"Posterior_Mean","Posterior_SD","Posterior_LB","Posterior_UB","prob"
-0.371585429364634,0.0502682213790928,-0.473755836419629,-0.248343927764825,0.999999800268865
