"Posterior_Mean","Posterior_SD","Posterior_LB","Posterior_UB","prob"
-0.026128273759387,0.0819049998670798,-0.18764076784945,0.133700510855006,0.626833333333333
