"Posterior_Mean","Posterior_SD","Posterior_LB","Posterior_UB","prob"
-0.445215398931101,0.0460262597757867,-0.54007377349275,-0.317834523281599,0.999995428497802
