"Posterior_Mean","Posterior_SD","Posterior_LB","Posterior_UB","prob"
-0.254937061268344,0.0626980910820678,-0.374730155372629,-0.12348442315367,0.999191435823993
