"Posterior_Mean","Posterior_SD","Posterior_LB","Posterior_UB","prob"
-0.0128813626574359,0.0890276288850807,-0.187103456591464,0.16433090814574,0.558833333333333
