"Posterior_Mean","Posterior_SD","Posterior_LB","Posterior_UB","prob"
-0.215823317373734,0.061140247758051,-0.335498689480686,-0.0976750353295317,0.999562633762644
