"Posterior_Mean","Posterior_SD","Posterior_LB","Posterior_UB","prob"
-0.339434496037659,0.0484891731699951,-0.44231147771751,-0.238035714749891,0.999999982860881
