"Posterior_Mean","Posterior_SD","Posterior_LB","Posterior_UB","prob"
-0.270083760718212,0.0659556294270078,-0.413664083903519,-0.063771146947564,0.994631738746269
