"","Posterior_Mean","Posterior_SD","Posterior_LB","Posterior_UB"
"1",0.0528223227665261,0.0454704245623258,-0.0386198650866721,0.137475028573171
