"Posterior_Mean","Posterior_SD","Posterior_LB","Posterior_UB","prob"
-0.150448983505791,0.0602310921334194,-0.267466981097076,-0.0317179525949002,0.991017798389461
