"Posterior_Mean","Posterior_SD","Posterior_LB","Posterior_UB","prob"
-0.27945011541329,0.0543072047042433,-0.401885164478419,-0.138876047284204,0.999965453790444
