"Posterior_Mean","Posterior_SD","Posterior_LB","Posterior_UB","prob"
-0.26112548198281,0.0682605845753545,-0.409790588999937,-0.042660878357234,0.990739433962065
