"Posterior_Mean","Posterior_SD","Posterior_LB","Posterior_UB","prob"
-0.299063845052727,0.0634897025391129,-0.460783803286753,-0.0767486154020715,0.996051608521158
