"Posterior_Mean","Posterior_SD","Posterior_LB","Posterior_UB","prob"
-0.268010160243992,0.0628004571166832,-0.389414102732928,-0.12740609263913,0.999305931699713
