"Posterior_Mean","Posterior_SD","Posterior_LB","Posterior_UB","prob"
-0.292454200355841,0.0594608866022597,-0.462117509288163,-0.166073340217983,0.99999786355503
