"Posterior_Mean","Posterior_SD","Posterior_LB","Posterior_UB","prob"
-0.215025211924752,0.0584149806807289,-0.355805629582235,-0.0578632329756967,0.990195975680281
