"Posterior_Mean","Posterior_SD","Posterior_LB","Posterior_UB","prob"
-0.355796643735138,0.0532801801242912,-0.477226202363692,-0.198187139588644,0.999862024306702
