"Posterior_Mean","Posterior_SD","Posterior_LB","Posterior_UB","prob"
-0.330784947316797,0.0565150865246464,-0.462634149265259,-0.179240486571016,0.999965410347953
