"Posterior_Mean","Posterior_SD","Posterior_LB","Posterior_UB","prob"
-0.246141543622988,0.0660475203294396,-0.378837829404994,-0.11646387026763,0.999760534895899
