"","Posterior_Mean","Posterior_SD","Posterior_LB","Posterior_UB"
"1",-0.000885314075703532,0.0450896886346245,-0.0863059956699224,0.0887129849475569
