"Posterior_Mean","Posterior_SD","Posterior_LB","Posterior_UB","prob"
-0.24233860961648,0.0811939785857126,-0.43025993488285,-0.0539194440147804,0.993685355629259
