"Posterior_Mean","Posterior_SD","Posterior_LB","Posterior_UB","prob"
-0.188517026402334,0.0624062063764485,-0.314360364025987,-0.0522342138832118,0.992939591172117
