"Posterior_Mean","Posterior_SD","Posterior_LB","Posterior_UB","prob"
-0.280518624463707,0.0501853894675941,-0.374701168451505,-0.177835929028908,0.999999977576469
