"Posterior_Mean","Posterior_SD","Posterior_LB","Posterior_UB","prob"
-0.423816249050841,0.0466105054762488,-0.524538213541349,-0.323601067256325,1
