"Posterior_Mean","Posterior_SD","Posterior_LB","Posterior_UB","prob"
-0.188381761462042,0.0671325049970012,-0.331929140371397,0.0157076179135654,0.963891827972088
