"Posterior_Mean","Posterior_SD","Posterior_LB","Posterior_UB","prob"
-0.292709844892473,0.0621051511381846,-0.413513297534136,-0.169260537249938,0.999989087003258
