"Posterior_Mean","Posterior_SD","Posterior_LB","Posterior_UB","prob"
-0.371048889049245,0.0547141647227832,-0.507271122997745,-0.214178925448915,1
