"Posterior_Mean","Posterior_SD","Posterior_LB","Posterior_UB","prob"
-0.335103051844426,0.0618387379979175,-0.457584952367528,-0.213258803192382,0.999986074746419
