"Posterior_Mean","Posterior_SD","Posterior_LB","Posterior_UB","prob"
-0.30926233604654,0.0518291317302258,-0.424236193838388,-0.158614636563524,0.999766625731414
