"Posterior_Mean","Posterior_SD","Posterior_LB","Posterior_UB","prob"
-0.190239498734549,0.083092301830011,-0.357931625848697,-0.0215297825101326,0.984162593804815
