"Posterior_Mean","Posterior_SD","Posterior_LB","Posterior_UB","prob"
-0.441312087319769,0.0432036131508996,-0.530148092541532,-0.336377667534095,0.999999966517894
