"Posterior_Mean","Posterior_SD","Posterior_LB","Posterior_UB","prob"
-0.388823847454659,0.0565529784201369,-0.528140873150877,-0.239781793779468,0.99997214642503
