"Posterior_Mean","Posterior_SD","Posterior_LB","Posterior_UB","prob"
-0.326535496248978,0.0649088443301255,-0.452711874641583,-0.194740058803612,1
