"Posterior_Mean","Posterior_SD","Posterior_LB","Posterior_UB","prob"
-0.366538795395691,0.0496591776062609,-0.470749766779382,-0.258430224731746,0.999994239711554
