"Posterior_Mean","Posterior_SD","Posterior_LB","Posterior_UB","prob"
-0.331962187272178,0.0500783431478927,-0.432676870836977,-0.2223951366625,0.999998911930347
