"Posterior_Mean","Posterior_SD","Posterior_LB","Posterior_UB","prob"
-0.405798439522189,0.0468009597330068,-0.513418796830237,-0.295718517536634,1
