"","Posterior_Mean","Posterior_SD","Posterior_LB","Posterior_UB"
"1",-0.0681658124949184,0.0437735188535754,-0.154616209293594,0.016665595322209
