"Posterior_Mean","Posterior_SD","Posterior_LB","Posterior_UB","prob"
-0.387665805542399,0.0463277118233269,-0.511423376944163,-0.271001630861241,0.999998951834915
