"Posterior_Mean","Posterior_SD","Posterior_LB","Posterior_UB","prob"
-0.18682536473775,0.0595630954993341,-0.304633525641755,-0.0698275325257375,0.998625919678295
