"Posterior_Mean","Posterior_SD","Posterior_LB","Posterior_UB","prob"
-0.323637284486478,0.0498864196358811,-0.426504196284914,-0.208802017649455,0.999993507088828
