"Posterior_Mean","Posterior_SD","Posterior_LB","Posterior_UB","prob"
-0.313814865036402,0.0629309886383604,-0.438784700528411,-0.167430801870757,0.999489662809561
