"Posterior_Mean","Posterior_SD","Posterior_LB","Posterior_UB","prob"
-0.231534719003614,0.0629312537930982,-0.356531977650899,-0.101138119751837,0.999174551829402
