"Posterior_Mean","Posterior_SD","Posterior_LB","Posterior_UB","prob"
-0.309575257463053,0.0672337789835095,-0.444486029432697,-0.169804202239631,1
