"Posterior_Mean","Posterior_SD","Posterior_LB","Posterior_UB","prob"
-0.286852553954391,0.0622106360340025,-0.409095762362473,-0.15844157452424,0.999640324052448
