"Posterior_Mean","Posterior_SD","Posterior_LB","Posterior_UB","prob"
-0.212755637094702,0.0714210757169866,-0.415981995479565,0.0162637763914916,0.965639912619305
