"Posterior_Mean","Posterior_SD","Posterior_LB","Posterior_UB","prob"
-0.271388979234021,0.0629659210078035,-0.393481185085599,-0.139825327884285,0.999430609185221
