"Posterior_Mean","Posterior_SD","Posterior_LB","Posterior_UB","prob"
-0.259502356429973,0.0532664349282545,-0.368917587472209,-0.1308493101484,0.997614040817752
