"Posterior_Mean","Posterior_SD","Posterior_LB","Posterior_UB","prob"
-0.194860788958434,0.0752319605583583,-0.360842458464404,-0.0175934359443285,0.984665136662963
