"","Posterior_Mean","Posterior_SD","Posterior_LB","Posterior_UB"
"1",0.0134137325817916,0.0452820769350223,-0.0745541541459689,0.102846391924872
