"Posterior_Mean","Posterior_SD","Posterior_LB","Posterior_UB","prob"
-0.265574697703902,0.0736913106372459,-0.42493983015408,-0.0725014023913255,0.997422373227367
