"Posterior_Mean","Posterior_SD","Posterior_LB","Posterior_UB","prob"
-0.180053100232917,0.0848675237279771,-0.345366803786727,-0.0150887671910726,0.984333333333333
