"Posterior_Mean","Posterior_SD","Posterior_LB","Posterior_UB","prob"
-0.220209526140916,0.0634523365180283,-0.353136762317787,-0.0266894039255283,0.984049240504042
