"Posterior_Mean","Posterior_SD","Posterior_LB","Posterior_UB","prob"
-0.353662598813904,0.0551912874160364,-0.48120022945944,-0.224333743762746,0.999998065195535
