"Posterior_Mean","Posterior_SD","Posterior_LB","Posterior_UB","prob"
-0.368467929275926,0.0540317170898374,-0.515218386191182,-0.203482823188552,0.99988655202166
