"Posterior_Mean","Posterior_SD","Posterior_LB","Posterior_UB","prob"
-0.200758925329853,0.0618848775362029,-0.320920248662602,-0.0680454265987367,0.996152866865507
