"Posterior_Mean","Posterior_SD","Posterior_LB","Posterior_UB","prob"
-0.331013750941188,0.0519710717868407,-0.459888498575091,-0.169636402955318,0.999996088695933
