"Posterior_Mean","Posterior_SD","Posterior_LB","Posterior_UB","prob"
-0.38400784597761,0.0509128264745705,-0.481415103184384,-0.276655254433782,0.999999149229746
