"Posterior_Mean","Posterior_SD","Posterior_LB","Posterior_UB","prob"
-0.0245521831143254,0.0418270552935245,-0.103832713165079,0.0585080697092415,0.716118539306204
