"Posterior_Mean","Posterior_SD","Posterior_LB","Posterior_UB","prob"
-0.0126302613608052,0.0428950591123414,-0.0954542334106375,0.0744944183055169,0.613828549338835
