"Posterior_Mean","Posterior_SD","Posterior_LB","Posterior_UB","prob"
0.0137336227719696,0.0392374265565314,-0.065846347850317,0.0912577773025246,0.353037878631597
