"Posterior_Mean","Posterior_SD","Posterior_LB","Posterior_UB","prob"
-0.0852303635224079,0.0417661342530568,-0.167334706665693,-0.00227676789031822,0.976484219322844
