"Posterior_Mean","Posterior_SD","Posterior_LB","Posterior_UB","prob"
-0.0653204820482262,0.0419824132068837,-0.147089210702572,0.0163977498501394,0.937615299369434
