"Posterior_Mean","Posterior_SD","Posterior_LB","Posterior_UB","prob"
-0.00807505475195783,0.0409666467414636,-0.0896960534319529,0.0726317494255796,0.591323797891248
