"Posterior_Mean","Posterior_SD","Posterior_LB","Posterior_UB","prob"
0.0324180223752759,0.0397632023381439,-0.0473426550582847,0.108016635586117,0.204720326710959
