"Posterior_Mean","Posterior_SD","Posterior_LB","Posterior_UB","prob"
0.0362921865301649,0.0424107418979216,-0.0448960525335284,0.119158230505724,0.205738464398635
