"Posterior_Mean","Posterior_SD","Posterior_LB","Posterior_UB","prob"
0.0762855278845483,0.0406674643847926,-0.000301267240746065,0.158247220734332,0.027648973544234
