"Posterior_Mean","Posterior_SD","Posterior_LB","Posterior_UB","prob"
0.0292221180038414,0.0448822937661356,-0.0640264316059841,0.129353225409622,0.281667757918645
