"Posterior_Mean","Posterior_SD","Posterior_LB","Posterior_UB","prob"
-0.0608019693837696,0.0415364990635521,-0.145525483571312,0.0274782734321966,0.928707353792002
