"Posterior_Mean","Posterior_SD","Posterior_LB","Posterior_UB","prob"
-0.0432168941403822,0.0416076476537586,-0.124941529194997,0.0385920122881613,0.844957559539831
