"Posterior_Mean","Posterior_SD","Posterior_LB","Posterior_UB","prob"
-0.0224942400074712,0.0405974092694291,-0.102741441548646,0.0576358734376781,0.70661948391773
