"Posterior_Mean","Posterior_SD","Posterior_LB","Posterior_UB","prob"
-0.00152264740167243,0.0389607650556554,-0.0763896738443965,0.0708321049306371,0.514075654677971
