"Posterior_Mean","Posterior_SD","Posterior_LB","Posterior_UB","prob"
0.0105762288152765,0.0400339415199784,-0.0684711726402156,0.0947300114051306,0.387602040794277
