"Posterior_Mean","Posterior_SD","Posterior_LB","Posterior_UB","prob"
-0.0658347096669491,0.0420086752612304,-0.14193020368157,0.0194875397135647,0.930500332581455
