"Posterior_Mean","Posterior_SD","Posterior_LB","Posterior_UB","prob"
-0.0324225476454171,0.0395721668544855,-0.108886327106883,0.0457410458633112,0.790389138753086
