"Posterior_Mean","Posterior_SD","Posterior_LB","Posterior_UB","prob"
0.0254927584071116,0.0405837593854234,-0.0549209450279808,0.103069098810093,0.252714596576155
