"Posterior_Mean","Posterior_SD","Posterior_LB","Posterior_UB","prob"
0.00100975297232402,0.0454491194477728,-0.0933519922386298,0.101087597500805,0.48856287897014
