"Posterior_Mean","Posterior_SD","Posterior_LB","Posterior_UB","prob"
-0.0587791539309288,0.0419957074728653,-0.143292756017542,0.0220006091368509,0.916747105370882
