"Posterior_Mean","Posterior_SD","Posterior_LB","Posterior_UB","prob"
0.044031451224061,0.0417154273987909,-0.0407761067292268,0.133285366145708,0.162983655156208
