"Posterior_Mean","Posterior_SD","Posterior_LB","Posterior_UB","prob"
0.0206990796994185,0.0450328798357981,-0.108123548849969,0.170888080684635,0.376332512659914
