"Posterior_Mean","Posterior_SD","Posterior_LB","Posterior_UB","prob"
-0.0502285838509034,0.0433507766215674,-0.134929453902253,0.0376249663398695,0.874572806020631
