"Posterior_Mean","Posterior_SD","Posterior_LB","Posterior_UB","prob"
0.0702974442255584,0.0419406145541216,-0.0103858897089903,0.154856383798376,0.0432355657942568
