"Posterior_Mean","Posterior_SD","Posterior_LB","Posterior_UB","prob"
0.0108703592920906,0.0397354463586238,-0.0679987773918671,0.0919055647250031,0.390150829638979
