"Posterior_Mean","Posterior_SD","Posterior_LB","Posterior_UB","prob"
-0.00334580052977568,0.0425034023121956,-0.0865327884169596,0.083571906606011,0.537703820535734
