"Posterior_Mean","Posterior_SD","Posterior_LB","Posterior_UB","prob"
-0.0194776546426078,0.039509370816166,-0.104896358665455,0.0569374424366502,0.663521244477047
