"Posterior_Mean","Posterior_SD","Posterior_LB","Posterior_UB","prob"
0.0442387885011256,0.0418322024127489,-0.0346185730455057,0.123367693114622,0.151504358188554
