"Posterior_Mean","Posterior_SD","Posterior_LB","Posterior_UB","prob"
-0.0419190891598008,0.0396507286681015,-0.122129053018629,0.0333257634365642,0.853382883927364
