"Posterior_Mean","Posterior_SD","Posterior_LB","Posterior_UB","prob"
0.0111505122955446,0.0403262710586342,-0.0685104219969847,0.0935359696432448,0.385844792198543
