"Posterior_Mean","Posterior_SD","Posterior_LB","Posterior_UB","prob"
0.0549803539844234,0.0430875441902681,-0.0269955720236186,0.14267852198225,0.0997701579093299
