"Posterior_Mean","Posterior_SD","Posterior_LB","Posterior_UB","prob"
0.0323239699123329,0.0427433951658877,-0.0639556041055034,0.117801271045654,0.235506366582787
