"Posterior_Mean","Posterior_SD","Posterior_LB","Posterior_UB","prob"
-0.0536188840518808,0.0432190767796327,-0.138910214366498,0.043646746765539,0.882423078369983
