"Posterior_Mean","Posterior_SD","Posterior_LB","Posterior_UB","prob"
-0.00675602467040135,0.0431543277047686,-0.0956610733297551,0.0785780566465473,0.564464346277526
