"Posterior_Mean","Posterior_SD","Posterior_LB","Posterior_UB","prob"
-0.0808300602874973,0.0403757225938698,-0.16415980135143,-0.00207261324765895,0.976447555170373
