"Posterior_Mean","Posterior_SD","Posterior_LB","Posterior_UB","prob"
-0.042633830486902,0.0424690827520296,-0.12241090397032,0.0405109860631794,0.837937871613963
