"Posterior_Mean","Posterior_SD","Posterior_LB","Posterior_UB","prob"
0.0181922584765371,0.0421300112864573,-0.061155127879425,0.0961153612096941,0.333544477969891
