"Posterior_Mean","Posterior_SD","Posterior_LB","Posterior_UB","prob"
0.0132314347596143,0.0403453056706342,-0.0650586420649755,0.0947602046367912,0.377003984822808
