"Posterior_Mean","Posterior_SD","Posterior_LB","Posterior_UB","prob"
-0.046221641931016,0.0467478331240223,-0.138543732645557,0.0458568589599095,0.83356054431642
