"Posterior_Mean","Posterior_SD","Posterior_LB","Posterior_UB","prob"
0.0197965003378903,0.0416895719155602,-0.0629084617226217,0.101184098827717,0.324294946412146
