"Posterior_Mean","Posterior_SD","Posterior_LB","Posterior_UB","prob"
-0.0148318391542489,0.0422300829030154,-0.100834137032752,0.0684994283459504,0.628000564201741
