"Posterior_Mean","Posterior_SD","Posterior_LB","Posterior_UB","prob"
-0.0671106327178001,0.0439779635073835,-0.154779736983093,0.0219762120237798,0.9397060985439
