"Posterior_Mean","Posterior_SD","Posterior_LB","Posterior_UB","prob"
-0.0344367057584646,0.0563609136157813,-0.178412127256341,0.106173437265125,0.658296320401654
