"Posterior_Mean","Posterior_SD","Posterior_LB","Posterior_UB","prob"
0.0595576012673652,0.043088140437193,-0.0250204449532991,0.145286535661753,0.0908515318784792
