"Posterior_Mean","Posterior_SD","Posterior_LB","Posterior_UB","prob"
-0.048473946175854,0.0421644815125946,-0.143338275657573,0.0364441113249892,0.86061268868465
