"Posterior_Mean","Posterior_SD","Posterior_LB","Posterior_UB","prob"
-0.0158824708029416,0.0409323017708223,-0.0954619910276751,0.0662788897997805,0.65405099988207
