"Posterior_Mean","Posterior_SD","Posterior_LB","Posterior_UB","prob"
-0.0575595063791301,0.0406313961200593,-0.134937186581678,0.0209475672444881,0.924468692118153
