"Posterior_Mean","Posterior_SD","Posterior_LB","Posterior_UB","prob"
0.048429311262622,0.0708000284088485,-0.0925779938270663,0.19742774681217,0.245999911286541
