"Posterior_Mean","Posterior_SD","Posterior_LB","Posterior_UB","prob"
0.00566192168063479,0.0402502852174195,-0.0713716123073937,0.0882826802708536,0.457981958166506
