"Posterior_Mean","Posterior_SD","Posterior_LB","Posterior_UB","prob"
-0.0228705887386156,0.0402880474240897,-0.0998137189135004,0.0605742584672897,0.717593784159859
