"Posterior_Mean","Posterior_SD","Posterior_LB","Posterior_UB","prob"
0.0454615469578772,0.0402058259664305,-0.034484231103522,0.120561443010008,0.131924596773562
