"Posterior_Mean","Posterior_SD","Posterior_LB","Posterior_UB","prob"
-0.0630495022157637,0.0444285391142371,-0.216782221269886,0.0369296362345863,0.880215518814454
