"Posterior_Mean","Posterior_SD","Posterior_LB","Posterior_UB","prob"
-0.0496388181044745,0.0407246616804388,-0.131593064495357,0.0269671578237857,0.885497579230607
