"Posterior_Mean","Posterior_SD","Posterior_LB","Posterior_UB","prob"
0.000254499844496831,0.0408083955051983,-0.0794195036430359,0.0810583548097426,0.50641705823724
