"Posterior_Mean","Posterior_SD","Posterior_LB","Posterior_UB","prob"
-0.0289867219669874,0.0403853125188128,-0.109366979758357,0.047599793866561,0.769035484956841
