"Posterior_Mean","Posterior_SD","Posterior_LB","Posterior_UB","prob"
-0.0163159630195376,0.0658703001275844,-0.173157162789298,0.118759435290216,0.57268534483641
