"Posterior_Mean","Posterior_SD","Posterior_LB","Posterior_UB","prob"
-0.0501796881946952,0.041052736408393,-0.131544353541805,0.0274028392204923,0.897448325202011
