"Posterior_Mean","Posterior_SD","Posterior_LB","Posterior_UB","prob"
0.0664195517324998,0.0425684477031829,-0.0207503124585619,0.158599429022546,0.0693262393405893
