"Posterior_Mean","Posterior_SD","Posterior_LB","Posterior_UB","prob"
0.0207692134617252,0.0419695906820707,-0.0604481854354226,0.102834048650559,0.312979368768806
