"Posterior_Mean","Posterior_SD","Posterior_LB","Posterior_UB","prob"
0.0226040700404703,0.0413892260589637,-0.0556713433230486,0.105822463359178,0.300502499342139
