"Posterior_Mean","Posterior_SD","Posterior_LB","Posterior_UB","prob"
0.044013519193106,0.0393261322072761,-0.0294438269674284,0.123233028417102,0.127792706487384
