"Posterior_Mean","Posterior_SD","Posterior_LB","Posterior_UB","prob"
0.000355069514292666,0.0424821927164071,-0.081698938150275,0.0823172080248788,0.500882153597163
