"Posterior_Mean","Posterior_SD","Posterior_LB","Posterior_UB","prob"
0.0294216712459301,0.0415001967221709,-0.0537514938791651,0.110444624737739,0.235083785721824
