"Posterior_Mean","Posterior_SD","Posterior_LB","Posterior_UB","prob"
0.0338756864463084,0.0410671041365737,-0.0547650191406858,0.118273873660837,0.205467069402762
