"Posterior_Mean","Posterior_SD","Posterior_LB","Posterior_UB","prob"
0.0071704541132434,0.040764089029084,-0.0708315010155884,0.0900937676354623,0.430956484633689
