"Posterior_Mean","Posterior_SD","Posterior_LB","Posterior_UB","prob"
-0.0448444518742471,0.0399038979729626,-0.123715642017316,0.0327537330946073,0.88422244530555
