"Posterior_Mean","Posterior_SD","Posterior_LB","Posterior_UB","prob"
0.0526184089582386,0.0422884847699388,-0.032899457790613,0.141621411155318,0.124001176567119
