"Posterior_Mean","Posterior_SD","Posterior_LB","Posterior_UB","prob"
-0.0389988308885705,0.0419245279657306,-0.124470014590385,0.0404604211246893,0.816368937130547
