"Posterior_Mean","Posterior_SD","Posterior_LB","Posterior_UB","prob"
0.00924794880813684,0.0424501409110713,-0.0722736934331953,0.0910158126530307,0.414114295155471
