"Posterior_Mean","Posterior_SD","Posterior_LB","Posterior_UB","prob"
0.00730814611341896,0.0387414030842825,-0.0684621652405987,0.0819754600475341,0.413112629064918
