"Posterior_Mean","Posterior_SD","Posterior_LB","Posterior_UB","prob"
0.00725789604859822,0.0415616708165521,-0.0707868010879376,0.0894114009229572,0.438730863412437
