"Posterior_Mean","Posterior_SD","Posterior_LB","Posterior_UB","prob"
0.020975792170155,0.0428243247430555,-0.0642028643058016,0.102516090931799,0.30707482552164
