"Posterior_Mean","Posterior_SD","Posterior_LB","Posterior_UB","prob"
-0.046300238233338,0.0414071296816479,-0.125885178641452,0.0362480240338358,0.867565041088832
