"Posterior_Mean","Posterior_SD","Posterior_LB","Posterior_UB","prob"
-0.0023472199676277,0.0414459189686121,-0.0834708437155314,0.0769232257179596,0.524232786454903
