"Posterior_Mean","Posterior_SD","Posterior_LB","Posterior_UB","prob"
0.00672430681238725,0.0432712492958824,-0.0959314243761582,0.0967239442673341,0.424001136683608
