"Posterior_Mean","Posterior_SD","Posterior_LB","Posterior_UB","prob"
-0.0214361530302208,0.041228992328219,-0.100878838554016,0.0602039189285201,0.690828996484054
