"Posterior_Mean","Posterior_SD","Posterior_LB","Posterior_UB","prob"
0.021683947438921,0.04111445283017,-0.0589224566847698,0.103504615923249,0.301866199517621
