"Posterior_Mean","Posterior_SD","Posterior_LB","Posterior_UB","prob"
-0.0575716327698093,0.0405907498641842,-0.139619682171923,0.0208490820323948,0.927143288617826
