"Posterior_Mean","Posterior_SD","Posterior_LB","Posterior_UB","prob"
0.0719587264214485,0.0408129015282418,-0.0105678378353816,0.153461239986687,0.0420045801788926
