"Posterior_Mean","Posterior_SD","Posterior_LB","Posterior_UB","prob"
0.0256996473140051,0.0420894890590644,-0.0573395435642194,0.111052932395438,0.268068111299128
