"Posterior_Mean","Posterior_SD","Posterior_LB","Posterior_UB","prob"
0.0417334990376164,0.0402401770291366,-0.03688894632156,0.122021350643769,0.144932267537092
