"Posterior_Mean","Posterior_SD","Posterior_LB","Posterior_UB","prob"
-0.00858558709088573,0.0400720182959053,-0.085823121641647,0.071272201486498,0.580517941076364
