"Posterior_Mean","Posterior_SD","Posterior_LB","Posterior_UB","prob"
-0.0312022617866917,0.0415067002474962,-0.115972178285598,0.0463253630347069,0.777841943058432
