"Posterior_Mean","Posterior_SD","Posterior_LB","Posterior_UB","prob"
-0.0450816454819178,0.0394398234777109,-0.125442897190377,0.0305047335450487,0.88221945432024
