"Posterior_Mean","Posterior_SD","Posterior_LB","Posterior_UB","prob"
-0.0531247337308323,0.0400473783183317,-0.12910403967655,0.0261705714303517,0.911899935752421
