"Posterior_Mean","Posterior_SD","Posterior_LB","Posterior_UB","prob"
-0.0844364375923912,0.0479838253120248,-0.1886903520297,0.0191779085883688,0.940423149055246
