"Posterior_Mean","Posterior_SD","Posterior_LB","Posterior_UB","prob"
0.0369062320728893,0.0419045041851376,-0.0467425629005022,0.116262067805132,0.187495934889264
