"Posterior_Mean","Posterior_SD","Posterior_LB","Posterior_UB","prob"
-0.0290357823996508,0.0449516605295858,-0.135828117365007,0.074017126468359,0.71417827683849
