"Posterior_Mean","Posterior_SD","Posterior_LB","Posterior_UB","prob"
-0.0237408588815842,0.0422922861338842,-0.106367123302367,0.0596465756433306,0.70797961669078
