"Posterior_Mean","Posterior_SD","Posterior_LB","Posterior_UB","prob"
0.0279651705374562,0.0424497437744882,-0.056435915701594,0.112735787033993,0.256511048568859
