"Posterior_Mean","Posterior_SD","Posterior_LB","Posterior_UB","prob"
-0.0216212775517146,0.0415552214589242,-0.104391481951878,0.0638445111456629,0.704417466712767
