"Posterior_Mean","Posterior_SD","Posterior_LB","Posterior_UB","prob"
-0.0257942178994791,0.0412955057674222,-0.109198013346011,0.0499567437943261,0.721483895379524
