"Posterior_Mean","Posterior_SD","Posterior_LB","Posterior_UB","prob"
-0.00048421669939597,0.0428738369786238,-0.0823045642510561,0.0848940653985306,0.513471350731092
