"Posterior_Mean","Posterior_SD","Posterior_LB","Posterior_UB","prob"
0.0322255312427824,0.0422216972032273,-0.0465249607282253,0.112929450744876,0.232814485703375
