"Posterior_Mean","Posterior_SD","Posterior_LB","Posterior_UB","prob"
-0.0384506074335969,0.041496561013164,-0.117965378911892,0.0462889941144613,0.823290720125209
