"Posterior_Mean","Posterior_SD","Posterior_LB","Posterior_UB","prob"
-0.0952034899885122,0.0461414890420409,-0.212960880941168,0.00911399549515025,0.965478584255102
