"Posterior_Mean","Posterior_SD","Posterior_LB","Posterior_UB","prob"
-0.0128490089847992,0.0385119299096101,-0.0886496568267841,0.0605145112482255,0.634415276671051
