"Posterior_Mean","Posterior_SD","Posterior_LB","Posterior_UB","prob"
0.0279124588442415,0.0428262755625021,-0.0580464595200959,0.110655137593875,0.248238698543067
