"Posterior_Mean","Posterior_SD","Posterior_LB","Posterior_UB","prob"
-0.071504511857695,0.0408050792555915,-0.1544338148059,0.00479865719570799,0.964976839700152
