"Posterior_Mean","Posterior_SD","Posterior_LB","Posterior_UB","prob"
-0.0424020354867283,0.0411180141863563,-0.12473263707224,0.0360265412379631,0.844421295817019
