"Posterior_Mean","Posterior_SD","Posterior_LB","Posterior_UB","prob"
-0.0288600737256112,0.039529600765533,-0.10668678999863,0.0466055910285983,0.764332307804679
