"Posterior_Mean","Posterior_SD","Posterior_LB","Posterior_UB","prob"
0.0302716213264108,0.0420456453582487,-0.0517041278344766,0.113173308475943,0.236086003804128
