"Posterior_Mean","Posterior_SD","Posterior_LB","Posterior_UB","prob"
0.0209665017781368,0.0414779307044687,-0.0606575931018635,0.100089861084491,0.304921223153253
