"Posterior_Mean","Posterior_SD","Posterior_LB","Posterior_UB","prob"
0.0340333337176906,0.0408881139083158,-0.0428209359521461,0.117589363230442,0.209988527091399
