"Posterior_Mean","Posterior_SD","Posterior_LB","Posterior_UB","prob"
-0.011432015703959,0.0407005009931266,-0.0943871348313386,0.0692523415323091,0.608706533441961
