"Posterior_Mean","Posterior_SD","Posterior_LB","Posterior_UB","prob"
-0.0147386663642123,0.0431065654907516,-0.12618042330688,0.0732886315795284,0.59462524277313
