"Posterior_Mean","Posterior_SD","Posterior_LB","Posterior_UB","prob"
-0.00561669701297999,0.0443277760147538,-0.0980605429732014,0.0787156786320895,0.538973896541131
