"Posterior_Mean","Posterior_SD","Posterior_LB","Posterior_UB","prob"
-0.0832633149789661,0.0426011450212385,-0.171829538988566,0.00321473381528013,0.970803346056155
