"Posterior_Mean","Posterior_SD","Posterior_LB","Posterior_UB","prob"
0.00138311889966109,0.0403680005468445,-0.0791249815474178,0.0764933427404163,0.475126780888828
