"Posterior_Mean","Posterior_SD","Posterior_LB","Posterior_UB","prob"
0.0358753304440528,0.0462893339566896,-0.0826330324054868,0.155873379532689,0.276856938525898
