"Posterior_Mean","Posterior_SD","Posterior_LB","Posterior_UB","prob"
0.0283915132919509,0.04163794492937,-0.0521023218576464,0.111045894446023,0.245853807064363
