"Posterior_Mean","Posterior_SD","Posterior_LB","Posterior_UB","prob"
-0.0939581768171056,0.0416857638063266,-0.176618407888016,-0.0116540904728458,0.988936099335594
