"Posterior_Mean","Posterior_SD","Posterior_LB","Posterior_UB","prob"
0.0300592805097242,0.0411378466853657,-0.0489072173177621,0.112301179467739,0.231611071117814
