"Posterior_Mean","Posterior_SD","Posterior_LB","Posterior_UB","prob"
-0.0161806489533376,0.0418415212246537,-0.0940619983803944,0.0638089714223672,0.643681028891513
