"Posterior_Mean","Posterior_SD","Posterior_LB","Posterior_UB","prob"
-0.0242177660205858,0.0431836730825618,-0.129261134491412,0.0687309590142209,0.666054579568117
