"Posterior_Mean","Posterior_SD","Posterior_LB","Posterior_UB","prob"
0.0186078025107395,0.0439349784554239,-0.0677591272194037,0.100417471117992,0.335974824643556
