"Posterior_Mean","Posterior_SD","Posterior_LB","Posterior_UB","prob"
-0.0634769728590505,0.0408572106095971,-0.15193256165454,0.015907151837692,0.935859525990868
