"Posterior_Mean","Posterior_SD","Posterior_LB","Posterior_UB","prob"
-0.0450454165638876,0.0419137520782627,-0.129798401953261,0.0364402958507319,0.861453598256286
