"Posterior_Mean","Posterior_SD","Posterior_LB","Posterior_UB","prob"
-0.000349688079309711,0.0395328916305266,-0.0773858502595163,0.0751419802582926,0.500395041226219
