"Posterior_Mean","Posterior_SD","Posterior_LB","Posterior_UB","prob"
-0.0281398922556581,0.0436139790007735,-0.11705318092301,0.0572081200610856,0.741996147011102
