"Posterior_Mean","Posterior_SD","Posterior_LB","Posterior_UB","prob"
0.0295605693808104,0.0397634036245903,-0.0454629545003449,0.109322703852608,0.226517227190513
