"Posterior_Mean","Posterior_SD","Posterior_LB","Posterior_UB","prob"
0.0157607531434499,0.0431240018952638,-0.063984681544673,0.101790906489243,0.364078085674575
