"Posterior_Mean","Posterior_SD","Posterior_LB","Posterior_UB","prob"
0.0168932817891479,0.0409401507347199,-0.0585094200921611,0.100924515803896,0.346192911278464
