"Posterior_Mean","Posterior_SD","Posterior_LB","Posterior_UB","prob"
-0.0513284264285329,0.044403930225398,-0.140659249984471,0.042937623745567,0.866700698266636
