"Posterior_Mean","Posterior_SD","Posterior_LB","Posterior_UB","prob"
0.0255432916590881,0.0405754830923396,-0.0544694958221545,0.107903594576937,0.259142562041129
