"Posterior_Mean","Posterior_SD","Posterior_LB","Posterior_UB","prob"
0.0801574806016409,0.0424327499547235,-0.0125537517264648,0.192186144930136,0.0464347509539491
