"Posterior_Mean","Posterior_SD","Posterior_LB","Posterior_UB","prob"
-0.0475990333759884,0.0424442859612888,-0.132616543847562,0.036240603966388,0.870560949310643
