"Posterior_Mean","Posterior_SD","Posterior_LB","Posterior_UB","prob"
-0.0466909977524211,0.0815277349943172,-0.213358649465754,0.122195425840573,0.716506489702459
