"Posterior_Mean","Posterior_SD","Posterior_LB","Posterior_UB","prob"
-0.00873464259306736,0.0779267011081537,-0.228236643867431,0.1865627381282,0.514075466108476
