"Posterior_Mean","Posterior_SD","Posterior_LB","Posterior_UB","prob"
-0.041891998189345,0.0883923122682762,-0.23186894385508,0.143799815275222,0.666031586338208
