"Posterior_Mean","Posterior_SD","Posterior_LB","Posterior_UB","prob"
0.280358715752192,0.0850349294336588,0.0994486875882097,0.454444974671972,0.00477678617778198
