"Posterior_Mean","Posterior_SD","Posterior_LB","Posterior_UB","prob"
0.182657573195054,0.10249614573438,-0.0729096256170657,0.455223287690046,0.0904202002894915
