"Posterior_Mean","Posterior_SD","Posterior_LB","Posterior_UB","prob"
-0.0320658051186512,0.0958678611788636,-0.224698293896143,0.1622412617374,0.636519255854064
