"Posterior_Mean","Posterior_SD","Posterior_LB","Posterior_UB","prob"
-0.131278412838813,0.0678947784902775,-0.315614684655829,0.0786346585749328,0.900474433375276
