"Posterior_Mean","Posterior_SD","Posterior_LB","Posterior_UB","prob"
-0.0389490642438394,0.0841847626599433,-0.233448375276028,0.250395676481711,0.677105744604434
