"Posterior_Mean","Posterior_SD","Posterior_LB","Posterior_UB","prob"
0.149905406074135,0.0853957091833486,-0.0389851113174961,0.323890654723634,0.0577263214392399
