"Posterior_Mean","Posterior_SD","Posterior_LB","Posterior_UB","prob"
-0.18287790807255,0.0583738927769019,-0.297028014048908,-0.062993273594279,0.995553357747411
