"Posterior_Mean","Posterior_SD","Posterior_LB","Posterior_UB","prob"
0.0721614023715797,0.0901149077673722,-0.117591236609348,0.255030230654394,0.206743696063862
