"Posterior_Mean","Posterior_SD","Posterior_LB","Posterior_UB","prob"
-0.0609495816872774,0.0793129948044949,-0.216725927068365,0.116505265616946,0.770779179641286
