"Posterior_Mean","Posterior_SD","Posterior_LB","Posterior_UB","prob"
-0.142125356046961,0.0731437395723816,-0.317733657812617,0.0707478202121639,0.914799218935994
