"Posterior_Mean","Posterior_SD","Posterior_LB","Posterior_UB","prob"
-0.00857755853692505,0.0726661544816967,-0.169700384405834,0.164207758539525,0.551537720941865
