"Posterior_Mean","Posterior_SD","Posterior_LB","Posterior_UB","prob"
-0.0818256112683356,0.0735958408969915,-0.231789322666117,0.14095953516087,0.852113564484418
