"Posterior_Mean","Posterior_SD","Posterior_LB","Posterior_UB","prob"
-0.226387437356045,0.0760088740950707,-0.433301924990183,0.0234267521958985,0.960269743227304
