"Posterior_Mean","Posterior_SD","Posterior_LB","Posterior_UB","prob"
0.0290728836466026,0.0864682224393005,-0.225559760335375,0.242906433915364,0.373678993174761
