"Posterior_Mean","Posterior_SD","Posterior_LB","Posterior_UB","prob"
0.0126475497048942,0.0703226065495335,-0.160628296665328,0.208760679273329,0.466786547536767
